0.0,0.0,0.0,-0.00842892937362,-0.00165584194474,0.147153109312
0.0,0.0,0.0,-0.00839208904654,-0.00165446056053,0.147159323096
0.0,0.0,0.0,-0.00837248377502,-0.00165334902704,0.147164195776
0.0,0.0,0.0,-0.00838927552104,-0.00165052723605,0.147123545408
0.0,0.0,0.0,-0.00837471149862,-0.00164861558005,0.147155806422
0.0,0.0,0.0,-0.00836387183517,-0.00164693198167,0.147181734443
0.0,0.0,0.0,-0.00837757345289,-0.00165683985688,0.147190704942
0.0,0.0,0.0,-0.00836028158665,-0.00165695603937,0.147204086185
0.0,0.0,0.0,-0.008376237005,-0.00167041632812,0.147211402655
0.0,0.0,0.0,-0.00834970455617,-0.00165337021463,0.147214278579
0.0,0.0,0.0,-0.00836593937129,-0.00166669860482,0.147218734026
0.0,0.0,0.0,-0.00839482340962,-0.00166178063955,0.147179022431
0.0,0.0,0.0,-0.00837684702128,-0.00165464007296,0.14722892642
0.0,0.0,0.0,-0.00843482557684,-0.00166774168611,0.147187069058
0.0,0.0,0.0,-0.00838193204254,-0.00164692930412,0.147240281105
0.0,0.0,0.0,-0.00836652424186,-0.00164353230502,0.147234648466
0.0,0.0,0.0,-0.00835268758237,-0.00164172938094,0.14722378552
0.0,0.0,0.0,-0.0083497883752,-0.00164953584317,0.147222489119
0.0,0.0,0.0,-0.00834542140365,-0.00165059766732,0.147230282426
0.0,0.0,0.0,-0.00835771299899,-0.0016481623752,0.14723174274
0.0,0.0,0.0,-0.00836250931025,-0.00164964282885,0.147221088409
0.0,0.0,0.0,-0.00836785603315,-0.00164915493224,0.147209122777
0.0,0.0,0.0,-0.00837020203471,-0.00164748507086,0.147182360291
0.0,0.0,0.0,-0.00836096238345,-0.001644811593,0.147170469165
0.0,0.0,0.0,-0.00836361013353,-0.00164973258507,0.147169753909
0.0,0.0,0.0,-0.00836838781834,-0.0016531299334,0.147178143263
0.0,0.0,0.0,-0.0083901276812,-0.00166705669835,0.147177547216
0.0,0.0,0.0,-0.00838127359748,-0.00165641389322,0.147207081318
0.0,0.0,0.0,-0.00838039070368,-0.00165956560522,0.147169262171
0.0,0.0,0.0,-0.00837477575988,-0.00165736291092,0.147187143564
0.0,0.0,0.0,-0.00836548488587,-0.00165519188158,0.147208303213
0.0,0.0,0.0,-0.00836234632879,-0.00165931810625,0.147217348218
0.0,0.0,0.0,-0.00836247671396,-0.00166186026763,0.147223874927
0.0,0.0,0.0,-0.00836152490228,-0.00166523782536,0.147219762206
0.0,0.0,0.0,-0.00834997650236,-0.00165700528305,0.147218808532
0.0,0.0,0.0,-0.00835469458252,-0.00165388197638,0.147213697433
0.0,0.0,0.0,-0.00836111046374,-0.0016566318227,0.147212803364
0.0,0.0,0.0,-0.00838609132916,-0.00167018070351,0.147212028503
0.0,0.0,0.0,-0.00838143005967,-0.00166629534215,0.147218376398
0.0,0.0,0.0,-0.00844487547874,-0.0016759041464,0.147144064307
0.0,0.0,0.0,-0.00840842630714,-0.00166857498698,0.147174805403
0.0,0.0,0.0,-0.00837459322065,-0.00166219950188,0.147196695209
0.0,0.0,0.0,-0.00836864951998,-0.00166279717814,0.147205084562
0.0,0.0,0.0,-0.00844570156187,-0.00165861076675,0.147096395493
0.0,0.0,0.0,-0.00844836421311,-0.00165545626078,0.147093310952
0.0,0.0,0.0,-0.00847207009792,-0.00166592060123,0.147090509534
0.0,0.0,0.0,-0.00835512578487,-0.00164478737861,0.147216796875
0.0,0.0,0.0,-0.00836451444775,-0.00165638886392,0.147240191698
0.0,0.0,0.0,-0.00836164876819,-0.001651880797,0.147241607308
0.0,0.0,0.0,-0.00836978293955,-0.00166331813671,0.147249296308
0.0,0.0,0.0,-0.00834874343127,-0.00165560469031,0.147240385413
0.0,0.0,0.0,-0.00841412413865,-0.00166874018032,0.147170558572
0.0,0.0,0.0,-0.00837891921401,-0.00165878119878,0.14719492197
0.0,0.0,0.0,-0.00837830733508,-0.00165977084544,0.147198840976
0.0,0.0,0.0,-0.00837606284767,-0.00165326579008,0.147200211883
0.0,0.0,0.0,-0.00840790010989,-0.00165819190443,0.147125855088
0.0,0.0,0.0,-0.00839942414314,-0.00166003464255,0.147207170725
0.0,0.0,0.0,-0.0084229875356,-0.00167604058515,0.147213295102
0.0,0.0,0.0,-0.00838531367481,-0.00166042486671,0.147229701281
0.0,0.0,0.0,-0.00836475845426,-0.00165076914709,0.147230342031
0.0,0.0,0.0,-0.0083792777732,-0.00166433898266,0.14723290503
0.0,0.0,0.0,-0.00841877795756,-0.00165788072627,0.147142767906
0.0,0.0,0.0,-0.00839627813548,-0.00165296322666,0.147177815437
0.0,0.0,0.0,-0.0084125502035,-0.00166641606484,0.147187545896
0.0,0.0,0.0,-0.00843448098749,-0.00168427661993,0.147197499871
0.0,0.0,0.0,-0.00837056338787,-0.00165613519493,0.147225484252
0.0,0.0,0.0,-0.00836003571749,-0.00164454057813,0.147228062153
0.0,0.0,0.0,-0.00835727807134,-0.00164112215862,0.147229135036
0.0,0.0,0.0,-0.00835366453975,-0.00163794856053,0.147229969501
0.0,0.0,0.0,-0.00837029609829,-0.00164850719739,0.147231444716
0.0,0.0,0.0,-0.00838377140462,-0.00165701902006,0.1472350806
0.0,0.0,0.0,-0.00840719789267,-0.00167479820084,0.147237017751
0.0,0.0,0.0,-0.00837675016373,-0.00165752111934,0.147230431437
0.0,0.0,0.0,-0.00839832983911,-0.00167496060021,0.147229641676
0.0,0.0,0.0,-0.00842631235719,-0.00169650872704,0.147227391601
0.0,0.0,0.0,-0.00846073590219,-0.00172160344664,0.147223874927
0.0,0.0,0.0,-0.00846073590219,-0.00172160344664,0.147223874927
0.0,0.0,0.0,-0.00846073590219,-0.00172160344664,0.147223874927
0.0,0.0,0.0,-0.00850179139525,-0.00175112055149,0.147219330072
0.0,0.0,0.0,-0.00837468914688,-0.00165769073647,0.147181928158
0.0,0.0,0.0,-0.00836773589253,-0.00165208568797,0.147183537483
0.0,0.0,0.0,-0.00841399189085,-0.00165439385455,0.147109046578
0.0,0.0,0.0,-0.00840334221721,-0.00165340187959,0.147116601467
0.0,0.0,0.0,-0.00840545631945,-0.00166577019263,0.147121936083
0.0,0.0,0.0,-0.00844995025545,-0.0016663633287,0.147038057446
0.0,0.0,0.0,-0.00842552632093,-0.00166356342379,0.147069007158
0.0,0.0,0.0,-0.00844559725374,-0.0016769223148,0.147065460682
0.0,0.0,0.0,-0.00843411777169,-0.00166503898799,0.147082984447
0.0,0.0,0.0,-0.00845578312874,-0.0016770302318,0.14708699286
0.0,0.0,0.0,-0.00842020846903,-0.00166864402127,0.147136732936
0.0,0.0,0.0,-0.00839711446315,-0.00166406657081,0.147173061967
0.0,0.0,0.0,-0.00838011782616,-0.00166044803336,0.147194191813
0.0,0.0,0.0,-0.00836726464331,-0.00165706616826,0.147213160992
0.0,0.0,0.0,-0.00837542209774,-0.00166889268439,0.147232234478
-0.0083777718246,-0.0016718005063,0.147236168385,-0.00838937796652,-0.00168497092091,0.147252440453
-0.0083777718246,-0.0016718005063,0.147236332297,-0.00840889383107,-0.00170454429463,0.147273972631
-0.0083777718246,-0.0016718005063,0.147239476442,-0.00840456131846,-0.00167411309667,0.14721506834
-0.0083777718246,-0.0016718005063,0.147254794836,-0.00835426989943,-0.00165267509874,0.147229716182
-0.0083777718246,-0.0016718005063,0.147269949317,-0.00836516171694,-0.00166247517336,0.147239804268
-0.0083777718246,-0.0016718005063,0.147294223309,-0.00834852270782,-0.0016486766981,0.147217273712
-0.0083777718246,-0.0016718005063,0.147329434752,-0.0083626434207,-0.00165611202829,0.147214725614
-0.0083777718246,-0.0016718005063,0.147378265858,-0.00840041507035,-0.00165650423151,0.147141516209
-0.0083777718246,-0.0016718005063,0.14744374156,-0.00838831532747,-0.00165141792968,0.147138163447
-0.0083777718246,-0.0016718005063,0.147528931499,-0.00841168966144,-0.00166112883016,0.147124201059
-0.0083777718246,-0.0016718005063,0.147637218237,-0.00844217464328,-0.00167449575383,0.147111490369
-0.0083777718246,-0.0016718005063,0.147772073746,-0.00838222447783,-0.00164334243163,0.147132053971
-0.0083777718246,-0.0016718005063,0.147937193513,-0.00839046109468,-0.0016514348099,0.147142499685
-0.0083777718246,-0.0016718005063,0.148136407137,-0.00837951246649,-0.00165197951719,0.147153899074
-0.0083777718246,-0.0016718005063,0.148373559117,-0.00837124139071,-0.00165193749126,0.147162243724
-0.0083777718246,-0.0016718005063,0.148652896285,-0.00838355906308,-0.00166142138187,0.147175505757
-0.0083777718246,-0.0016718005063,0.148977920413,-0.0083656962961,-0.00165493378881,0.147177606821
-0.0083777718246,-0.0016718005063,0.149353504181,-0.00839553680271,-0.00164853490423,0.147122949362
-0.0083777718246,-0.0016718005063,0.149783626199,-0.00842746719718,-0.00166227878071,0.147105187178
-0.0083777718246,-0.0016718005063,0.150272488594,-0.00845399592072,-0.00165557465516,0.147080734372
-0.0083777718246,-0.0016718005063,0.150824517012,-0.00843629613519,-0.00165579491295,0.147140964866
-0.0083777718246,-0.0016718005063,0.151443913579,-0.00848017353565,-0.00168643461075,0.14721351862
-0.0083777718246,-0.0016718005063,0.152135029435,-0.0084458226338,-0.00166863447521,0.147295862436
-0.0083777718246,-0.0016718005063,0.152902275324,-0.00847060419619,-0.00167324766517,0.147444203496
-0.0083777718246,-0.0016718005063,0.153749763966,-0.00850853323936,-0.00169885449577,0.147677391768
-0.0083777718246,-0.0016718005063,0.154681816697,-0.00846651662141,-0.00164538028184,0.147724077106
-0.0083777718246,-0.0016718005063,0.156819552183,-0.00853454787284,-0.00145221245475,0.148516565561
-0.0083777718246,-0.0016718005063,0.15934561193,-0.00862910039723,-0.00147622590885,0.149887368083
-0.0083777718246,-0.0016718005063,0.160762935877,-0.00856616161764,-0.00168047472835,0.151284426451
-0.0083777718246,-0.0016718005063,0.162288889289,-0.00890660937876,-0.00145686115138,0.152843639255
-0.0083777718246,-0.0016718005063,0.164004355669,-0.00947044230998,-0.00111781654414,0.155933693051
-0.0083777718246,-0.0016718005063,0.165681824088,-0.00984637252986,-0.000954916060437,0.159096360207
-0.0083777718246,-0.0016718005063,0.167556479573,-0.0102656334639,-0.000775030406658,0.161682382226
-0.0083777718246,-0.0016718005063,0.171668127179,-0.0110400384292,-0.00111289334018,0.169509708881
-0.0083777718246,-0.0016718005063,0.173918545246,-0.011699189432,-0.00034237667569,0.173626512289
-0.0083777718246,-0.0016718005063,0.17642582953,-0.0128616401926,0.000239860833972,0.180000185966
-0.0083777718246,-0.0016718005063,0.178821265697,-0.0134901367128,0.000350650661858,0.185836702585
-0.0083777718246,-0.0016718005063,0.181478530169,-0.0139920627698,0.000628593261354,0.189934626222
-0.0083777718246,-0.0016718005063,0.187214791775,-0.0152917327359,0.00123674015049,0.199428901076
-0.0083777718246,-0.0016718005063,0.190299078822,-0.0158637315035,0.00141465978231,0.204683378339
-0.0083777718246,-0.0016718005063,0.196908667684,-0.0172435548156,0.00151881412603,0.215744197369
-0.0083777718246,-0.0016718005063,0.200438037515,-0.0174640901387,0.000802097958513,0.221320390701
-0.0083777718246,-0.0016718005063,0.207951843739,-0.0198129527271,0.00264267623425,0.239026635885
-0.0083777718246,-0.0016718005063,0.211939334869,-0.0202992036939,0.00233721220866,0.246579766273
-0.0083777718246,-0.0016718005063,0.224832490087,-0.0228034239262,0.00433456152678,0.262265235186
-0.0083777718246,-0.0016718005063,0.234210193157,-0.0249118283391,0.00527616823092,0.274363785982
-0.0083777718246,-0.0016718005063,0.239132493734,-0.02542421408,0.0055168508552,0.277539134026
-0.0083777718246,-0.0016718005063,0.249445945024,-0.0271378904581,0.00615456933156,0.290076285601
-0.0083777718246,-0.0016718005063,0.254835039377,-0.0275244824588,0.00626025814563,0.29356071353
-0.0083777718246,-0.0016718005063,0.266075402498,-0.0284600723535,0.00659779878333,0.303303778172
-0.0083777718246,-0.0016718005063,0.284068912268,-0.0291574075818,0.00721219647676,0.32229167223
-0.0083777718246,-0.0016718005063,0.303390294313,-0.0292956065387,0.00760956993327,0.338518410921
-0.0083777718246,-0.0016718005063,0.310116261244,-0.0293230656534,0.00752055179328,0.344149976969
-0.0083777718246,-0.0016718005063,0.323980182409,-0.029484057799,0.00724194385111,0.355967074633
-0.0083777718246,-0.0016718005063,0.345773518085,-0.0292274393141,0.00579916592687,0.375991016626
-0.0083777718246,-0.0016718005063,0.353292018175,-0.0291932355613,0.00525437481701,0.384097546339
-0.0083777718246,-0.0016718005063,0.376540839672,-0.0296667404473,0.00360078876838,0.412081807852
-0.0083777718246,-0.0016718005063,0.392598450184,-0.0306965578347,0.00248739006929,0.434213370085
-0.0083777718246,-0.0016718005063,0.400781273842,-0.0311310309917,0.00214300258085,0.441041260958
-0.0083777718246,-0.0016718005063,0.417436629534,-0.0320450477302,0.00152576819528,0.457889556885
-0.0083777718246,-0.00167180062272,0.443073689938,-0.0335981808603,-0.000793991726823,0.490953952074
-0.0083777718246,-0.00167180062272,0.451773792505,-0.0341984033585,-0.00146901363041,0.502799034119
-0.0083777718246,-0.00167180062272,0.469384551048,-0.0349149666727,-0.00284002884291,0.520303785801
-0.0083777718246,-0.00167180062272,0.478296607733,-0.0354761891067,-0.00368387787603,0.531741678715
-0.0083777718246,-0.00167180062272,0.496234059334,-0.0362153537571,-0.0049415230751,0.547293782234
-0.0083777718246,-0.00167180062272,0.523485779762,-0.0369982160628,-0.00660708919168,0.56971257925
-0.0083777718246,-0.00167180062272,0.532657623291,-0.0373590141535,-0.00728170201182,0.578174829483
-0.00837777089328,-0.00167180062272,0.55100518465,-0.0376858375967,-0.00851896125823,0.600389957428
-0.00837777089328,-0.00167180062272,0.560221493244,-0.0378680415452,-0.00883648451418,0.6057934165
-0.00837777089328,-0.00167180062272,0.57864356041,-0.038795940578,-0.0102185700089,0.624722898006
-0.00837777089328,-0.00167180062272,0.606261909008,-0.0397151745856,-0.0122260125354,0.648573875427
-0.00837777089328,-0.00167180073913,0.615433633327,-0.0399042740464,-0.0127251818776,0.654211401939
-0.00837777089328,-0.00167180073913,0.633699417114,-0.040763258934,-0.0142849888653,0.673727750778
-0.00837777089328,-0.00167180073913,0.64278370142,-0.0408898368478,-0.014745249413,0.679696559906
-0.00837777089328,-0.00167180073913,0.660824358463,-0.0416083931923,-0.0159340389073,0.700156211853
-0.00837777089328,-0.00167180073913,0.669772207737,-0.0416680537164,-0.0163212511688,0.70634418726
-0.00837777089328,-0.00167180073913,0.68749910593,-0.0414014086127,-0.017005559057,0.726643979549
-0.00837777089328,-0.00167180073913,0.696271419525,-0.0412629954517,-0.0171405915171,0.732611715794
-0.00837777089328,-0.00167180085555,0.713574528694,-0.0411397665739,-0.0174893718213,0.750014901161
-0.00837777089328,-0.00167180085555,0.722124159336,-0.0411902926862,-0.017444787547,0.754900276661
-0.00837776996195,-0.00167180085555,0.73895072937,-0.0413593314588,-0.017418935895,0.7721991539
-0.00837776996195,-0.00167180085555,0.747208595276,-0.0412882715464,-0.0173396058381,0.777518808842
-0.00837776996195,-0.00167180085555,0.763472497463,-0.0413200445473,-0.0174418855458,0.794142127037
-0.00837776996195,-0.00167180085555,0.771416544914,-0.0413349047303,-0.0175400357693,0.80276799202
-0.00837776996195,-0.00167180097196,0.787033617496,-0.040770124644,-0.0175704471767,0.816616952419
-0.00837776996195,-0.00167180097196,0.794639766216,-0.0406557768583,-0.0174909383059,0.821449100971
-0.00837776996195,-0.00167180097196,0.809523582458,-0.0405145324767,-0.0168063808233,0.838425517082
-0.00837776996195,-0.00167180097196,0.816776812077,-0.0405820086598,-0.0165723096579,0.843719184399
-0.00837776996195,-0.00167180108838,0.830886602402,-0.0408116541803,-0.0158395860344,0.859698235989
-0.00837776903063,-0.00167180108838,0.851025283337,-0.0411013178527,-0.0147396475077,0.878807485104
-0.00837776903063,-0.00167180108838,0.857507705688,-0.0411829948425,-0.0143253365532,0.885874450207
-0.00837776903063,-0.00167180120479,0.869867146015,-0.0418576076627,-0.0138669898733,0.896363079548
-0.00837776903063,-0.00167180120479,0.875907123089,-0.0421751476824,-0.0136311957613,0.899383306503
-0.00837776809931,-0.00167180120479,0.887370884418,-0.0429806672037,-0.0130541743711,0.91203224659
-0.00837776809931,-0.00167180132121,0.903493642807,-0.0439226031303,-0.012348562479,0.929642498493
-0.00837776809931,-0.00167180143762,0.918220162392,-0.0442862287164,-0.0116937402636,0.941956281662
-0.00837776716799,-0.00167180143762,0.927252352238,-0.0439350828528,-0.0107795521617,0.95033955574
-0.00837776716799,-0.00167180155404,0.939638912678,-0.0438318774104,-0.00912437774241,0.964109778404
-0.00837776716799,-0.00167180167045,0.943457365036,-0.0439833141863,-0.0086179189384,0.967613756657
-0.00837776623666,-0.00167180178687,0.954004824162,-0.0441106632352,-0.007962343283,0.976136267185
-0.00837776530534,-0.00167180190329,0.963219463825,-0.0439902171493,-0.00815197546035,0.982920467854
-0.00837776530534,-0.00167180190329,0.96864771843,-0.0438197813928,-0.00842753890902,0.987125039101
-0.00837776530534,-0.0016718020197,0.971154987812,-0.0436455719173,-0.00878449063748,0.991280078888
-0.00837776437402,-0.00167180213612,0.975769400597,-0.0433641113341,-0.00874605309218,0.995798110962
-0.00837776437402,-0.00167180213612,0.977880716324,-0.0430539175868,-0.00875006150454,0.999458730221
-0.0083777634427,-0.00167180225253,0.981726169586,-0.0426727980375,-0.00868368893862,1.00346469879
-0.0083777634427,-0.00167180236895,0.986613452435,-0.0425853133202,-0.00840049888939,1.00747859478
-0.00837776251137,-0.00167180248536,0.988020658493,-0.0426636449993,-0.00839616451412,1.00928735733
-0.00837776251137,-0.00167180260178,0.990524530411,-0.0428821146488,-0.00852143298835,1.01103675365
-0.00837776158005,-0.00167180260178,0.991630792618,-0.0430123135448,-0.00885915197432,1.01212048531
-0.00837776158005,-0.00167180271819,0.993567824364,-0.0430723652244,-0.00934302434325,1.01320135593
-0.00837776064873,-0.00167180283461,0.994406282902,-0.0430681295693,-0.00981986243278,1.01464116573
-0.00837776064873,-0.00167180295102,0.995850205421,-0.0432101786137,-0.0103695169091,1.01625871658
-0.0083777597174,-0.00167180306744,0.99646538496,-0.0433420091867,-0.0108613716438,1.01791834831
-0.00837775878608,-0.00167180318385,0.997493386269,-0.043291952461,-0.011405297555,1.01982343197
-0.00837775878608,-0.00167180330027,0.997920274734,-0.0430833771825,-0.011524355039,1.02097260952
-0.00837775785476,-0.0016718035331,0.998885631561,-0.0436305291951,-0.0114092640579,1.02205717564
-0.00837775692344,-0.00167180364951,0.999314785004,-0.0441017448902,-0.0112529294565,1.02313888073
-0.00837775599211,-0.00167180376593,0.999477505684,-0.0445759184659,-0.0111006721854,1.02216553688
-0.00837775506079,-0.00167180388235,0.999721944332,-0.0451244264841,-0.0109408684075,1.02124679089
-0.00837775506079,-0.00167180399876,0.999797582626,-0.0457102805376,-0.0109736025333,1.02074444294
-0.00837775319815,-0.00167180423159,0.999945998192,-0.0467401184142,-0.011098138988,1.02062058449
-0.00837775226682,-0.00167180446442,0.999983489513,-0.047265432775,-0.0110581954941,1.02136647701
-0.00837775226682,-0.00167180458084,0.999993145466,-0.0475652217865,-0.0110731422901,1.02234184742
-0.0083777513355,-0.00167180481367,0.999998629093,-0.04772759974,-0.0107912076637,1.02356290817
-0.00837774947286,-0.0016718050465,0.999998390675,-0.0488948486745,-0.00921987742186,1.02557790279
-0.00837774947286,-0.0016718050465,0.999998390675,-0.0496510975063,-0.00852810777724,1.02591145039
-0.00837774947286,-0.0016718050465,0.999998390675,-0.0505976304412,-0.00777853932232,1.02598690987
-0.00837774947286,-0.0016718050465,0.999998390675,-0.0528352931142,-0.00623679114506,1.02428615093
-0.00837774947286,-0.0016718050465,0.999998390675,-0.0536947883666,-0.00577215757221,1.0243909359
-0.00837774947286,-0.0016718050465,0.999998390675,-0.0542583763599,-0.00540534825996,1.02417695522
-0.00837774947286,-0.0016718050465,0.999998390675,-0.0549111254513,-0.004930047784,1.02558815479
-0.00837774947286,-0.0016718050465,0.999998390675,-0.0549902692437,-0.00442582927644,1.02692949772
-0.00837774947286,-0.0016718050465,0.999998390675,-0.0555151663721,-0.00400304375216,1.02858734131
-0.00837774947286,-0.0016718050465,0.999998390675,-0.0567109175026,-0.00316289695911,1.03047883511
-0.00837774947286,-0.0016718050465,0.999998390675,-0.0573957674205,-0.00285282800905,1.03098428249
-0.00837774947286,-0.0016718050465,0.999998390675,-0.0584089905024,-0.00235726800747,1.03242659569
-0.00837774947286,-0.0016718050465,0.999998390675,-0.0589301362634,-0.00240506115369,1.03144776821
-0.00837774947286,-0.0016718050465,0.999998390675,-0.0596091896296,-0.0023648540955,1.03140950203
-0.00837774947286,-0.0016718050465,0.999998390675,-0.0602475404739,-0.00319245806895,1.0305980444
-0.00837774947286,-0.0016718050465,0.999998390675,-0.060417547822,-0.0036133332178,1.03082919121
-0.00837774947286,-0.0016718050465,0.999998390675,-0.0606408566236,-0.00468915840611,1.03190851212
-0.00837774947286,-0.0016718050465,0.999998390675,-0.0607220940292,-0.00538225239143,1.03230249882
-0.00837774947286,-0.0016718050465,0.999998390675,-0.0604080110788,-0.00562793109566,1.03275513649
-0.00837774947286,-0.0016718050465,0.999998390675,-0.0602370910347,-0.00600236002356,1.03292715549
-0.00837774947286,-0.0016718050465,0.999998390675,-0.0599907487631,-0.00619321037084,1.0327860117
-0.00837774947286,-0.0016718050465,0.999998390675,-0.0597266554832,-0.00659407675266,1.03198218346
-0.00837774947286,-0.0016718050465,0.999998390675,-0.0595026910305,-0.00703698629513,1.03113293648
-0.00837774947286,-0.0016718050465,0.999998390675,-0.0594166368246,-0.00754390191287,1.03030753136
-0.00837774947286,-0.0016718050465,0.999998390675,-0.0596293397248,-0.00772124296054,1.03012740612
-0.00837774947286,-0.0016718050465,0.999998390675,-0.0583751387894,-0.00892303790897,1.02895760536
-0.00837774947286,-0.0016718050465,0.999998390675,-0.0578545071185,-0.00972208380699,1.02873444557
-0.00837774947286,-0.0016718050465,0.999998390675,-0.0564062334597,-0.0113646537066,1.02864170074
-0.00837774947286,-0.0016718050465,0.999998390675,-0.056393224746,-0.0113013815135,1.02967655659
-0.00837774947286,-0.0016718050465,0.999998390675,-0.0552591867745,-0.0122342361137,1.03034603596
-0.00837774947286,-0.0016718050465,0.999998390675,-0.0550876073539,-0.0123335821554,1.03102874756
-0.00837774947286,-0.0016718050465,0.999998390675,-0.0544170252979,-0.0127381682396,1.0314964056
-0.00837774947286,-0.0016718050465,0.999998390675,-0.0540958046913,-0.0127310054377,1.03153324127
-0.00837774947286,-0.0016718050465,0.999998390675,-0.0535115376115,-0.0128653338179,1.03239512444
0.0,0.0,1.0,-0.0532947964966,-0.0131833693013,1.02996492386
0.0,0.0,1.0,-0.0532233305275,-0.0132938567549,1.0296857357
0.0,0.0,1.0,-0.0529199317098,-0.0135023463517,1.02863752842
0.0,0.0,1.0,-0.0526506043971,-0.0142870359123,1.02813708782
0.0,0.0,1.0,-0.0488948300481,-0.0145459873602,1.02944612503
0.0,0.0,1.0,-0.0501065850258,-0.0140667473897,1.03038990498
0.0,0.0,1.0,-0.0481165014207,-0.0146148847416,1.03060889244
0.0,0.0,1.0,-0.0504323914647,-0.0131789529696,1.0320930481
0.0,0.0,1.0,-0.0503440983593,-0.0129556059837,1.03246557713
0.0,0.0,1.0,-0.0514082685113,-0.0120915286243,1.03199255466
0.0,0.0,1.0,-0.0516237467527,-0.0116808125749,1.03223514557
0.0,0.0,1.0,-0.0521940551698,-0.0110626081005,1.03107774258
0.0,0.0,1.0,-0.0525042824447,-0.0106525504962,1.03100645542
0.0,0.0,1.0,-0.05271769315,-0.0100535657257,1.03029322624
0.0,0.0,1.0,-0.0529463514686,-0.00912326946855,1.03036999702
0.0,0.0,1.0,-0.0533313043416,-0.00852714572102,1.03015053272
0.0,0.0,1.0,-0.0535173527896,-0.00846307072788,1.02973556519
0.0,0.0,1.0,-0.05315323174,-0.00719830999151,1.03185129166
0.0,0.0,1.0,-0.0529515892267,-0.00676401564851,1.03219783306
0.0,0.0,1.0,-0.0528455339372,-0.00569259468466,1.03179442883
0.0,0.0,1.0,-0.0528626963496,-0.00519021227956,1.0319211483
0.0,0.0,1.0,-0.0528573319316,-0.0044262050651,1.03062927723
0.0,0.0,1.0,-0.0525704100728,-0.00432389508933,1.02942848206
0.0,0.0,1.0,-0.0523625202477,-0.00443416554481,1.02936816216
0.0,0.0,1.0,-0.0519818142056,-0.00469455542043,1.02930140495
0.0,0.0,1.0,-0.0514821894467,-0.00490122381598,1.02988290787
0.0,0.0,1.0,-0.0506988503039,-0.00539560383186,1.03058552742
0.0,0.0,1.0,-0.0504756867886,-0.00540851708502,1.03102374077
0.0,0.0,1.0,-0.0494994558394,-0.00546043086797,1.03170347214
0.0,0.0,1.0,-0.0491430535913,-0.00556057319045,1.03190875053
0.0,0.0,1.0,-0.0484937205911,-0.00601764535531,1.03091073036
0.0,0.0,1.0,-0.0481476001441,-0.0060616992414,1.03091919422
0.0,0.0,1.0,-0.0477961376309,-0.00646018562838,1.03006315231
0.0,0.0,1.0,-0.0474780499935,-0.00694695534185,1.02896797657
0.0,0.0,1.0,-0.0464890599251,-0.00788913294673,1.02776050568
0.0,0.0,1.0,-0.0450197309256,-0.00886135362089,1.02760589123
0.0,0.0,1.0,-0.0438101738691,-0.00950673781335,1.02880775928
0.0,0.0,1.0,-0.0436393395066,-0.00994700938463,1.0292494297
0.0,0.0,1.0,-0.0428184904158,-0.0108557064086,1.03014183044
0.0,0.0,1.0,-0.0426293574274,-0.011051739566,1.03035449982
0.0,0.0,1.0,-0.0421218685806,-0.0119581660256,1.02998054028
0.0,0.0,1.0,-0.0418810993433,-0.0123426308855,1.02852165699
0.0,0.0,1.0,-0.0418670699,-0.0125415828079,1.02838039398
0.0,0.0,1.0,-0.042069979012,-0.0129354344681,1.02799355984
0.0,0.0,1.0,-0.0413198471069,-0.0134911863133,1.02730059624
0.0,0.0,1.0,-0.0409372672439,-0.0141783710569,1.02734029293
0.0,0.0,1.0,-0.0405295602977,-0.0148495053872,1.02894902229
0.0,0.0,1.0,-0.0403786934912,-0.0154268601909,1.029266119
0.0,0.0,1.0,-0.0403266586363,-0.015563853085,1.02975893021
0.0,0.0,1.0,-0.0403184331954,-0.0157633796334,1.03007948399
0.0,0.0,1.0,-0.0406081825495,-0.0147784585133,1.0287514925
0.0,0.0,1.0,-0.0408510826528,-0.014086545445,1.02757060528
0.0,0.0,1.0,-0.0409512445331,-0.0138320671394,1.02719676495
0.0,0.0,1.0,-0.0413342341781,-0.0134500013664,1.02630364895
0.0,0.0,1.0,-0.0413574054837,-0.0134921679273,1.02575421333
0.0,0.0,1.0,-0.0411762371659,-0.0132953897119,1.02586936951
0.0,0.0,1.0,-0.0412019453943,-0.0131218442693,1.02597641945
0.0,0.0,1.0,-0.0413104817271,-0.0126143014058,1.02660381794
0.0,0.0,1.0,-0.0410370863974,-0.0126800620928,1.02661406994
0.0,0.0,1.0,-0.0415419191122,-0.0114395227283,1.02731537819
0.0,0.0,1.0,-0.0416413247585,-0.0110652707517,1.02758896351
0.0,0.0,1.0,-0.0421718172729,-0.00979142170399,1.02653110027
0.0,0.0,1.0,-0.0423615761101,-0.0094048101455,1.02612149715
0.0,0.0,1.0,-0.0427422598004,-0.00805700663477,1.02491033077
0.0,0.0,1.0,-0.0428514815867,-0.00773451244459,1.02450978756
0.0,0.0,1.0,-0.0429627336562,-0.00714365020394,1.02346050739
0.0,0.0,1.0,-0.0426671914756,-0.00643476611003,1.02307152748
0.0,0.0,1.0,-0.0430352129042,-0.00578636769205,1.02411222458
0.0,0.0,1.0,-0.0430971831083,-0.00573378521949,1.02434408665
0.0,0.0,1.0,-0.0431645959616,-0.00559859815985,1.02458417416
0.0,0.0,1.0,-0.0431171394885,-0.00520497234538,1.02481770515
0.0,0.0,1.0,-0.0432479195297,-0.0048448741436,1.02493190765
0.0,0.0,1.0,-0.0434674732387,-0.00469682645053,1.02422297001
0.0,0.0,1.0,-0.0445322133601,-0.00422548037022,1.0245013237
0.0,0.0,1.0,-0.044505186379,-0.00461759790778,1.02223718166
0.0,0.0,1.0,-0.0449294224381,-0.00468373205513,1.0218693018
0.0,0.0,1.0,-0.0451780892909,-0.00559242349118,1.02161073685
0.0,0.0,1.0,-0.0453217066824,-0.0063071558252,1.02335727215
0.0,0.0,1.0,-0.0460382625461,-0.00727294944227,1.02456378937
0.0,0.0,1.0,-0.046303678304,-0.0077018183656,1.02481210232
0.0,0.0,1.0,-0.0468162409961,-0.0080063380301,1.02467989922
0.0,0.0,1.0,-0.0471194349229,-0.00812430027872,1.02419281006
0.0,0.0,1.0,-0.0477162711322,-0.0084286024794,1.02374696732
0.0,0.0,1.0,-0.0479458831251,-0.0087725110352,1.02291679382
0.0,0.0,1.0,-0.0481775514781,-0.00922750122845,1.02245008945
0.0,0.0,1.0,-0.0481775514781,-0.00922750122845,1.02245008945
0.0,0.0,1.0,-0.0482177399099,-0.00967483781278,1.02222394943
0.0,0.0,1.0,-0.0481799393892,-0.0106047121808,1.02240312099
0.0,0.0,1.0,-0.0479983612895,-0.0111822299659,1.0224211216
0.0,0.0,1.0,-0.0481898486614,-0.0116126826033,1.02286875248
0.0,0.0,1.0,-0.0481712184846,-0.0115865245461,1.02318441868
0.0,0.0,1.0,-0.0481901541352,-0.0117262424901,1.02358651161
0.0,0.0,1.0,-0.048163395375,-0.0117060681805,1.02377402782
0.0,0.0,1.0,-0.0481228269637,-0.0116303665563,1.02385127544
0.0,0.0,1.0,-0.0481539256871,-0.0115602444857,1.02356731892
0.0,0.0,1.0,-0.048101246357,-0.011423593387,1.02253460884
0.0,0.0,1.0,-0.0480060577393,-0.0113875512034,1.02214479446
0.0,0.0,1.0,-0.0482310317457,-0.0112570784986,1.021702528
0.0,0.0,1.0,-0.0477517284453,-0.011437333189,1.02115738392
0.0,0.0,1.0,-0.0473287180066,-0.0112180393189,1.02058410645
0.0,0.0,1.0,-0.046974349767,-0.0110661229119,1.0212957859
0.0,0.0,1.0,-0.0468424670398,-0.0106266792864,1.0210545063
0.0,0.0,1.0,-0.0464645512402,-0.0106166582555,1.02285277843
0.0,0.0,1.0,-0.0463471412659,-0.010480735451,1.02314579487
0.0,0.0,1.0,-0.0462453067303,-0.0102578513324,1.02388644218
0.0,0.0,1.0,-0.0460911095142,-0.00983519293368,1.02412581444
0.0,0.0,1.0,-0.0461175590754,-0.00968350842595,1.02376496792
0.0,0.0,1.0,-0.0460702702403,-0.00953570194542,1.02341187
0.0,0.0,1.0,-0.04602868855,-0.00949469394982,1.02317881584
0.0,0.0,1.0,-0.0458338819444,-0.00971185881644,1.02296829224
0.0,0.0,1.0,-0.0455656982958,-0.0100331734866,1.0228716135
0.0,0.0,1.0,-0.0452246032655,-0.0102916033939,1.0243781805
0.0,0.0,1.0,-0.045200638473,-0.0105050820857,1.02464151382
0.0,0.0,1.0,-0.0452385656536,-0.0106291975826,1.02464711666
0.0,0.0,1.0,-0.0452689640224,-0.0104353548959,1.02447676659
0.0,0.0,1.0,-0.0452987737954,-0.0104064261541,1.02391624451
0.0,0.0,1.0,-0.0454341880977,-0.0105626722798,1.02220368385
0.0,0.0,1.0,-0.0455373600125,-0.0108510395512,1.02118611336
0.0,0.0,1.0,-0.045307084918,-0.0110448328778,1.0207349062
0.0,0.0,1.0,-0.0450580827892,-0.0112351533026,1.02057647705
0.0,0.0,1.0,-0.0445455238223,-0.0114242490381,1.02122879028
0.0,0.0,1.0,-0.0444170199335,-0.0115762278438,1.02176892757
0.0,0.0,1.0,-0.044325042516,-0.0115960761905,1.02239596844
0.0,0.0,1.0,-0.0442960113287,-0.0115103255957,1.02240538597
0.0,0.0,1.0,-0.0442181527615,-0.011353103444,1.02220916748
0.0,0.0,1.0,-0.0442483685911,-0.0112340645865,1.02227926254
0.0,0.0,1.0,-0.0442539788783,-0.0111725190654,1.0210287571
0.0,0.0,1.0,-0.0443823039532,-0.0111798141152,1.02081048489
0.0,0.0,1.0,-0.0441667363048,-0.0112397484481,1.01948785782
0.0,0.0,1.0,-0.0439382605255,-0.0113507155329,1.01922917366
0.0,0.0,1.0,-0.0439220927656,-0.0113986413926,1.0192476511
0.0,0.0,1.0,-0.0439040400088,-0.0113824345171,1.01967549324
0.0,0.0,1.0,-0.0439021065831,-0.0114991776645,1.02062606812
0.0,0.0,1.0,-0.0440359935164,-0.0112786777318,1.02103626728
0.0,0.0,1.0,-0.0443043671548,-0.0110496766865,1.02135848999
0.0,0.0,1.0,-0.0444966740906,-0.0108308168128,1.02173841
0.0,0.0,1.0,-0.0454951748252,-0.0106629626825,1.01971137524
0.0,0.0,1.0,-0.0457796901464,-0.0104738604277,1.01923346519
0.0,0.0,1.0,-0.0460246801376,-0.0105585977435,1.01895189285
0.0,0.0,1.0,-0.0466693118215,-0.0106315100566,1.01884639263
0.0,0.0,1.0,-0.0471408367157,-0.010560002178,1.01916408539
0.0,0.0,1.0,-0.0480274893343,-0.0107073262334,1.01982593536
0.0,0.0,1.0,-0.0481735132635,-0.010700228624,1.02014827728
0.0,0.0,1.0,-0.0483804605901,-0.0106566734612,1.02010381222
-2.59487329402e-08,1.59182835802e-08,1.0,-0.049445822835,-0.0107758818194,1.01792633533
-6.66245369985e-08,4.08848563893e-08,1.0,-0.0501495450735,-0.0109044238925,1.01710140705
-7.77429107757e-08,4.77060595472e-08,1.0,-0.0501482561231,-0.0111874602735,1.01681315899
-1.67020616004e-07,1.02515144818e-07,1.0,-0.0501242280006,-0.0115848509595,1.01720440388
-2.27981161061e-07,1.39934044796e-07,1.0,-0.0499148890376,-0.0118221873417,1.01807665825
-2.6589935942e-07,1.63201022474e-07,1.0,-0.0499288253486,-0.0117863193154,1.01938593388
-2.91069653713e-07,1.78639240289e-07,1.0,-0.0501159355044,-0.0116982059553,1.01926839352
-1.0466292224e-06,6.43580335691e-07,1.0,-0.0503978282213,-0.0116400383413,1.01913642883
-2.87217335426e-06,1.76972730515e-06,1.0,-0.0505907386541,-0.0115492958575,1.01930677891
-1.4710927644e-05,9.09987466002e-06,1.0,-0.050192438066,-0.0119056869298,1.01783573627
-2.6620034987e-05,1.64956727531e-05,1.0,-0.0499915704131,-0.0121419858187,1.01741302013
-7.34869172447e-05,4.57053283753e-05,1.0,-0.049690708518,-0.0124584585428,1.01697707176
-0.000112311972771,6.99814554537e-05,1.0,-0.0493921935558,-0.0125954244286,1.01729428768
-0.000233424434555,0.000145988262375,1.0,-0.0491812229156,-0.0127655295655,1.01721894741
-0.000320834486047,0.000201031201868,1.0,-0.0490452609956,-0.0128567805514,1.01754689217
-0.000566923816223,0.000356578704668,1.0,-0.0485965572298,-0.0129620535299,1.01817500591
-0.00116162165068,0.000734863919206,1.0,-0.0481396652758,-0.0125104775652,1.01879489422
-0.00143560522702,0.000909975147806,1.0,-0.048053663224,-0.0124077880755,1.01823437214
-0.00212274398655,0.00135089980904,1.0,-0.0481986775994,-0.0120161650702,1.01790702343
-0.00355620495975,0.00227697682567,1.0,-0.0489882715046,-0.0112884733826,1.0162473917
-0.00416081910953,0.00266962987371,1.0,-0.0488338582218,-0.0112956054509,1.01558673382
-0.00558710191399,0.00359987374395,1.0,-0.049398124218,-0.0108612123877,1.01494634151
-0.00641588354483,0.00414269883186,1.0,-0.049602586776,-0.0104525852948,1.0154093504
-0.0119224172086,0.00778359128162,1.0,-0.0523223206401,-0.00760554242879,1.01667940617
-0.0133263077587,0.00871996954083,1.0,-0.0546632036567,-0.00637147109956,1.0172393322
-0.0164719354361,0.0108283562586,1.0,-0.0574513524771,-0.00407983083278,1.01759064198
-0.0182214286178,0.0120067074895,1.0,-0.0598987080157,-0.00325165083632,1.01682782173
-0.02423244901,0.0160837117583,1.0,-0.0661352649331,0.000203998482903,1.01561510563
-0.0314613543451,0.0210393648595,1.0,-0.0736720636487,0.00444585550576,1.01469123363
-0.0370021536946,0.0248731020838,1.0,-0.0780811235309,0.00678107282147,1.01433289051
-0.0400084853172,0.0269652865827,1.0,-0.081919670105,0.00876832008362,1.01486253738
-0.0464577786624,0.0314809121192,1.0,-0.0864279717207,0.011261895299,1.01540195942
-0.0573433488607,0.0391835793853,1.0,-0.0988546907902,0.0184362921864,1.01667773724
-0.0613271333277,0.0420269481838,1.0,-0.102252781391,0.020672051236,1.01697027683
-0.0697043910623,0.0480474978685,1.0,-0.111286468804,0.0263937525451,1.01659595966
-0.0741973891854,0.051299251616,1.0,-0.116057686508,0.0294649899006,1.01669633389
-0.0835646688938,0.0581289120018,1.0,-0.125895127654,0.0355648286641,1.01574289799
-0.0885223448277,0.061770748347,1.0,-0.132923662663,0.0402493365109,1.01455187798
-0.098929554224,0.069476492703,1.0,-0.143149077892,0.0473680384457,1.01398396492
-0.110254302621,0.0779548585415,1.0,-0.154779717326,0.0560404621065,1.01383006573
-0.115773320198,0.0821219831705,1.0,-0.161020427942,0.0605542398989,1.0136384964
-0.128087669611,0.0915037542582,1.0,-0.173360839486,0.0700090005994,1.01443231106
-0.134055539966,0.0960923805833,1.0,-0.179786652327,0.0746897533536,1.01464653015
-0.147005170584,0.106144875288,1.0,-0.194850936532,0.0861392766237,1.01592922211
-0.153699830174,0.111393876374,1.0,-0.202517464757,0.0916707888246,1.0162614584
-0.167503640056,0.122331418097,1.0,-0.216326490045,0.103982418776,1.01664733887
-0.174604967237,0.128019630909,1.0,-0.220075696707,0.107592977583,1.01682555676
-0.189208731055,0.139852464199,1.0,-0.235909730196,0.121525742114,1.01581430435
-0.19664722681,0.145951509476,1.0,-0.240007743239,0.12527127564,1.01546096802
-0.211954474449,0.158661156893,1.0,-0.25493055582,0.138985514641,1.01440787315
-0.219674304128,0.165154859424,1.0,-0.258761405945,0.142711624503,1.01393079758
-0.235552683473,0.17869694531,1.0,-0.275029361248,0.158369958401,1.01295137405
-0.259741902351,0.199839293957,1.0,-0.293807804585,0.176872223616,1.01254618168
-0.267942398787,0.207157582045,1.0,-0.300624221563,0.183741420507,1.01234185696
-0.284467786551,0.222155690193,1.0,-0.315113008022,0.199491739273,1.01378619671
-0.29276061058,0.229815721512,1.0,-0.318985849619,0.203783765435,1.01421892643
-0.309410512447,0.245486423373,1.0,-0.335326522589,0.222198620439,1.01500594616
-0.317721575499,0.253463953733,1.0,-0.340195119381,0.227859303355,1.01525020599
-0.334324061871,0.269737929106,1.0,-0.356377631426,0.246234565973,1.0148204565
-0.342568635941,0.277999639511,1.0,-0.361110508442,0.251742064953,1.01448953152
-0.358966052532,0.294823765755,1.0,-0.374955177307,0.268210351467,1.01469743252
-0.367060691118,0.303338706493,1.0,-0.379907697439,0.274470955133,1.01364266872
-0.383052289486,0.320616066456,1.0,-0.395330786705,0.29358625412,1.01276600361
-0.406283855438,0.346964091063,1.0,-0.414600610733,0.318836092949,1.01364696026
-0.413796395063,0.355854362249,1.0,-0.418949097395,0.324715167284,1.01409256458
-0.42838460207,0.373729228973,1.0,-0.433223068714,0.344413220882,1.01562023163
-0.435473740101,0.382744282484,1.0,-0.43690648675,0.349814236164,1.01619946957
-0.449156105518,0.400858700275,1.0,-0.44612878561,0.363218665123,1.01689386368
-0.455734729767,0.409952282906,1.0,-0.451177567244,0.370800435543,1.01698124409
-0.474324643612,0.43733176589,1.0,-0.468438535929,0.398734807968,1.01736485958
-0.485683590174,0.455620378256,1.0,-0.479832530022,0.418181866407,1.01637482643
-0.491031557322,0.464763134718,1.0,-0.482961177826,0.423850923777,1.01592361927
-0.501033306122,0.483027666807,1.0,-0.493435055017,0.442784994841,1.01404881477
-0.505674183369,0.492140084505,1.0,-0.496012270451,0.448054909706,1.01360106468
-0.514209806919,0.510308504105,1.0,-0.504344463348,0.465377688408,1.01268970966
-0.525077879429,0.537374377251,1.0,-0.51162815094,0.487465083599,1.01273667812
-0.528165698051,0.546328783035,1.0,-0.512846529484,0.491681814194,1.01367008686
-0.533519506454,0.564122259617,1.0,-0.517799735069,0.510018765926,1.0151001215
-0.535778820515,0.572953402996,1.0,-0.519227981567,0.515576779842,1.01530337334
-0.539449870586,0.590471506119,1.0,-0.521839916706,0.530691146851,1.0154620409
-0.540857434273,0.599152803421,1.0,-0.524245738983,0.537828981876,1.01474654675
-0.542808175087,0.616342961788,1.0,-0.528006315231,0.556527733803,1.01269519329
-0.543349385262,0.624849915504,1.0,-0.529265880585,0.566053032875,1.01227200031
-0.54355943203,0.641673564911,1.0,-0.531134188175,0.585410058498,1.01195633411
-0.543227791786,0.649983823299,1.0,-0.531742990017,0.59514695406,1.01208257675
-0.541691958904,0.666393399239,1.0,-0.530593395233,0.606151580811,1.01154029369
-0.540489435196,0.674485206604,1.0,-0.530669569969,0.615830004215,1.01187300682
-0.53721934557,0.69044226408,1.0,-0.529467701912,0.630536496639,1.01220107079
-0.535154759884,0.698302090168,1.0,-0.528683781624,0.635301530361,1.01278984547
-0.530177116394,0.713772177696,1.0,-0.525927245617,0.65264236927,1.01458621025
-0.52726817131,0.721380531788,1.0,-0.524384796619,0.661669969559,1.01516723633
-0.516897499561,0.743672907352,1.0,-0.519781529903,0.679355144501,1.01664686203
-0.508645355701,0.758079707623,1.0,-0.51470631361,0.696637034416,1.0162627697
-0.504127979279,0.765144109726,1.0,-0.512093544006,0.705211281776,1.01638388634
-0.494334071875,0.778984487057,1.0,-0.507946312428,0.715548694134,1.01571416855
-0.489066570997,0.785758316517,1.0,-0.504858911037,0.721831679344,1.01456606388
-0.477813661098,0.799009382725,1.0,-0.496211916208,0.737166345119,1.01372230053
-0.471838384867,0.805484771729,1.0,-0.493015944958,0.741836965084,1.01351082325
-0.459215819836,0.818131864071,1.0,-0.482039511204,0.755364179611,1.01385188103
-0.452580988407,0.824300706387,1.0,-0.475175052881,0.761963665485,1.01372671127
-0.431453049183,0.842180073261,1.0,-0.460792064667,0.777042210102,1.01621365547
-0.416405498981,0.853573739529,1.0,-0.447840094566,0.787933886051,1.01663959026
-0.408606469631,0.859114646912,1.0,-0.444046348333,0.791882634163,1.01692807674
-0.392517834902,0.869863033295,1.0,-0.431109696627,0.801946282387,1.01777350903
-0.384214580059,0.875086724758,1.0,-0.424377709627,0.806854248047,1.01833987236
-0.36721560359,0.885173916817,1.0,-0.408335328102,0.818569839001,1.01524794102
-0.331579297781,0.904051780701,1.0,-0.381424963474,0.8346093297,1.01526260376
-0.313079625368,0.912818074226,1.0,-0.362990021706,0.842877030373,1.01528298855
-0.303678959608,0.917033314705,1.0,-0.35284024477,0.845873236656,1.01492869854
-0.284611582756,0.925122857094,1.0,-0.340544372797,0.851229548454,1.01605033875
-0.27495598793,0.928997695446,1.0,-0.331650704145,0.856122255325,1.01698160172
-0.245573878288,0.939933478832,1.0,-0.303563922644,0.869050741196,1.01790857315
-0.215716034174,0.949814379215,1.0,-0.277481585741,0.880213022232,1.01739370823
-0.195601508021,0.955812871456,1.0,-0.262461811304,0.886538267136,1.01721680164
-0.185516297817,0.958627939224,1.0,-0.252420008183,0.890402913094,1.0166863203
-0.165270328522,0.963898956776,1.0,-0.236939385533,0.896177828312,1.0150949955
-0.155126988888,0.966351270676,1.0,-0.226053670049,0.900211572647,1.01570403576
-0.13480900228,0.970888674259,1.0,-0.203928053379,0.908309042454,1.01563835144
-0.124653063715,0.97297000885,1.0,-0.196657732129,0.910863816738,1.01583445072
-0.0942265689373,0.978459835052,1.0,-0.174093812704,0.918534398079,1.01629376411
-0.0740233659744,0.98148214817,1.0,-0.159263387322,0.92207723856,1.01771450043
-0.0639461576939,0.982801139355,1.0,-0.149853408337,0.924090743065,1.01886332035
-0.0439066849649,0.985044956207,1.0,-0.130566254258,0.928335368633,1.01938343048
-0.033837582916,0.985978722572,1.0,-0.124532721937,0.929403066635,1.01931917667
-0.0141028417274,0.987424075603,1.0,-0.109433375299,0.932007610798,1.01958882809
-0.00416003866121,0.987954974174,1.0,-0.101400613785,0.932968020439,1.01843047142
0.015305204317,0.988600313663,1.0,-0.0829065740108,0.93477088213,1.01768767834
0.025073511526,0.988722383976,1.0,-0.0744305700064,0.935319423676,1.01742172241
0.0442434996367,0.988556087017,1.0,-0.058193039149,0.935484409332,1.01623690128
0.0538702197373,0.988263726234,1.0,-0.0499658472836,0.935179233551,1.01568424702
0.0726446509361,0.987275838852,1.0,-0.0385594032705,0.934419929981,1.01518845558
0.0819843485951,0.986571907997,1.0,-0.0311676431447,0.933574318886,1.0145970583
0.100454598665,0.984746158123,1.0,-0.00759086105973,0.931659698486,1.0153683424
0.10958327353,0.983623445034,1.0,-0.00131013744976,0.930968940258,1.01510107517
0.127615734935,0.980957448483,1.0,0.0181381460279,0.928283631802,1.01379215717
0.145345941186,0.977727949619,1.0,0.033055935055,0.925883352757,1.01261746883
0.171344310045,0.971825122833,1.0,0.0540930442512,0.921157538891,1.00950276852
0.179844900966,0.969575285912,1.0,0.0671461001039,0.918032944202,1.00848579407
0.196591302752,0.9646525383,1.0,0.0809027776122,0.914303660393,1.00736474991
0.204836338758,0.961979448795,1.0,0.0931756645441,0.91047078371,1.0066947937
0.221065938473,0.956210136414,1.0,0.104745753109,0.906480848789,1.00648677349
0.244719877839,0.946512937546,1.0,0.130189836025,0.896659195423,1.00727200508
0.252416372299,0.943004608154,1.0,0.141424313188,0.89161336422,1.00801742077
0.267534166574,0.935571551323,1.0,0.152593508363,0.88646119833,1.00856614113
0.274944543839,0.931652545929,1.0,0.162791728973,0.881218671799,1.00846624374
0.289481252432,0.923404097557,1.0,0.171320915222,0.876560270786,1.0082218647
0.2965965271,0.919081926346,1.0,0.180819779634,0.871044397354,1.00733959675
0.310522943735,0.910040318966,1.0,0.19132104516,0.864828705788,1.00666356087
0.317335128784,0.905321121216,1.0,0.201100215316,0.858922481537,1.00608587265
0.330634713173,0.895503342152,1.0,0.209101721644,0.853415310383,1.00587892532
0.337128192186,0.890400826931,1.0,0.214451402426,0.849655508995,1.00592267513
0.355931282043,0.874363183975,1.0,0.23236733675,0.836336553097,1.00644671917
0.367899417877,0.863069057465,1.0,0.241662457585,0.828487753868,1.00672137737
0.373707830906,0.857246875763,1.0,0.246912181377,0.824158132076,1.00640130043
0.384965896606,0.845260620117,1.0,0.255720049143,0.815457701683,1.00907158852
0.390410929918,0.839101552963,1.0,0.262949854136,0.808153867722,1.0092779398
0.400926142931,0.82645958662,1.0,0.271650671959,0.798868298531,1.00967025757
0.405991643667,0.819982111454,1.0,0.276582688093,0.79326492548,1.0094076395
0.415950506926,0.806411147118,1.0,0.283032566309,0.785410702229,1.00879478455
0.429525285959,0.78579646349,1.0,0.294392704964,0.769983291626,1.00762724876
0.433587938547,0.779057264328,1.0,0.300613999367,0.760835111141,1.00692737103
0.441849291325,0.764364361763,1.0,0.307112455368,0.750976622105,1.00642752647
0.45286360383,0.742195367813,1.0,0.319128543139,0.729861915112,1.00625538826
0.456088662148,0.734990954399,1.0,0.324583947659,0.719399094582,1.0067179203
0.462522119284,0.719350814819,1.0,0.329668223858,0.709322214127,1.00720643997
0.470769673586,0.695917725563,1.0,0.340066224337,0.68704867363,1.00691759586
0.473091900349,0.688345491886,1.0,0.344481915236,0.676570355892,1.00589096546
0.477561950684,0.671962916851,1.0,0.348370611668,0.666573643684,1.00444412231
0.482852011919,0.647569417953,1.0,0.356786876917,0.643950521946,1.00191187859
0.484213322401,0.639728546143,1.0,0.360467791557,0.63337212801,1.00130903721
0.487460583448,0.614871263504,1.0,0.366222202778,0.613412380219,1.00111305714
0.488742500544,0.598147809505,1.0,0.369721472263,0.598323106766,1.00060892105
0.489114642143,0.589750289917,1.0,0.371264100075,0.590708017349,1.00029933453
0.48931184411,0.572505056858,1.0,0.371824353933,0.582440435886,1.00388085842
0.489142596722,0.564441978931,1.0,0.372636795044,0.57596540451,1.00421750546
0.488215386868,0.547124683857,1.0,0.373801022768,0.562181711197,1.00560629368
0.485449999571,0.521675169468,1.0,0.374389231205,0.538769602776,1.0064445734
0.484216183424,0.513570666313,1.0,0.374169319868,0.527999043465,1.00636827946
0.481076717377,0.49661308527,1.0,0.373327493668,0.51552426815,1.00614273548
0.474847406149,0.470867544413,1.0,0.371042817831,0.498004168272,1.00567877293
0.472532629967,0.462819904089,1.0,0.369301348925,0.487401843071,1.00592315197
0.464139312506,0.437651962042,1.0,0.365765541792,0.467745870352,1.00632464886
0.457445174456,0.420615583658,1.0,0.361286073923,0.455925136805,1.00761818886
0.454052358866,0.412703812122,1.0,0.357687741518,0.445495277643,1.00824677944
0.446391135454,0.396213322878,1.0,0.352935671806,0.432940065861,1.00869727135
0.442282050848,0.388016879559,1.0,0.349548369646,0.425814092159,1.00872075558
0.433510363102,0.371726989746,1.0,0.343228846788,0.411144554615,1.00980603695
0.428850769997,0.363637894392,1.0,0.339739441872,0.405407875776,1.00892293453
0.418755322695,0.34721070528,1.0,0.333340406418,0.39395031333,1.00852572918
0.413790136576,0.339605867863,1.0,0.329573810101,0.387562096119,1.00854361057
0.402601361275,0.323426961899,1.0,0.321501404047,0.373809069395,1.00764417648
0.397134453058,0.315944105387,1.0,0.315065175295,0.363164812326,1.00718688965
0.38489446044,0.300044536591,1.0,0.306540489197,0.34965851903,1.00683033466
0.378935843706,0.292682468891,1.0,0.302169501781,0.342085003853,1.00653874874
0.359249055386,0.269834309816,1.0,0.289625883102,0.320024967194,1.00675582886
0.345009565353,0.254501402378,1.0,0.278377652168,0.306045800447,1.00723862648
0.315669953823,0.22539550066,1.0,0.251067608595,0.270472377539,1.00634276867
0.299616843462,0.210626423359,1.0,0.240959629416,0.257808327675,1.00613200665
0.291933238506,0.203801289201,1.0,0.23221001029,0.24676707387,1.00596797466
0.275060892105,0.189305067062,1.0,0.222203224897,0.234003216028,1.005890131
0.24938338995,0.168368607759,1.0,0.204132646322,0.21162161231,1.00627207756
0.240997627378,0.161786586046,1.0,0.193790435791,0.199349179864,1.00707292557
0.223100811243,0.148104786873,1.0,0.18173263967,0.185842216015,1.00760257244
0.213998928666,0.141320392489,1.0,0.173815086484,0.17740264535,1.00801312923
0.186124056578,0.121173903346,1.0,0.153510838747,0.156662374735,1.00832104683
0.16666983068,0.107598111033,1.0,0.140951097012,0.144618019462,1.00792467594
0.157486572862,0.101307876408,1.0,0.133608445525,0.13824917376,1.00796794891
0.138034135103,0.0882011801004,1.0,0.118261352181,0.126169905066,1.00842833519
0.128210783005,0.0816822052002,1.0,0.11017151922,0.120366238058,1.00877916813
0.108400717378,0.0687092319131,1.0,0.0940448865294,0.104646280408,1.00774252415
0.0783369466662,0.0493770353496,1.0,0.0686503127217,0.0834124162793,1.00898504257
0.0682254433632,0.0429489687085,1.0,0.0576740093529,0.074738137424,1.00997412205
0.0479349382222,0.0301301646978,1.0,0.0393217541277,0.060017041862,1.01013576984
0.037791211158,0.0237515363842,1.0,0.0293093975633,0.0525862388313,1.01185560226
0.0174428708851,0.0109905656427,1.0,0.00806114263833,0.0358513481915,1.01261162758
0.00724978325889,0.00460558431223,1.0,-0.00268556713127,0.0275417845696,1.01296949387
-0.01313269604,-0.00817111320794,1.0,-0.0137395160273,0.019524205476,1.01238572598
-0.023310624063,-0.0145658981055,1.0,-0.0226334314793,0.012804328464,1.01246190071
-0.0436301603913,-0.0273855309933,1.0,-0.0379799567163,0.00126659439411,1.01051974297
-0.0739064663649,-0.0466892272234,1.0,-0.0660722479224,-0.0202823840082,1.00801062584
-0.0839286968112,-0.0531518310308,1.0,-0.0729073286057,-0.0255965609103,1.00786972046
-0.103843674064,-0.0661300048232,1.0,-0.0902492851019,-0.0389745347202,1.00653851032
-0.11372961849,-0.0726499184966,1.0,-0.101382315159,-0.0477309413254,1.00950574875
-0.1333463341,-0.0857651904225,1.0,-0.121996946633,-0.0643769130111,1.00995588303
-0.143034905195,-0.0923404991627,1.0,-0.12674318254,-0.0679850056767,1.0110424757
-0.162256896496,-0.105604350567,1.0,-0.141953065991,-0.0800084322691,1.01177680492
-0.171734064817,-0.112262159586,1.0,-0.150238275528,-0.0862133949995,1.01166689396
-0.190496265888,-0.125702485442,1.0,-0.165299192071,-0.0980386734009,1.0117123127
-0.199728325009,-0.132454812527,1.0,-0.171390518546,-0.102727636695,1.0113812685
-0.217936813831,-0.146073132753,1.0,-0.186562120914,-0.114559583366,1.01072883606
-0.226905569434,-0.152941137552,1.0,-0.196077942848,-0.122277498245,1.0103867054
-0.25320494175,-0.173775225878,1.0,-0.216266795993,-0.13922932744,1.01097691059
-0.278500169516,-0.194952070713,1.0,-0.243375077844,-0.162558361888,1.01349687576
-0.29466226697,-0.209177494049,1.0,-0.256935685873,-0.174896031618,1.01450026035
-0.302657485008,-0.216443017125,1.0,-0.265860587358,-0.182979941368,1.0151720047
-0.318060606718,-0.23091673851,1.0,-0.279639571905,-0.195687264204,1.01601684093
-0.325655400753,-0.238306239247,1.0,-0.287298679352,-0.202995195985,1.01615571976
-0.340234905481,-0.253017306328,1.0,-0.299522399902,-0.214749768376,1.01615226269
-0.361124545336,-0.275487542152,1.0,-0.319951981306,-0.235866293311,1.01488602161
-0.374308884144,-0.290674477816,1.0,-0.33469492197,-0.2526499331,1.01490092278
-0.380662232637,-0.298317432404,1.0,-0.339141279459,-0.258163630962,1.01506066322
-0.39291203022,-0.313736736774,1.0,-0.354470044374,-0.277608424425,1.01644217968
-0.39879155159,-0.321495503187,1.0,-0.358255416155,-0.282767266035,1.0168364048
-0.410070627928,-0.337133258581,1.0,-0.370771408081,-0.300291389227,1.01795470715
-0.425741910934,-0.360847830772,1.0,-0.386971771717,-0.324124544859,1.01888203621
-0.439888715744,-0.384860634804,1.0,-0.405964881182,-0.351603716612,1.02014148235
-0.444257050753,-0.39292216301,1.0,-0.405614882708,-0.353174448013,1.01796782017
-0.452468067408,-0.409127026796,1.0,-0.415547013283,-0.372143447399,1.01554703712
-0.456308156252,-0.417267262936,1.0,-0.418218612671,-0.377655297518,1.01501476765
-0.463453471661,-0.4336181283,1.0,-0.427169471979,-0.396276146173,1.01420462132
-0.466756224632,-0.441824167967,1.0,-0.429412335157,-0.401607006788,1.01411640644
-0.47281730175,-0.458287864923,1.0,-0.43773958087,-0.421961635351,1.01470983028
-0.475575298071,-0.466545343399,1.0,-0.43978407979,-0.427744418383,1.01487791538
-0.48054215312,-0.48310136795,1.0,-0.446344912052,-0.44633474946,1.01504945755
-0.482749342918,-0.49139469862,1.0,-0.447671353817,-0.451397448778,1.01535022259
-0.486609429121,-0.508004128933,1.0,-0.451646059752,-0.465378403664,1.01522481441
-0.488261461258,-0.516316354275,1.0,-0.454021573067,-0.473907679319,1.01472330093
-0.491008520126,-0.532948970795,1.0,-0.457723289728,-0.488700926304,1.01417505741
-0.492103129625,-0.541266858578,1.0,-0.459884285927,-0.4979993999,1.01295244694
-0.493731677532,-0.55787563324,1.0,-0.463859945536,-0.518055856228,1.0106716156
-0.494266569614,-0.566170454025,1.0,-0.465759962797,-0.52773219347,1.00980961323
-0.494753599167,-0.590984284878,1.0,-0.469417154789,-0.55362200737,1.00745725632
-0.494148820639,-0.607442677021,1.0,-0.470204859972,-0.569696426392,1.00725436211
-0.493568062782,-0.61564463377,1.0,-0.47047328949,-0.575697004795,1.00756764412
-0.491853564978,-0.631961464882,1.0,-0.471543252468,-0.596244215965,1.00849318504
-0.490720391273,-0.640077888966,1.0,-0.471740931273,-0.60204833746,1.00885283947
-0.487904906273,-0.656214177608,1.0,-0.472250968218,-0.622290611267,1.00942766666
-0.486224293709,-0.664227604866,1.0,-0.472287654877,-0.62784075737,1.00950706005
-0.480099976063,-0.688021838665,1.0,-0.47217348218,-0.657447695732,1.00957643986
-0.475125253201,-0.703651249409,1.0,-0.470880746841,-0.673789918423,1.00897848606
-0.472372621298,-0.711390674114,1.0,-0.470243692398,-0.678095877171,1.00899016857
-0.466342777014,-0.726704835892,1.0,-0.468044996262,-0.69449788332,1.00904762745
-0.463068604469,-0.734272897243,1.0,-0.467084974051,-0.698763132095,1.00907218456
-0.452223747969,-0.7565934062,1.0,-0.46218469739,-0.718178093433,1.00905644894
-0.444155365229,-0.771129965782,1.0,-0.455842405558,-0.736444711685,1.01109647751
-0.430826753378,-0.79236716032,1.0,-0.447146892548,-0.756493091583,1.01201820374
-0.426063358784,-0.799285113811,1.0,-0.44498744607,-0.760726332664,1.01207458973
-0.416068851948,-0.812861323357,1.0,-0.438358306885,-0.772485435009,1.01250958443
-0.410840541124,-0.819516062737,1.0,-0.434584885836,-0.778533279896,1.01302754879
-0.399930298328,-0.832548141479,1.0,-0.424554914236,-0.795641839504,1.01137685776
-0.394252240658,-0.838920772076,1.0,-0.421402364969,-0.800177633762,1.01045882702
-0.382464081049,-0.851363956928,1.0,-0.410577386618,-0.815456748009,1.00949919224
-0.37635704875,-0.857431173325,1.0,-0.406996637583,-0.820052087307,1.00928544998
-0.35721039772,-0.874989330769,1.0,-0.393128603697,-0.836508989334,1.009532094
-0.343779206276,-0.886138081551,1.0,-0.378504991531,-0.851217031479,1.01059377193
-0.336871564388,-0.891538441181,1.0,-0.373891443014,-0.855474114418,1.01104307175
-0.322685420513,-0.901980340481,1.0,-0.358774423599,-0.869057238102,1.01206958294
-0.315409004688,-0.90702009201,1.0,-0.354120522738,-0.872997701168,1.01244211197
-0.30050444603,-0.916725933552,1.0,-0.338636994362,-0.88590502739,1.01334071159
-0.277304917574,-0.930324614048,1.0,-0.318944334984,-0.901071965694,1.01355314255
-0.269351124763,-0.93459802866,1.0,-0.311360836029,-0.906523287296,1.01363563538
-0.253138065338,-0.94274020195,1.0,-0.301637679338,-0.913245141506,1.01296067238
-0.244882360101,-0.946606814861,1.0,-0.294540882111,-0.917985320091,1.01280093193
-0.219554543495,-0.957370579243,1.0,-0.270967036486,-0.931949317455,1.01362836361
-0.202236190438,-0.963834524155,1.0,-0.257345736027,-0.938941061497,1.01420235634
-0.193455964327,-0.966849565506,1.0,-0.249613910913,-0.942552983761,1.01506984234
-0.175688102841,-0.972435116768,1.0,-0.235533028841,-0.948923826218,1.01604127884
-0.166674986482,-0.975013375282,1.0,-0.228105351329,-0.952157318592,1.01649010181
-0.148443832994,-0.979723930359,1.0,-0.213127151132,-0.958385825157,1.01725041866
-0.139227971435,-0.981855690479,1.0,-0.203801855445,-0.962530732155,1.01782476902
-0.120611846447,-0.985668301582,1.0,-0.185004532337,-0.969766199589,1.01722717285
-0.111219264567,-0.987347781658,1.0,-0.175629675388,-0.973351180553,1.01701498032
-0.0827339738607,-0.991474330425,1.0,-0.151947006583,-0.979510247707,1.01645541191
-0.0635096058249,-0.993463039398,1.0,-0.133937716484,-0.983482956886,1.01572608948
-0.053839430213,-0.994227588177,1.0,-0.128322601318,-0.984184980392,1.01596903801
-0.0343952327967,-0.995296657085,1.0,-0.10768263042,-0.986935675144,1.01644384861
-0.0246295463294,-0.995601058006,1.0,-0.0973701775074,-0.988085567951,1.01670885086
-0.00502550136298,-0.995750188828,1.0,-0.0789471790195,-0.989145815372,1.0170994997
0.024515543133,-0.994827151299,1.0,-0.0582856163383,-0.989592075348,1.01690638065
0.0343883410096,-0.994214475155,1.0,-0.0507820434868,-0.989605426788,1.01619052887
0.0541297569871,-0.992535829544,1.0,-0.0299881212413,-0.989093840122,1.01484704018
0.064012221992,-0.991468906403,1.0,-0.023779226467,-0.98867058754,1.01454973221
0.0837216377258,-0.988889634609,1.0,-0.00475684879348,-0.986931025982,1.01377689838
0.1131965518,-0.983905673027,1.0,0.0203612167388,-0.983356714249,1.01329851151
0.122984617949,-0.981949329376,1.0,0.0262995697558,-0.982083261013,1.01321172714
0.142453238368,-0.977605581284,1.0,0.0444235987961,-0.978236556053,1.01290953159
0.152142971754,-0.975216388702,1.0,0.0530443787575,-0.976182937622,1.0131124258
0.171382009983,-0.970016658306,1.0,0.0719865784049,-0.971045732498,1.01286768913
0.180941954255,-0.967203259468,1.0,0.0781663060188,-0.969223439693,1.01278448105
0.199882045388,-0.961167275906,1.0,0.0969142690301,-0.963617086411,1.01229834557
0.209276005626,-0.957940101624,1.0,0.103163175285,-0.961575627327,1.01209080219
0.237021371722,-0.947466254234,1.0,0.126976236701,-0.953201591969,1.01212251186
0.255145788193,-0.939825952053,1.0,0.141313642263,-0.947349011898,1.01231002808
0.264146596193,-0.935783803463,1.0,0.148748978972,-0.944063305855,1.01216411591
0.281693458557,-0.927405118942,1.0,0.17163130641,-0.933948159218,1.01219189167
0.30736541748,-0.913871407509,1.0,0.198991060257,-0.920525431633,1.01208794117
0.315768331289,-0.909084558487,1.0,0.209376364946,-0.915192425251,1.01230335236
0.332047909498,-0.899263381958,1.0,0.223884820938,-0.907875359058,1.01183915138
0.355624288321,-0.883625149727,1.0,0.243862763047,-0.897443890572,1.01087677479
0.370674341917,-0.872646391392,1.0,0.25667360425,-0.890494525433,1.01059007645
0.377981841564,-0.86699950695,1.0,0.267835140228,-0.884221792221,1.01034843922
0.399013787508,-0.849426865578,1.0,0.289975374937,-0.871342480183,1.00991618633
0.41223821044,-0.837214052677,1.0,0.301920741796,-0.863825142384,1.00947022438
0.418606936932,-0.830956459045,1.0,0.308651566505,-0.859435796738,1.0091047287
0.430819869041,-0.818165481091,1.0,0.32172614336,-0.850237846375,1.00740659237
0.436661571264,-0.811630666256,1.0,0.327881664038,-0.845448434353,1.00692880154
0.45307508111,-0.791501879692,1.0,0.348942786455,-0.829675734043,1.00305187702
0.463063329458,-0.77765661478,1.0,0.358348578215,-0.821320235729,1.00213885307
0.467761129141,-0.770612180233,1.0,0.365518450737,-0.813811957836,1.00185132027
0.476549834013,-0.756287574768,1.0,0.373710483313,-0.804758429527,1.00171017647
0.480634152889,-0.749012589455,1.0,0.377843648195,-0.798798859119,1.00240981579
0.49786016345,-0.711572706699,1.0,0.391224116087,-0.773167669773,1.0037984848
0.500647068024,-0.70389354229,1.0,0.394991576672,-0.76300483942,1.00311815739
0.505552887917,-0.688343584538,1.0,0.398057341576,-0.752732992172,1.00247824192
0.507666409016,-0.680482923985,1.0,0.399782121181,-0.746105015278,1.00232994556
0.511208713055,-0.664596140385,1.0,0.402219980955,-0.733919143677,1.00165474415
0.512633979321,-0.656580448151,1.0,0.40360096097,-0.724512994289,1.0013999939
0.514790773392,-0.640401303768,1.0,0.404670357704,-0.712635278702,1.00162243843
0.515520811081,-0.632240712643,1.0,0.405189007521,-0.705550730228,1.00137662888
0.516281068325,-0.615800917149,1.0,0.405425727367,-0.690929949284,1.00059068203
0.516311228275,-0.607524752617,1.0,0.404966682196,-0.681226849556,1.00278544426
0.515672564507,-0.590873003006,1.0,0.403982937336,-0.667998194695,1.00383603573
0.515004098415,-0.582493960857,1.0,0.403092473745,-0.656940758228,1.00397646427
0.512917339802,-0.565281093121,1.0,0.401480257511,-0.642842292786,1.00368952751
0.511614859104,-0.55721616745,1.0,0.399699181318,-0.63040715456,1.00291860104
0.508212208748,-0.540254116058,1.0,0.396170049906,-0.609356343746,1.00234210491
0.506172180176,-0.531746327877,1.0,0.394970983267,-0.60318505764,1.00150156021
0.498723626137,-0.506157517433,1.0,0.389379173517,-0.579105436802,1.00102114677
0.492525994778,-0.488675475121,1.0,0.38567841053,-0.565428674221,1.00128233433
0.489330947399,-0.480514615774,1.0,0.38172441721,-0.552071869373,1.00164580345
0.481849461794,-0.46303024888,1.0,0.377011924982,-0.537546396255,1.00225687027
0.469579309225,-0.437850177288,1.0,0.367223262787,-0.50880497694,1.00341320038
0.455434650183,-0.412413924932,1.0,0.358087003231,-0.484940201044,1.0035687685
0.450363725424,-0.403979182243,1.0,0.353764057159,-0.474595010281,1.00257074833
0.439469784498,-0.386816084385,1.0,0.348013818264,-0.461668878794,1.0007019043
0.43414953351,-0.378843218088,1.0,0.342930555344,-0.451047420502,0.999091207981
0.422289729118,-0.361881434917,1.0,0.336053103209,-0.437239170074,0.997150123119
0.416544377804,-0.354018330574,1.0,0.330628454685,-0.427057057619,0.995852947235
0.404115527868,-0.337685912848,1.0,0.320541739464,-0.409675329924,0.993724882603
0.39770925045,-0.329590409994,1.0,0.316770970821,-0.403528630733,0.994014918804
0.384545505047,-0.313556909561,1.0,0.309475958347,-0.392380177975,0.993953168392
0.363706022501,-0.289593935013,1.0,0.295425802469,-0.372388511896,0.995309174061
0.357005149126,-0.282209217548,1.0,0.286592841148,-0.36040520668,0.996224880219
0.342734694481,-0.266937434673,1.0,0.277095526457,-0.347274810076,0.997220218182
0.320529818535,-0.24426536262,1.0,0.261747360229,-0.327021300793,0.997588217258
0.313478559256,-0.237313449383,1.0,0.253627568483,-0.315979897976,0.997752666473
0.298260718584,-0.222675427794,1.0,0.24425907433,-0.303418844938,0.997971177101
0.291131168604,-0.215978398919,1.0,0.236284866929,-0.292369693518,0.99882119894
0.268661767244,-0.195484176278,1.0,0.218619167805,-0.269270628691,1.00031590462
0.24626147747,-0.175891414285,1.0,0.202305465937,-0.249033361673,1.00207185745
0.23113130033,-0.163084179163,1.0,0.193322882056,-0.23885139823,1.00353860855
0.224122986197,-0.157260403037,1.0,0.185988351703,-0.230360001326,1.00459909439
0.20926822722,-0.145131722093,1.0,0.175667718053,-0.218668475747,1.00585711002
0.202420949936,-0.139635741711,1.0,0.168167278171,-0.210435196757,1.00662004948
0.188282847404,-0.128468424082,1.0,0.157974511385,-0.199666216969,1.00727701187
0.18133237958,-0.123064756393,1.0,0.152161106467,-0.193693652749,1.00776481628
0.167696580291,-0.112622618675,1.0,0.141966074705,-0.183238208294,1.00661718845
0.161022424698,-0.107586354017,1.0,0.135174438357,-0.176210641861,1.00526642799
0.147974506021,-0.0978780016303,1.0,0.121896460652,-0.163397118449,1.00455856323
0.141636818647,-0.0932266041636,1.0,0.11778742075,-0.159341737628,1.00402760506
0.129290625453,-0.0842832475901,1.0,0.108332112432,-0.150740012527,1.00341582298
0.123270258307,-0.0799777209759,1.0,0.102882571518,-0.14606115222,1.00356566906
0.111682713032,-0.0717916786671,1.0,0.0951890200377,-0.139080241323,1.00366950035
0.0954140275717,-0.0605197101831,1.0,0.0836631134152,-0.129044532776,1.00475859642
0.090231962502,-0.0569830313325,1.0,0.078087978065,-0.124233938754,1.00490391254
0.0804042071104,-0.050347045064,1.0,0.0710972994566,-0.117997400463,1.00494706631
0.0757118165493,-0.0472116172314,1.0,0.0654039382935,-0.113079205155,1.00408732891
0.0667814165354,-0.0413038283587,1.0,0.0581222884357,-0.106455594301,1.00330972672
0.0625495761633,-0.0385317243636,1.0,0.0538887195289,-0.102712623775,1.00205504894
0.0545600429177,-0.0333471521735,1.0,0.0458102561533,-0.0954413935542,1.00135171413
0.0508021079004,-0.0309310294688,1.0,0.0436594933271,-0.093103736639,1.0001335144
0.0404716320336,-0.0243658032268,1.0,0.0348098613322,-0.0847991555929,0.998940885067
0.0343520194292,-0.0205318182707,1.0,0.0292801391333,-0.0801264569163,0.998727798462
0.0263350121677,-0.015575540252,1.0,0.0215299893171,-0.0734581276774,1.00019514561
0.0239548031241,-0.0141194397584,1.0,0.0182684864849,-0.0708980709314,1.00115323067
0.0196138154715,-0.0114834196866,1.0,0.0134147517383,-0.0670983716846,1.00200259686
0.0176601931453,-0.0103058023378,1.0,0.0102153476328,-0.0645514726639,1.00212442875
0.0141370631754,-0.00819683726877,1.0,0.00552206439897,-0.0608153641224,1.00241303444
0.00978218391538,-0.00561889074743,1.0,-0.000873636279721,-0.0559241697192,1.00165557861
0.00855407677591,-0.00489848572761,1.0,-0.00365128088742,-0.0540612079203,1.00062179565
0.00644077034667,-0.00366638042033,1.0,-0.00877775810659,-0.0504808500409,1.00040388107
0.00552450260147,-0.00313557032496,1.0,-0.00971493683755,-0.049458283931,1.00031721592
0.0039835376665,-0.00224798545241,1.0,-0.0128979450092,-0.0472327210009,1.00001680851
0.00333239883184,-0.00187521288171,1.0,-0.0144948055968,-0.0459242425859,1.00028204918
0.0022707588505,-0.001270816545,1.0,-0.016989743337,-0.0439265035093,1.00063705444
0.0018376238877,-0.00102556834463,1.0,-0.0181656535715,-0.0428181067109,1.00141119957
0.00115882104728,-0.000643320789095,1.0,-0.0210601240396,-0.0412394329906,1.00131523609
0.000896751997061,-0.000496519205626,1.0,-0.0215283427387,-0.0398833379149,1.00182807446
0.000504357798491,-0.000277859857306,1.0,-0.0232488345355,-0.0381656363606,1.00182855129
0.000254344951827,-0.000139441210194,1.0,-0.025216113776,-0.0358735173941,1.00140142441
0.000171197680174,-9.36694268603e-05,1.0,-0.0258367955685,-0.0352886803448,1.00107264519
6.66083287797e-05,-3.63198778359e-05,1.0,-0.0272259619087,-0.0338817201555,1.00021028519
3.74852970708e-05,-2.04390526051e-05,1.0,-0.0279636494815,-0.0331772081554,1.00013959408
9.46490445131e-07,-6.59864554109e-07,1.0,-0.031885933131,-0.0305043738335,1.00116121769
9.41455027714e-07,-6.39834524918e-07,1.0,-0.0339815542102,-0.0289571154863,1.00341629982
9.41455027714e-07,-6.39834524918e-07,1.0,-0.0356109105051,-0.0277260988951,1.00436484814
9.41455027714e-07,-6.39834524918e-07,1.0,-0.0361108146608,-0.0273469556123,1.00454699993
9.41455027714e-07,-6.39834524918e-07,1.0,-0.0373939797282,-0.0265249479562,1.0050162077
9.41455027714e-07,-6.39834524918e-07,1.0,-0.0380665995181,-0.0259833279997,1.00548124313
9.41455027714e-07,-6.39834524918e-07,1.0,-0.0399679169059,-0.0243862103671,1.00504565239
9.41455027714e-07,-6.39834524918e-07,1.0,-0.0412523187697,-0.0236676298082,1.00353312492
9.41455027714e-07,-6.39834524918e-07,1.0,-0.0415306575596,-0.0234843045473,1.00343573093
9.41455027714e-07,-6.39834524918e-07,1.0,-0.0425052568316,-0.0229781065136,1.0035264492
9.41455027714e-07,-6.39834524918e-07,1.0,-0.0434988848865,-0.0225711781532,1.00344395638
9.41455027714e-07,-6.39834524918e-07,1.0,-0.0438721366227,-0.022582989186,1.00316560268
9.41455027714e-07,-6.39834524918e-07,1.0,-0.0445295795798,-0.020756226033,1.00485658646
9.41455027714e-07,-6.39834524918e-07,1.0,-0.0447966270149,-0.0204236768186,1.00483608246
9.41455027714e-07,-6.39834524918e-07,1.0,-0.0453226529062,-0.0192811489105,1.00400412083
9.41455027714e-07,-6.39834524918e-07,1.0,-0.0460618697107,-0.018056564033,1.00294041634
9.41455027714e-07,-6.39834524918e-07,1.0,-0.0463586114347,-0.01754597947,1.00292170048
9.41455027714e-07,-6.39834524918e-07,1.0,-0.0465145483613,-0.0166395064443,1.00141847134
9.41455027714e-07,-6.39834524918e-07,1.0,-0.0464802868664,-0.016496187076,1.00101780891
9.41455027714e-07,-6.39834524918e-07,1.0,-0.0465651080012,-0.0161321964115,1.00000977516
9.41455027714e-07,-6.39834524918e-07,1.0,-0.046546690166,-0.0150986462831,1.00164330006
9.41455027714e-07,-6.39834524918e-07,1.0,-0.0468039289117,-0.0150062749162,1.00210297108
9.41455027714e-07,-6.39834524918e-07,1.0,-0.0470631495118,-0.0141631206498,1.00305473804
9.41455027714e-07,-6.39834524918e-07,1.0,-0.0472097992897,-0.0137919243425,1.00320327282
9.41455027714e-07,-6.39834524918e-07,1.0,-0.047723878175,-0.0127700557932,1.00290036201
9.41455027714e-07,-6.39834524918e-07,1.0,-0.0479913689196,-0.0122297201306,1.00300312042
9.41455027714e-07,-6.39834524918e-07,1.0,-0.048436626792,-0.0113605028018,1.00171923637
9.41455027714e-07,-6.39834524918e-07,1.0,-0.0485366359353,-0.0111695639789,1.00142192841
9.41455027714e-07,-6.39834524918e-07,1.0,-0.0491669364274,-0.00995338428766,1.00201046467
9.41455027714e-07,-6.39834524918e-07,1.0,-0.0492843277752,-0.0101263262331,1.00096464157
9.41455027714e-07,-6.39834524918e-07,1.0,-0.0494116209447,-0.0103969080374,1.00104820728
9.41455027714e-07,-6.39834524918e-07,1.0,-0.0498663447797,-0.010453411378,1.00190579891
9.41455027714e-07,-6.39834524918e-07,1.0,-0.0500292144716,-0.0104946214706,1.00228595734
9.41455027714e-07,-6.39834524918e-07,1.0,-0.0503817610443,-0.0101718539372,1.00330412388
9.41455027714e-07,-6.39834524918e-07,1.0,-0.0506169572473,-0.00998075120151,1.00338292122
9.41455027714e-07,-6.39834524918e-07,1.0,-0.0514853931963,-0.00932853575796,1.00356423855
9.41455027714e-07,-6.39834524918e-07,1.0,-0.0525249540806,-0.00914200674742,1.00107359886
9.41455027714e-07,-6.39834524918e-07,1.0,-0.0531307682395,-0.00878025591373,0.999770760536
9.41455027714e-07,-6.39834524918e-07,1.0,-0.0536032393575,-0.0085512874648,0.999191761017
9.41455027714e-07,-6.39834524918e-07,1.0,-0.0538299903274,-0.00883147865534,0.998719334602
9.41455027714e-07,-6.39834524918e-07,1.0,-0.0539053827524,-0.00856706127524,0.999103963375
9.41455027714e-07,-6.39834524918e-07,1.0,-0.0538491159678,-0.00839266739786,0.99887919426
9.41455027714e-07,-6.39834524918e-07,1.0,-0.0548461899161,-0.00797137245536,1.00124442577
9.41455027714e-07,-6.39834524918e-07,1.0,-0.0557096898556,-0.00708721857518,1.00181174278
9.41455027714e-07,-6.39834524918e-07,1.0,-0.0560837723315,-0.00634901598096,1.00266027451
9.41455027714e-07,-6.39834524918e-07,1.0,-0.0563533045352,-0.00625703250989,1.00136864185
9.41455027714e-07,-6.39834524918e-07,1.0,-0.0569096803665,-0.00608095014468,1.00004839897
9.41455027714e-07,-6.39834524918e-07,1.0,-0.0573693849146,-0.00591080728918,0.999718785286
9.41455027714e-07,-6.39834524918e-07,1.0,-0.0570088885725,-0.00599438836798,0.999874055386
9.41455027714e-07,-6.39834524918e-07,1.0,-0.0570088885725,-0.00599438836798,0.999874055386
9.41455027714e-07,-6.39834524918e-07,1.0,-0.0571206212044,-0.00595846865326,1.0000654459
9.41455027714e-07,-6.39834524918e-07,1.0,-0.0571206212044,-0.00595846865326,1.0000654459
9.41455027714e-07,-6.39834524918e-07,1.0,-0.0567727871239,-0.00607233121991,0.999787986279
9.41455027714e-07,-6.39834524918e-07,1.0,-0.0569182559848,-0.00577617809176,1.00074779987
9.41455027714e-07,-6.39834524918e-07,1.0,-0.0570080168545,-0.00534044485539,1.00090324879
9.41455027714e-07,-6.39834524918e-07,1.0,-0.0570485591888,-0.00521164573729,1.00079548359
9.41455027714e-07,-6.39834524918e-07,1.0,-0.0571235343814,-0.00475186668336,0.999707102776
9.41455027714e-07,-6.39834524918e-07,1.0,-0.0573394112289,-0.00466253375635,0.999037921429
9.41455027714e-07,-6.39834524918e-07,1.0,-0.0575757399201,-0.00468185776845,0.998766720295
9.41455027714e-07,-6.39834524918e-07,1.0,-0.057398237288,-0.00494426721707,0.997854650021
9.41455027714e-07,-6.39834524918e-07,1.0,-0.0574007034302,-0.00502848206088,0.99775069952
9.41455027714e-07,-6.39834524918e-07,1.0,-0.0573733262718,-0.00538004888222,0.998227000237
9.41455027714e-07,-6.39834524918e-07,1.0,-0.0573911704123,-0.00550730898976,0.998528599739
9.41455027714e-07,-6.39834524918e-07,1.0,-0.0574160255492,-0.00578238768503,0.998962581158
9.41455027714e-07,-6.39834524918e-07,1.0,-0.0573553703725,-0.00575315020978,1.00047326088
9.41455027714e-07,-6.39834524918e-07,1.0,-0.0573683716357,-0.0056899455376,1.00060033798
9.41455027714e-07,-6.39834524918e-07,1.0,-0.0574870742857,-0.00563641218469,1.00038480759
9.41455027714e-07,-6.39834524918e-07,1.0,-0.0575372166932,-0.0056028929539,1.00020253658
9.41455027714e-07,-6.39834524918e-07,1.0,-0.0582613013685,-0.00554719101638,0.999944150448
9.41455027714e-07,-6.39834524918e-07,1.0,-0.0578195266426,-0.00609586806968,0.998650670052
9.41455027714e-07,-6.39834524918e-07,1.0,-0.057953864336,-0.00652135862038,0.998838424683
9.41455027714e-07,-6.39834524918e-07,1.0,-0.0577843338251,-0.0069442326203,1.00035369396
9.41455027714e-07,-6.39834524918e-07,1.0,-0.0576506368816,-0.00747162289917,1.00060153008
9.41455027714e-07,-6.39834524918e-07,1.0,-0.0577313601971,-0.00698510510847,1.00173532963
9.41455027714e-07,-6.39834524918e-07,1.0,-0.0577967278659,-0.00683909468353,1.00182807446
9.41455027714e-07,-6.39834524918e-07,1.0,-0.0581660978496,-0.00631126202643,1.00157260895
9.41455027714e-07,-6.39834524918e-07,1.0,-0.0583844594657,-0.00594943622127,1.00063884258
9.41455027714e-07,-6.39834524918e-07,1.0,-0.0585056208074,-0.00567792914808,1.00064766407
9.41455027714e-07,-6.39834524918e-07,1.0,-0.0587273910642,-0.00562497368082,0.999266386032
9.41455027714e-07,-6.39834524918e-07,1.0,-0.0587244071066,-0.00560960918665,0.998514771461
9.41455027714e-07,-6.39834524918e-07,1.0,-0.0588260889053,-0.00548884924501,0.998009324074
9.41455027714e-07,-6.39834524918e-07,1.0,-0.0588309466839,-0.00542405201122,0.998032391071
9.41455027714e-07,-6.39834524918e-07,1.0,-0.0588273219764,-0.00529574556276,0.99856698513
9.41455027714e-07,-6.39834524918e-07,1.0,-0.0588077157736,-0.00493585970253,0.999167263508
9.41455027714e-07,-6.39834524918e-07,1.0,-0.0588272586465,-0.00456682313234,0.999451339245
9.41455027714e-07,-6.39834524918e-07,1.0,-0.0588769689202,-0.00396553147584,0.99977773428
9.41455027714e-07,-6.39834524918e-07,1.0,-0.0589409135282,-0.00365416728891,1.00001549721
9.41455027714e-07,-6.39834524918e-07,1.0,-0.0593222714961,-0.00323354359716,0.998844981194
9.41455027714e-07,-6.39834524918e-07,1.0,-0.059465393424,-0.002888093004,0.998234331608
9.41455027714e-07,-6.39834524918e-07,1.0,-0.0595875531435,-0.00252619129606,0.997493743896
9.41455027714e-07,-6.39834524918e-07,1.0,-0.0597611404955,-0.00236816215329,0.997413933277
9.41455027714e-07,-6.39834524918e-07,1.0,-0.0596672780812,-0.0024668504484,0.996413767338
9.41455027714e-07,-6.39834524918e-07,1.0,-0.0597344972193,-0.00245093228295,0.996255457401
9.41455027714e-07,-6.39834524918e-07,1.0,-0.0597014799714,-0.00250167772174,0.996395945549
9.41455027714e-07,-6.39834524918e-07,1.0,-0.0596540980041,-0.00267955497839,0.997050464153
9.41455027714e-07,-6.39834524918e-07,1.0,-0.0594318620861,-0.002763541881,0.996857047081
9.41455027714e-07,-6.39834524918e-07,1.0,-0.0606542229652,-0.00263983616605,0.998390972614
9.41455027714e-07,-6.39834524918e-07,1.0,-0.060991037637,-0.00268963770941,0.998097121716
9.41455027714e-07,-6.39834524918e-07,1.0,-0.0613873526454,-0.00289380317554,0.997565984726
9.41455027714e-07,-6.39834524918e-07,1.0,-0.0617014430463,-0.00283728213981,0.997627437115
9.41455027714e-07,-6.39834524918e-07,1.0,-0.0621805079281,-0.00426553795114,0.996192514896
9.41455027714e-07,-6.39834524918e-07,1.0,-0.0624433532357,-0.00482548912987,0.996168017387
9.41455027714e-07,-6.39834524918e-07,1.0,-0.0626178085804,-0.00484534306452,0.995741665363
9.41455027714e-07,-6.39834524918e-07,1.0,-0.0630806311965,-0.00551101705059,0.99658447504
9.41455027714e-07,-6.39834524918e-07,1.0,-0.0638902336359,-0.00679848529398,0.998434484005
9.41455027714e-07,-6.39834524918e-07,1.0,-0.0641708076,-0.00735197588801,0.998756587505
9.41455027714e-07,-6.39834524918e-07,1.0,-0.0645581632853,-0.00789640750736,0.999066114426
9.41455027714e-07,-6.39834524918e-07,0.999999940395,-0.0656221285462,-0.00958160962909,0.998711884022
9.41455027714e-07,-6.39834524918e-07,0.999952673912,-0.066162712872,-0.0132014481351,0.998773634434
9.41455027714e-07,-6.39834524918e-07,0.999873876572,-0.0659869015217,-0.0141733065248,0.999462306499
9.41455027714e-07,-6.39834524918e-07,0.999629855156,-0.0656650438905,-0.0158300064504,1.00034081936
9.41455027714e-07,-6.39834524918e-07,0.999498486519,-0.065618224442,-0.0157444477081,1.00051057339
9.41455027714e-07,-6.39834524918e-07,0.999128758907,-0.0655548423529,-0.0156256426126,1.00012147427
9.41455027714e-07,-6.39834524918e-07,0.998901844025,-0.0654692724347,-0.0156268011779,1.0001591444
9.41455027714e-07,-6.39834524918e-07,0.998276293278,-0.0653866231441,-0.0156026920304,0.998654425144
9.41455027714e-07,-6.39834524918e-07,0.997910857201,-0.065186612308,-0.0155732389539,0.997663736343
9.41455027714e-07,-6.39834524918e-07,0.996946513653,-0.0648248568177,-0.0154498284683,0.996377408504
9.41455027714e-07,-6.39834524918e-07,0.996402561665,-0.0643812865019,-0.0153250638396,0.995051026344
9.41455027714e-07,-6.39834524918e-07,0.994250357151,-0.0636965483427,-0.0149383936077,0.992901563644
9.41455027714e-07,-6.39834524918e-07,0.992392122746,-0.0633841007948,-0.0143128046766,0.992278695107
9.41455027714e-07,-6.39834524918e-07,0.991325557232,-0.0627745464444,-0.013617137447,0.992752015591
9.41455027714e-07,-6.39834524918e-07,0.988879442215,-0.0622092038393,-0.0129131237045,0.991811573505
9.41455027714e-07,-6.39834524918e-07,0.987502753735,-0.0616308934987,-0.01203586068,0.991071522236
9.41455027714e-07,-6.39834524918e-07,0.984389126301,-0.0610069148242,-0.0108489841223,0.989410281181
9.41455027714e-07,-6.39834524918e-07,0.982662856579,-0.0606543384492,-0.0100727323443,0.987297534943
9.41455027714e-07,-6.39834524918e-07,0.976691603661,-0.0601950585842,-0.00805105548352,0.982724964619
9.41455027714e-07,-6.39834524918e-07,0.972031712532,-0.0597012899816,-0.00704569695517,0.978167891502
9.41455027714e-07,-6.39834524918e-07,0.969487845898,-0.0595743656158,-0.00639468990266,0.976042985916
9.41455027714e-07,-6.39834524918e-07,0.963951945305,-0.058634262532,-0.00586224300787,0.970334231853
9.41455027714e-07,-6.39834524918e-07,0.960961937904,-0.0579730793834,-0.00553927849978,0.966408014297
9.41455027714e-07,-6.39834524918e-07,0.954499542713,-0.0570760145783,-0.00511832674965,0.960638821125
9.41455027714e-07,-6.39834524918e-07,0.951036810875,-0.05683510378,-0.00478293187916,0.95849943161
9.41455027714e-07,-6.39834524918e-07,0.943604826927,-0.0560144484043,-0.00451306533068,0.951418340206
9.41455027714e-07,-6.39834524918e-07,0.931218028069,-0.0543212480843,-0.00224370532669,0.938399195671
9.41455027714e-07,-6.39834524918e-07,0.926751255989,-0.0543309077621,-0.00153471867088,0.93458044529
9.41455027714e-07,-6.39834524918e-07,0.917304515839,-0.053912717849,-0.00077987939585,0.92607909441
9.41455027714e-07,-6.39834524918e-07,0.912318468094,-0.0537092909217,-0.0005313816946,0.920284569263
9.41455027714e-07,-6.39834524918e-07,0.90184211731,-0.0533472336829,-0.000148188279127,0.911216259003
9.41455027714e-07,-6.39834524918e-07,0.884829819202,-0.0533940903842,9.71808403847e-05,0.890362620354
9.41455027714e-07,-6.39834524918e-07,0.878813505173,-0.0527946092188,-8.65150377649e-06,0.88514727354
9.41455027714e-07,-6.39834524918e-07,0.866284132004,-0.0525892116129,-0.000790820806287,0.870016276836
9.41455027714e-07,-6.39834524918e-07,0.859748721123,-0.0520601943135,-0.000462096970296,0.866839230061
9.41455027714e-07,-6.39834524918e-07,0.846234440804,-0.0516014099121,-0.000981733435765,0.851420521736
9.41455027714e-07,-6.39834524918e-07,0.824733257294,-0.0508397743106,-0.00111716950778,0.833589673042
9.41455027714e-07,-6.39834524918e-07,0.817184507847,-0.0507807657123,-0.000728558690753,0.832769155502
9.41455027714e-07,-6.39834524918e-07,0.801843702793,-0.0504946745932,-0.000453723070677,0.819112420082
9.41455027714e-07,-6.39834524918e-07,0.793848156929,-0.0504222661257,-0.000448948092526,0.810220241547
9.41455027714e-07,-6.39834524918e-07,0.769304573536,-0.0502270795405,-0.00076027715113,0.783882319927
9.41455027714e-07,-6.39834524918e-07,0.752236664295,-0.0500076450408,-0.000927021610551,0.767447531223
9.41455027714e-07,-6.39834524918e-07,0.734251618385,-0.0496232770383,-0.00142802332994,0.749584913254
9.41455027714e-07,-6.39834524918e-07,0.725695610046,-0.0491006113589,-0.00160299381241,0.739935874939
9.41454970871e-07,-6.39834524918e-07,0.707038998604,-0.0486693941057,-0.00202679727226,0.724443495274
9.41454970871e-07,-6.39834524918e-07,0.698184967041,-0.0481530614197,-0.00213812827133,0.715015828609
9.41454970871e-07,-6.39834468075e-07,0.67935615778,-0.047531183809,-0.00241225585341,0.693130910397
9.41454970871e-07,-6.39834468075e-07,0.669811844826,-0.0470793545246,-0.0026901292149,0.681616663933
9.41454970871e-07,-6.39834468075e-07,0.640739023685,-0.046328175813,-0.00257497094572,0.657215297222
9.41454970871e-07,-6.39834468075e-07,0.630892455578,-0.0461932606995,-0.00196372601204,0.643457233906
9.41454970871e-07,-6.39834468075e-07,0.611067473888,-0.045819375664,-0.00187078653835,0.624623775482
9.41454970871e-07,-6.39834468075e-07,0.601071715355,-0.0457246676087,-0.00206452980638,0.611709594727
9.41454970871e-07,-6.39834468075e-07,0.580965578556,-0.0453956797719,-0.00200131908059,0.592115938663
9.41454970871e-07,-6.39834468075e-07,0.570798516273,-0.0450301542878,-0.00229189079255,0.579389691353
9.41454970871e-07,-6.39834468075e-07,0.550603508949,-0.0447413027287,-0.00283201551065,0.559830069542
9.41454970871e-07,-6.39834468075e-07,0.540378272533,-0.0444684922695,-0.00330989807844,0.55155736208
9.41454970871e-07,-6.39834468075e-07,0.520136833191,-0.0418742485344,-0.00491607561707,0.531023144722
