0.0,0.0,0.0,-0.010693253018,-0.061051979661,0.1525901407
0.0,0.0,0.0,-0.0106905559078,-0.0610527135432,0.152635172009
0.0,0.0,0.0,-0.0106930937618,-0.0610505193472,0.152564942837
0.0,0.0,0.0,-0.0106932362542,-0.0610481649637,0.152617156506
0.0,0.0,0.0,-0.0107006654143,-0.0610472559929,0.152567431331
0.0,0.0,0.0,-0.0107012856752,-0.0610471144319,0.152616590261
0.0,0.0,0.0,-0.0107022691518,-0.0610701218247,0.15281227231
0.0,0.0,0.0,-0.0106992293149,-0.0610734298825,0.152986079454
0.0,0.0,0.0,-0.0106956129894,-0.0610747747123,0.152778699994
0.0,0.0,0.0,-0.0106958337128,-0.0610743798316,0.152953892946
0.0,0.0,0.0,-0.0106977438554,-0.061069432646,0.152783885598
0.0,0.0,0.0,-0.010699451901,-0.0610658787191,0.152967765927
0.0,0.0,0.0,-0.0107057038695,-0.0610622577369,0.152806982398
0.0,0.0,0.0,-0.0107058258727,-0.0610609948635,0.152988269925
0.0,0.0,0.0,-0.0106999501586,-0.0610556378961,0.152813732624
0.0,0.0,0.0,-0.0106975110248,-0.0610539801419,0.152989417315
0.0,0.0,0.0,-0.0106929941103,-0.0610511414707,0.152833968401
0.0,0.0,0.0,-0.0106933061033,-0.0610528960824,0.153023630381
0.0,0.0,0.0,-0.010692791082,-0.0610526613891,0.152864456177
0.0,0.0,0.0,-0.0106911147013,-0.0610497705638,0.153037428856
0.0,0.0,0.0,-0.0106861609966,-0.0610491745174,0.152839884162
0.0,0.0,0.0,-0.0106871575117,-0.0610497184098,0.153010994196
0.0,0.0,0.0,-0.0106899728999,-0.0610508769751,0.15281945467
0.0,0.0,0.0,-0.0106924753636,-0.0610536448658,0.152993500233
0.0,0.0,0.0,-0.0106947729364,-0.0610592365265,0.152990832925
0.0,0.0,0.0,-0.0106857363135,-0.0610642470419,0.152814522386
0.0,0.0,0.0,-0.0106810582802,-0.0610639713705,0.152992799878
0.0,0.0,0.0,-0.0106803392991,-0.0610624179244,0.1528070122
0.0,0.0,0.0,-0.0106801968068,-0.0610607303679,0.152983725071
0.0,0.0,0.0,-0.010681127198,-0.0610608048737,0.152808904648
0.0,0.0,0.0,-0.0106807351112,-0.0610605925322,0.152989670634
0.0,0.0,0.0,-0.0106841288507,-0.0610573142767,0.152817457914
0.0,0.0,0.0,-0.0106851970777,-0.0610472261906,0.153007760644
0.0,0.0,0.0,-0.0106953987852,-0.0610404908657,0.152833968401
0.0,0.0,0.0,-0.0106965061277,-0.0610400512815,0.153014153242
0.0,0.0,0.0,-0.0106992125511,-0.0610454753041,0.152840390801
0.0,0.0,0.0,-0.0106965815648,-0.061047475785,0.153014868498
0.0,0.0,0.0,-0.0106921996921,-0.0610496364534,0.152825042605
0.0,0.0,0.0,-0.0106906071305,-0.0610518455505,0.152997836471
0.0,0.0,0.0,-0.0106921736151,-0.0610492043197,0.152821794152
0.0,0.0,0.0,-0.0106921317056,-0.0610496997833,0.152997508645
0.0,0.0,0.0,-0.0106877945364,-0.0610469765961,0.152799233794
0.0,0.0,0.0,-0.0106854410842,-0.061047449708,0.152975052595
0.0,0.0,0.0,-0.0106986975297,-0.0610610097647,0.152803808451
0.0,0.0,0.0,-0.0106982747093,-0.0610587187111,0.152989566326
0.0,0.0,0.0,-0.0106945401058,-0.0610627830029,0.152826979756
0.0,0.0,0.0,-0.0106927081943,-0.061060115695,0.153006523848
0.0,0.0,0.0,-0.0106980577111,-0.061051145196,0.152823507786
0.0,0.0,0.0,-0.0106988921762,-0.0610511191189,0.153003573418
0.0,0.0,0.0,-0.010707417503,-0.0610496327281,0.152823790908
0.0,0.0,0.0,-0.0107085537165,-0.0610482729971,0.152993798256
0.0,0.0,0.0,-0.0107032898813,-0.0610451623797,0.15279713273
0.0,0.0,0.0,-0.0107056321576,-0.0610418394208,0.153486043215
0.0,0.0,0.0,-0.0106990756467,-0.0610596947372,0.153894990683
0.0,0.0,0.0,-0.0106871733442,-0.0610403828323,0.153487548232
0.0,0.0,0.0,-0.0106865931302,-0.061041533947,0.154306694865
0.0,0.0,0.0,-0.0107023846358,-0.0610495433211,0.153613060713
0.0,0.0,0.0,-0.0107009829953,-0.0610422044992,0.152563348413
0.0,0.0,0.0,-0.0107017168775,-0.0610413625836,0.152667492628
0.0,0.0,0.0,-0.0107013424858,-0.0610425584018,0.152701854706
0.0,0.0,0.0,-0.0107006179169,-0.0610427260399,0.152703553438
0.0,0.0,0.0,-0.01069977507,-0.0610443502665,0.152971431613
0.0,0.0,0.0,-0.0106956670061,-0.0610448569059,0.153107270598
0.0,0.0,0.0,-0.0106940865517,-0.0610438622534,0.153425708413
0.0,0.0,0.0,-0.0106928087771,-0.0610450133681,0.153830841184
0.0,0.0,0.0,-0.0106901451945,-0.0610456839204,0.1472581774
0.0,0.0,0.0,-0.0106931021437,-0.061046551913,0.150766223669
0.0,0.0,0.0,-0.0106930090114,-0.0610469058156,0.147182792425
0.0,0.0,0.0,-0.01070328895,-0.0610467791557,0.152212172747
0.0,0.0,0.0,-0.0107071353123,-0.0610499083996,0.150890424848
0.0,0.0,0.0,-0.0107090072706,-0.0610508397222,0.147038802505
0.0,0.0,0.0,-0.0107007948682,-0.061052184552,0.149896427989
0.0,0.0,0.0,-0.0106930071488,-0.0610519461334,0.152771383524
0.0,0.0,0.0,-0.0106925684959,-0.0610532723367,0.153892889619
0.0,0.0,0.0,-0.0106902373955,-0.0610543489456,0.154253527522
0.0,0.0,0.0,-0.0106887072325,-0.0610524304211,0.154345646501
0.0,0.0,0.0,-0.0106881195679,-0.0610494315624,0.154341012239
0.0,0.0,0.0,-0.0106872301549,-0.0610464550555,0.154306709766
0.0,0.0,0.0,-0.0106863481924,-0.0610439516604,0.154269292951
0.0,0.0,0.0,-0.0106850229204,-0.0610434748232,0.154442042112
0.0,0.0,0.0,-0.0106829144061,-0.0610402151942,0.148477807641
0.0,0.0,0.0,-0.0106838075444,-0.0610401444137,0.152793750167
0.0,0.0,0.0,-0.0106834489852,-0.0610393062234,0.149843320251
0.0,0.0,0.0,-0.0106885861605,-0.061046667397,0.15260322392
0.0,0.0,0.0,-0.0106898061931,-0.0610482506454,0.149443462491
0.0,0.0,0.0,-0.0106889726594,-0.0610489286482,0.152898073196
0.0,0.0,0.0,-0.0106920842081,-0.0610532462597,0.153929904103
0.0,0.0,0.0,-0.0106955477968,-0.0610534437001,0.149263426661
0.0,0.0,0.0,-0.010701039806,-0.0610562674701,0.152745082974
0.0,0.0,0.0,-0.0107029750943,-0.0610591880977,0.153021425009
0.0,0.0,0.0,-0.0107024693862,-0.0610582642257,0.15314899385
0.0,0.0,0.0,-0.0106958802789,-0.0610592924058,0.151046618819
0.0,0.0,0.0,-0.0106944646686,-0.0610597580671,0.147262886167
0.0,0.0,0.0,-0.0106937447563,-0.0610596723855,0.151815921068
0.0,0.0,0.0,-0.0106891440228,-0.061052724719,0.153158739209
0.0,0.0,0.0,-0.0106883430853,-0.0610509589314,0.153889402747
0.0,0.0,0.0,-0.010689930059,-0.0610487908125,0.154156059027
0.0,0.0,0.0,-0.0106896506622,-0.061046872288,0.151415854692
0.0,0.0,0.0,-0.0106914825737,-0.0610483437777,0.153469190001
0.0,0.0,0.0,-0.0106918085366,-0.0610475800931,0.150618076324
0.0,0.0,0.0,-0.0106921344995,-0.0610468164086,0.146785959601
0.0,0.0,0.0,-0.0106975445524,-0.0610554479063,0.150996014476
0.0,0.0,0.0,-0.0106969028711,-0.0610525906086,0.154258623719
0.0,0.0,0.0,-0.01069700066,-0.0610521435738,0.151611477137
0.0,0.0,0.0,-0.0106928758323,-0.061045717448,0.154269531369
-0.0106922751293,-0.0610440075397,0.152702257037,-0.0106918942183,-0.0610440783203,0.154240682721
-0.0106922751293,-0.0610440075397,0.152702316642,-0.0106947626919,-0.0610432103276,0.153787210584
-0.0106922751293,-0.0610440075397,0.152702838182,-0.0106927743182,-0.0610456950963,0.153485551476
-0.0106922751293,-0.0610440075397,0.152704522014,-0.0106932921335,-0.0610499195755,0.153804212809
-0.0106922751293,-0.0610440075397,0.152708530426,-0.0106902681291,-0.0610536821187,0.153546303511
-0.0106922751293,-0.0610440075397,0.152716398239,-0.0106897633523,-0.0610556639731,0.153861701488
-0.0106922751293,-0.0610440075397,0.152729690075,-0.0106888152659,-0.0610547289252,0.154059514403
-0.0106922751293,-0.0610440075397,0.152750700712,-0.0106798484921,-0.0610576868057,0.153755217791
-0.0106922751293,-0.0610440075397,0.152782008052,-0.0106723103672,-0.0610586218536,0.154008641839
-0.0106922751293,-0.0610440075397,0.152825385332,-0.0106564406306,-0.0610602460802,0.154175177217
-0.0106922751293,-0.0610440075397,0.152884528041,-0.0106258308515,-0.0610807873309,0.153876900673
-0.0106922751293,-0.0610440075397,0.152962818742,-0.0106011303142,-0.0611073896289,0.154156446457
-0.0106922751293,-0.0610440075397,0.153061628342,-0.0105564128608,-0.0611562393606,0.154382020235
-0.0106922751293,-0.0610440075397,0.153186276555,-0.0104651805013,-0.0612746998668,0.154210612178
-0.0106922751293,-0.0610440075397,0.153341114521,-0.0103979874402,-0.0613993294537,0.154604926705
-0.0106922751293,-0.0610440075397,0.153525844216,-0.0103027662262,-0.0615830607712,0.155097410083
-0.0106922751293,-0.0610440075397,0.153748482466,-0.0101345349103,-0.0619274973869,0.155563980341
-0.0106922751293,-0.0610440075397,0.154013380408,-0.00998752936721,-0.062224496156,0.156529650092
-0.0106922751293,-0.0610440075397,0.154318571091,-0.00980524532497,-0.0626333802938,0.157788366079
-0.0106922751293,-0.0610440075397,0.154674395919,-0.00949595775455,-0.0632680058479,0.159344628453
-0.0106922751293,-0.0610440075397,0.155548632145,-0.00897228065878,-0.0643362998962,0.163218855858
-0.0106922751293,-0.0610440075397,0.156667932868,-0.00821837689728,-0.0659154504538,0.168632239103
-0.0106922751293,-0.0610440075397,0.157330408692,-0.00788739416748,-0.0666724219918,0.171719372272
-0.0106922751293,-0.0610440075397,0.158066153526,-0.00738209765404,-0.0678275898099,0.175765559077
-0.0106922751293,-0.0610440075397,0.158881142735,-0.00707554025576,-0.0685928240418,0.178824260831
-0.0106922751293,-0.0610440075397,0.161835640669,-0.00592723535374,-0.0714762657881,0.190730080009
-0.0106922751293,-0.0610440075397,0.163007646799,-0.00561465322971,-0.0723121762276,0.194615855813
-0.0106922751293,-0.0610440075397,0.164277747273,-0.00512083107606,-0.0737236142159,0.200017109513
-0.0106922751293,-0.0610440075397,0.165649294853,-0.00487657822669,-0.074479624629,0.203530728817
-0.0106922751293,-0.0610440075397,0.167126059532,-0.00465685734525,-0.0753628239036,0.207598656416
-0.0106922751293,-0.0610440075397,0.168714925647,-0.00416877446696,-0.0768422186375,0.213110759854
-0.0106922751293,-0.0610440075397,0.170417532325,-0.00404076045379,-0.0776131078601,0.216648250818
-0.0106922751293,-0.0610440075397,0.172239139676,-0.00374553026631,-0.0785650908947,0.220721676946
-0.0106922751293,-0.0610440075397,0.174181461334,-0.00330583541654,-0.0799876824021,0.226256653666
-0.0106922751293,-0.0610440075397,0.176263317466,-0.00301683344878,-0.0808033943176,0.229844987392
-0.0106922751293,-0.0610440075397,0.178440898657,-0.00273714051582,-0.0817813277245,0.23385502398
-0.0106922751293,-0.0610440075397,0.180779203773,-0.00241429172456,-0.0828241854906,0.235355347395
-0.0106922751293,-0.0610440075397,0.183219671249,-0.00188058288768,-0.0841441825032,0.243002146482
-0.0106922751293,-0.0610440075397,0.18581263721,-0.00154504273087,-0.0850952863693,0.24652184546
-0.0106922751293,-0.0610440075397,0.188678830862,-0.00120069214609,-0.0860136896372,0.250174641609
-0.0106922751293,-0.0610440075397,0.191417351365,-0.000458317488665,-0.0877032354474,0.255800455809
-0.0106922751293,-0.0610440075397,0.19443076849,-8.06239113444e-05,-0.088590271771,0.259285897017
-0.0106922751293,-0.0610440075397,0.197748959064,0.000400905846618,-0.0894891321659,0.262765347958
-0.0106922751293,-0.0610440075397,0.200899213552,0.00121482030954,-0.0910437330604,0.268342733383
-0.0106922751293,-0.0610440075397,0.204354137182,0.00173819169868,-0.0918173640966,0.271615892649
-0.0106922751293,-0.0610440075397,0.208138972521,0.00226328102872,-0.0926151126623,0.27503862977
-0.0106922751293,-0.0610440075397,0.211716711521,0.00331679382361,-0.0940598323941,0.280418694019
-0.0106922751293,-0.0610440075397,0.215626180172,0.00385366426781,-0.0947279557586,0.283532649279
-0.0106922751293,-0.0610440075397,0.219689905643,0.0046153892763,-0.0955129265785,0.287280857563
-0.0106922751293,-0.0610440075397,0.223905384541,0.00565105676651,-0.0966283679008,0.29201644659
-0.0106922751293,-0.0610440075397,0.228315934539,0.00629737460986,-0.0971567854285,0.29515260458
-0.0106922751293,-0.0610440075397,0.232805222273,0.00708127766848,-0.097804993391,0.298731535673
-0.0106922751293,-0.0610440075397,0.237487673759,0.0082712220028,-0.0985879600048,0.30357414484
-0.0106922751293,-0.0610440075397,0.242367252707,0.00901527423412,-0.0989869609475,0.306732296944
-0.0106922751293,-0.0610440075397,0.247318536043,0.00989528931677,-0.0993862897158,0.310320883989
-0.0106922751293,-0.0610440075397,0.25777053833,0.0121894851327,-0.100177392364,0.318800806999
-0.0106922751293,-0.0610440075397,0.263226270676,0.0130340503529,-0.100391276181,0.322041392326
-0.0106922751293,-0.0610440075397,0.26884329319,0.0140372663736,-0.100812196732,0.323210626841
-0.0106922751293,-0.0610440075397,0.274593114853,0.0154083725065,-0.100743703544,0.330863386393
-0.0106922751293,-0.0610440075397,0.280506461859,0.0162702109665,-0.100725613534,0.334306567907
-0.0106922751293,-0.0610440075397,0.286585181952,0.0173403378576,-0.100923798978,0.33565685153
-0.0106922751293,-0.0610440075397,0.299116462469,0.0195834171027,-0.100207418203,0.347209662199
-0.0106922751293,-0.0610440075397,0.30563813448,0.0206893347204,-0.100135371089,0.348771899939
-0.0106922751293,-0.0610440075397,0.312247544527,0.0220601502806,-0.0993650183082,0.356878995895
-0.0106922751293,-0.0610440075397,0.319022238255,0.023358553648,-0.0990677773952,0.359130173922
-0.0106922751293,-0.0610440075397,0.325962632895,0.0246569570154,-0.0987705364823,0.360400348902
-0.0106922751293,-0.0610440075397,0.332971692085,0.0250128824264,-0.098212018609,0.365727216005
-0.0106922751293,-0.0610440075397,0.340146273375,0.0262086968869,-0.0972152650356,0.373440146446
-0.0106922751293,-0.0610440075397,0.347482562065,0.027350563556,-0.096672527492,0.375270992517
-0.0106922751293,-0.0610440075397,0.354877799749,0.0284649580717,-0.095260463655,0.385819703341
-0.0106922751293,-0.0610440075397,0.362423956394,0.0292379725724,-0.0945007279515,0.390284776688
-0.0106922751293,-0.0610440075397,0.370120376348,0.0302705764771,-0.0937198698521,0.392650276423
-0.0106922751293,-0.0610440075397,0.377863675356,0.0312347747386,-0.0923138260841,0.40211674571
-0.0106922751293,-0.0610440075397,0.393789112568,0.0327892154455,-0.0904228240252,0.409568250179
-0.0106922751293,-0.0610440075397,0.401840507984,0.0333678014576,-0.0889603048563,0.419317722321
-0.0106922751293,-0.0610440075397,0.41836899519,0.0345231629908,-0.0867985412478,0.427346646786
-0.0106922751293,-0.0610440075397,0.426702320576,0.0346285477281,-0.0850577130914,0.437871485949
-0.0106922751293,-0.0610440075397,0.443763136864,0.0352554433048,-0.0826669111848,0.446371376514
-0.0106922751293,-0.0610440075397,0.452342152596,0.0349031686783,-0.0808556303382,0.457490831614
-0.0106922751293,-0.0610440075397,0.469837754965,0.0348539352417,-0.0783741921186,0.467015266418
-0.0106922751293,-0.0610440075397,0.478616803885,0.0338992662728,-0.0768033862114,0.47769382596
-0.0106922751293,-0.0610440075397,0.496466010809,0.0330560803413,-0.0741624161601,0.488532036543
-0.0106922751293,-0.0610440075397,0.505391955376,0.0318090692163,-0.0727705657482,0.49966827035
-0.0106922751293,-0.0610440075397,0.523513793945,0.0302501041442,-0.0702769085765,0.511173963547
-0.0106922751293,-0.0610440075397,0.532550990582,0.0284847337753,-0.0691101849079,0.52270835638
-0.0106922751293,-0.0610440075397,0.550830304623,0.0262600388378,-0.0668183043599,0.535081326962
-0.0106922751293,-0.0610440075397,0.559933483601,0.024325048551,-0.065840318799,0.546950936317
-0.0106922751293,-0.0610440075397,0.614811003208,0.0142096886411,-0.0616612955928,0.598632395267
-0.0106922760606,-0.0610440075397,0.633029043674,0.010763396509,-0.0606575012207,0.613072633743
-0.0106922760606,-0.0610440075397,0.642022907734,0.00862418673933,-0.0607387796044,0.626336693764
-0.0106922760606,-0.0610440075397,0.668887019157,0.00307125644758,-0.0611336193979,0.654873907566
-0.0106922760606,-0.0610440075397,0.695288419724,-0.00226701702923,-0.0625223144889,0.683511734009
-0.0106922760606,-0.0610440075397,0.712556838989,-0.00536068435758,-0.0635734274983,0.698744595051
-0.0106922760606,-0.0610440075397,0.721084594727,-0.00711884442717,-0.0651015564799,0.713318049908
-0.0106922760606,-0.0610440075397,0.746109187603,-0.0117886522785,-0.0689327940345,0.743446648121
-0.0106922760606,-0.0610440075397,0.762269377708,-0.0144921690226,-0.0713884681463,0.759537696838
-0.0106922760606,-0.0610440075397,0.770273268223,-0.015862731263,-0.0737817138433,0.773768484592
-0.0106922760606,-0.0610440075397,0.785783529282,-0.0182359591126,-0.0770052671432,0.789880156517
-0.0106922769919,-0.0610440075397,0.793451547623,-0.0193273145705,-0.0795973017812,0.804028689861
-0.0106922769919,-0.0610440075397,0.808274269104,-0.0213052891195,-0.0832930281758,0.820008575916
-0.0106922769919,-0.0610440075397,0.815574347973,-0.0220345389098,-0.0863100066781,0.83447521925
-0.0106922769919,-0.0610440075397,0.829629659653,-0.0235677585006,-0.0904782861471,0.850319027901
-0.0106922769919,-0.0610440075397,0.849775910378,-0.0248483140022,-0.0980599671602,0.879866778851
-0.0106922769919,-0.0610440075397,0.856257975101,-0.0247311722487,-0.101284906268,0.893036484718
-0.0106922779232,-0.0610440075397,0.874689638615,-0.0246095471084,-0.109098374844,0.920582056046
-0.0106922779232,-0.0610440075397,0.886191427708,-0.0243853386492,-0.113812930882,0.93448382616
-0.0106922779232,-0.0610440075397,0.891781508923,-0.0235439352691,-0.116853870451,0.946904838085
-0.0106922779232,-0.0610440075397,0.9023630023,-0.0227967444807,-0.121543422341,0.960173904896
-0.0106922779232,-0.0610440075397,0.907493054867,-0.0216126795858,-0.124380506575,0.971115171909
-0.0106922788545,-0.0610440038145,0.917151689529,-0.0202403534204,-0.128918424249,0.983506143093
-0.0106922788545,-0.0610440038145,0.921810269356,-0.0186829902232,-0.131461441517,0.993701159954
-0.0106922788545,-0.0610440038145,0.930543541908,-0.0166705306619,-0.135671585798,1.00478720665
-0.0106922788545,-0.0610440038145,0.93473392725,-0.0146303167567,-0.137970179319,1.01490783691
-0.0106922797859,-0.0610440038145,0.942544460297,-0.0121545437723,-0.141807198524,1.02487647533
-0.0106922797859,-0.0610440038145,0.946272194386,-0.0100228125229,-0.14366966486,1.03398776054
-0.0106922797859,-0.0610440038145,0.953179836273,-0.00711831264198,-0.146949753165,1.0428545475
-0.0106922807172,-0.0610440038145,0.956449210644,-0.00477551762015,-0.148434326053,1.05104088783
-0.0106922807172,-0.0610440000892,0.962482571602,-0.00149817112833,-0.151101082563,1.05884408951
-0.0106922807172,-0.0610440000892,0.965314865112,0.000912110728677,-0.151984170079,1.06578874588
-0.0106922816485,-0.0610440000892,0.970509767532,0.00456221727654,-0.154080316424,1.07227027416
-0.0106922816485,-0.0610440000892,0.977320671082,0.010941663757,-0.155804499984,1.08474862576
-0.0106922825798,-0.0610439963639,0.97935038805,0.0135760800913,-0.155792742968,1.09112930298
-0.0106922825798,-0.0610439963639,0.983000278473,0.017624469474,-0.15636625886,1.0960072279
-0.0106922835112,-0.0610439963639,0.984665751457,0.0202964190394,-0.155993431807,1.10177528858
-0.0106922835112,-0.0610439926386,0.987632095814,0.0243581198156,-0.155930191278,1.10546672344
-0.0106922844425,-0.0610439926386,0.988969743252,0.0267966426909,-0.154840826988,1.11089992523
-0.0106922844425,-0.0610439926386,0.991318225861,0.0317980311811,-0.154234498739,1.11210691929
-0.0106922853738,-0.0610439926386,0.99235534668,0.0335334166884,-0.152237474918,1.11867463589
-0.0106922853738,-0.0610439889133,0.994166493416,0.0373099818826,-0.150334194303,1.12087798119
-0.0106922863051,-0.0610439889133,0.994946777821,0.0392490141094,-0.148420393467,1.12486708164
-0.0106922863051,-0.061043985188,0.996285319328,0.0428086929023,-0.145929202437,1.12597477436
-0.0106922872365,-0.061043985188,0.997372925282,0.0461136884987,-0.142124220729,1.13103938103
-0.0106922881678,-0.0610439814627,0.997792184353,0.0479584895074,-0.140548571944,1.13021326065
-0.0106922890991,-0.0610439814627,0.998528659344,0.0508668720722,-0.136235952377,1.13454914093
-0.0106922890991,-0.0610439777374,0.998803913593,0.052526190877,-0.134351477027,1.13335168362
-0.0106922900304,-0.0610439777374,0.999263167381,0.0549233108759,-0.129757493734,1.13699805737
-0.0106922909617,-0.0610439740121,0.999428093433,0.0563437640667,-0.127666115761,1.13540530205
-0.0106922918931,-0.0610439702868,0.999684989452,0.0581375323236,-0.122854620218,1.13833034039
-0.0106922918931,-0.0610439702868,0.999771952629,0.0593398697674,-0.120514057577,1.13637292385
-0.0106922928244,-0.0610439665616,0.99989426136,0.0603721104562,-0.115783594549,1.13880813122
-0.0106922937557,-0.0610439628363,0.999932646751,0.0612522661686,-0.113347701728,1.13655400276
-0.010692294687,-0.061043959111,0.999976813793,0.0615646243095,-0.108649998903,1.13866186142
-0.0106922956184,-0.061043959111,0.999985158443,0.0621044561267,-0.106171488762,1.13619291782
-0.0106922965497,-0.0610439553857,0.999994158745,0.0616385750473,-0.101607784629,1.13753545284
-0.010692297481,-0.0610439516604,0.999994635582,0.0617827810347,-0.0991510674357,1.13482499123
-0.0106922984123,-0.0610439479351,0.999994218349,0.0607136189938,-0.0952236056328,1.13596475124
-0.0106922984123,-0.0610439479351,0.999994218349,0.0605017617345,-0.0929279327393,1.13295924664
-0.0106922984123,-0.0610439479351,0.999994218349,0.0588431172073,-0.0888281166553,1.13188147545
-0.0106922984123,-0.0610439479351,0.999994218349,0.0581692419946,-0.0875865668058,1.13157272339
-0.0106922984123,-0.0610439479351,0.999994218349,0.0559197291732,-0.0845221057534,1.13223254681
-0.0106922984123,-0.0610439479351,0.999994218349,0.0550119504333,-0.0826689228415,1.12902104855
-0.0106922984123,-0.0610439479351,0.999994218349,0.0520707890391,-0.0800225883722,1.12724816799
-0.0106922984123,-0.0610439479351,0.999994218349,0.0510388091207,-0.0793356969953,1.12693369389
-0.0106922984123,-0.0610439479351,0.999994218349,0.0367757901549,-0.0751316398382,1.11872458458
-0.0106922984123,-0.0610439479351,0.999994218349,0.0313853882253,-0.0762190669775,1.11668539047
-0.0106922984123,-0.0610439479351,0.999994218349,0.0301034599543,-0.0766628533602,1.11651468277
-0.0106922984123,-0.0610439479351,0.999994218349,0.0259195584804,-0.0783761292696,1.11450922489
-0.0106922984123,-0.0610439479351,0.999994218349,0.0246867388487,-0.0790874511003,1.11411082745
-0.0106922984123,-0.0610439479351,0.999994218349,0.0195351913571,-0.082611694932,1.11244547367
-0.0106922984123,-0.0610439479351,0.999994218349,0.0145195387304,-0.0871593356133,1.11063742638
-0.0106922984123,-0.0610439479351,0.999994218349,0.0109585989267,-0.0913202166557,1.10843503475
-0.0106922984123,-0.0610439479351,0.999994218349,0.0100021008402,-0.0926241204143,1.10818111897
-0.0106922984123,-0.0610439479351,0.999994218349,0.00678363349289,-0.097267255187,1.10612916946
-0.0106922984123,-0.0610439479351,0.999994218349,0.00595073122531,-0.0987203270197,1.10563826561
-0.0106922984123,-0.0610439479351,0.999994218349,0.0033103954047,-0.103587895632,1.10378062725
-0.0106922984123,-0.0610439479351,0.999994218349,0.00266824313439,-0.105092562735,1.10335600376
-0.0106922984123,-0.0610439479351,0.999994218349,0.000535522471182,-0.110139921308,1.1013532877
-0.0106922984123,-0.0610439479351,0.999994218349,6.20122373221e-05,-0.111650139093,1.10120034218
-0.0106922984123,-0.0610439479351,0.999994218349,-0.00154845265206,-0.11675567925,1.09904170036
-0.0106922984123,-0.0610439479351,0.999994218349,-0.00192575459369,-0.118240997195,1.09884357452
-0.0106922984123,-0.0610439479351,0.999994218349,-0.00287819164805,-0.123194485903,1.09726774693
-0.0106922984123,-0.0610439479351,0.999994218349,-0.00308465398848,-0.124609917402,1.09689104557
-0.0106922984123,-0.0610439479351,0.999994218349,-0.0034827105701,-0.129193127155,1.09558439255
-0.0106922984123,-0.0610439479351,0.999994218349,-0.00351976719685,-0.130471333861,1.09534478188
0.0,0.0,1.0,-0.00345292454585,-0.134730324149,1.09363031387
0.0,0.0,1.0,-0.00331916240975,-0.135859593749,1.09348583221
0.0,0.0,1.0,-0.00318687059917,-0.140636116266,1.08949279785
0.0,0.0,1.0,-0.00250241579488,-0.140971064568,1.09291732311
0.0,0.0,1.0,-0.00193494325504,-0.143342897296,1.08985304832
0.0,0.0,1.0,-0.0010137608042,-0.144251793623,1.09164202213
0.0,0.0,1.0,-9.2655478511e-05,-0.146275669336,1.08822000027
0.0,0.0,1.0,0.000924418563955,-0.146795168519,1.09013485909
0.0,0.0,1.0,0.00587709108368,-0.148678377271,1.08761453629
0.0,0.0,1.0,0.00758490618318,-0.148616015911,1.08470332623
0.0,0.0,1.0,0.00885983835906,-0.147787392139,1.08631742001
0.0,0.0,1.0,0.0107060549781,-0.147049054503,1.08317828178
0.0,0.0,1.0,0.013798086904,-0.144113257527,1.08268868923
0.0,0.0,1.0,0.0148259401321,-0.142463445663,1.08492481709
0.0,0.0,1.0,0.0167733188719,-0.140077993274,1.08220207691
0.0,0.0,1.0,0.017983013764,-0.137991383672,1.08454489708
0.0,0.0,1.0,0.0199687071145,-0.134870931506,1.08209586143
0.0,0.0,1.0,0.0208036676049,-0.132798999548,1.08426403999
0.0,0.0,1.0,0.0232806764543,-0.126807466149,1.08422124386
0.0,0.0,1.0,0.0253229159862,-0.120290920138,1.08439195156
0.0,0.0,1.0,0.0265284739435,-0.115977182984,1.08228707314
0.0,0.0,1.0,0.026982082054,-0.113373681903,1.08480036259
0.0,0.0,1.0,0.028051584959,-0.108804665506,1.08285558224
0.0,0.0,1.0,0.028296450153,-0.106172688305,1.08550703526
0.0,0.0,1.0,0.0291252229363,-0.101509205997,1.08360171318
0.0,0.0,1.0,0.02911930345,-0.0989703163505,1.08625900745
0.0,0.0,1.0,0.0295239407569,-0.09432259202,1.08456122875
0.0,0.0,1.0,0.029797418043,-0.0893222615123,1.08468067646
0.0,0.0,1.0,0.0297955200076,-0.0874693468213,1.08488237858
0.0,0.0,1.0,0.02970113419,-0.0827603712678,1.08529686928
0.0,0.0,1.0,0.0296042729169,-0.0811412259936,1.08544230461
0.0,0.0,1.0,0.0293681640178,-0.0766919106245,1.08561503887
0.0,0.0,1.0,0.0292279887944,-0.0752993300557,1.0860234499
0.0,0.0,1.0,0.0287841986865,-0.0713716819882,1.08583176136
0.0,0.0,1.0,0.0285717323422,-0.0703429728746,1.08614706993
0.0,0.0,1.0,0.0276755522937,-0.067004583776,1.08599507809
0.0,0.0,1.0,0.0274821221828,-0.066136829555,1.08634328842
0.0,0.0,1.0,0.0265372730792,-0.0634868070483,1.08596432209
0.0,0.0,1.0,0.0262518730015,-0.0628902092576,1.08642828465
0.0,0.0,1.0,0.02533615008,-0.0610824599862,1.08596968651
0.0,0.0,1.0,0.0249762758613,-0.0606740936637,1.08623766899
0.0,0.0,1.0,0.0240843798965,-0.059638813138,1.08617436886
0.0,0.0,1.0,0.0237093120813,-0.0594891496003,1.08625268936
0.0,0.0,1.0,0.0224093999714,-0.0593266226351,1.08605015278
0.0,0.0,1.0,0.0215648245066,-0.0598020851612,1.08541810513
0.0,0.0,1.0,0.0213848613203,-0.0601298548281,1.08563446999
0.0,0.0,1.0,0.0205252226442,-0.0612772703171,1.08471524715
0.0,0.0,1.0,0.0203897617757,-0.0618072338402,1.08488965034
0.0,0.0,1.0,0.019621707499,-0.0635008662939,1.08379125595
0.0,0.0,1.0,0.0190643761307,-0.0664302334189,1.08298695087
0.0,0.0,1.0,0.0189740695059,-0.0672367215157,1.08302891254
0.0,0.0,1.0,0.0188260450959,-0.0698710381985,1.08242046833
0.0,0.0,1.0,0.0187750440091,-0.0708361268044,1.0823417902
0.0,0.0,1.0,0.0186409056187,-0.073927000165,1.08136403561
0.0,0.0,1.0,0.0187212917954,-0.0750221312046,1.0815435648
0.0,0.0,1.0,0.0189503971487,-0.07942686975,1.0804207325
0.0,0.0,1.0,0.0192234907299,-0.0827095061541,1.07935321331
0.0,0.0,1.0,0.0194649025798,-0.0837135836482,1.07950460911
0.0,0.0,1.0,0.0200954265893,-0.0868417918682,1.07866108418
0.0,0.0,1.0,0.0203400757164,-0.0877609327435,1.07881140709
0.0,0.0,1.0,0.0213100798428,-0.0906015858054,1.0782020092
0.0,0.0,1.0,0.021598117426,-0.0914041996002,1.07832026482
0.0,0.0,1.0,0.0226429160684,-0.0939871966839,1.07848227024
0.0,0.0,1.0,0.02292769216,-0.0946693792939,1.07861042023
0.0,0.0,1.0,0.023993557319,-0.0966552421451,1.0784894228
0.0,0.0,1.0,0.0242994129658,-0.0971624553204,1.07867014408
0.0,0.0,1.0,0.0252815783024,-0.0986360758543,1.07844638824
0.0,0.0,1.0,0.0255983863026,-0.0989798679948,1.07863104343
0.0,0.0,1.0,0.0264218039811,-0.0998744890094,1.07842934132
0.0,0.0,1.0,0.0267273560166,-0.100028730929,1.07861506939
0.0,0.0,1.0,0.0274608265609,-0.10039165616,1.07838499546
0.0,0.0,1.0,0.027699360624,-0.100358299911,1.0784996748
0.0,0.0,1.0,0.0285437386483,-0.100178800523,1.07799696922
0.0,0.0,1.0,0.0287232454866,-0.0999695286155,1.0780069828
0.0,0.0,1.0,0.0293899122626,-0.0991039797664,1.0781930685
0.0,0.0,1.0,0.0295467562973,-0.0986802726984,1.07815003395
0.0,0.0,1.0,0.030104085803,-0.0973308384418,1.07802307606
0.0,0.0,1.0,0.0302367005497,-0.0967410281301,1.07804226875
0.0,0.0,1.0,0.0304804798216,-0.0950944647193,1.0778080225
0.0,0.0,1.0,0.0305624511093,-0.0943551063538,1.07781815529
0.0,0.0,1.0,0.0307007879019,-0.092261493206,1.07761466503
0.0,0.0,1.0,0.0307828113437,-0.0887037739158,1.07722711563
0.0,0.0,1.0,0.030594214797,-0.0847912654281,1.07697021961
0.0,0.0,1.0,0.0304800830781,-0.0836181640625,1.07698130608
0.0,0.0,1.0,0.0302020087838,-0.0807100236416,1.07680058479
0.0,0.0,1.0,0.0299937278032,-0.0795052871108,1.07678580284
0.0,0.0,1.0,0.0293315760791,-0.0752722099423,1.07676196098
0.0,0.0,1.0,0.028750712052,-0.0722877010703,1.07661736012
0.0,0.0,1.0,0.0285285916179,-0.0710838288069,1.07671523094
0.0,0.0,1.0,0.0279328580946,-0.0681427419186,1.07639443874
0.0,0.0,1.0,0.027683166787,-0.0670690611005,1.07675099373
0.0,0.0,1.0,0.0270261690021,-0.0641547814012,1.07631385326
0.0,0.0,1.0,0.0261389575899,-0.0605783462524,1.07620704174
0.0,0.0,1.0,0.0259450096637,-0.0597733259201,1.07629084587
0.0,0.0,1.0,0.0254208054394,-0.0575563013554,1.07610321045
0.0,0.0,1.0,0.0252650007606,-0.0569123700261,1.07634592056
0.0,0.0,1.0,0.0247570723295,-0.0550650432706,1.0757598877
0.0,0.0,1.0,0.0246806461364,-0.054590370506,1.07602441311
0.0,0.0,1.0,0.0241913106292,-0.0532397218049,1.07561218739
0.0,0.0,1.0,0.0241115614772,-0.0529160127044,1.07586288452
0.0,0.0,1.0,0.0238658972085,-0.0521115325391,1.07544505596
0.0,0.0,1.0,0.0238281935453,-0.0519613027573,1.07564401627
0.0,0.0,1.0,0.0236245952547,-0.05163211748,1.0753736496
0.0,0.0,1.0,0.023596290499,-0.0516564436257,1.07556307316
0.0,0.0,1.0,0.0236141495407,-0.0518493540585,1.07504570484
0.0,0.0,1.0,0.0236428156495,-0.0520441643894,1.07523453236
0.0,0.0,1.0,0.023705760017,-0.0527506433427,1.07481503487
0.0,0.0,1.0,0.0237804669887,-0.0530986189842,1.07495141029
0.0,0.0,1.0,0.0239972993731,-0.0542307794094,1.07435679436
0.0,0.0,1.0,0.0240791384131,-0.0547092109919,1.07451927662
0.0,0.0,1.0,0.0243352539837,-0.0562147758901,1.07390511036
0.0,0.0,1.0,0.0248413980007,-0.0587162002921,1.07337188721
0.0,0.0,1.0,0.0255370847881,-0.0620341710746,1.07261347771
0.0,0.0,1.0,0.025728257373,-0.0629232749343,1.07260763645
0.0,0.0,1.0,0.0263729467988,-0.0656615123153,1.07191216946
0.0,0.0,1.0,0.026547960937,-0.0665798559785,1.07190561295
0.0,0.0,1.0,0.0274670571089,-0.0703217983246,1.07113111019
0.0,0.0,1.0,0.0280134547502,-0.0731549337506,1.07010006905
0.0,0.0,1.0,0.0282130390406,-0.0740776583552,1.07027757168
0.0,0.0,1.0,0.0287906397134,-0.0770144164562,1.06930565834
0.0,0.0,1.0,0.0289342235774,-0.0778994187713,1.06931567192
0.0,0.0,1.0,0.0295805130154,-0.080630928278,1.06882655621
0.0,0.0,1.0,0.030135948211,-0.0838445946574,1.06860470772
0.0,0.0,1.0,0.030238641426,-0.0845771208405,1.06861889362
0.0,0.0,1.0,0.0305359829217,-0.0867427289486,1.06816005707
0.0,0.0,1.0,0.0305702481419,-0.0873569250107,1.06842827797
0.0,0.0,1.0,0.0308111328632,-0.089175388217,1.06793487072
0.0,0.0,1.0,0.0308708045632,-0.089696854353,1.06803035736
0.0,0.0,1.0,0.0309530496597,-0.0910948291421,1.06813013554
0.0,0.0,1.0,0.0309678744525,-0.0915039926767,1.06818211079
0.0,0.0,1.0,0.0309576317668,-0.0924730375409,1.06829559803
0.0,0.0,1.0,0.0309193991125,-0.0927736759186,1.0684530735
0.0,0.0,1.0,0.0309042409062,-0.0933974012733,1.0681797266
0.0,0.0,1.0,0.0308870635927,-0.0935693532228,1.0682567358
0.0,0.0,1.0,0.0306714586914,-0.0939078181982,1.06847774982
0.0,0.0,1.0,0.0306307040155,-0.0939375311136,1.06844437122
0.0,0.0,1.0,0.0304938405752,-0.0937461256981,1.06852340698
0.0,0.0,1.0,0.0304412152618,-0.0936131477356,1.06856131554
0.0,0.0,1.0,0.0302603319287,-0.0931711569428,1.06846082211
0.0,0.0,1.0,0.0301581900567,-0.0929032713175,1.0685659647
0.0,0.0,1.0,0.0298850815743,-0.0921492353082,1.06851994991
0.0,0.0,1.0,0.0297749135643,-0.0917867347598,1.06852734089
0.0,0.0,1.0,0.0294883921742,-0.0907951667905,1.06857931614
0.0,0.0,1.0,0.0293642170727,-0.090360596776,1.06861925125
0.0,0.0,1.0,0.0290004312992,-0.0892115011811,1.06867194176
0.0,0.0,1.0,0.0288433860987,-0.0886533409357,1.06880867481
0.0,0.0,1.0,0.0284170378,-0.0870755687356,1.06876158714
0.0,0.0,1.0,0.0282250922173,-0.0863822475076,1.06887149811
0.0,0.0,1.0,0.0275450572371,-0.0839355140924,1.0690972805
-3.12050552065e-10,1.91221830037e-10,1.0,0.0268839988858,-0.0814537778497,1.06972742081
-3.52302613749e-08,2.16143156706e-08,1.0,0.0263325106353,-0.0788425579667,1.06940734386
-5.11405779946e-08,3.13728065748e-08,1.0,0.02604303509,-0.0772181153297,1.06974351406
-6.81680134562e-08,4.18162464655e-08,1.0,0.0255667883903,-0.0749022960663,1.07008218765
-8.49394780289e-07,5.22569791883e-07,1.0,0.0253834314644,-0.0738279297948,1.07062983513
-2.58730528913e-06,1.59464082117e-06,1.0,0.0251009315252,-0.0728130191565,1.07005655766
-1.42679491546e-05,8.82653876033e-06,1.0,0.0247988067567,-0.0717564821243,1.07061636448
-2.60372107732e-05,1.61351072165e-05,1.0,0.0245303362608,-0.0708530023694,1.06993043423
-7.39978277124e-05,4.60267729068e-05,1.0,0.0242808535695,-0.0699635073543,1.07039833069
-0.000234734936384,0.000146815858898,1.0,0.0238129198551,-0.0683754161,1.07056546211
-0.000318455160595,0.000199534930289,1.0,0.0238029845059,-0.0677345171571,1.07039427757
-0.000569535244722,0.000358237535693,1.0,0.0235922932625,-0.067150734365,1.07091271877
-0.000726216647308,0.000457623362308,1.0,0.0234166700393,-0.0666374191642,1.07058429718
-0.00116742041428,0.000738570699468,1.0,0.0232266932726,-0.0662724077702,1.07104074955
-0.00142809585668,0.000905175576918,1.0,0.0227972511202,-0.0659511387348,1.07055854797
-0.00212958198972,0.00135530508123,1.0,0.0225350745022,-0.0657897591591,1.0713082552
-0.00252940203063,0.0016128505813,1.0,0.0222095567733,-0.0656760782003,1.07084608078
-0.00356932985596,0.00228549633175,1.0,0.0217575933784,-0.0656698197126,1.07167732716
-0.00414470816031,0.00265916087665,1.0,0.0213031936437,-0.0657119005919,1.0716034174
-0.00560350343585,0.00361060979776,1.0,0.020564340055,-0.0659191012383,1.07212948799
-0.00639416277409,0.00412846216932,1.0,0.0197978056967,-0.0661241784692,1.07209038734
-0.00835707876831,0.00541986292228,1.0,0.0187885724008,-0.0664992779493,1.07266747952
-0.00940069463104,0.00610948912799,1.0,0.0177194122225,-0.0668827295303,1.07236921787
-0.0119516579434,0.00780307501554,1.0,0.0164055470377,-0.0674447789788,1.07304441929
-0.0132875498384,0.00869408994913,1.0,0.0150237139314,-0.0679553300142,1.07249855995
-0.0165092535317,0.0108534628525,1.0,0.0133618433028,-0.0685493648052,1.07316887379
-0.022146936506,0.0146644581109,1.0,0.00952183362097,-0.0697496533394,1.07299828529
-0.0241766180843,0.0160456690937,1.0,0.00746024027467,-0.0703790783882,1.07261610031
-0.0289647802711,0.0193217881024,1.0,0.00475485157222,-0.0709861218929,1.07275795937
-0.0313953571022,0.0209938958287,1.0,0.00227236957289,-0.0715041607618,1.07233572006
-0.03706227988,0.0249148830771,1.0,-0.000938700861298,-0.0719865635037,1.07256400585
-0.0399222895503,0.0269052069634,1.0,-0.0039528394118,-0.0724052041769,1.0720911026
-0.0465301498771,0.0315318144858,1.0,-0.0075864251703,-0.0728442817926,1.07253050804
-0.0498379468918,0.0338620878756,1.0,-0.011278739199,-0.0731079652905,1.07190418243
-0.0611968412995,0.0419337712228,1.0,-0.0196302719414,-0.0731315910816,1.07131361961
-0.0697927474976,0.0481113195419,1.0,-0.0243345424533,-0.072774194181,1.07149755955
-0.0740439891815,0.0511879920959,1.0,-0.0287970695645,-0.072424300015,1.07053124905
-0.0836650878191,0.0582025200129,1.0,-0.0339748524129,-0.0716408863664,1.07048201561
-0.0883918851614,0.061674695462,1.0,-0.0388980582356,-0.0708256810904,1.0697388649
-0.0990392416716,0.0695581659675,1.0,-0.0446285307407,-0.0694976300001,1.06960487366
-0.115896373987,0.0822151973844,1.0,-0.0562034249306,-0.0659447088838,1.06861126423
-0.121561788023,0.0865175276995,1.0,-0.0617027021945,-0.0639761462808,1.06796252728
-0.134185984731,0.0961930379272,1.0,-0.0687763094902,-0.0610510073602,1.06767368317
-0.140292346478,0.100917480886,1.0,-0.0748241618276,-0.0583485327661,1.06694114208
-0.153839364648,0.11150367558,1.0,-0.0822063013911,-0.0546163655818,1.06678056717
-0.181656673551,0.133710369468,1.0,-0.102076150477,-0.0429191030562,1.06530737877
-0.196803793311,0.146080464125,1.0,-0.110523119569,-0.0371666140854,1.06549680233
-0.20402790606,0.152052640915,1.0,-0.117015317082,-0.0325781963766,1.06491041183
-0.219834059477,0.165289923549,1.0,-0.125874459743,-0.0257390793413,1.06491589546
-0.227335914969,0.171657428145,1.0,-0.132520779967,-0.0202145781368,1.06473338604
-0.243670418859,0.18572089076,1.0,-0.141619563103,-0.0123535245657,1.06474363804
-0.251385509968,0.192462354898,1.0,-0.148554801941,-0.00595714338124,1.0646532774
-0.268108844757,0.207306951284,1.0,-0.157917633653,0.00317678647116,1.06493353844
-0.275970250368,0.214400529861,1.0,-0.165045037866,0.0103489644825,1.06457531452
-0.292923986912,0.229967653751,1.0,-0.174579948187,0.020774403587,1.06514906883
-0.300863564014,0.237392127514,1.0,-0.181863173842,0.0288294740021,1.06499040127
-0.31788828969,0.253625154495,1.0,-0.191520005465,0.0405183136463,1.06567430496
-0.325821459293,0.2613453269,1.0,-0.198806256056,0.0495647154748,1.06584823132
-0.342735290527,0.278168022633,1.0,-0.208575129509,0.0623603314161,1.06663262844
-0.350575149059,0.286146581173,1.0,-0.215869739652,0.0722663104534,1.06685137749
-0.367205262184,0.303492128849,1.0,-0.225820541382,0.0864804163575,1.06808400154
-0.391022801399,0.329476207495,1.0,-0.24292781949,0.112124457955,1.06948959827
-0.398418337107,0.337860494852,1.0,-0.250240385532,0.123795881867,1.06990122795
-0.413911134005,0.355991899967,1.0,-0.260047733784,0.139674991369,1.07098460197
-0.43561142683,0.382921934128,1.0,-0.27706348896,0.168926939368,1.07289552689
-0.442223668098,0.391555041075,1.0,-0.284420281649,0.181920900941,1.0731344223
-0.455865949392,0.410136669874,1.0,-0.293937087059,0.199648439884,1.07444441319
-0.461969971657,0.418837040663,1.0,-0.301169902086,0.213277310133,1.07481503487
-0.474447220564,0.437522172928,1.0,-0.310488164425,0.231935068965,1.07593727112
-0.491142392159,0.46495705843,1.0,-0.326511502266,0.265203505754,1.0775449276
-0.505768954754,0.492331475019,1.0,-0.342172950506,0.299346774817,1.07885074615
-0.509962320328,0.501010298729,1.0,-0.348770350218,0.314273387194,1.0789296627
-0.518172502518,0.519545614719,1.0,-0.357422292233,0.33406701684,1.07970786095
-0.521631240845,0.528155565262,1.0,-0.363871961832,0.349148869514,1.07975709438
-0.52822470665,0.546508014202,1.0,-0.372022390366,0.369158297777,1.08043336868
-0.530912518501,0.555020153522,1.0,-0.378199011087,0.384406626225,1.08061671257
-0.535821020603,0.573130071163,1.0,-0.385787039995,0.404482811689,1.0814820528
-0.537708878517,0.581512451172,1.0,-0.391665488482,0.41962441802,1.0813087225
-0.540882229805,0.599324703217,1.0,-0.399032562971,0.439552843571,1.08197426796
-0.541952192783,0.607559382915,1.0,-0.404542773962,0.454535096884,1.08164060116
-0.543357074261,0.625021517277,1.0,-0.411478310823,0.474091410637,1.08227586746
-0.543596982956,0.633080840111,1.0,-0.416585505009,0.488707959652,1.08235132694
-0.543217718601,0.650152981281,1.0,-0.423738777637,0.509353935719,1.08183944225
-0.542624413967,0.658014774323,1.0,-0.428470849991,0.523829579353,1.08240807056
-0.540459752083,0.674660742283,1.0,-0.434035241604,0.541160881519,1.08344721794
-0.539038896561,0.682301819324,1.0,-0.438123553991,0.554743528366,1.08344888687
-0.535109341145,0.698461830616,1.0,-0.443274587393,0.572126507759,1.08427321911
-0.532869577408,0.705882549286,1.0,-0.446920365095,0.585182845592,1.08448493481
-0.527345478535,0.721187651157,1.0,-0.451970815659,0.603215277195,1.08273458481
-0.524167180061,0.72871118784,1.0,-0.454767018557,0.614635944366,1.08581852913
-0.51699334383,0.743491053581,1.0,-0.45926618576,0.632050871849,1.08430063725
-0.513006865978,0.750740349293,1.0,-0.461026459932,0.641952633858,1.08726465702
-0.504229009151,0.764990866184,1.0,-0.464480370283,0.658016622066,1.08573842049
-0.489182770252,0.785612761974,1.0,-0.467534512281,0.679972827435,1.08826005459
-0.483703315258,0.792262017727,1.0,-0.467548549175,0.686813890934,1.09167098999
-0.471970915794,0.805344462395,1.0,-0.468842983246,0.699432432652,1.09058105946
-0.46579939127,0.81169629097,1.0,-0.467955827713,0.705151200294,1.09401118755
-0.452721208334,0.824173033237,1.0,-0.46796131134,0.715928912163,1.09290552139
-0.445915728807,0.830211341381,1.0,-0.466198652983,0.720624029636,1.09657692909
-0.431602865458,0.842061161995,1.0,-0.464750081301,0.729700922966,1.09558606148
-0.424209654331,0.847786962986,1.0,-0.462394922972,0.732673108578,1.09925889969
-0.408768922091,0.859001278877,1.0,-0.459466069937,0.74043494463,1.09846758842
-0.400845825672,0.864407777786,1.0,-0.456516832113,0.742904543877,1.10175085068
-0.384441882372,0.874946177006,1.0,-0.452112317085,0.749183833599,1.10088050365
-0.358665466309,0.889965832233,1.0,-0.443099409342,0.755887210369,1.10223340988
-0.33175739646,0.903963983059,1.0,-0.431248873472,0.760338783264,1.10446047783
-0.322602540255,0.908385872841,1.0,-0.425939649343,0.760886490345,1.10752296448
-0.3038610816,0.916952848434,1.0,-0.417596995831,0.763195693493,1.10606849194
-0.294415593147,0.921038329601,1.0,-0.411641120911,0.763407826424,1.10866248608
-0.245773851871,0.939863026142,1.0,-0.384204685688,0.765527248383,1.10710895061
-0.235916942358,0.943260371685,1.0,-0.376907229424,0.765187799931,1.10977864265
-0.215911075473,0.949753463268,1.0,-0.364692747593,0.765392124653,1.10756862164
-0.205926984549,0.952798008919,1.0,-0.356685787439,0.764963030815,1.10985028744
-0.185716986656,0.958572983742,1.0,-0.343358784914,0.76481372118,1.10745513439
-0.175647065043,0.961260139942,1.0,-0.334698021412,0.764403998852,1.10964262486
-0.155322700739,0.966304957867,1.0,-0.320233136415,0.764077603817,1.10673928261
-0.145212635398,0.96862745285,1.0,-0.311081647873,0.763879239559,1.10905814171
-0.124844938517,0.972931683064,1.0,-0.295647412539,0.763537108898,1.10609471798
-0.114737071097,0.974882006645,1.0,-0.28605055809,0.763543963432,1.10809326172
-0.0944256186485,0.978427410126,1.0,-0.270731657743,0.763419210911,1.10541594028
-0.0843394994736,0.98000138998,1.0,-0.259702473879,0.763545393944,1.10688912868
-0.0641399621964,0.98277682066,1.0,-0.243348509073,0.76367866993,1.10383582115
-0.054084546864,0.983968734741,1.0,-0.231852248311,0.764072358608,1.10543596745
-0.0341159440577,0.985954523087,1.0,-0.214698716998,0.76456040144,1.10211026669
-0.0241649076343,0.986751317978,1.0,-0.202764540911,0.765390574932,1.1039121151
-0.004476565402,0.987940013409,1.0,-0.184951469302,0.766340315342,1.10084843636
0.00538412248716,0.988337278366,1.0,-0.172669008374,0.767336368561,1.10226619244
0.0247880630195,0.988720655441,1.0,-0.154176265001,0.768644988537,1.09921002388
0.0344875827432,0.988708734512,1.0,-0.141563057899,0.77009087801,1.10082054138
0.0535459034145,0.988275766373,1.0,-0.122483387589,0.771812856197,1.09787964821
0.0630825608969,0.987848997116,1.0,-0.109571352601,0.77354568243,1.10004341602
0.0817547291517,0.986590862274,1.0,-0.0900985971093,0.775764524937,1.09706926346
0.0911012738943,0.985743880272,1.0,-0.0769929662347,0.77779853344,1.09898269176
0.118490941823,0.982382178307,1.0,-0.0427816621959,0.782742619514,1.09579896927
0.136312991381,0.979450762272,1.0,-0.0251778718084,0.78556227684,1.09469819069
0.145234242082,0.977750182152,1.0,-0.0117060458288,0.788277208805,1.09756457806
0.162549167871,0.973983585835,1.0,0.00828849617392,0.791672646999,1.09506571293
0.171206042171,0.971860289574,1.0,0.0215772353113,0.79437482357,1.09716975689
0.188054323196,0.967245042324,1.0,0.0418734885752,0.798215210438,1.09486854076
0.212790057063,0.959237933159,1.0,0.0750465765595,0.804678797722,1.09519970417
0.236721530557,0.949970841408,1.0,0.107013933361,0.810554325581,1.09575951099
0.244584038854,0.946573257446,1.0,0.119181625545,0.812674999237,1.09867072105
0.259829193354,0.939451813698,1.0,0.138228401542,0.816051483154,1.09696650505
0.267407655716,0.935636818409,1.0,0.150022029877,0.81797850132,1.09986233711
0.282079517841,0.927699267864,1.0,0.168545991182,0.821015238762,1.0984313488
0.289359778166,0.923476278782,1.0,0.179627045989,0.822317063808,1.10086214542
0.310401320457,0.910122811794,1.0,0.20805811882,0.82535380125,1.10218131542
0.323876649141,0.900595188141,1.0,0.225020542741,0.826984345913,1.10051715374
0.34335103631,0.885308146477,1.0,0.252008855343,0.827151834965,1.10266041756
0.349667221308,0.879925429821,1.0,0.260980278254,0.826474428177,1.10573923588
0.361824542284,0.868915557861,1.0,0.276524275541,0.825929880142,1.10458302498
0.367794305086,0.863172352314,1.0,0.284523367882,0.824240505695,1.10697507858
0.379261285067,0.851454913616,1.0,0.298974901438,0.822413563728,1.10555708408
0.385128706694,0.845080137253,1.0,0.306058466434,0.820114850998,1.10826206207
0.395602613688,0.832989037037,1.0,0.320317298174,0.81689363718,1.10669326782
0.401076823473,0.826270878315,1.0,0.326831847429,0.813600599766,1.10934257507
0.415869444609,0.806526660919,1.0,0.344959050417,0.805342376232,1.10998702049
0.424824893475,0.79324567318,1.0,0.356564849615,0.799434542656,1.10808289051
0.429461330175,0.785900533199,1.0,0.361376047134,0.795035660267,1.11049056053
0.437602996826,0.772094070911,1.0,0.371905326843,0.787973821163,1.10820972919
0.441784143448,0.764486312866,1.0,0.376467138529,0.782710969448,1.11061048508
0.449089556932,0.750180721283,1.0,0.386059373617,0.774122714996,1.1083265543
0.452805906534,0.742321252823,1.0,0.390047609806,0.768092036247,1.11034607887
0.459234833717,0.727574944496,1.0,0.398560315371,0.758073449135,1.10788178444
0.462470471859,0.719484686852,1.0,0.402065724134,0.751491010189,1.10956609249
0.467992216349,0.704340875149,1.0,0.409699082375,0.740201294422,1.10667073727
0.47072532773,0.696057915688,1.0,0.412754297256,0.73301410675,1.10825312138
0.475308507681,0.680565357208,1.0,0.41945284605,0.720636069775,1.10495138168
0.47752520442,0.672110617161,1.0,0.422046899796,0.712691128254,1.10667109489
0.482815235853,0.647770166397,1.0,0.430114984512,0.690610527992,1.10462617874
0.487440377474,0.615078628063,1.0,0.439530402422,0.658066987991,1.09904253483
0.488174885511,0.606731534004,1.0,0.441002428532,0.651090681553,1.09828829765
0.489107698202,0.589962780476,1.0,0.444582372904,0.632670462132,1.09598135948
0.489303737879,0.581545114517,1.0,0.445746064186,0.625956058502,1.09555280209
0.488797366619,0.55619597435,1.0,0.449234783649,0.598833978176,1.09264540672
0.487538307905,0.539243817329,1.0,0.451264470816,0.577907145023,1.09023332596
0.486629515886,0.53075671196,1.0,0.451592415571,0.57073700428,1.08988666534
0.484251528978,0.513786673546,1.0,0.452585309744,0.549387633801,1.08787381649
0.48278093338,0.505305588245,1.0,0.452506095171,0.542834758759,1.08732843399
0.479274064302,0.488362044096,1.0,0.452714055777,0.521140217781,1.08546233177
0.472597807646,0.463037520647,1.0,0.45183801651,0.492685735226,1.08329880238
0.469994068146,0.454627722502,1.0,0.451233923435,0.485970824957,1.08291900158
0.46421918273,0.437867939472,1.0,0.449282228947,0.464377403259,1.08027756214
0.4610491395,0.429523736238,1.0,0.448489367962,0.457693248987,1.08006477356
0.454144656658,0.412912935019,1.0,0.445822447538,0.436334878206,1.07797014713
0.450410366058,0.404647767544,1.0,0.444799393415,0.429782211781,1.0777772665
0.442387670279,0.388221979141,1.0,0.441103935242,0.408945560455,1.07646167278
0.438096106052,0.380054324865,1.0,0.439860790968,0.402618348598,1.07631874084
0.424131006002,0.355783969164,1.0,0.4337477386,0.376338124275,1.07512998581
0.413920968771,0.339802116156,1.0,0.428132623434,0.35693359375,1.07378828526
0.408550322056,0.331873983145,1.0,0.42622885108,0.351166188717,1.07397997379
0.397278189659,0.316137164831,1.0,0.419932514429,0.332673817873,1.07324802876
0.39137879014,0.308328688145,1.0,0.417614191771,0.327176004648,1.07342302799
0.379094541073,0.29287520051,1.0,0.410219430923,0.309713125229,1.07283496857
0.3594173491,0.270020604134,1.0,0.399534910917,0.288025468588,1.07296228409
0.352540135384,0.262497901917,1.0,0.396769821644,0.283115327358,1.07325959206
0.338319391012,0.247591346502,1.0,0.387582480907,0.267646819353,1.07345628738
0.315861999989,0.225576296449,1.0,0.374488830566,0.248468518257,1.07404828072
0.308083891869,0.218325689435,1.0,0.371176093817,0.244177058339,1.07468557358
0.292132377625,0.203975960612,1.0,0.360016733408,0.230392709374,1.07502186298
0.283953458071,0.196864590049,1.0,0.356365025043,0.226311251521,1.07571554184
0.267235428095,0.182790070772,1.0,0.34431040287,0.213255926967,1.07614135742
0.258664220572,0.175792872906,1.0,0.340345799923,0.209354266524,1.07667446136
0.241214543581,0.161955058575,1.0,0.327038228512,0.196900978684,1.07757306099
0.214228749275,0.14149004221,1.0,0.307880878448,0.180753916502,1.07899844646
0.176896885037,0.114689812064,1.0,0.283040463924,0.162356242537,1.08118212223
0.1577347368,0.101476617157,1.0,0.268339723349,0.152451664209,1.08244156837
0.148045435548,0.0949114114046,1.0,0.262333452702,0.148451030254,1.08307218552
0.128460079432,0.0818466022611,1.0,0.245109900832,0.137895941734,1.08417797089
0.0986765921116,0.0624145194888,1.0,0.220833823085,0.12380348146,1.08572673798
0.0886535122991,0.0559698678553,1.0,0.215224638581,0.120709270239,1.0864866972
0.0583808720112,0.0367175899446,1.0,0.191733121872,0.107930392027,1.08716368675
0.0380683243275,0.0239252746105,1.0,0.173035636544,0.0980378314853,1.0894292593
0.0278892684728,0.0175373386592,1.0,0.165609300137,0.0942512899637,1.08976066113
0.00750972563401,0.00476813362911,1.0,0.146266683936,0.0842795521021,1.09161865711
-0.023053213954,-0.0144042661414,1.0,0.118849188089,0.0703089684248,1.09354674816
-0.0534891150892,-0.0336404182017,1.0,0.0906587764621,0.0556437559426,1.09541141987
-0.063584163785,-0.0400745011866,1.0,0.0836782678962,0.0521217361093,1.09624683857
-0.0836620405316,-0.0529796145856,1.0,0.0622002966702,0.0407227389514,1.09787774086
-0.0936475917697,-0.0594613775611,1.0,0.05401847139,0.0364390052855,1.0980001688
-0.113463006914,-0.0724736303091,1.0,0.0329878330231,0.0253401417285,1.09971451759
-0.123305246234,-0.0790209695697,1.0,0.0246635656804,0.0208533890545,1.10042762756
-0.142778843641,-0.0921661034226,1.0,0.00399217288941,0.00907799787819,1.10189819336
-0.152424558997,-0.0987818241119,1.0,-0.00423422455788,0.00445198547095,1.10248398781
-0.171491131186,-0.112090729177,1.0,-0.0252212341875,-0.00792282354087,1.10370457172
-0.18090775609,-0.118788905442,1.0,-0.033300910145,-0.0127282720059,1.10397469997
-0.199493676424,-0.132282271981,1.0,-0.0545921139419,-0.0255429372191,1.10570454597
-0.208650022745,-0.139075696468,1.0,-0.0626578852534,-0.0307377930731,1.10640287399
-0.226681694388,-0.15276864171,1.0,-0.0834583193064,-0.0441470444202,1.10730540752
-0.235537827015,-0.159660637379,1.0,-0.0916657373309,-0.0495945140719,1.10812318325
-0.25294598937,-0.173564895988,1.0,-0.112421922386,-0.0637231096625,1.10871326923
-0.261490941048,-0.180578663945,1.0,-0.119349747896,-0.068672940135,1.1094315052
-0.278219908476,-0.194710806012,1.0,-0.140728980303,-0.0842197239399,1.11073076725
-0.286418378353,-0.201848015189,1.0,-0.147734776139,-0.089489094913,1.11101734638
-0.302399128675,-0.216206073761,1.0,-0.168819114566,-0.105800554156,1.11192524433
-0.31021720171,-0.223464995623,1.0,-0.175685361028,-0.111199021339,1.11230278015
-0.325410276651,-0.238065287471,1.0,-0.196475788951,-0.127979159355,1.11240935326
-0.332815349102,-0.245440661907,1.0,-0.203042045236,-0.133738741279,1.11302125454
-0.347171366215,-0.260283529758,1.0,-0.223463594913,-0.151221051812,1.1130001545
-0.354155808687,-0.267791032791,1.0,-0.229893118143,-0.15712608397,1.11342430115
-0.374162018299,-0.290500879288,1.0,-0.255900770426,-0.181333869696,1.11388361454
-0.392773628235,-0.313557505608,1.0,-0.280903249979,-0.206096068025,1.11424815655
-0.404384851456,-0.329119205475,1.0,-0.299249917269,-0.225169628859,1.11398744583
-0.409954100847,-0.336966663599,1.0,-0.305045902729,-0.231463730335,1.11412978172
-0.420569449663,-0.352730035782,1.0,-0.322576880455,-0.250816047192,1.11408829689
-0.435239970684,-0.376643955708,1.0,-0.344865202904,-0.276881486177,1.11392402649
-0.439787834883,-0.384679019451,1.0,-0.350111544132,-0.283300995827,1.11426091194
-0.448355823755,-0.400825321674,1.0,-0.365871667862,-0.303168058395,1.11370253563
-0.452379077673,-0.408943623304,1.0,-0.370828956366,-0.30965089798,1.1139780283
-0.459886997938,-0.425241738558,1.0,-0.385331958532,-0.329487144947,1.11408126354
-0.463375926018,-0.433431625366,1.0,-0.389864146709,-0.335992336273,1.11418807507
-0.469808787107,-0.449861645699,1.0,-0.403307855129,-0.355845481157,1.11408030987
-0.472752660513,-0.458101689816,1.0,-0.407385259867,-0.362338393927,1.11448359489
-0.478093951941,-0.474629819393,1.0,-0.419748395681,-0.382149666548,1.11423110962
-0.480489045382,-0.482911139727,1.0,-0.423424690962,-0.388547092676,1.11481845379
-0.484727293253,-0.499505639076,1.0,-0.434478640556,-0.408154278994,1.11478078365
-0.486569732428,-0.50781661272,1.0,-0.43786406517,-0.414541453123,1.11516284943
-0.489694863558,-0.524433612823,1.0,-0.447695732117,-0.433960169554,1.1157387495
-0.490982353687,-0.532767772675,1.0,-0.450607925653,-0.440249055624,1.11615109444
-0.49299031496,-0.5493709445,1.0,-0.459438443184,-0.46015432477,1.11689579487
-0.493717342615,-0.557689964771,1.0,-0.462010800838,-0.466348350048,1.11729121208
-0.494608730078,-0.574258327484,1.0,-0.469262897968,-0.485216259956,1.11785626411
-0.494775891304,-0.582579612732,1.0,-0.471412748098,-0.491338312626,1.11821496487
-0.494550734758,-0.59903126955,1.0,-0.477460622787,-0.509762346745,1.11875021458
-0.494155794382,-0.607320785522,1.0,-0.479174256325,-0.515757501125,1.11912477016
-0.491868585348,-0.631842374802,1.0,-0.485412508249,-0.53961288929,1.1205675602
-0.489434719086,-0.647985041142,1.0,-0.488833010197,-0.55753237009,1.12116825581
-0.487925231457,-0.656110465527,1.0,-0.489698469639,-0.563300549984,1.12169706821
-0.484404236078,-0.672031402588,1.0,-0.491837561131,-0.57917869091,1.12254011631
-0.482348680496,-0.680030286312,1.0,-0.492569833994,-0.585628986359,1.1228710413
-0.477752804756,-0.695698440075,1.0,-0.49369636178,-0.60156583786,1.12408852577
-0.475162535906,-0.70354193449,1.0,-0.49397328496,-0.608152270317,1.12447416782
-0.469505161047,-0.718922019005,1.0,-0.494383186102,-0.625107645988,1.12540495396
-0.466386198997,-0.726600885391,1.0,-0.49433106184,-0.631443560123,1.1258701086
-0.459692358971,-0.741631746292,1.0,-0.493588596582,-0.64677631855,1.1263614893
-0.456043869257,-0.749146938324,1.0,-0.49300596118,-0.652979314327,1.12680959702
-0.444209426641,-0.771037101746,1.0,-0.490184932947,-0.674398779869,1.1280272007
-0.435519069433,-0.785229682922,1.0,-0.487221777439,-0.689424753189,1.12927412987
-0.430887967348,-0.792275965214,1.0,-0.485747456551,-0.695619404316,1.12966322899
-0.421254426241,-0.805966317654,1.0,-0.481961041689,-0.710766255856,1.13062179089
-0.416121333838,-0.812792897224,1.0,-0.480133086443,-0.716951191425,1.13110911846
-0.405578374863,-0.825937986374,1.0,-0.47531542182,-0.732108294964,1.13144636154
-0.388564944267,-0.845050275326,1.0,-0.467198163271,-0.753259062767,1.13273715973
-0.382544219494,-0.851282596588,1.0,-0.464699804783,-0.759370863438,1.1330960989
-0.370252072811,-0.863260447979,1.0,-0.457920402288,-0.774554908276,1.13400542736
-0.363817363977,-0.869165599346,1.0,-0.454992085695,-0.780660808086,1.13448011875
-0.35070797801,-0.880497813225,1.0,-0.447272628546,-0.79592114687,1.13497757912
-0.343875408173,-0.886061310768,1.0,-0.444038033485,-0.802142798901,1.13534164429
-0.329995751381,-0.896704673767,1.0,-0.435169011354,-0.817522287369,1.13635456562
-0.322792381048,-0.901904642582,1.0,-0.431869477034,-0.82300144434,1.13662660122
-0.308181107044,-0.911827385426,1.0,-0.42203322053,-0.838850617409,1.1373142004
-0.300616621971,-0.91665583849,1.0,-0.418005913496,-0.844821870327,1.13784992695
-0.285316497087,-0.925824701786,1.0,-0.407410770655,-0.860721647739,1.1378493309
-0.277423530817,-0.930259466171,1.0,-0.403332591057,-0.866258740425,1.13833272457
-0.261492460966,-0.93863761425,1.0,-0.391726404428,-0.882177829742,1.13811194897
-0.253281861544,-0.942671239376,1.0,-0.387446522713,-0.88766759634,1.1383690834
-0.236744716763,-0.950242042542,1.0,-0.374554365873,-0.903527975082,1.13872504234
-0.228257164359,-0.953853130341,1.0,-0.369909137487,-0.908906459808,1.13893640041
-0.211174786091,-0.960585594177,1.0,-0.356126904488,-0.924404084682,1.13870358467
-0.202468767762,-0.96375232935,1.0,-0.351223647594,-0.929747104645,1.13886284828
-0.184833243489,-0.969645082951,1.0,-0.336355179548,-0.945039153099,1.13849794865
-0.17589917779,-0.972372770309,1.0,-0.331016868353,-0.950177490711,1.13856959343
-0.157808810472,-0.977387368679,1.0,-0.31522911787,-0.964947223663,1.13832032681
-0.139457970858,-0.981804549694,1.0,-0.303059756756,-0.975824892521,1.13804650307
-0.130182981491,-0.983789563179,1.0,-0.293452441692,-0.98420804739,1.1370960474
-0.111455418169,-0.987307608128,1.0,-0.280539423227,-0.99455165863,1.13711774349
-0.10200509429,-0.988840043545,1.0,-0.270280987024,-1.002810359,1.13592004776
-0.0829627364874,-0.991446971893,1.0,-0.256805419922,-1.01265847683,1.13567757607
-0.0540785193443,-0.994210660458,1.0,-0.23220962286,-1.02952873707,1.13406074047
-0.0248746741563,-0.99559545517,1.0,-0.206355839968,-1.04508304596,1.13240432739
-0.015082324855,-0.995750427246,1.0,-0.194657281041,-1.05159366131,1.13135838509
0.00456517376006,-0.995600938797,1.0,-0.179827556014,-1.05927360058,1.13055372238
0.0144060216844,-0.995297193527,1.0,-0.167750403285,-1.06526255608,1.12887382507
0.0637515038252,-0.991499125957,1.0,-0.125708624721,-1.08264088631,1.1255941391
0.0736187696457,-0.990287065506,1.0,-0.11248152703,-1.08721184731,1.12442445755
0.09332139045,-0.987415313721,1.0,-0.0958502739668,-1.0923396349,1.12332844734
0.103149347007,-0.985757172108,1.0,-0.0827538371086,-1.0960791111,1.12190914154
0.122732229531,-0.982001841068,1.0,-0.0659856498241,-1.10009646416,1.12081229687
0.132487133145,-0.97990500927,1.0,-0.0529192425311,-1.10296058655,1.11926496029
0.161536678672,-0.972754120827,1.0,-0.021886177361,-1.10801339149,1.11685061455
0.181126058102,-0.967147767544,1.0,-0.00610905885696,-1.10973155499,1.11609590054
0.190199673176,-0.964330732822,1.0,0.00856342725456,-1.11110937595,1.11467313766
0.209458559752,-0.957875967026,1.0,0.0243583060801,-1.11174702644,1.11411595345
0.218356907368,-0.954669594765,1.0,0.03915945068,-1.11217617989,1.11290633678
0.237210422754,-0.947390139103,1.0,0.0549050718546,-1.11192190647,1.11218047142
0.245901867747,-0.943804621696,1.0,0.0696889385581,-1.11142992973,1.11106050014
0.264277309179,-0.935724079609,1.0,0.0854081511497,-1.11023831367,1.11031258106
0.272722631693,-0.93177318573,1.0,0.0994470119476,-1.10895109177,1.10921990871
0.290539950132,-0.922920227051,1.0,0.115805350244,-1.10665583611,1.10861563683
0.298703312874,-0.918616831303,1.0,0.12829940021,-1.10471940041,1.10738396645
0.315883696079,-0.909017801285,1.0,0.144588083029,-1.10138082504,1.10687041283
0.323738545179,-0.904369592667,1.0,0.156844556332,-1.09857773781,1.10601508617
0.340198397636,-0.894057035446,1.0,0.172943711281,-1.0942773819,1.10547935963
0.347698837519,-0.889082789421,1.0,0.185042917728,-1.0907189846,1.10483801365
0.363370299339,-0.878079771996,1.0,0.20080268383,-1.08536028862,1.10457110405
0.370486438274,-0.872789025307,1.0,0.212521165609,-1.08120036125,1.10368514061
0.385289818048,-0.861126840115,1.0,0.227761492133,-1.07499408722,1.10334789753
0.391980588436,-0.855537652969,1.0,0.238996848464,-1.07014036179,1.1026134491
0.405838757753,-0.843248844147,1.0,0.25379139185,-1.06294298172,1.10236108303
0.412077814341,-0.837368607521,1.0,0.264685124159,-1.05726122856,1.10192644596
0.424928337336,-0.824474334717,1.0,0.278784185648,-1.04934871197,1.1017383337
0.430667817593,-0.818332076073,1.0,0.289230942726,-1.04325997829,1.10095727444
0.442429870367,-0.804876327515,1.0,0.302756518126,-1.03453910351,1.10067379475
0.447655141354,-0.798469901085,1.0,0.312782585621,-1.02791798115,1.10003769398
0.462943136692,-0.777832448483,1.0,0.335394352674,-1.01131486893,1.09912180901
0.476443260908,-0.756472051144,1.0,0.356650143862,-0.993913888931,1.09780979156
0.484587222338,-0.741510808468,1.0,0.368269860744,-0.983519136906,1.09739387035
0.488080561161,-0.734434127808,1.0,0.376881510019,-0.975684821606,1.09667956829
0.494911283255,-0.719045460224,1.0,0.387768000364,-0.964859604836,1.09610378742
0.503262162209,-0.695991396904,1.0,0.40621522069,-0.945366024971,1.09477674961
0.505495905876,-0.688544750214,1.0,0.413698762655,-0.936889529228,1.09384357929
0.509588718414,-0.67240357399,1.0,0.423141539097,-0.925589382648,1.09331846237
0.511169016361,-0.664803028107,1.0,0.430137813091,-0.916976630688,1.09223866463
0.513850331306,-0.648350894451,1.0,0.438778460026,-0.905268251896,1.09193396568
0.514769375324,-0.640608727932,1.0,0.445290982723,-0.896339595318,1.09098243713
0.516025424004,-0.623876512051,1.0,0.453078240156,-0.884406030178,1.09036767483
0.516101956367,-0.599046587944,1.0,0.465635240078,-0.863231241703,1.08894824982
0.515686273575,-0.591077983379,1.0,0.470699429512,-0.853886842728,1.0881613493
0.5140838027,-0.573919713497,1.0,0.476768136024,-0.841441690922,1.08774697781
0.51300573349,-0.565877437592,1.0,0.481266468763,-0.831892371178,1.08671092987
0.509991943836,-0.548569262028,1.0,0.486437290907,-0.819183826447,1.08654534817
0.508260011673,-0.540464162827,1.0,0.490117371082,-0.809484601021,1.08562862873
0.503860652447,-0.523050844669,1.0,0.494392126799,-0.796563148499,1.08538079262
0.50148910284,-0.514904022217,1.0,0.49723470211,-0.786746203899,1.08469605446
0.49586391449,-0.49777790904,1.0,0.501193106174,-0.773016870022,1.08184671402
0.492753207684,-0.489274591208,1.0,0.502766191959,-0.763486564159,1.0843988657
0.485849410295,-0.472126364708,1.0,0.505749881268,-0.749256849289,1.08145821095
0.482119888067,-0.463628649712,1.0,0.506338477135,-0.739828050137,1.08397066593
0.474002182484,-0.446522206068,1.0,0.508373379707,-0.725247502327,1.0813781023
0.469683974981,-0.438050568104,1.0,0.508304297924,-0.715654671192,1.08356022835
0.460422575474,-0.421034246683,1.0,0.509209096432,-0.700982093811,1.0810533762
0.455552190542,-0.412612974644,1.0,0.508330821991,-0.691290378571,1.08346843719
0.445220768452,-0.39572557807,1.0,0.508189201355,-0.676362931728,1.08077061176
0.439846098423,-0.387389272451,1.0,0.506592929363,-0.666632533073,1.08341121674
0.428535401821,-0.370682924986,1.0,0.505209326744,-0.651647925377,1.08102810383
0.422697246075,-0.362447202206,1.0,0.50320571661,-0.641773641109,1.08338201046
0.410514563322,-0.345985233784,1.0,0.500765323639,-0.62647163868,1.08089315891
0.404261469841,-0.337872594595,1.0,0.498126089573,-0.616438031197,1.08363568783
0.391305118799,-0.321694135666,1.0,0.494861066341,-0.60089635849,1.08118665218
0.384699434042,-0.313739895821,1.0,0.491498678923,-0.590745151043,1.08366024494
0.37108656764,-0.297899961472,1.0,0.487140268087,-0.574998140335,1.08114039898
0.350041598082,-0.274682670832,1.0,0.478085756302,-0.549507141113,1.08122777939
0.342896223068,-0.267106920481,1.0,0.473429203033,-0.538484811783,1.08307135105
0.328335076571,-0.252094745636,1.0,0.467236101627,-0.522163033485,1.08031105995
0.321017682552,-0.244750455022,1.0,0.462275952101,-0.511861979961,1.08258771896
0.306198328733,-0.230250239372,1.0,0.45517668128,-0.495563447475,1.07974171638
0.298733353615,-0.223122820258,1.0,0.450344800949,-0.486819416285,1.08233225346
0.276282012463,-0.202334851027,1.0,0.436709165573,-0.460671812296,1.08211779594
0.261352866888,-0.189004167914,1.0,0.427684813738,-0.44357997179,1.07940578461
0.253832936287,-0.182426348329,1.0,0.421895623207,-0.433840453625,1.08168745041
0.239020138979,-0.169720903039,1.0,0.412121236324,-0.416628599167,1.07926094532
0.231586292386,-0.163464531302,1.0,0.40573823452,-0.406874269247,1.08130264282
0.217002511024,-0.151410803199,1.0,0.395147591829,-0.389503538609,1.0786267519
0.209716275334,-0.145493343472,1.0,0.388731777668,-0.379985004663,1.08111202717
0.195483371615,-0.134125977755,1.0,0.377592146397,-0.362625300884,1.07828605175
0.188395097852,-0.128556117415,1.0,0.370762914419,-0.352985739708,1.08065593243
0.167803242803,-0.112703494728,1.0,0.35188627243,-0.326321810484,1.08036851883
0.154610022902,-0.102792665362,1.0,0.339586853981,-0.309285342693,1.07770836353
0.148091033101,-0.0979638621211,1.0,0.332255512476,-0.300290584564,1.08014655113
0.13555714488,-0.0888032913208,1.0,0.320295780897,-0.284608721733,1.07786810398
0.12939594686,-0.084358856082,1.0,0.312118947506,-0.274889588356,1.08015048504
0.117596581578,-0.0759530365467,1.0,0.298822194338,-0.258287370205,1.07754576206
0.111826941371,-0.0718927457929,1.0,0.291102528572,-0.249728828669,1.08023881912
0.100845202804,-0.0642542243004,1.0,0.277465194464,-0.233603820205,1.07758104801
0.0954989939928,-0.0605778880417,1.0,0.269709050655,-0.225232034922,1.07991445065
0.0853815674782,-0.0536962300539,1.0,0.256839931011,-0.21086768806,1.07777476311
0.0804892405868,-0.0504040569067,1.0,0.248170644045,-0.202176004648,1.07981574535
0.071277230978,-0.0442681834102,1.0,0.234888672829,-0.188272371888,1.07754981518
0.0668582394719,-0.041354265064,1.0,0.226279839873,-0.180162146688,1.08000421524
0.0585756637156,-0.0359448865056,1.0,0.211806699634,-0.166046753526,1.07736182213
0.0546270124614,-0.0333902873099,1.0,0.203768759966,-0.159466475248,1.0807107687
0.0472891516984,-0.0286857150495,1.0,0.190272673965,-0.147364467382,1.07892167568
0.0438181683421,-0.026480069384,1.0,0.181832030416,-0.14078605175,1.08151078224
0.0374161638319,-0.0224462412298,1.0,0.16841340065,-0.129515126348,1.07978236675
0.0344133004546,-0.0205700267106,1.0,0.160931125283,-0.124347813427,1.08253991604
0.0263807307929,-0.0156035451218,1.0,0.14064656198,-0.110016994178,1.0835300684
0.0217739809304,-0.0127919111401,1.0,0.128237724304,-0.101485386491,1.08192455769
0.0196579061449,-0.0115101048723,1.0,0.121464565396,-0.0978951528668,1.08469820023
0.0158779546618,-0.00923653692007,1.0,0.109765559435,-0.0908246859908,1.0832785368
0.0111492024735,-0.00642439490184,1.0,0.0925354585052,-0.0828345268965,1.0851072073
0.00981269776821,-0.00563686899841,1.0,0.0867112055421,-0.081054776907,1.08824706078
0.00747645366937,-0.0042689377442,1.0,0.0766590088606,-0.0769917219877,1.08718240261
0.00555044505745,-0.00315055646934,1.0,0.0653858929873,-0.0738537684083,1.08871221542
0.00473228050396,-0.00267844717018,1.0,0.0623219609261,-0.0733955055475,1.08933448792
0.00334857753478,-0.00188445241656,1.0,0.0519555620849,-0.0718405619264,1.09069108963
0.00185012759175,-0.00103265675716,1.0,0.0400209873915,-0.0717960223556,1.09279620647
0.0014803733211,-0.00082406779984,1.0,0.0375954099,-0.0722216814756,1.09342622757
0.000901717517991,-0.000499325746205,1.0,0.0293169226497,-0.073827534914,1.09492743015
0.000685474893544,-0.000378631753847,1.0,0.0271548703313,-0.0746448934078,1.09560501575
0.000367370870663,-0.000201957722311,1.0,0.0198841616511,-0.0772200971842,1.09690499306
0.000257167033851,-0.000141042328323,1.0,0.0179468393326,-0.078338585794,1.09760403633
0.000111474262667,-6.08802984061e-05,1.0,0.011482078582,-0.0818974152207,1.09844255447
6.77426214679e-05,-3.69966110156e-05,1.0,0.00983982905746,-0.0832363218069,1.09897351265
1.96194450837e-05,-1.07628466139e-05,1.0,0.00432668440044,-0.087568230927,1.09961807728
9.1015945145e-06,-5.08367656948e-06,1.0,0.00295786047354,-0.0890618637204,1.09991180897
1.68425867741e-06,-1.05976846498e-06,1.0,-0.0018069583457,-0.0940373018384,1.10029375553
1.2199759567e-06,-7.87106614553e-07,1.0,-0.00296683772467,-0.0956032276154,1.10060501099
1.16382670967e-06,-7.76332456098e-07,1.0,-0.00679368618876,-0.101092271507,1.10058617592
1.16382670967e-06,-7.76332456098e-07,1.0,-0.00776390777901,-0.102699376643,1.10088789463
1.16382670967e-06,-7.76332456098e-07,1.0,-0.0105373263359,-0.108297549188,1.10050141811
1.16382670967e-06,-7.76332456098e-07,1.0,-0.0111445738003,-0.109805345535,1.10098063946
1.16382670967e-06,-7.76332456098e-07,1.0,-0.0132178636268,-0.115633569658,1.10086762905
1.16382670967e-06,-7.76332456098e-07,1.0,-0.0136650847271,-0.117259904742,1.10086810589
1.16382670967e-06,-7.76332456098e-07,1.0,-0.0147895636037,-0.122519724071,1.10059452057
1.16382670967e-06,-7.76332456098e-07,1.0,-0.0148737644777,-0.123965077102,1.10093724728
1.16382670967e-06,-7.76332456098e-07,1.0,-0.0152916656807,-0.128821820021,1.09996891022
1.16382670967e-06,-7.76332456098e-07,1.0,-0.0151726901531,-0.130148991942,1.10019755363
1.16382670967e-06,-7.76332456098e-07,1.0,-0.0145858982578,-0.134464427829,1.09921765327
1.16382670967e-06,-7.76332456098e-07,1.0,-0.0142868263647,-0.135741949081,1.09928667545
1.16382670967e-06,-7.76332456098e-07,1.0,-0.0130114983767,-0.139306455851,1.09875714779
1.16382670967e-06,-7.76332456098e-07,1.0,-0.0124334376305,-0.140281885862,1.09880423546
1.16382670967e-06,-7.76332456098e-07,1.0,-0.00986689049751,-0.143763184547,1.09820461273
1.16382670967e-06,-7.76332456098e-07,1.0,-0.00646176934242,-0.145986527205,1.09741985798
1.16382670967e-06,-7.76332456098e-07,1.0,-0.00349284056574,-0.146700009704,1.09720003605
1.16382670967e-06,-7.76332456098e-07,1.0,-0.00247112568468,-0.146698355675,1.09738862514
1.16382670967e-06,-7.76332456098e-07,1.0,0.000623680127319,-0.146427899599,1.09690487385
1.16382670967e-06,-7.76332456098e-07,1.0,0.00511238910258,-0.144811600447,1.09651315212
1.16382670967e-06,-7.76332456098e-07,1.0,0.00635910686105,-0.144122138619,1.09648680687
1.16382670967e-06,-7.76332456098e-07,1.0,0.00953651499003,-0.141897410154,1.09598779678
1.16382670967e-06,-7.76332456098e-07,1.0,0.0107621140778,-0.140912592411,1.09583246708
1.16382670967e-06,-7.76332456098e-07,1.0,0.0137696554884,-0.13783839345,1.09503614902
1.16382670967e-06,-7.76332456098e-07,1.0,0.0148716513067,-0.136549815536,1.09526431561
1.16382670967e-06,-7.76332456098e-07,1.0,0.0191611368209,-0.13092264533,1.09454977512
1.16382670967e-06,-7.76332456098e-07,1.0,0.0222358573228,-0.125857904553,1.09373927116
1.16382670967e-06,-7.76332456098e-07,1.0,0.0233307313174,-0.12384865433,1.09347319603
1.16382670967e-06,-7.76332456098e-07,1.0,0.0256702043116,-0.118267960846,1.09302556515
1.16382670967e-06,-7.76332456098e-07,1.0,0.0263782385737,-0.116336815059,1.09328651428
1.16382670967e-06,-7.76332456098e-07,1.0,0.028351387009,-0.110059723258,1.09254181385
1.16382670967e-06,-7.76332456098e-07,1.0,0.0288121327758,-0.107981309295,1.09295117855
1.16382670967e-06,-7.76332456098e-07,1.0,0.0303211119026,-0.101171754301,1.09253466129
1.16382670967e-06,-7.76332456098e-07,1.0,0.0306863561273,-0.0990615263581,1.09265208244
1.16382670967e-06,-7.76332456098e-07,1.0,0.0314158722758,-0.0922612324357,1.09275066853
1.16382670967e-06,-7.76332456098e-07,1.0,0.0314690731466,-0.0901200324297,1.09280335903
1.16382670967e-06,-7.76332456098e-07,1.0,0.0315215811133,-0.0833431705832,1.09282040596
1.16382670967e-06,-7.76332456098e-07,1.0,0.031350325793,-0.0812539979815,1.09315931797
1.16382670967e-06,-7.76332456098e-07,1.0,0.030907317996,-0.0745790451765,1.09273922443
1.16382670967e-06,-7.76332456098e-07,1.0,0.030602267012,-0.0725954771042,1.09300756454
1.16382670967e-06,-7.76332456098e-07,1.0,0.0294710192829,-0.0664206370711,1.09334897995
1.16382670967e-06,-7.76332456098e-07,1.0,0.0290335807949,-0.0646288320422,1.0935035944
1.16382670967e-06,-7.76332456098e-07,1.0,0.0272156540304,-0.059040274471,1.09384894371
1.16382670967e-06,-7.76332456098e-07,1.0,0.0265845358372,-0.0574806295335,1.09424805641
1.16382670967e-06,-7.76332456098e-07,1.0,0.0244767349213,-0.0525696650147,1.09389567375
1.16382670967e-06,-7.76332456098e-07,1.0,0.0237188693136,-0.0512210652232,1.09424650669
1.16382670967e-06,-7.76332456098e-07,1.0,0.0212965793908,-0.0472845174372,1.09398853779
1.16382670967e-06,-7.76332456098e-07,1.0,0.0204039011151,-0.0462559126318,1.0941234827
1.16382670967e-06,-7.76332456098e-07,1.0,0.0175654776394,-0.0433297231793,1.09474134445
1.16382670967e-06,-7.76332456098e-07,1.0,0.0165826994926,-0.0425267405808,1.09483134747
1.16382670967e-06,-7.76332456098e-07,1.0,0.0135095044971,-0.0405289195478,1.0950717926
1.16382670967e-06,-7.76332456098e-07,1.0,0.00936701055616,-0.0393200740218,1.09521532059
1.16382670967e-06,-7.76332456098e-07,1.0,0.00542333675548,-0.0396169014275,1.09589910507
1.16382670967e-06,-7.76332456098e-07,1.0,0.00452179322019,-0.0399484448135,1.09607231617
1.16382670967e-06,-7.76332456098e-07,1.0,0.0015303788241,-0.0413023866713,1.09645211697
1.16382670967e-06,-7.76332456098e-07,1.0,0.000579172978178,-0.0419040024281,1.0966501236
1.16382670967e-06,-7.76332456098e-07,1.0,-0.003268933855,-0.0452326498926,1.09681785107
1.16382670967e-06,-7.76332456098e-07,1.0,-0.00596206774935,-0.0488048009574,1.09686386585
1.16382670967e-06,-7.76332456098e-07,1.0,-0.00667355628684,-0.0502831824124,1.09734141827
1.16382670967e-06,-7.76332456098e-07,1.0,-0.00917797069997,-0.0545688979328,1.09761857986
1.16382670967e-06,-7.76332456098e-07,1.0,-0.00917797069997,-0.0545688979328,1.09761857986
1.16382670967e-06,-7.76332456098e-07,1.0,-0.00977427419275,-0.0561624243855,1.09786319733
1.16382670967e-06,-7.76332456098e-07,1.0,-0.0117205679417,-0.0611689761281,1.09755253792
1.16382670967e-06,-7.76332456098e-07,1.0,-0.0122319720685,-0.0627557113767,1.0980463028
1.16382670967e-06,-7.76332456098e-07,1.0,-0.014018070884,-0.0682884007692,1.097463727
1.16382670967e-06,-7.76332456098e-07,1.0,-0.0144762555137,-0.0700009539723,1.09766542912
1.16382670967e-06,-7.76332456098e-07,1.0,-0.0163018032908,-0.07767226547,1.09756624699
1.16382670967e-06,-7.76332456098e-07,1.0,-0.0175122208893,-0.0835892036557,1.09715509415
1.16382670967e-06,-7.76332456098e-07,1.0,-0.0177527349442,-0.0853943303227,1.09727656841
1.16382670967e-06,-7.76332456098e-07,1.0,-0.0186580847949,-0.0909080579877,1.09626853466
1.16382670967e-06,-7.76332456098e-07,1.0,-0.0188281405717,-0.0926870554686,1.09640657902
1.16382670967e-06,-7.76332456098e-07,1.0,-0.0194399971515,-0.0980132371187,1.09542489052
1.16382670967e-06,-7.76332456098e-07,1.0,-0.0195948965847,-0.0997342839837,1.09546351433
1.16382670967e-06,-7.76332456098e-07,1.0,-0.0199890173972,-0.104644961655,1.09472942352
1.16382670967e-06,-7.76332456098e-07,1.0,-0.0199918542057,-0.106227912009,1.09469425678
1.16382670967e-06,-7.76332456098e-07,1.0,-0.0202183071524,-0.110680669546,1.09418869019
1.16382670967e-06,-7.76332456098e-07,1.0,-0.0202007908374,-0.112229138613,1.09398031235
1.16382670967e-06,-7.76332456098e-07,1.0,-0.0200869236141,-0.115846052766,1.09296178818
1.16382670967e-06,-7.76332456098e-07,1.0,-0.0200241692364,-0.116845481098,1.09319698811
1.16382670967e-06,-7.76332456098e-07,1.0,-0.0197292063385,-0.119683496654,1.09257030487
1.16382670967e-06,-7.76332456098e-07,1.0,-0.0196053422987,-0.120499558747,1.09249961376
1.16382670967e-06,-7.76332456098e-07,1.0,-0.0192738156766,-0.122447833419,1.09219324589
1.16382670967e-06,-7.76332456098e-07,1.0,-0.0191347356886,-0.122889257967,1.09238624573
1.16382670967e-06,-7.76332456098e-07,1.0,-0.0187264252454,-0.12405539304,1.09155225754
1.16382670967e-06,-7.76332456098e-07,1.0,-0.0186254922301,-0.124157309532,1.09182631969
1.16382670967e-06,-7.76332456098e-07,1.0,-0.0182586666197,-0.124409519136,1.0911295414
1.16382670967e-06,-7.76332456098e-07,1.0,-0.0181378759444,-0.124267347157,1.09122049809
1.16382670967e-06,-7.76332456098e-07,1.0,-0.0178627595305,-0.123040884733,1.09112727642
1.16382670967e-06,-7.76332456098e-07,1.0,-0.017736274749,-0.121486760676,1.09058451653
1.16382670967e-06,-7.76332456098e-07,1.0,-0.0177178923041,-0.120742470026,1.09090137482
1.16382670967e-06,-7.76332456098e-07,1.0,-0.0174936242402,-0.11849245429,1.0900298357
1.16382670967e-06,-7.76332456098e-07,1.0,-0.0174671560526,-0.117557391524,1.09015750885
1.16382670967e-06,-7.76332456098e-07,1.0,-0.0172773003578,-0.114545449615,1.0897538662
1.16382670967e-06,-7.76332456098e-07,1.0,-0.0169292017817,-0.108932331204,1.08922052383
1.16382670967e-06,-7.76332456098e-07,1.0,-0.0168241709471,-0.107327856123,1.08927309513
1.16382670967e-06,-7.76332456098e-07,1.0,-0.0165516771376,-0.102545820177,1.08841884136
1.16382670967e-06,-7.76332456098e-07,1.0,-0.0164784677327,-0.100795254111,1.08854472637
1.16382670967e-06,-7.76332456098e-07,1.0,-0.0162990875542,-0.0954741388559,1.08812773228
1.16382670967e-06,-7.76332456098e-07,1.0,-0.0162533316761,-0.0937111824751,1.0882294178
1.16382670967e-06,-7.76332456098e-07,1.0,-0.0162228196859,-0.0879948660731,1.08833897114
1.16382670967e-06,-7.76332456098e-07,1.0,-0.0161880385131,-0.0860908180475,1.08856976032
1.16382670967e-06,-7.76332456098e-07,1.0,-0.0163295138627,-0.0804165825248,1.08852005005
1.16382670967e-06,-7.76332456098e-07,1.0,-0.0165477450937,-0.0727021023631,1.08900737762
1.16382670967e-06,-7.76332456098e-07,1.0,-0.0166144575924,-0.0708273425698,1.08928000927
1.16382670967e-06,-7.76332456098e-07,1.0,-0.0169277600944,-0.0654213577509,1.09034562111
1.16382670967e-06,-7.76332456098e-07,1.0,-0.0173132419586,-0.0586140565574,1.09135735035
1.16382670967e-06,-7.76332456098e-07,1.0,-0.017384391278,-0.0570185668766,1.09183633327
1.16382670967e-06,-7.76332456098e-07,1.0,-0.0175702013075,-0.0523964315653,1.09224057198
1.16382670967e-06,-7.76332456098e-07,1.0,-0.0176386795938,-0.051027983427,1.09269487858
1.16382670967e-06,-7.76332456098e-07,1.0,-0.0178803801537,-0.0471149645746,1.09300661087
1.16382670967e-06,-7.76332456098e-07,1.0,-0.0179463047534,-0.0459786057472,1.093308568
1.16382670967e-06,-7.76332456098e-07,1.0,-0.0181336887181,-0.0428347252309,1.09356617928
1.16382670967e-06,-7.76332456098e-07,1.0,-0.0182625185698,-0.0418958887458,1.09373307228
1.16382670967e-06,-7.76332456098e-07,1.0,-0.0183894056827,-0.0395282432437,1.0939065218
1.16382670967e-06,-7.76332456098e-07,1.0,-0.0184702314436,-0.0388842895627,1.09407651424
1.16382670967e-06,-7.76332456098e-07,1.0,-0.0186386294663,-0.0372773855925,1.09390902519
1.16382670967e-06,-7.76332456098e-07,1.0,-0.0187095757574,-0.0369572676718,1.09401726723
1.16382670967e-06,-7.76332456098e-07,1.0,-0.0189783144742,-0.0361928939819,1.09355378151
1.16382670967e-06,-7.76332456098e-07,1.0,-0.0190091282129,-0.0361308082938,1.09357559681
1.16382670967e-06,-7.76332456098e-07,0.999995231628,-0.0196048747748,-0.038095805794,1.09156429768
1.16382670967e-06,-7.76332456098e-07,0.999976575375,-0.0197443403304,-0.0398300662637,1.09101963043
1.16382670967e-06,-7.76332456098e-07,0.999956965446,-0.0198350418359,-0.0405004881322,1.0876275301
1.16382670967e-06,-7.76332456098e-07,0.999650061131,-0.0199437271804,-0.0455765575171,1.08701956272
1.16382670967e-06,-7.76332456098e-07,0.999523043633,-0.019920591265,-0.0472201891243,1.08929932117
1.16382670967e-06,-7.76332456098e-07,0.999176383018,-0.0199072640389,-0.0516028851271,1.08951604366
1.16382670967e-06,-7.76332456098e-07,0.998944878578,-0.0198705047369,-0.0531295798719,1.08973860741
1.16382670967e-06,-7.76332456098e-07,0.998353719711,-0.0197931490839,-0.0574972219765,1.08943271637
1.16382670967e-06,-7.76332456098e-07,0.997063815594,-0.0194910541177,-0.0634290650487,1.08992564678
1.16382670967e-06,-7.76332456098e-07,0.996503591537,-0.0193683169782,-0.0649727284908,1.090295434
1.16382670967e-06,-7.76332456098e-07,0.995178520679,-0.0190675389022,-0.0693228617311,1.0907330513
1.16382670967e-06,-7.76332456098e-07,0.99439561367,-0.0189471039921,-0.0708340927958,1.09114098549
1.16382670967e-06,-7.76332456098e-07,0.992571055889,-0.0186387263238,-0.0750586017966,1.09137010574
1.16382670967e-06,-7.76332456098e-07,0.99036937952,-0.018428446725,-0.0780708864331,1.09199261665
1.16382670967e-06,-7.76332456098e-07,0.989114582539,-0.0181394163519,-0.0803777202964,1.09172987938
1.16382670967e-06,-7.76332456098e-07,0.986280739307,-0.0178150702268,-0.0832028239965,1.09188485146
1.16382670967e-06,-7.76332456098e-07,0.984690010548,-0.0175697673112,-0.0853007361293,1.09146010876
1.16382670967e-06,-7.76332456098e-07,0.981140375137,-0.0172676611692,-0.0876841694117,1.09145152569
1.16382670967e-06,-7.76332456098e-07,0.974842250347,-0.0166592150927,-0.0915000885725,1.09012305737
1.16382670967e-06,-7.76332456098e-07,0.972466886044,-0.016280438751,-0.0930633917451,1.08880913258
1.16382670967e-06,-7.76332456098e-07,0.967284023762,-0.015953226015,-0.0946128219366,1.08759057522
1.16382670967e-06,-7.76332456098e-07,0.9644703269,-0.0155351161957,-0.0956611782312,1.08606016636
1.16382670967e-06,-7.76332456098e-07,0.958378195763,-0.01497692056,-0.0967835262418,1.0840408802
1.16382670967e-06,-7.76332456098e-07,0.955100536346,-0.0145906610414,-0.097481161356,1.08181285858
1.16382670967e-06,-7.76332456098e-07,0.948059439659,-0.0138501189649,-0.0979788824916,1.07944369316
1.16382670967e-06,-7.76332456098e-07,0.944294571877,-0.0133313154802,-0.0984258130193,1.0763258934
1.16382670967e-06,-7.76332456098e-07,0.936262726784,-0.0125211365521,-0.0984006375074,1.07309651375
1.16382670967e-06,-7.76332456098e-07,0.922707676888,-0.0109445722774,-0.0978126078844,1.06519734859
1.16382670967e-06,-7.76332456098e-07,0.918170213699,-0.0100936572999,-0.0972545668483,1.06105995178
1.16382670967e-06,-7.76332456098e-07,0.907835125923,-0.00926021113992,-0.096339225769,1.05600965023
1.16382670967e-06,-7.76332456098e-07,0.902799546719,-0.00838795397431,-0.0953777655959,1.05059337616
1.16382670967e-06,-7.76332456098e-07,0.891425073147,-0.00743025820702,-0.0940943732858,1.04557013512
1.16382670967e-06,-7.76332456098e-07,0.885877490044,-0.00644925748929,-0.0927754193544,1.03936815262
1.16382670967e-06,-7.76332456098e-07,0.873448610306,-0.00526291225106,-0.0911214798689,1.03322827816
1.16382670967e-06,-7.76332456098e-07,0.867417871952,-0.00434493506327,-0.0894649103284,1.02660620213
1.16382670967e-06,-7.76332456098e-07,0.85396617651,-0.0031802423764,-0.0874640569091,1.0197776556
1.16382670967e-06,-7.76332456098e-07,0.847454071045,-0.00197873963043,-0.0855659469962,1.01211583614
1.16382670967e-06,-7.76332456098e-07,0.826042354107,0.000374420778826,-0.0812059566379,0.996522843838
1.16382670967e-06,-7.76332456098e-07,0.810998976231,0.00178174721077,-0.0785878822207,0.98409229517
1.16382670967e-06,-7.76332456098e-07,0.80324780941,0.00263926712796,-0.0767409130931,0.978029847145
1.16382670967e-06,-7.76332456098e-07,0.786922216415,0.00381347117946,-0.0742467194796,0.97029364109
1.16382670967e-06,-7.76332456098e-07,0.779131412506,0.00495241209865,-0.0719385892153,0.96014291048
1.16382670967e-06,-7.76332456098e-07,0.761958539486,0.0060925250873,-0.0692762434483,0.949922442436
1.16382670967e-06,-7.76332456098e-07,0.735834598541,0.00833948329091,-0.0642953813076,0.92786937952
1.16382670967e-06,-7.76332456098e-07,0.727335870266,0.00921305455267,-0.0620519816875,0.916749954224
1.16382670967e-06,-7.76332456098e-07,0.708688378334,0.0102348290384,-0.0596577711403,0.904590845108
1.16382670967e-06,-7.76332456098e-07,0.69987988472,0.0111145777628,-0.0575043037534,0.892282009125
1.16382682336e-06,-7.76332456098e-07,0.680624604225,0.0119424015284,-0.0553945414722,0.879849910736
1.16382682336e-06,-7.76332456098e-07,0.671558797359,0.0127959894016,-0.0535128414631,0.866873979568
1.16382682336e-06,-7.76332456098e-07,0.651785254478,0.0135420467705,-0.051638584584,0.853669643402
1.16382682336e-06,-7.76332456098e-07,0.642495512962,0.0142217846587,-0.0500156991184,0.840422391891
1.16382682336e-06,-7.76332456098e-07,0.622328877449,0.014918172732,-0.0484108701348,0.826581597328
1.16382682336e-06,-7.76332456098e-07,0.612861931324,0.0155787654221,-0.0470437370241,0.812779426575
1.16382682336e-06,-7.76332456098e-07,0.592378735542,0.0162301510572,-0.0458200313151,0.798640489578
1.16382682336e-06,-7.76332456098e-07,0.582790851593,0.0169038213789,-0.044829364866,0.784170866013
1.16382682336e-06,-7.76332456098e-07,0.562101304531,0.0174072831869,-0.0439850725234,0.769424140453
1.16382682336e-06,-7.76332456098e-07,0.55243074894,0.0180935300887,-0.0433813817799,0.754807889462
1.16382682336e-06,-7.76332456098e-07,0.531658768654,0.0186877697706,-0.0429903902113,0.739451944828
1.16382682336e-06,-7.76332456098e-07,0.521964073181,0.0191590227187,-0.042703922838,0.724189817905
1.16382682336e-06,-7.76332456098e-07,0.501207590103,0.0197568386793,-0.0427295938134,0.707465112209
