0.0,0.0,0.0,0.0214958451688,-0.0438493005931,0.134836420417
0.0,0.0,0.0,0.0215385295451,-0.0438989698887,0.135165005922
0.0,0.0,0.0,0.0215241778642,-0.0438653640449,0.134860575199
0.0,0.0,0.0,0.0215044822544,-0.0438315086067,0.135190054774
0.0,0.0,0.0,0.0214944370091,-0.0438678152859,0.134886458516
0.0,0.0,0.0,0.021489309147,-0.043884228915,0.135200753808
0.0,0.0,0.0,0.0214849878103,-0.0439111739397,0.134879380465
0.0,0.0,0.0,0.0214843787253,-0.0439131334424,0.135186254978
0.0,0.0,0.0,0.0214898139238,-0.043874938041,0.134854719043
0.0,0.0,0.0,0.0215278305113,-0.0439149364829,0.135158866644
0.0,0.0,0.0,0.0215171985328,-0.0438828654587,0.134838789701
0.0,0.0,0.0,0.0215047672391,-0.0438741631806,0.135146766901
0.0,0.0,0.0,0.0214930158108,-0.0438967086375,0.134821668267
0.0,0.0,0.0,0.021526357159,-0.0439203679562,0.13480566442
0.0,0.0,0.0,0.0214871186763,-0.0437887571752,0.134771555662
0.0,0.0,0.0,0.0214746259153,-0.0437429398298,0.135061740875
0.0,0.0,0.0,0.0214972030371,-0.0437510423362,0.134765341878
0.0,0.0,0.0,0.021491991356,-0.0437996797264,0.135139137506
0.0,0.0,0.0,0.0214981399477,-0.0438049398363,0.134839221835
0.0,0.0,0.0,0.0215072613209,-0.0438073724508,0.135165795684
0.0,0.0,0.0,0.021512389183,-0.0438117459416,0.134845659137
0.0,0.0,0.0,0.0215101707727,-0.0438131280243,0.135172352195
0.0,0.0,0.0,0.0215024016798,-0.0438113920391,0.134864732623
0.0,0.0,0.0,0.0214774664491,-0.0439348220825,0.134885773063
0.0,0.0,0.0,0.0214726198465,-0.0439531765878,0.132479995489
0.0,0.0,0.0,0.0214829705656,-0.0439604669809,0.135003790259
0.0,0.0,0.0,0.0214853398502,-0.0439599454403,0.132542237639
0.0,0.0,0.0,0.0214837696403,-0.0439495109022,0.134997576475
0.0,0.0,0.0,0.0214869752526,-0.0439481474459,0.132533282042
0.0,0.0,0.0,0.0214771684259,-0.0438635908067,0.134964168072
0.0,0.0,0.0,0.0214858297259,-0.0438613630831,0.132512554526
0.0,0.0,0.0,0.0214872788638,-0.0438939556479,0.134968727827
0.0,0.0,0.0,0.0214865468442,-0.0439219661057,0.132513731718
0.0,0.0,0.0,0.0214860402048,-0.0439487919211,0.134984910488
0.0,0.0,0.0,0.0214836355299,-0.0439769029617,0.132549732924
0.0,0.0,0.0,0.0215035956353,-0.0438982881606,0.135004460812
0.0,0.0,0.0,0.0215033758432,-0.0439011715353,0.132567226887
0.0,0.0,0.0,0.0215057767928,-0.0438532941043,0.135001763701
0.0,0.0,0.0,0.0215018633753,-0.0438642501831,0.13254840672
0.0,0.0,0.0,0.0214960165322,-0.0439254529774,0.135023221374
0.0,0.0,0.0,0.0214913524687,-0.0439542867243,0.132574781775
0.0,0.0,0.0,0.0214905552566,-0.0439614988863,0.135045960546
0.0,0.0,0.0,0.0214848276228,-0.043972749263,0.132599726319
0.0,0.0,0.0,0.0214898157865,-0.0438920482993,0.135025173426
0.0,0.0,0.0,0.0214891470969,-0.0438610501587,0.135004028678
0.0,0.0,0.0,0.0214953888208,-0.0438202060759,0.132544338703
0.0,0.0,0.0,0.0214923005551,-0.0438066422939,0.134995624423
0.0,0.0,0.0,0.0214933827519,-0.0437798202038,0.132526099682
0.0,0.0,0.0,0.0215488597751,-0.0439108125865,0.13497646153
0.0,0.0,0.0,0.0215586218983,-0.0439284406602,0.132514208555
0.0,0.0,0.0,0.0215523596853,-0.0439252890646,0.134978726506
0.0,0.0,0.0,0.0215820651501,-0.0439939014614,0.132528066635
0.0,0.0,0.0,0.0215113740414,-0.0438701808453,0.134280920029
0.0,0.0,0.0,0.0215044934303,-0.043893199414,0.134602338076
0.0,0.0,0.0,0.021474769339,-0.0439575947821,0.133949324489
0.0,0.0,0.0,0.0214768964797,-0.0439470373094,0.134307935834
0.0,0.0,0.0,0.0215009897947,-0.0438388623297,0.134186372161
0.0,0.0,0.0,0.0215069204569,-0.043865095824,0.132181674242
0.0,0.0,0.0,0.0215110257268,-0.043882470578,0.133554592729
0.0,0.0,0.0,0.0215202532709,-0.0438531711698,0.134115919471
0.0,0.0,0.0,0.0215239543468,-0.0438361391425,0.134587854147
0.0,0.0,0.0,0.0215206798166,-0.043816935271,0.134801194072
0.0,0.0,0.0,0.0215181093663,-0.0438126139343,0.13509298861
0.0,0.0,0.0,0.0215181745589,-0.0438027977943,0.132508262992
0.0,0.0,0.0,0.0215157549828,-0.043805051595,0.133642420173
0.0,0.0,0.0,0.0214775633067,-0.0438097380102,0.134365081787
0.0,0.0,0.0,0.0214627180248,-0.0438072420657,0.131523355842
0.0,0.0,0.0,0.021447872743,-0.0438047461212,0.12770062685
0.0,0.0,0.0,0.0214330274612,-0.0438022501767,0.122896894813
0.0,0.0,0.0,0.0214561857283,-0.0438903421164,0.131787195802
0.0,0.0,0.0,0.0214521158487,-0.0439052432775,0.128354713321
0.0,0.0,0.0,0.0214913263917,-0.0439162105322,0.133560910821
0.0,0.0,0.0,0.0214977059513,-0.0439279079437,0.130452081561
0.0,0.0,0.0,0.0214924253523,-0.0439401008189,0.130733087659
0.0,0.0,0.0,0.0214785467833,-0.0439488701522,0.133085042238
0.0,0.0,0.0,0.0214693769813,-0.0439464263618,0.133808583021
0.0,0.0,0.0,0.0214331801981,-0.0438951142132,0.133977070451
0.0,0.0,0.0,0.0214407742023,-0.0439072735608,0.134024679661
0.0,0.0,0.0,0.0214505158365,-0.0439134463668,0.134008750319
0.0,0.0,0.0,0.0214344002306,-0.0438316985965,0.133936494589
0.0,0.0,0.0,0.021454134956,-0.0438069403172,0.134165793657
0.0,0.0,0.0,0.0214907675982,-0.043873295188,0.133541256189
0.0,0.0,0.0,0.0214962475002,-0.04385862872,0.1346167624
0.0,0.0,0.0,0.021501686424,-0.0438601188362,0.131906434894
0.0,0.0,0.0,0.0214998591691,-0.0439042784274,0.133864566684
0.0,0.0,0.0,0.0214966796339,-0.0439230725169,0.134847253561
0.0,0.0,0.0,0.0214974246919,-0.0439382344484,0.13220398128
0.0,0.0,0.0,0.0215037725866,-0.0439106225967,0.133333921432
0.0,0.0,0.0,0.0214964225888,-0.0439592562616,0.133883476257
0.0,0.0,0.0,0.0214968472719,-0.0439683832228,0.134615585208
0.0,0.0,0.0,0.0214967820793,-0.0439790189266,0.131824031472
0.0,0.0,0.0,0.0214901212603,-0.0439809039235,0.133529931307
0.0,0.0,0.0,0.021463252604,-0.0439516678452,0.134140342474
0.0,0.0,0.0,0.0214721299708,-0.0439116507769,0.134619399905
0.0,0.0,0.0,0.0214749574661,-0.0439375042915,0.134832471609
0.0,0.0,0.0,0.0214763507247,-0.0439384952188,0.134905874729
0.0,0.0,0.0,0.0215126145631,-0.0440069325268,0.134924188256
0.0,0.0,0.0,0.0215101875365,-0.0439970269799,0.134917974472
0.0,0.0,0.0,0.021505529061,-0.0439920686185,0.135114863515
0.0,0.0,0.0,0.0214947089553,-0.043976046145,0.135241165757
0.0,0.0,0.0,0.0214905459434,-0.0439709424973,0.132719263434
0.0,0.0,0.0,0.0214878749102,-0.0439629219472,0.133114665747
0.0,0.0,0.0,0.0214880630374,-0.0439162142575,0.134427726269
0.0,0.0,0.0,0.0214864704758,-0.0438965633512,0.131669551134
0.0,0.0,0.0,0.0214933585376,-0.0438213460147,0.132779702544
0.0,0.0,0.0,0.0214893799275,-0.0438445135951,0.133232623339
0.0,0.0,0.0,0.0214900579304,-0.0438094437122,0.133688598871
0.0,0.0,0.0,0.0214894711971,-0.0437825210392,0.133882462978
0.0,0.0,0.0,0.0214607343078,-0.0437358990312,0.13417480886
0.0,0.0,0.0,0.0214680004865,-0.0437789075077,0.134645462036
0.0,0.0,0.0,0.0214713122696,-0.0438285283744,0.135022446513
0.0,0.0,0.0,0.0214435644448,-0.0437631420791,0.135155111551
0.0214435644448,-0.0437631420791,0.135155126452,0.0214283652604,-0.0437314026058,0.132590979338
0.0214435644448,-0.0437631420791,0.135155394673,0.0213381182402,-0.0436718314886,0.13561975956
0.0214435644448,-0.0437631420791,0.135156452656,0.0212789606303,-0.0436162315309,0.133274137974
0.0214435644448,-0.0437631420791,0.135159298778,0.0211467593908,-0.0435216911137,0.133190691471
0.0214435644448,-0.0437631420791,0.135165676475,0.0209858193994,-0.0433139875531,0.135332971811
0.0214435644448,-0.0437631420791,0.135193794966,0.0209283661097,-0.0432188101113,0.133098244667
0.0214435644448,-0.0437631420791,0.13522207737,0.0208884701133,-0.0434309393167,0.135245546699
0.0214435644448,-0.0437631420791,0.135259017348,0.0208229608834,-0.043469067663,0.132898911834
0.0214435644448,-0.0437631420791,0.135311931372,0.0208796747029,-0.04352125898,0.133120179176
0.0214435644448,-0.0437631420791,0.135385841131,0.0208553951234,-0.0435333102942,0.13530305028
0.0214435644448,-0.0437631420791,0.135473534465,0.0208184774965,-0.043580006808,0.132983282208
0.0214435644448,-0.0437631420791,0.135738939047,0.020916249603,-0.0436648726463,0.13550542295
0.0214435644448,-0.0437631420791,0.135906174779,0.0209365338087,-0.0437372736633,0.133299708366
0.0214435644448,-0.0437631420791,0.136116206646,0.020925546065,-0.0436425097287,0.133689522743
0.0214435644448,-0.0437631420791,0.136377379298,0.0208975244313,-0.0434411019087,0.136377558112
0.0214435644448,-0.0437631420791,0.136657655239,0.0208859108388,-0.0433632433414,0.134429857135
0.0214435644448,-0.0437631420791,0.136998206377,0.0209929011762,-0.043508592993,0.134861022234
0.0214435644448,-0.0437631420791,0.137410223484,0.0210258290172,-0.0437047258019,0.138130053878
0.0214435644448,-0.0437631420791,0.137839525938,0.0210672356188,-0.0437483116984,0.136591017246
0.0214435644448,-0.0437631420791,0.138348951936,0.0210725814104,-0.0438258051872,0.137763157487
0.0214435644448,-0.0437631420791,0.138949736953,0.0211827531457,-0.0448017790914,0.142445847392
0.0214435644448,-0.0437631420791,0.139565110207,0.0212562344968,-0.0452572517097,0.14180803299
0.0214435644448,-0.0437631420791,0.140282481909,0.0214951802045,-0.0459631755948,0.143650650978
0.0214435644448,-0.0437631420791,0.141116768122,0.021613035351,-0.0471667051315,0.149742916226
0.0214435644448,-0.0437631420791,0.142920717597,0.0217610709369,-0.0493277683854,0.152539908886
0.0214435644448,-0.0437631420791,0.144024267793,0.0215035378933,-0.0511536560953,0.158805757761
0.0214435644448,-0.0437631420791,0.145123869181,0.0214430950582,-0.0525136291981,0.159921884537
0.0214435644448,-0.0437631420791,0.146373972297,0.0213826522231,-0.0538736023009,0.160057008266
0.0214435644448,-0.0437631420791,0.150760442019,0.0214082505554,-0.0581342540681,0.176631435752
0.0214435644448,-0.0437631420791,0.152523055673,0.0209072493017,-0.0600842051208,0.184942677617
0.0214435644448,-0.0437631420791,0.154247447848,0.0206238292158,-0.0618939511478,0.188007891178
0.0214435644448,-0.0437631420791,0.156174898148,0.0205756239593,-0.0634842291474,0.191259384155
0.0214435644448,-0.0437631420791,0.158319458365,0.0207301564515,-0.0668159350753,0.19846560061
0.0214435644448,-0.0437631420791,0.160409629345,0.020658519119,-0.0694367140532,0.201409816742
0.0214435644448,-0.0437631420791,0.165280655026,0.0203381422907,-0.0729372724891,0.212434947491
0.0214435644448,-0.0437631420791,0.167749747634,0.0201814007014,-0.0753155723214,0.215525642037
0.0214435644448,-0.0437631420791,0.170475810766,0.019961681217,-0.0773799270391,0.218598440289
0.0214435644448,-0.0437631420791,0.173471882939,0.0195036455989,-0.0797829553485,0.225518316031
0.0214435644448,-0.0437631420791,0.176349133253,0.0192206166685,-0.0823613405228,0.228449940681
0.0214435644448,-0.0437631420791,0.179509952664,0.0191180575639,-0.0843527540565,0.231639862061
0.0214435644448,-0.0437631420791,0.189894914627,0.0186932142824,-0.0909550637007,0.240704655647
0.0214435644448,-0.0437631420791,0.201652795076,0.0184920616448,-0.098522208631,0.253927081823
0.0214435644448,-0.0437631420791,0.210283502936,0.0181551743299,-0.104141801596,0.262035936117
0.0214435644448,-0.0437631420791,0.214836239815,0.0180112272501,-0.105685144663,0.264767974615
0.0214435644448,-0.0437631420791,0.224402651191,0.0174246132374,-0.111134774983,0.272935628891
0.0214435644448,-0.0437631420791,0.22943110764,0.0170309562236,-0.112420476973,0.275728493929
0.0214435644448,-0.0437631420791,0.239962741733,0.0159553401172,-0.117296934128,0.284483224154
0.0214435644448,-0.0437631420791,0.245464771986,0.0157581157982,-0.118779636919,0.287585914135
0.0214435644448,-0.0437631420791,0.257191568613,0.0154700735584,-0.12421040982,0.299138695002
0.0214435644448,-0.0437631420791,0.262885987759,0.0151891121641,-0.127115994692,0.30192103982
0.0214435644448,-0.0437631420791,0.269044131041,0.0147969704121,-0.127633184195,0.305533081293
0.0214435644448,-0.0437631420791,0.281696915627,0.014359511435,-0.130830362439,0.316864043474
0.0214435644448,-0.0437631420791,0.288243770599,0.0142143620178,-0.131710886955,0.320805698633
0.0214435644448,-0.0437631420791,0.308805137873,0.0135235339403,-0.135435327888,0.337664842606
0.0214435644448,-0.0437631420791,0.323181867599,0.0124259097502,-0.137977018952,0.351402997971
0.0214435644448,-0.0437631458044,0.330649256706,0.0118332328275,-0.138672247529,0.356414824724
0.0214435644448,-0.0437631458044,0.345758885145,0.0108606740832,-0.139978811145,0.37180775404
0.0214435644448,-0.0437631458044,0.353580892086,0.0103556150571,-0.140575796366,0.37754380703
0.0214435644448,-0.0437631458044,0.369405567646,0.00942420959473,-0.142016321421,0.394026577473
0.0214435644448,-0.0437631458044,0.377521753311,0.00912073254585,-0.142188921571,0.400021135807
0.0214435644448,-0.0437631458044,0.394069373608,0.00835592858493,-0.142650932074,0.418555617332
0.0214435644448,-0.0437631458044,0.402492284775,0.00786371342838,-0.142534792423,0.424513280392
0.0214435644448,-0.0437631458044,0.419587880373,0.00655248714611,-0.142134204507,0.443701714277
0.0214435644448,-0.0437631458044,0.428277850151,0.00587551435456,-0.141980230808,0.450198292732
0.0214435663074,-0.0437631458044,0.454807400703,0.00287587172352,-0.140545219183,0.477232575417
0.0214435663074,-0.0437631458044,0.47279971838,0.000228201315622,-0.139114290476,0.498284906149
0.0214435663074,-0.0437631458044,0.481894731522,-0.0007663097349,-0.138275027275,0.50552469492
0.0214435663074,-0.0437631495297,0.500229179859,-0.0036442107521,-0.136793777347,0.527339339256
0.0214435663074,-0.0437631495297,0.509458065033,-0.00438584806398,-0.136207178235,0.535499930382
0.0214435663074,-0.0437631495297,0.527983486652,-0.00663363188505,-0.134291499853,0.556296765804
0.0214435663074,-0.0437631495297,0.537297904491,-0.00726902345195,-0.133298784494,0.564733684063
0.0214435663074,-0.0437631495297,0.55597448349,-0.00922030210495,-0.131376594305,0.588465988636
0.0214435663074,-0.0437631495297,0.565325737,-0.0102127473801,-0.130569890141,0.597085416317
0.0214435663074,-0.0437631495297,0.58399784565,-0.0121247516945,-0.128314316273,0.619042217731
0.0214435663074,-0.043763153255,0.593336701393,-0.0131798079237,-0.127651795745,0.627841591835
0.0214435663074,-0.043763153255,0.611934900284,-0.0152099505067,-0.125885084271,0.650872170925
0.0214435663074,-0.043763153255,0.621240854263,-0.016065729782,-0.125154316425,0.660028040409
0.0214435663074,-0.043763153255,0.648834526539,-0.0189486946911,-0.121665991843,0.691900730133
0.0214435681701,-0.0437631569803,0.666993916035,-0.0203198064119,-0.119278073311,0.717013776302
0.0214435681701,-0.0437631569803,0.676059186459,-0.0207339208573,-0.118438184261,0.725093781948
0.0214435681701,-0.0437631569803,0.693830311298,-0.0221634265035,-0.116652823985,0.749187350273
0.0214435681701,-0.0437631569803,0.702691137791,-0.0225675553083,-0.115961968899,0.757081449032
0.0214435681701,-0.0437631607056,0.719986796379,-0.0232742987573,-0.114100523293,0.780882120132
0.0214435681701,-0.0437631607056,0.728625953197,-0.0234198402613,-0.113505512476,0.788857340813
0.0214435681701,-0.0437631607056,0.745388686657,-0.0233874116093,-0.111938640475,0.812141060829
0.0214435681701,-0.0437631644309,0.753712236881,-0.023305637762,-0.111434586346,0.819899380207
0.0214435700327,-0.0437631644309,0.769865036011,-0.0226451382041,-0.110366351902,0.842599213123
0.0214435700327,-0.0437631681561,0.793355107307,-0.0212349779904,-0.109188310802,0.872085928917
0.0214435700327,-0.0437631681561,0.801012933254,-0.0208961162716,-0.108980625868,0.879258930683
0.0214435700327,-0.0437631718814,0.815689980984,-0.0194728914648,-0.10858053714,0.900307118893
0.0214435700327,-0.0437631718814,0.822998583317,-0.0190207529813,-0.108539536595,0.907212138176
0.0214435718954,-0.0437631718814,0.83687376976,-0.017093218863,-0.108553007245,0.927256703377
0.0214435718954,-0.0437631756067,0.843758940697,-0.0166079346091,-0.108719095588,0.933692634106
0.0214435718954,-0.0437631756067,0.856785416603,-0.0143889021128,-0.108654290438,0.952867984772
0.0214435718954,-0.043763179332,0.863205850124,-0.0135871479288,-0.108855798841,0.959149777889
0.0214435718954,-0.043763179332,0.875344872475,-0.0106198033318,-0.10964948684,0.977556407452
0.021443573758,-0.0437631830573,0.881287336349,-0.00960760004818,-0.109656684101,0.983661532402
0.021443573758,-0.0437631867826,0.892545223236,-0.00655603967607,-0.110758855939,1.00047969818
0.021443573758,-0.0437631867826,0.898016035557,-0.00542393373325,-0.111188799143,1.00604879856
0.021443573758,-0.0437631905079,0.908319592476,-0.00190003635362,-0.112466514111,1.02192342281
0.0214435756207,-0.0437631905079,0.913311719894,-0.000665411702357,-0.112950779498,1.02688241005
0.0214435756207,-0.0437631942332,0.922684669495,0.00289682485163,-0.114034458995,1.0406690836
0.0214435774833,-0.0437632016838,0.93561154604,0.00827041454613,-0.116426683962,1.05793237686
0.0214435774833,-0.043763205409,0.947141230106,0.0145070124418,-0.119216315448,1.07357656956
0.0214435793459,-0.0437632091343,0.950707614422,0.0160548333079,-0.119898661971,1.07732844353
0.0214435793459,-0.0437632128596,0.957291424274,0.0210958886892,-0.121660746634,1.08741426468
0.0214435793459,-0.0437632165849,0.960395395756,0.0231158379465,-0.122212871909,1.09087157249
0.0214435830712,-0.0437632277608,0.97364038229,0.0359040498734,-0.126622200012,1.11111450195
0.0214435849339,-0.0437632352114,0.979988098145,0.0423560403287,-0.129508674145,1.12127995491
0.0214435849339,-0.0437632389367,0.981862664223,0.043895367533,-0.130273073912,1.1237039566
0.0214435867965,-0.0437632463872,0.985222399235,0.0485802702606,-0.132039546967,1.13019025326
0.0214435867965,-0.0437632463872,0.986746191978,0.0501503571868,-0.132659852505,1.13211250305
0.0214435886592,-0.0437632538378,0.989436626434,0.0554620362818,-0.134068667889,1.1373115778
0.0214435886592,-0.0437632575631,0.990641951561,0.0573504902422,-0.134437248111,1.1391261816
0.0214435905218,-0.0437632650137,0.992742836475,0.0623585693538,-0.135526001453,1.14349317551
0.0214435905218,-0.043763268739,0.993667423725,0.0640446618199,-0.135812550783,1.14473259449
0.0214435923845,-0.0437632761896,0.995250105858,0.0684962272644,-0.136989086866,1.14778220654
0.0214435942471,-0.0437632799149,0.995928823948,0.0698945224285,-0.137460768223,1.14874768257
0.0214435961097,-0.0437632873654,0.997073411942,0.0738711357117,-0.138350501657,1.1509386301
0.0214435979724,-0.043763294816,0.997972846031,0.0762149095535,-0.138497874141,1.15235710144
0.0214435979724,-0.0437632985413,0.998337090015,0.0784722194076,-0.138848930597,1.15272057056
0.021443599835,-0.0437633097172,0.998920500278,0.0805227831006,-0.138484567404,1.15336918831
0.0214436016977,-0.0437633134425,0.99915009737,0.0827855095267,-0.138194665313,1.15323996544
0.0214436035603,-0.0437633246183,0.999498128891,0.0845248550177,-0.137531533837,1.15321445465
0.0214436035603,-0.0437633283436,0.99962580204,0.0867826640606,-0.137342840433,1.1528031826
0.0214436110109,-0.0437633544207,0.999947667122,0.0895262509584,-0.13628025353,1.15113317966
0.0214436110109,-0.0437633618712,0.999969303608,0.0898426994681,-0.135699227452,1.14976906776
0.0214436147362,-0.0437633730471,0.999988734722,0.0895770043135,-0.134824261069,1.14889812469
0.0214436147362,-0.0437633767724,0.999995589256,0.0895041823387,-0.133883744478,1.14742922783
0.0214436184615,-0.0437633916736,0.999996006489,0.0891476124525,-0.132499724627,1.14632487297
0.0214436203241,-0.0437633953989,0.999995052814,0.0885065197945,-0.13152462244,1.14467716217
0.0214436203241,-0.0437633991241,0.999996542931,0.0870253220201,-0.129501804709,1.14218246937
0.0214436203241,-0.0437633991241,0.999996542931,0.0856031030416,-0.128467932343,1.14118099213
0.0214436203241,-0.0437633991241,0.999996542931,0.0842171013355,-0.127518847585,1.13993239403
0.0214436203241,-0.0437633991241,0.999996542931,0.0819105282426,-0.126185178757,1.13894093037
0.0214436203241,-0.0437633991241,0.999996542931,0.0800646916032,-0.125059381127,1.13764631748
0.0214436203241,-0.0437633991241,0.999996542931,0.0771753489971,-0.123428046703,1.13696181774
0.0214436203241,-0.0437633991241,0.999996542931,0.0713359117508,-0.120774559677,1.13477241993
0.0214436203241,-0.0437633991241,0.999996542931,0.0686674192548,-0.119536854327,1.13337826729
0.0214436203241,-0.0437633991241,0.999996542931,0.0655371174216,-0.118483535945,1.13300347328
0.0214436203241,-0.0437633991241,0.999996542931,0.0624600611627,-0.117292068899,1.13174104691
0.0214436203241,-0.0437633991241,0.999996542931,0.0587850436568,-0.11596121639,1.13151633739
0.0214436203241,-0.0437633991241,0.999996542931,0.0551269538701,-0.115080609918,1.13042855263
0.0214436203241,-0.0437633991241,0.999996542931,0.0511527508497,-0.113982535899,1.13045585155
0.0214436203241,-0.0437633991241,0.999996542931,0.0473721958697,-0.113076835871,1.12971782684
0.0214436203241,-0.0437633991241,0.999996542931,0.0439646653831,-0.112367965281,1.13019144535
0.0214436203241,-0.0437633991241,0.999996542931,0.0407955124974,-0.111670896411,1.12972521782
0.0214436203241,-0.0437633991241,0.999996542931,0.0372545458376,-0.111009605229,1.13020253181
0.0214436203241,-0.0437633991241,0.999996542931,0.0341562181711,-0.110489696264,1.12987279892
0.0214436203241,-0.0437633991241,0.999996542931,0.0307446587831,-0.109965763986,1.13058507442
0.0214436203241,-0.0437633991241,0.999996542931,0.0275626629591,-0.109951213002,1.12992453575
0.0214436203241,-0.0437633991241,0.999996542931,0.0241817310452,-0.10982401669,1.13036370277
0.0214436203241,-0.0437633991241,0.999996542931,0.0213371552527,-0.10995747149,1.12999010086
0.0214436203241,-0.0437633991241,0.999996542931,0.0186193380505,-0.109946452081,1.1307104826
0.0214436203241,-0.0437633991241,0.999996542931,0.0162559151649,-0.110142886639,1.13027083874
0.0214436203241,-0.0437633991241,0.999996542931,0.0140735432506,-0.110374122858,1.13091063499
0.0214436203241,-0.0437633991241,0.999996542931,0.0119527345523,-0.111014738679,1.13045549393
0.0214436203241,-0.0437633991241,0.999996542931,0.0101665118709,-0.111569151282,1.13100898266
0.0214436203241,-0.0437633991241,0.999996542931,0.0085074622184,-0.112323008478,1.13044941425
0.0214436203241,-0.0437633991241,0.999996542931,0.00722281541675,-0.112829849124,1.13075947762
0.0214436203241,-0.0437633991241,0.999996542931,0.00589196849614,-0.113442994654,1.12977826595
0.0214436203241,-0.0437633991241,0.999996542931,0.00532481307164,-0.114016748965,1.12978076935
0.0214436203241,-0.0437633991241,0.999996542931,0.0048249703832,-0.114651590586,1.1288074255
0.0,0.0,1.0,0.00500660389662,-0.115986905992,1.12744116783
0.0,0.0,1.0,0.00598486652598,-0.117728710175,1.12625467777
0.0,0.0,1.0,0.00681721558794,-0.119295351207,1.1249808073
0.0,0.0,1.0,0.00871848780662,-0.121833696961,1.12375605106
0.0,0.0,1.0,0.0100751779974,-0.123078793287,1.12359917164
0.0,0.0,1.0,0.0114379003644,-0.124015070498,1.12269616127
0.0,0.0,1.0,0.0130227953196,-0.125174894929,1.12236785889
0.0,0.0,1.0,0.0145588591695,-0.125762954354,1.12113726139
0.0,0.0,1.0,0.016246823594,-0.126723527908,1.12073397636
0.0,0.0,1.0,0.0177709255368,-0.127721324563,1.11961078644
0.0,0.0,1.0,0.0193416960537,-0.128604859114,1.11931109428
0.0,0.0,1.0,0.0210598837584,-0.129372552037,1.11830556393
0.0,0.0,1.0,0.02278601937,-0.130236789584,1.11808657646
0.0,0.0,1.0,0.0242947600782,-0.130957379937,1.11703193188
0.0,0.0,1.0,0.0259752888232,-0.131386607885,1.11667883396
0.0,0.0,1.0,0.0277611855417,-0.13134971261,1.11558640003
0.0,0.0,1.0,0.0294711738825,-0.131505742669,1.11400401592
0.0,0.0,1.0,0.0305164717138,-0.131651848555,1.11063396931
0.0,0.0,1.0,0.0326070673764,-0.131944060326,1.10095071793
0.0,0.0,1.0,0.0336523652077,-0.132090166211,1.09463763237
0.0,0.0,1.0,0.0343716479838,-0.130473271012,1.11294186115
0.0,0.0,1.0,0.0354798212647,-0.129992946982,1.11259925365
0.0,0.0,1.0,0.036196179688,-0.129232719541,1.11302447319
0.0,0.0,1.0,0.0368827842176,-0.128335133195,1.11280667782
0.0,0.0,1.0,0.0373605340719,-0.127337411046,1.11371660233
0.0,0.0,1.0,0.03784205392,-0.126366227865,1.11382341385
0.0,0.0,1.0,0.037917226553,-0.125175386667,1.11530745029
0.0,0.0,1.0,0.0376711934805,-0.124422468245,1.11589133739
0.0,0.0,1.0,0.0371626131237,-0.123165175319,1.11755824089
0.0,0.0,1.0,0.0367081873119,-0.122066609561,1.11812067032
0.0,0.0,1.0,0.0359393954277,-0.120549246669,1.11960279942
0.0,0.0,1.0,0.0353733003139,-0.11934838444,1.12012839317
0.0,0.0,1.0,0.0343964546919,-0.117630928755,1.12117493153
0.0,0.0,1.0,0.0335701182485,-0.116348855197,1.12151122093
0.0,0.0,1.0,0.0322134122252,-0.114671327174,1.12221300602
0.0,0.0,1.0,0.0310837570578,-0.113458290696,1.12223529816
0.0,0.0,1.0,0.0278124660254,-0.110908322036,1.12213683128
0.0,0.0,1.0,0.0257897060364,-0.109607324004,1.12189030647
0.0,0.0,1.0,0.0242960918695,-0.108609996736,1.12113666534
0.0,0.0,1.0,0.0221930406988,-0.107344843447,1.12043261528
0.0,0.0,1.0,0.0204752981663,-0.106171824038,1.11915957928
0.0,0.0,1.0,0.0180445611477,-0.105047017336,1.11812126637
0.0,0.0,1.0,0.0140968775377,-0.103189982474,1.11571657658
0.0,0.0,1.0,0.0121869817376,-0.102436222136,1.11431157589
0.0,0.0,1.0,0.0097650680691,-0.101759083569,1.11308825016
0.0,0.0,1.0,0.0079672941938,-0.101112760603,1.11153590679
0.0,0.0,1.0,0.00570763740689,-0.100441947579,1.11020743847
0.0,0.0,1.0,0.00430209748447,-0.0995966866612,1.10875654221
0.0,0.0,1.0,0.00222276896238,-0.0989490449429,1.10774612427
0.0,0.0,1.0,0.000505796168,-0.0986013934016,1.10624957085
0.0,0.0,1.0,-0.00157785858028,-0.0983383581042,1.1054264307
0.0,0.0,1.0,-0.00297309434973,-0.098292067647,1.10430395603
0.0,0.0,1.0,-0.00456053996459,-0.0981696024537,1.10387778282
0.0,0.0,1.0,-0.00599521538243,-0.0982086807489,1.10307204723
0.0,0.0,1.0,-0.00762074720114,-0.0980250537395,1.10278308392
0.0,0.0,1.0,-0.0087580634281,-0.0981379598379,1.10204553604
0.0,0.0,1.0,-0.0101312920451,-0.0982732102275,1.10196685791
0.0,0.0,1.0,-0.0110732456669,-0.0983628854156,1.10132610798
0.0,0.0,1.0,-0.0119834719226,-0.0983701199293,1.10148251057
0.0,0.0,1.0,-0.0126167209819,-0.0985666811466,1.10106801987
0.0,0.0,1.0,-0.0131804589182,-0.0987195298076,1.1013007164
0.0,0.0,1.0,-0.0136136971414,-0.0986711531878,1.10101389885
0.0,0.0,1.0,-0.014155190438,-0.0989355817437,1.10124528408
0.0,0.0,1.0,-0.0144322672859,-0.0989718139172,1.1009349823
0.0,0.0,1.0,-0.0146425403655,-0.0991058275104,1.10116696358
0.0,0.0,1.0,-0.0148096960038,-0.0993558615446,1.10074543953
0.0,0.0,1.0,-0.0148322219029,-0.0996916294098,1.10089540482
0.0,0.0,1.0,-0.0147420568392,-0.099796153605,1.10036587715
0.0,0.0,1.0,-0.0142808966339,-0.0999609977007,1.10034406185
0.0,0.0,1.0,-0.014002006501,-0.100196063519,1.09970891476
0.0,0.0,1.0,-0.0127421803772,-0.100128173828,1.09914720058
0.0,0.0,1.0,-0.0118739884347,-0.100122228265,1.09916365147
0.0,0.0,1.0,-0.0112394671887,-0.100102990866,1.09854459763
0.0,0.0,1.0,-0.0103159705177,-0.0999851748347,1.09572470188
0.0,0.0,1.0,-0.00794589426368,-0.0991657823324,1.09457480907
0.0,0.0,1.0,-0.00700230477378,-0.0990176424384,1.09659290314
0.0,0.0,1.0,-0.00568399578333,-0.0986372902989,1.09354162216
0.0,0.0,1.0,-0.00477273808792,-0.0981188118458,1.09581005573
0.0,0.0,1.0,-0.00341292936355,-0.0977112203836,1.0929005146
0.0,0.0,1.0,-0.00268194335513,-0.0973182618618,1.09519231319
0.0,0.0,1.0,-0.000228820441407,-0.0962565764785,1.09490764141
0.0,0.0,1.0,0.00117510813288,-0.0956762954593,1.0922164917
0.0,0.0,1.0,0.001963815419,-0.0950025767088,1.09457945824
0.0,0.0,1.0,0.00321119488217,-0.0943142473698,1.09200072289
0.0,0.0,1.0,0.00406125467271,-0.0939349979162,1.09457087517
0.0,0.0,1.0,0.00533146271482,-0.0930041968822,1.09210729599
0.0,0.0,1.0,0.00625092210248,-0.0920900851488,1.09440624714
0.0,0.0,1.0,0.00734578073025,-0.0910674408078,1.09170496464
0.0,0.0,1.0,0.00807375460863,-0.0903507322073,1.09389209747
0.0,0.0,1.0,0.00914703775197,-0.089495241642,1.09117782116
0.0,0.0,1.0,0.00938224326819,-0.0891146287322,1.09337425232
0.0,0.0,1.0,0.0101032461971,-0.0884380415082,1.09062838554
0.0,0.0,1.0,0.00994625128806,-0.0883944556117,1.09301626682
0.0,0.0,1.0,0.010326674208,-0.0877430811524,1.09017455578
0.0,0.0,1.0,0.010191179812,-0.0873622894287,1.09249091148
0.0,0.0,1.0,0.0102716954425,-0.0866542235017,1.0896037817
0.0,0.0,1.0,0.0101305106655,-0.0863909870386,1.09174418449
0.0,0.0,1.0,0.0102769704536,-0.0855819880962,1.08887529373
0.0,0.0,1.0,0.0101577201858,-0.0852478295565,1.09129476547
0.0,0.0,1.0,0.00985466316342,-0.084771618247,1.08841264248
0.0,0.0,1.0,0.00922451447695,-0.084863319993,1.09079492092
0.0,0.0,1.0,0.00862750131637,-0.0845689624548,1.08809542656
0.0,0.0,1.0,0.00783715490252,-0.0844769403338,1.09055173397
0.0,0.0,1.0,0.00685032038018,-0.0843781977892,1.08775305748
0.0,0.0,1.0,0.00632765656337,-0.0842458754778,1.09016096592
0.0,0.0,1.0,0.00518925581127,-0.0840659290552,1.08721578121
0.0,0.0,1.0,0.00337971211411,-0.0843683257699,1.08701348305
0.0,0.0,1.0,0.00242336303927,-0.0846574604511,1.08910357952
0.0,0.0,1.0,0.00110227847472,-0.085024356842,1.0866382122
0.0,0.0,1.0,-8.49061598274e-06,-0.0849907919765,1.08852434158
0.0,0.0,1.0,-0.00168328080326,-0.0852545946836,1.08593630791
0.0,0.0,1.0,-0.00270861736499,-0.0852719843388,1.08813166618
0.0,0.0,1.0,-0.00562002649531,-0.0853860080242,1.08796548843
0.0,0.0,1.0,-0.00721766566858,-0.0856033042073,1.08563709259
0.0,0.0,1.0,-0.0082592703402,-0.0859645903111,1.08798885345
0.0,0.0,1.0,-0.00979700591415,-0.0862344577909,1.08581209183
0.0,0.0,1.0,-0.0109735419974,-0.086771979928,1.08797681332
0.0,0.0,1.0,-0.0127573525533,-0.0874918103218,1.0857796669
0.0,0.0,1.0,-0.0156148159876,-0.0888477638364,1.08621251583
0.0,0.0,1.0,-0.0164723284543,-0.089117564261,1.08874595165
0.0,0.0,1.0,-0.0180666744709,-0.0896897241473,1.08692884445
0.0,0.0,1.0,-0.01890014112,-0.0899585857987,1.08959460258
0.0,0.0,1.0,-0.020180683583,-0.0903612449765,1.08785259724
0.0,0.0,1.0,-0.0207148678601,-0.0906158015132,1.09040307999
0.0,0.0,1.0,-0.0223650746047,-0.0908347144723,1.09127926826
0.0,0.0,1.0,-0.0232941098511,-0.0910350382328,1.08955955505
0.0,0.0,1.0,-0.0237768255174,-0.0910656526685,1.09197235107
0.0,0.0,1.0,-0.0245021600276,-0.0912001207471,1.09014570713
0.0,0.0,1.0,-0.0245240535587,-0.0911088734865,1.0923088789
0.0,0.0,1.0,-0.0248275212944,-0.0911415740848,1.09010350704
0.0,0.0,1.0,-0.0247320365161,-0.0907400473952,1.09206545353
0.0,0.0,1.0,-0.0247545689344,-0.0903664082289,1.08955097198
0.0,0.0,1.0,-0.0246053282171,-0.0903166756034,1.09160196781
0.0,0.0,1.0,-0.0245735868812,-0.0902225524187,1.08916127682
0.0,0.0,1.0,-0.0244369786233,-0.0902737304568,1.09148871899
0.0,0.0,1.0,-0.0243205931038,-0.0902940779924,1.08923363686
0.0,0.0,1.0,-0.0241179633886,-0.0903575271368,1.09133577347
0.0,0.0,1.0,-0.0238505601883,-0.0902972146869,1.08901333809
0.0,0.0,1.0,-0.0232140142471,-0.0899774953723,1.09129464626
0.0,0.0,1.0,-0.0225774776191,-0.0897203236818,1.08887052536
0.0,0.0,1.0,-0.0220592804253,-0.0892683267593,1.09115791321
0.0,0.0,1.0,-0.0209833625704,-0.0886674970388,1.09112071991
0.0,0.0,1.0,-0.0197474751621,-0.0883350148797,1.09098172188
0.0,0.0,1.0,-0.0180268622935,-0.0873042866588,1.09057021141
0.0,0.0,1.0,-0.0169467739761,-0.086562640965,1.08795511723
0.0,0.0,1.0,-0.0162317417562,-0.0860025882721,1.08998787403
0.0,0.0,1.0,-0.0151914525777,-0.0853454396129,1.08734703064
0.0,0.0,1.0,-0.0136081390083,-0.084487952292,1.08686518669
0.0,0.0,1.0,-0.0123900584877,-0.083756685257,1.08646762371
0.0,0.0,1.0,-0.0120599325746,-0.0835537686944,1.08637666702
0.0,0.0,1.0,-0.0106199029833,-0.0823547020555,1.08585262299
0.0,0.0,1.0,-0.00990677811205,-0.0818824768066,1.0851534605
-6.05300911616e-08,3.71385340259e-08,1.0,-0.00899252295494,-0.0821871235967,1.08444857597
-6.19925657475e-08,3.80348375018e-08,1.0,-0.00884869880974,-0.0821657180786,1.08695054054
-9.40985955822e-08,5.77307801564e-08,1.0,-0.00836655963212,-0.0821331441402,1.0839817524
-9.96448932256e-08,6.11315300603e-08,1.0,-0.00840257387608,-0.0820599496365,1.08632898331
-1.74641138528e-06,1.07554217266e-06,1.0,-0.00815246812999,-0.0820405632257,1.08364617825
-6.68084749122e-06,4.12521330873e-06,1.0,-0.00820319727063,-0.0821933820844,1.08591353893
-3.68454493582e-05,2.28583030548e-05,1.0,-0.00820385105908,-0.0822657346725,1.08335959911
-7.30100582587e-05,4.54095606983e-05,1.0,-0.0085081262514,-0.0825136825442,1.0856512785
-0.000203275019885,0.000127038234496,1.0,-0.00875136628747,-0.0828442722559,1.08320224285
-0.000319632701576,0.000200276728719,1.0,-0.00915588438511,-0.0832424163818,1.08557808399
-0.0012297227513,0.000778351735789,1.0,-0.0102962600067,-0.0849606096745,1.08341801167
-0.00162029603962,0.00102826254442,1.0,-0.0106517905369,-0.0853804349899,1.08351719379
-0.00265988497995,0.00169703818392,1.0,-0.0120419114828,-0.0866087004542,1.08387982845
-0.00333082745783,0.00213090353645,1.0,-0.0127328820527,-0.0871297344565,1.08434677124
-0.00502631952986,0.00323350634426,1.0,-0.0151524152607,-0.0887020751834,1.08445382118
-0.0060723987408,0.00391754601151,1.0,-0.0163186397403,-0.0894408151507,1.08476793766
-0.00861115753651,0.00558757409453,1.0,-0.0195992607623,-0.091396741569,1.0845400095
-0.0101294517517,0.0065922033973,1.0,-0.0208613686264,-0.0919863879681,1.08477187157
-0.0137140490115,0.00897911563516,1.0,-0.025017015636,-0.0937258899212,1.08391582966
-0.0158013105392,0.0103777348995,1.0,-0.026476347819,-0.0942675173283,1.08400511742
-0.0206081457436,0.0136204361916,1.0,-0.0320824757218,-0.0962166339159,1.0829449892
-0.0233543459326,0.0154855493456,1.0,-0.0341609828174,-0.096896559,1.08283102512
-0.029570620507,0.0197380129248,1.0,-0.0412123426795,-0.0985194295645,1.08165955544
-0.0330572985113,0.0221405997872,1.0,-0.043892994523,-0.099159732461,1.08152866364
-0.0451057553291,0.030531251803,1.0,-0.0555987581611,-0.101778939366,1.07978618145
-0.0596755072474,0.0408465825021,1.0,-0.0688541829586,-0.103593327105,1.0776848793
-0.0708577036858,0.0488807111979,1.0,-0.0799178108573,-0.104152351618,1.07580566406
-0.0768940001726,0.0532584413886,1.0,-0.0837980210781,-0.10427416116,1.07551240921
-0.0898602828383,0.062756806612,1.0,-0.096628703177,-0.104371279478,1.07358467579
-0.11150174588,0.0788947343826,1.0,-0.114456564188,-0.103421106935,1.07235693932
-0.119301632047,0.0847982168198,1.0,-0.11939740181,-0.10288438201,1.07217717171
-0.135740235448,0.0973927825689,1.0,-0.134635210037,-0.100651226938,1.0704382658
-0.144338399172,0.104063972831,1.0,-0.139429166913,-0.0993939340115,1.07053685188
-0.162357255816,0.118235431612,1.0,-0.155551880598,-0.0951499864459,1.06888890266
-0.171731963754,0.125713258982,1.0,-0.160775065422,-0.0933825448155,1.0689022541
-0.191154643893,0.141443267465,1.0,-0.177520424128,-0.0877313390374,1.0681501627
-0.20114544034,0.149663969874,1.0,-0.183152735233,-0.0853636711836,1.06817817688
-0.221737369895,0.166900128126,1.0,-0.201215848327,-0.0781173110008,1.06784236431
-0.232276067138,0.175881490111,1.0,-0.206896483898,-0.0755508616567,1.06819903851
-0.253752470016,0.194543808699,1.0,-0.224599152803,-0.0656896308064,1.06831526756
-0.264619141817,0.204182296991,1.0,-0.230507835746,-0.0622770413756,1.06874215603
-0.286645561457,0.224158406258,1.0,-0.248429492116,-0.0497954711318,1.06911110878
-0.297730058432,0.234451204538,1.0,-0.253958791494,-0.0456783212721,1.069683671
-0.319932281971,0.255604356527,1.0,-0.272099882364,-0.0310621913522,1.07021927834
-0.330970704556,0.266412943602,1.0,-0.277335375547,-0.0258451886475,1.07094693184
-0.352942883968,0.288580209017,1.0,-0.294577389956,-0.00866158585995,1.07233691216
-0.363794744015,0.299885541201,1.0,-0.299729853868,-0.00259593781084,1.07312595844
-0.385078072548,0.322851508856,1.0,-0.316390156746,0.0187562983483,1.07495498657
-0.395494312048,0.334526002407,1.0,-0.321077793837,0.0258147008717,1.07552289963
-0.415723800659,0.358168125153,1.0,-0.335711568594,0.049271363765,1.07661116123
-0.425490319729,0.370113551617,1.0,-0.339855730534,0.0572569109499,1.07711029053
-0.444185733795,0.394160866737,1.0,-0.352585583925,0.0836660340428,1.07805526257
-0.453100472689,0.406278312206,1.0,-0.356116086245,0.0924551934004,1.07868909836
-0.469933837652,0.430610537529,1.0,-0.367255836725,0.121635660529,1.07934427261
-0.477814942598,0.442805081606,1.0,-0.370284646749,0.131355419755,1.07976031303
-0.492398709059,0.467164427042,1.0,-0.379683971405,0.163754910231,1.08055949211
-0.499092578888,0.479348093271,1.0,-0.38220217824,0.174387097359,1.08052873611
-0.511189699173,0.503640413284,1.0,-0.389681309462,0.209330841899,1.08084654808
-0.516567647457,0.515731751919,1.0,-0.391667157412,0.220680579543,1.08098006248
-0.525913834572,0.539726555347,1.0,-0.397705644369,0.257993221283,1.08145010471
-0.529877364635,0.551651299,1.0,-0.399267375469,0.270006686449,1.08205962181
-0.536328971386,0.575280725956,1.0,-0.403542011976,0.307928830385,1.08319878578
-0.542223453522,0.610034286976,1.0,-0.408998668194,0.359653174877,1.08638048172
-0.543166041374,0.621429979801,1.0,-0.410045236349,0.372522830963,1.08734917641
-0.543499648571,0.643883526325,1.0,-0.413278222084,0.413237422705,1.09016621113
-0.542889416218,0.654930114746,1.0,-0.414196461439,0.426101177931,1.09138786793
-0.540124475956,0.676603734493,1.0,-0.416654795408,0.46611648798,1.09527361393
-0.537969827652,0.687254428864,1.0,-0.41764497757,0.480764478445,1.09651792049
-0.52847969532,0.718309044838,1.0,-0.419914931059,0.531482160091,1.10155391693
-0.519670605659,0.738271653652,1.0,-0.420973360538,0.567796230316,1.10621869564
-0.51454359293,0.748013317585,1.0,-0.42140173912,0.582352757454,1.10817861557
-0.502887070179,0.767001152039,1.0,-0.421959251165,0.618290424347,1.11300432682
-0.496397525072,0.776213169098,1.0,-0.42208006978,0.631994783878,1.11504495144
-0.482068568468,0.794173955917,1.0,-0.421674966812,0.666140794754,1.12042212486
-0.474271774292,0.802889227867,1.0,-0.421422451735,0.679487943649,1.12222146988
-0.457475841045,0.819778621197,1.0,-0.42048612237,0.711885333061,1.12737202644
-0.44853156805,0.827923893929,1.0,-0.420046895742,0.723399043083,1.12944376469
-0.42950963974,0.843707799911,1.0,-0.418724834919,0.753063082695,1.13409101963
-0.419488281012,0.851317763329,1.0,-0.417761921883,0.764085412025,1.13611865044
-0.398500531912,0.865966916084,1.0,-0.415347963572,0.79063051939,1.14083170891
-0.364926606417,0.886474192142,1.0,-0.411018580198,0.82446205616,1.14742064476
-0.353220313787,0.892927110195,1.0,-0.409557193518,0.831645131111,1.1490855217
-0.329148054123,0.905240952969,1.0,-0.404948353767,0.853000342846,1.15271294117
-0.316813915968,0.911099851131,1.0,-0.403225302696,0.859475493431,1.15426027775
-0.291667550802,0.922199189663,1.0,-0.397600382566,0.877486646175,1.15760564804
-0.25282266736,0.937350928783,1.0,-0.387966454029,0.898365557194,1.16229557991
-0.239647626877,0.941990196705,1.0,-0.385226756334,0.902515530586,1.16376638412
-0.213080510497,0.950629711151,1.0,-0.37629750371,0.91482937336,1.1665738821
-0.199673250318,0.954640030861,1.0,-0.373129218817,0.917948365211,1.16779589653
-0.172713935375,0.962019383907,1.0,-0.362756550312,0.926967084408,1.16996467113
-0.159185439348,0.96538490057,1.0,-0.359123826027,0.929133415222,1.17074143887
-0.118579089642,0.974155247211,1.0,-0.342441231012,0.937574982643,1.17362725735
-0.0915308073163,0.978891909122,1.0,-0.32838794589,0.942120671272,1.17494297028
-0.0780505985022,0.980919599533,1.0,-0.323271453381,0.94315290451,1.17563617229
-0.0512634329498,0.984280228615,1.0,-0.307292610407,0.945019125938,1.17629981041
-0.0379315763712,0.985614717007,1.0,-0.301565855742,0.945141613483,1.17666554451
-0.0114714223891,0.987577438354,1.0,-0.283196270466,0.945716202259,1.17723679543
0.027565209195,0.988731324673,1.0,-0.256815284491,0.943038105965,1.17747294903
0.0404016971588,0.988633215427,1.0,-0.249993100762,0.941773056984,1.17747044563
0.0657564103603,0.987703502178,1.0,-0.227384313941,0.938184559345,1.17702925205
0.0782257765532,0.986872434616,1.0,-0.219981074333,0.936668097973,1.17674553394
0.102879263461,0.984462320805,1.0,-0.200564101338,0.933360099792,1.17344272137
0.150618046522,0.976646006107,1.0,-0.152836456895,0.923210084438,1.17309224606
0.173609822989,0.971241354942,1.0,-0.124687962234,0.916075766087,1.17072629929
0.184901863337,0.968158423901,1.0,-0.11510374397,0.913541078568,1.17014956474
0.206994339824,0.961251556873,1.0,-0.0854509323835,0.905156254768,1.16721558571
0.217856764793,0.957405805588,1.0,-0.0751976072788,0.902393341064,1.16672277451
0.239000529051,0.949004709721,1.0,-0.0427066273987,0.893073499203,1.16418492794
0.249343201518,0.944427132607,1.0,-0.0321282558143,0.890169739723,1.16354846954
0.269494056702,0.934553146362,1.0,0.000163646051078,0.881055057049,1.16016256809
0.279328197241,0.929245054722,1.0,0.0108248591423,0.877790689468,1.15904903412
0.298468649387,0.917912006378,1.0,0.0450711138546,0.867769062519,1.15568387508
0.307797908783,0.911872327328,1.0,0.05604730919,0.864408075809,1.154946208
0.32576200366,0.899196505547,1.0,0.0893425121903,0.853690087795,1.15199434757
0.334582835436,0.89242619276,1.0,0.100293077528,0.850111305714,1.1513235569
0.351399004459,0.878410458565,1.0,0.133591011167,0.839197099209,1.14888381958
0.375223398209,0.855688750744,1.0,0.17773771286,0.823443651199,1.14570784569
0.38283520937,0.84760427475,1.0,0.188474074006,0.819508314133,1.14490687847
0.397127747536,0.831146359444,1.0,0.220811590552,0.807371258736,1.14310204983
0.404066115618,0.82247620821,1.0,0.231274932623,0.803107380867,1.14223432541
0.416978389025,0.804941594601,1.0,0.262514144182,0.790122687817,1.14061594009
0.42320433259,0.795733630657,1.0,0.272481113672,0.785350680351,1.14010000229
0.434697300196,0.777164936066,1.0,0.301912665367,0.770633399487,1.13817000389
0.440169334412,0.767470180988,1.0,0.311063855886,0.766142249107,1.13782691956
0.450127124786,0.748029768467,1.0,0.338123142719,0.751573801041,1.13618922234
0.454805135727,0.737903833389,1.0,0.346574127674,0.746541380882,1.13593173027
0.463178962469,0.717642724514,1.0,0.371153593063,0.730520963669,1.13439118862
0.473708510399,0.68624073267,1.0,0.398879438639,0.709405362606,1.13286077976
0.476678907871,0.675428569317,1.0,0.406332463026,0.702885448933,1.13235259056
0.48162573576,0.653939366341,1.0,0.424269676208,0.685880959034,1.13088417053
0.483675062656,0.642943441868,1.0,0.430687636137,0.678968429565,1.13019788265
0.486811250448,0.620988190174,1.0,0.445679873228,0.661489367485,1.12849402428
0.487928330898,0.609769880772,1.0,0.451321363449,0.653935611248,1.12767875195
0.489333957434,0.576192378998,1.0,0.467875421047,0.627080321312,1.12487852573
0.488660395145,0.553734481335,1.0,0.477030038834,0.607002198696,1.12275803089
0.487824946642,0.542356729507,1.0,0.48000895977,0.598725914955,1.12194001675
0.483333468437,0.508366525173,1.0,0.488944619894,0.568885684013,1.11828804016
0.478701800108,0.485903829336,1.0,0.492441028357,0.547484755516,1.11562824249
0.475841671228,0.474526166916,1.0,0.493336379528,0.538586914539,1.11454463005
0.465328603983,0.440917819738,1.0,0.493172258139,0.508355081081,1.11149287224
0.456678271294,0.418789058924,1.0,0.490764915943,0.484787017107,1.10886192322
0.45178720355,0.407644122839,1.0,0.489180922508,0.475819408894,1.10818946362
0.441150009632,0.385826647282,1.0,0.484252303839,0.451610714197,1.10563457012
0.435278207064,0.37489131093,1.0,0.481827020645,0.443419039249,1.1052724123
0.422692596912,0.353452980518,1.0,0.474251449108,0.418826729059,1.10266435146
0.415848255157,0.342723160982,1.0,0.471050292253,0.410490691662,1.10221230984
0.401344299316,0.321683198214,1.0,0.460118532181,0.386261731386,1.10024905205
0.393557995558,0.311181753874,1.0,0.455828636885,0.377920567989,1.09991776943
0.377251982689,0.29064232111,1.0,0.442696213722,0.353166073561,1.09832894802
0.368565291166,0.280383884907,1.0,0.437572777271,0.344714283943,1.09811723232
0.350524783134,0.26033398509,1.0,0.421545445919,0.320244044065,1.09695446491
0.340957522392,0.250295132399,1.0,0.415596663952,0.311781466007,1.09692549706
0.321287691593,0.230741783977,1.0,0.397783756256,0.287566244602,1.0957044363
0.311020970345,0.221042945981,1.0,0.391048252583,0.27938914299,1.09585118294
0.289749890566,0.20188818872,1.0,0.370713800192,0.255632638931,1.09510731697
0.267583221197,0.183077067137,1.0,0.354710817337,0.237777784467,1.09549295902
0.256155073643,0.173770517111,1.0,0.341500252485,0.223743796349,1.0947868824
0.232687145472,0.15537391603,1.0,0.324246108532,0.206439509988,1.09514129162
0.220665901899,0.146278709173,1.0,0.310351014137,0.192752867937,1.09492349625
0.196135550737,0.128307655454,1.0,0.292081713676,0.175893843174,1.09543979168
0.183608517051,0.119397647679,1.0,0.277317494154,0.162708312273,1.09499943256
0.158119738102,0.101739086211,1.0,0.258590996265,0.146394461393,1.09599137306
0.145179256797,0.092983007431,1.0,0.24335719645,0.133266985416,1.09564137459
0.119001246989,0.0756239593029,1.0,0.223668858409,0.117261379957,1.09644043446
0.105704337358,0.0669591501355,1.0,0.208055928349,0.104557916522,1.09631562233
0.0655260980129,0.0412377007306,1.0,0.172239601612,0.077556297183,1.09694838524
0.0384510755539,0.024165764451,1.0,0.151707455516,0.0628354623914,1.09771847725
0.0248693469912,0.0156440604478,1.0,0.135791391134,0.0512332990766,1.09782159328
-0.00232521491125,-0.00139324436896,1.0,0.115069404244,0.0371468998492,1.09851503372
-0.0158734880388,-0.00989207997918,1.0,0.0988755375147,0.0259985979646,1.09856081009
-0.0429838858545,-0.0269766561687,1.0,0.078295789659,0.0123389679939,1.09951210022
-0.0833100527525,-0.0527519211173,1.0,0.0413814708591,-0.0114307627082,1.10066390038
-0.0965777859092,-0.0613724291325,1.0,0.0252792667598,-0.0216969605535,1.10106360912
-0.123538643122,-0.0791769325733,1.0,0.00668455567211,-0.0332866609097,1.1022797823
-0.135919347405,-0.0875049605966,1.0,-0.0106976730749,-0.0440614372492,1.10246694088
-0.162248164415,-0.105598501861,1.0,-0.03028688021,-0.055679757148,1.10345232487
-0.17427495122,-0.114061780274,1.0,-0.0472673773766,-0.0655133128166,1.10379493237
-0.211309328675,-0.141068086028,1.0,-0.0814156457782,-0.0857069864869,1.10536789894
-0.235808834434,-0.159873336554,1.0,-0.0989772304893,-0.095864020288,1.10640585423
-0.246858015656,-0.168645754457,1.0,-0.11553966254,-0.105347849429,1.10639464855
-0.270150154829,-0.187824472785,1.0,-0.132661134005,-0.115163497627,1.10776531696
-0.280624806881,-0.196789219975,1.0,-0.148662626743,-0.124454528093,1.10791540146
-0.302637577057,-0.216425046325,1.0,-0.165055036545,-0.133678734303,1.10909235477
-0.312442749739,-0.225561693311,1.0,-0.180509075522,-0.142493739724,1.10926151276
-0.333012908697,-0.245639845729,1.0,-0.196435332298,-0.151527926326,1.11016249657
-0.342156231403,-0.255012005568,1.0,-0.211062654853,-0.160231351852,1.11063838005
-0.361166864634,-0.275535315275,1.0,-0.22657494247,-0.169480726123,1.11192286015
-0.369538962841,-0.285080194473,1.0,-0.241034314036,-0.178483903408,1.1121878624
-0.386865049601,-0.306006640196,1.0,-0.25639757514,-0.188372612,1.11386394501
-0.394502162933,-0.315811008215,1.0,-0.268819600344,-0.196163579822,1.11453211308
-0.410036951303,-0.337085366249,1.0,-0.284873902798,-0.206998318434,1.11609888077
-0.416869342327,-0.347106158733,1.0,-0.296738475561,-0.214993327856,1.11693668365
-0.430610626936,-0.368790537119,1.0,-0.312046289444,-0.226094007492,1.11847996712
-0.436580479145,-0.378977656364,1.0,-0.323456436396,-0.234263435006,1.11900496483
-0.448424816132,-0.400961339474,1.0,-0.338134616613,-0.245417281985,1.12061607838
-0.453507274389,-0.411291360855,1.0,-0.350868314505,-0.255619525909,1.12141788006
-0.463439494371,-0.433584988117,1.0,-0.364144444466,-0.267356038094,1.12346720695
-0.475560486317,-0.466500252485,1.0,-0.388540655375,-0.290215402842,1.12673068047
-0.47880628705,-0.477026134729,1.0,-0.399046063423,-0.300313204527,1.12776684761
-0.484765231609,-0.49966853857,1.0,-0.412115186453,-0.31420814991,1.12989985943
-0.487064868212,-0.510205566883,1.0,-0.4220238626,-0.32463774085,1.13095521927
-0.491001725197,-0.532903075218,1.0,-0.434453964233,-0.338878899813,1.13306188583
-0.49426484108,-0.566142439842,1.0,-0.454875230789,-0.365240752697,1.13646268845
-0.494675993919,-0.576646745205,1.0,-0.463305592537,-0.377666532993,1.13789486885
-0.49454537034,-0.599179148674,1.0,-0.474299788475,-0.394546836615,1.14021456242
-0.49401396513,-0.609599590302,1.0,-0.482040047646,-0.407349199057,1.14174032211
-0.491856962442,-0.631933510303,1.0,-0.492357581854,-0.425335943699,1.14431226254
-0.483843356371,-0.674290418625,1.0,-0.514907181263,-0.47048124671,1.1495013237
-0.477718532085,-0.695806205273,1.0,-0.522374987602,-0.489231914282,1.15199220181
-0.474411398172,-0.705711185932,1.0,-0.527572214603,-0.503674268723,1.15339648724
-0.466357648373,-0.726668953896,1.0,-0.533786475658,-0.523679733276,1.15622007847
-0.452248811722,-0.756545484066,1.0,-0.542430460453,-0.559243500233,1.16111421585
-0.447194427252,-0.765826582909,1.0,-0.545093774796,-0.57444357872,1.16274523735
-0.435470432043,-0.785305380821,1.0,-0.548491835594,-0.595052361488,1.16516375542
-0.429587364197,-0.794197320938,1.0,-0.55080550909,-0.610624134541,1.16650032997
-0.416103690863,-0.812815845013,1.0,-0.552706599236,-0.631265580654,1.1687836647
-0.409426450729,-0.821267902851,1.0,-0.554141223431,-0.647896647453,1.17016470432
-0.394303739071,-0.838864028454,1.0,-0.554835140705,-0.669642746449,1.17255651951
-0.38687235117,-0.84682816267,1.0,-0.5540163517,-0.686316847801,1.17393386364
-0.37015286088,-0.863353312016,1.0,-0.552604556084,-0.7081990242,1.17635238171
-0.36200928688,-0.870782732964,1.0,-0.550713419914,-0.724087953568,1.17721235752
-0.343838304281,-0.886090874672,1.0,-0.547426640987,-0.745525538921,1.17917311192
-0.335028976202,-0.892942905426,1.0,-0.544386088848,-0.76160722971,1.18036997318
-0.315482735634,-0.906970024109,1.0,-0.540146410465,-0.783175945282,1.18185782433
-0.306024968624,-0.913224339485,1.0,-0.535819768906,-0.799014210701,1.18216264248
-0.285208702087,-0.925886631012,1.0,-0.530071496964,-0.820476830006,1.18314278126
-0.275213688612,-0.931466639042,1.0,-0.524796009064,-0.836627662182,1.18350195885
-0.253235340118,-0.942693531513,1.0,-0.516624569893,-0.858729481697,1.18462884426
-0.242689967155,-0.947603225708,1.0,-0.510192632675,-0.87495803833,1.18458724022
-0.21966125071,-0.957328557968,1.0,-0.50083988905,-0.89592397213,1.18470406532
-0.208686456084,-0.961508572102,1.0,-0.493706703186,-0.910914361477,1.18342959881
-0.18472327292,-0.969679653645,1.0,-0.483268976212,-0.930796504021,1.18240344524
-0.173302769661,-0.973133921623,1.0,-0.473662257195,-0.946800112724,1.18214786053
-0.148523017764,-0.979704976082,1.0,-0.461792975664,-0.966216266155,1.18050503731
-0.136787056923,-0.982392966747,1.0,-0.452259123325,-0.980729520321,1.17873132229
-0.11131567508,-0.987331449986,1.0,-0.439548194408,-0.999058961868,1.17623519897
-0.0992473363876,-0.989257156849,1.0,-0.429444849491,-1.01265358925,1.17404413223
-0.0732120797038,-0.992538154125,1.0,-0.414933264256,-1.03073310852,1.17158269882
-0.0609505623579,-0.993680655956,1.0,-0.402272999287,-1.04475259781,1.1696010828
-0.0220567509532,-0.995655834675,1.0,-0.37328851223,-1.07439053059,1.16310548782
0.00416983570904,-0.995609998703,1.0,-0.355526149273,-1.09162139893,1.15662097931
0.0172677282244,-0.995180368423,1.0,-0.342524796724,-1.10027456284,1.15602529049
0.0436351522803,-0.993503570557,1.0,-0.324004352093,-1.11556482315,1.14873552322
0.0567662529647,-0.992266118526,1.0,-0.310880959034,-1.12336063385,1.14820754528
0.0830840170383,-0.98898267746,1.0,-0.290815234184,-1.13767695427,1.14107000828
0.122365504503,-0.982077717781,1.0,-0.255457490683,-1.15859234333,1.13362205029
0.135291546583,-0.979274094105,1.0,-0.240530490875,-1.16418647766,1.13309931755
0.161158010364,-0.972856223583,1.0,-0.218060538173,-1.17517614365,1.12622582912
0.173920080066,-0.969284951687,1.0,-0.202434241772,-1.1797567606,1.12596714497
0.199291780591,-0.961364924908,1.0,-0.17908205092,-1.18841123581,1.11917340755
0.21172657609,-0.957072377205,1.0,-0.16291180253,-1.191390872,1.1190507412
0.236469388008,-0.947688996792,1.0,-0.138576835394,-1.19801437855,1.11247265339
0.24852950871,-0.942691206932,1.0,-0.122092150152,-1.19936275482,1.11322546005
0.272390812635,-0.931931257248,1.0,-0.097038269043,-1.20384800434,1.1069278717
0.283988416195,-0.926258921623,1.0,-0.0869215503335,-1.20465230942,1.106295228
0.306862652302,-0.914152264595,1.0,-0.0591383576393,-1.20648419857,1.10163533688
0.317907691002,-0.907836198807,1.0,-0.042426597327,-1.20537424088,1.1042611599
0.339542746544,-0.894483327866,1.0,-0.0141773484647,-1.20589244366,1.09986877441
0.34997817874,-0.887534916401,1.0,0.00132609740831,-1.20387113094,1.10133230686
0.370228916407,-0.87298387289,1.0,0.0291015710682,-1.20223617554,1.09669172764
0.379901438951,-0.865479648113,1.0,0.0446084924042,-1.19894099236,1.09889042377
0.398592740297,-0.849800109863,1.0,0.0726108774543,-1.19511556625,1.09507477283
0.407475799322,-0.841728150845,1.0,0.0883092358708,-1.19097089767,1.09712219238
0.424435466528,-0.824989974499,1.0,0.116777598858,-1.18548560143,1.09367501736
0.432391613722,-0.816436111927,1.0,0.132315784693,-1.18001103401,1.09626376629
0.447460472584,-0.798713803291,1.0,0.165180295706,-1.17236018181,1.08940172195
0.454461693764,-0.78966230154,1.0,0.177548229694,-1.16605961323,1.09587705135
0.467489123344,-0.771031081676,1.0,0.204702720046,-1.15657913685,1.093719244
0.473422408104,-0.76157605648,1.0,0.2188757658,-1.14989078045,1.09704244137
0.484277933836,-0.742115974426,1.0,0.245948925614,-1.13876140118,1.0950165987
0.489118427038,-0.732239067554,1.0,0.260179340839,-1.13113880157,1.09804797173
0.497686088085,-0.712031602859,1.0,0.286929756403,-1.11863183975,1.09649264812
0.501352727413,-0.701835751534,1.0,0.300552099943,-1.10968804359,1.09958148003
0.507543444633,-0.680967152119,1.0,0.325268626213,-1.09586167336,1.09832143784
0.510019600391,-0.670432329178,1.0,0.339310765266,-1.08580684662,1.101521492
0.513764560223,-0.648991107941,1.0,0.362459123135,-1.07119846344,1.10028600693
0.51501506567,-0.638160526752,1.0,0.375301301479,-1.06031322479,1.103038311
0.516271829605,-0.616306781769,1.0,0.39695173502,-1.04461991787,1.10182142258
0.516278505325,-0.60522633791,1.0,0.40945571661,-1.03282797337,1.10426723957
0.515050292015,-0.582989990711,1.0,0.429685920477,-1.01531636715,1.10267305374
0.513816773891,-0.571776866913,1.0,0.441147834063,-1.00360095501,1.10515248775
0.510136604309,-0.549292802811,1.0,0.459955096245,-0.985569477081,1.10340964794
0.507668554783,-0.537893712521,1.0,0.470390915871,-0.972774803638,1.10572481155
0.501598477364,-0.515265345573,1.0,0.487529009581,-0.953801453114,1.10367035866
0.497940778732,-0.503802418709,1.0,0.496571868658,-0.94055634737,1.10591709614
0.48955309391,-0.481066346169,1.0,0.512136459351,-0.920826792717,1.10366225243
0.484759360552,-0.4695943892,1.0,0.519045233727,-0.90644878149,1.10550248623
0.474205642939,-0.446931093931,1.0,0.532637178898,-0.885878443718,1.10297381878
0.468349099159,-0.435506641865,1.0,0.538655877113,-0.871384382248,1.1047950983
0.455756425858,-0.412959754467,1.0,0.550159692764,-0.850295364857,1.10191977024
0.448925107718,-0.401641100645,1.0,0.555265963078,-0.835885882378,1.10337805748
0.434524148703,-0.379396557808,1.0,0.564564049244,-0.814014613628,1.10034132004
0.410820633173,-0.346387863159,1.0,0.574790656567,-0.776766836643,1.09844446182
0.402319163084,-0.335394948721,1.0,0.576949834824,-0.761210560799,1.09974706173
0.384987622499,-0.314083129168,1.0,0.581694602966,-0.737959563732,1.09619140625
0.375921875238,-0.303445875645,1.0,0.582927882671,-0.722723066807,1.09756851196
0.357484430075,-0.282732546329,1.0,0.585508882999,-0.698730587959,1.09405350685
0.347916007042,-0.272413879633,1.0,0.584948539734,-0.683419764042,1.09520530701
0.328719139099,-0.252483785152,1.0,0.585605025291,-0.659486114979,1.09148216248
0.318826854229,-0.242576003075,1.0,0.583096623421,-0.642896771431,1.09321880341
0.299113482237,-0.223483026028,1.0,0.581439852715,-0.618132352829,1.08970415592
0.289082944393,-0.21407237649,1.0,0.577917039394,-0.601523816586,1.09131538868
0.269190043211,-0.195955902338,1.0,0.573975026608,-0.576130211353,1.08811151981
0.25911539793,-0.187037691474,1.0,0.569600343704,-0.559261441231,1.08972632885
0.229442834854,-0.161674901843,1.0,0.55855768919,-0.516333699226,1.08838844299
0.210095658898,-0.14579975605,1.0,0.551081001759,-0.490064203739,1.08536183834
0.200474828482,-0.138084203005,1.0,0.543846428394,-0.471382826567,1.0881806612
0.18179769814,-0.123424731195,1.0,0.534450590611,-0.443616271019,1.08579444885
0.172596648335,-0.116351127625,1.0,0.527078509331,-0.427142500877,1.08827352524
0.154902070761,-0.103010036051,1.0,0.516107439995,-0.399476081133,1.08624684811
0.129699677229,-0.0845770463347,1.0,0.494264096022,-0.35429957509,1.08784008026
0.10653501004,-0.0681971982121,1.0,0.470540046692,-0.309640079737,1.09068644047
0.0992509871721,-0.0631550475955,1.0,0.460180431604,-0.293137520552,1.09470713139
0.0856126025319,-0.0538522489369,1.0,0.444640249014,-0.265772223473,1.09473288059
0.0791021808982,-0.0494748577476,1.0,0.433920264244,-0.250094205141,1.09935426712
0.0611503720284,-0.0376190580428,1.0,0.407629102468,-0.210567444563,1.10498130322
0.0510633289814,-0.0310984663665,1.0,0.389911442995,-0.184303388,1.10662400723
0.0375508405268,-0.0225305873901,1.0,0.35897180438,-0.143722459674,1.11432695389
0.0333991162479,-0.0199386458844,1.0,0.34889549017,-0.132974132895,1.11956822872
0.0265113804489,-0.0156836714596,1.0,0.32939311862,-0.10979745537,1.12254142761
0.0152509436011,-0.00886145979166,1.0,0.288297057152,-0.0699274167418,1.13734948635
0.0112076923251,-0.00645895116031,1.0,0.268108576536,-0.0506633520126,1.14059913158
0.00936285313219,-0.00537256943062,1.0,0.257247984409,-0.0425212234259,1.1462225914
0.00650666514412,-0.00370462425053,1.0,0.236909508705,-0.0254364795983,1.14951229095
0.00524571212009,-0.00297445617616,1.0,0.225994110107,-0.0188708696514,1.15483260155
0.00337984459475,-0.00190231762826,1.0,0.205586090684,-0.00424133706838,1.1580657959
0.00259843259118,-0.00145686697215,1.0,0.194787085056,0.00140034232754,1.16270518303
0.00149511161726,-0.000832331774291,1.0,0.174434170127,0.0139549868181,1.1652380228
0.00106784212403,-0.000592277327087,1.0,0.163838043809,0.0182763561606,1.16954088211
0.000515652063768,-0.000284141453449,1.0,0.143695876002,0.0284318774939,1.17125546932
0.000325367291225,-0.000178639922524,1.0,0.13322982192,0.0315478630364,1.17484915257
0.000113694579341,-6.21043727733e-05,1.0,0.113417498767,0.0392808280885,1.17577302456
2.56389848801e-05,-1.39922094604e-05,1.0,0.0960023626685,0.0454080291092,1.17556130886
9.35839125304e-06,-5.18249498782e-06,1.0,0.0857206210494,0.0468005128205,1.17803823948
1.16732394417e-06,-7.5651212228e-07,1.0,0.0643564686179,0.0502957068384,1.18019247055
1.07074833977e-06,-7.45243141864e-07,1.0,0.0573439486325,0.0508807748556,1.18072342873
1.13286569103e-06,-7.57333623369e-07,1.0,0.0358962677419,0.0529011972249,1.18118202686
1.13286569103e-06,-7.57333623369e-07,1.0,0.0293133296072,0.0530018769205,1.18132710457
1.13286569103e-06,-7.57333623369e-07,1.0,0.00951782800257,0.0527646094561,1.18131959438
1.13286569103e-06,-7.57333623369e-07,1.0,0.00366612640209,0.0519407838583,1.18113481998
1.13286569103e-06,-7.57333623369e-07,1.0,-0.0139694521204,0.0495358631015,1.18034613132
1.13286569103e-06,-7.57333623369e-07,1.0,-0.0190744493157,0.0481710620224,1.18019795418
1.13286569103e-06,-7.57333623369e-07,1.0,-0.0346975810826,0.0441205836833,1.17883718014
1.13286569103e-06,-7.57333623369e-07,1.0,-0.0391103066504,0.0424997359514,1.17856991291
1.13286569103e-06,-7.57333623369e-07,1.0,-0.0524639375508,0.037699021399,1.17698335648
1.13286569103e-06,-7.57333623369e-07,1.0,-0.0672065466642,0.0289259199053,1.17432117462
1.13286569103e-06,-7.57333623369e-07,1.0,-0.0701081231236,0.0264321248978,1.17386949062
1.13286569103e-06,-7.57333623369e-07,1.0,-0.0784346684813,0.0187135916203,1.17140865326
1.13286569103e-06,-7.57333623369e-07,1.0,-0.0805114507675,0.0160791017115,1.17092132568
1.13286569103e-06,-7.57333623369e-07,1.0,-0.0870777368546,0.00769760739058,1.16794455051
1.13286569103e-06,-7.57333623369e-07,1.0,-0.0884813219309,0.00498083420098,1.16711235046
1.13286569103e-06,-7.57333623369e-07,1.0,-0.0925241112709,-0.0065572084859,1.16291737556
1.13286569103e-06,-7.57333623369e-07,1.0,-0.0946393832564,-0.0154317449778,1.15846526623
1.13286569103e-06,-7.57333623369e-07,1.0,-0.0945265293121,-0.0186669472605,1.15757501125
1.13286569103e-06,-7.57333623369e-07,1.0,-0.0947394743562,-0.0273208562285,1.15245628357
1.13286569103e-06,-7.57333623369e-07,1.0,-0.0941384360194,-0.02991049923,1.15125536919
1.13286569103e-06,-7.57333623369e-07,1.0,-0.0925278663635,-0.0377331636846,1.14570760727
1.13286569103e-06,-7.57333623369e-07,1.0,-0.091348387301,-0.0400850810111,1.1444221735
1.13286569103e-06,-7.57333623369e-07,1.0,-0.087721593678,-0.0473559387028,1.13864147663
1.13286569103e-06,-7.57333623369e-07,1.0,-0.0864059329033,-0.0495717711747,1.13732588291
1.13286569103e-06,-7.57333623369e-07,1.0,-0.0815537944436,-0.0569733381271,1.13181602955
1.13286569103e-06,-7.57333623369e-07,1.0,-0.0799181237817,-0.0590966418386,1.13052332401
1.13286569103e-06,-7.57333623369e-07,1.0,-0.0738983154297,-0.0657717734575,1.12552285194
1.13286569103e-06,-7.57333623369e-07,1.0,-0.0714389383793,-0.0674859508872,1.12429058552
1.13286569103e-06,-7.57333623369e-07,1.0,-0.0642518028617,-0.0725575610995,1.11933767796
1.13286569103e-06,-7.57333623369e-07,1.0,-0.0618519112468,-0.0736676901579,1.11826920509
1.13286569103e-06,-7.57333623369e-07,1.0,-0.0540918633342,-0.077896438539,1.11367928982
1.13286569103e-06,-7.57333623369e-07,1.0,-0.0516325198114,-0.0791497379541,1.11279582977
1.13286569103e-06,-7.57333623369e-07,1.0,-0.0407536998391,-0.083396025002,1.10868310928
1.13286569103e-06,-7.57333623369e-07,1.0,-0.0318354517221,-0.0860900357366,1.10582268238
1.13286569103e-06,-7.57333623369e-07,1.0,-0.0292503647506,-0.0865610316396,1.10518634319
1.13286569103e-06,-7.57333623369e-07,1.0,-0.0207673572004,-0.0879896879196,1.10313808918
1.13286569103e-06,-7.57333623369e-07,1.0,-0.0180755741894,-0.0881131887436,1.10274660587
1.13286569103e-06,-7.57333623369e-07,1.0,-0.00977436918765,-0.0883871167898,1.10109913349
1.13286569103e-06,-7.57333623369e-07,1.0,-0.00737658236176,-0.0882376208901,1.10097265244
1.13286569103e-06,-7.57333623369e-07,1.0,0.000183608251973,-0.0879415050149,1.10034120083
1.13286569103e-06,-7.57333623369e-07,1.0,0.00241285329685,-0.0876073986292,1.10053443909
1.13286569103e-06,-7.57333623369e-07,1.0,0.00963305216283,-0.0860368832946,1.10056436062
1.13286569103e-06,-7.57333623369e-07,1.0,0.0116826603189,-0.0853443965316,1.10070884228
1.13286569103e-06,-7.57333623369e-07,1.0,0.018301634118,-0.0834258049726,1.10102391243
1.13286569103e-06,-7.57333623369e-07,1.0,0.0204997286201,-0.082556411624,1.1012212038
1.13286569103e-06,-7.57333623369e-07,1.0,0.0257072169334,-0.0798186510801,1.10149288177
1.13286569103e-06,-7.57333623369e-07,1.0,0.0274816900492,-0.0788363739848,1.10157287121
1.13286569103e-06,-7.57333623369e-07,1.0,0.0333188176155,-0.075317710638,1.10216474533
1.13286569103e-06,-7.57333623369e-07,1.0,0.0369216538966,-0.0731043070555,1.10305464268
1.13286569103e-06,-7.57333623369e-07,1.0,0.0379364863038,-0.0721088945866,1.10308778286
1.13286569103e-06,-7.57333623369e-07,1.0,0.0401210188866,-0.0701519027352,1.10359930992
1.13286569103e-06,-7.57333623369e-07,1.0,0.0408411175013,-0.0692335888743,1.10365951061
1.13286569103e-06,-7.57333623369e-07,1.0,0.0422595255077,-0.066916666925,1.10356855392
1.13286569103e-06,-7.57333623369e-07,1.0,0.0433739982545,-0.0636304244399,1.10310137272
1.13286569103e-06,-7.57333623369e-07,1.0,0.043386772275,-0.0628957599401,1.10301339626
1.13286569103e-06,-7.57333623369e-07,1.0,0.0427683629096,-0.061361130327,1.10225331783
1.13286569103e-06,-7.57333623369e-07,1.0,0.042536213994,-0.0605295114219,1.10234475136
1.13286569103e-06,-7.57333623369e-07,1.0,0.0412573739886,-0.0589070431888,1.10154700279
1.13286569103e-06,-7.57333623369e-07,1.0,0.0404176525772,-0.0586688518524,1.10103178024
1.13286569103e-06,-7.57333623369e-07,1.0,0.0384653881192,-0.0574068278074,1.09951019287
1.13286569103e-06,-7.57333623369e-07,1.0,0.0376952216029,-0.0569804087281,1.09913110733
1.13286569103e-06,-7.57333623369e-07,1.0,0.0353636406362,-0.0557538121939,1.09751772881
1.13286569103e-06,-7.57333623369e-07,1.0,0.0343058519065,-0.0555002093315,1.09689235687
1.13286569103e-06,-7.57333623369e-07,1.0,0.0313875265419,-0.0545826293528,1.09510755539
1.13286569103e-06,-7.57333623369e-07,1.0,0.0313875265419,-0.0545826293528,1.09510755539
1.13286569103e-06,-7.57333623369e-07,1.0,0.0300070010126,-0.0544034689665,1.0944583416
1.13286569103e-06,-7.57333623369e-07,1.0,0.0261370223016,-0.0545439384878,1.0924270153
1.13286569103e-06,-7.57333623369e-07,1.0,0.0245647411793,-0.0549173206091,1.09202098846
1.13286569103e-06,-7.57333623369e-07,1.0,0.0201701130718,-0.0559715628624,1.09002697468
1.13286569103e-06,-7.57333623369e-07,1.0,0.0186648517847,-0.0563784465194,1.08973884583
1.13286569103e-06,-7.57333623369e-07,1.0,0.014359023422,-0.0572553500533,1.08795571327
1.13286569103e-06,-7.57333623369e-07,1.0,0.0129176052287,-0.0577787272632,1.08768200874
1.13286569103e-06,-7.57333623369e-07,1.0,0.00816214084625,-0.0594654902816,1.08577716351
1.13286569103e-06,-7.57333623369e-07,1.0,0.00653136195615,-0.0601785331964,1.08556234837
1.13286569103e-06,-7.57333623369e-07,1.0,0.000422214652644,-0.0631659924984,1.08385002613
1.13286569103e-06,-7.57333623369e-07,1.0,-0.00391967082396,-0.0656948238611,1.08270275593
1.13286569103e-06,-7.57333623369e-07,1.0,-0.00533517217264,-0.066558778286,1.0828448534
1.13286569103e-06,-7.57333623369e-07,1.0,-0.00960301514715,-0.0689876377583,1.08164358139
1.13286569103e-06,-7.57333623369e-07,1.0,-0.0149047160521,-0.0720748975873,1.08110666275
1.13286569103e-06,-7.57333623369e-07,1.0,-0.0161183252931,-0.072881013155,1.08124709129
1.13286569103e-06,-7.57333623369e-07,1.0,-0.0197565574199,-0.0758587941527,1.08050644398
1.13286569103e-06,-7.57333623369e-07,1.0,-0.0209878310561,-0.0767878741026,1.0806094408
1.13286569103e-06,-7.57333623369e-07,1.0,-0.0237319171429,-0.0791169181466,1.08040893078
1.13286569103e-06,-7.57333623369e-07,1.0,-0.0246328245848,-0.0800325796008,1.0805567503
1.13286569103e-06,-7.57333623369e-07,1.0,-0.0279686544091,-0.0829974040389,1.07966506481
1.13286569103e-06,-7.57333623369e-07,1.0,-0.0299820806831,-0.084964454174,1.07923042774
1.13286569103e-06,-7.57333623369e-07,1.0,-0.0305323116481,-0.0856474637985,1.07937037945
1.13286569103e-06,-7.57333623369e-07,1.0,-0.0320091582835,-0.0877274423838,1.07877922058
1.13286569103e-06,-7.57333623369e-07,1.0,-0.0322402194142,-0.0883255451918,1.07914543152
1.13286569103e-06,-7.57333623369e-07,1.0,-0.0328925065696,-0.0905519127846,1.07870781422
1.13286569103e-06,-7.57333623369e-07,1.0,-0.0330314971507,-0.0924953147769,1.07852768898
1.13286569103e-06,-7.57333623369e-07,1.0,-0.03299542889,-0.0927366018295,1.07869446278
1.13286569103e-06,-7.57333623369e-07,1.0,-0.0322836041451,-0.0934833884239,1.07808899879
1.13286569103e-06,-7.57333623369e-07,1.0,-0.0320223793387,-0.0936124026775,1.07808947563
1.13286569103e-06,-7.57333623369e-07,1.0,-0.0312250014395,-0.0940414220095,1.07722306252
1.13286569103e-06,-7.57333623369e-07,1.0,-0.0307571422309,-0.0941752716899,1.07741296291
1.13286569103e-06,-7.57333623369e-07,1.0,-0.02911157161,-0.0947390571237,1.07705128193
1.13286569103e-06,-7.57333623369e-07,1.0,-0.0285698864609,-0.0949208289385,1.07730829716
1.13286569103e-06,-7.57333623369e-07,1.0,-0.0268407203257,-0.0948544442654,1.07693862915
1.13286569103e-06,-7.57333623369e-07,1.0,-0.0261282455176,-0.0946300849319,1.07719767094
1.13286569103e-06,-7.57333623369e-07,1.0,-0.0238025393337,-0.0935433655977,1.0772138834
1.13286569103e-06,-7.57333623369e-07,1.0,-0.023113168776,-0.0931809991598,1.07737934589
1.13286569103e-06,-7.57333623369e-07,1.0,-0.0205580573529,-0.0919892415404,1.07713472843
1.13286569103e-06,-7.57333623369e-07,1.0,-0.0195874031633,-0.0914650633931,1.0773961544
1.13286569103e-06,-7.57333623369e-07,1.0,-0.0168319959193,-0.0901198610663,1.07779860497
1.13286569103e-06,-7.57333623369e-07,1.0,-0.0158423725516,-0.0896212160587,1.07816207409
1.13286569103e-06,-7.57333623369e-07,1.0,-0.0129434475675,-0.0881229937077,1.07845854759
1.13286569103e-06,-7.57333623369e-07,1.0,-0.0120385177433,-0.0876573473215,1.07904660702
1.13286569103e-06,-7.57333623369e-07,1.0,-0.00923677720129,-0.0861631557345,1.07959330082
1.13286569103e-06,-7.57333623369e-07,1.0,-0.00838246848434,-0.0856164470315,1.07981872559
1.13286569103e-06,-7.57333623369e-07,1.0,-0.00638063671067,-0.0842482075095,1.08028376102
1.13286569103e-06,-7.57333623369e-07,1.0,-0.00561515195295,-0.0836946368217,1.08058857918
1.13286569103e-06,-7.57333623369e-07,1.0,-0.00350121501833,-0.0821840986609,1.08134686947
1.13286569103e-06,-7.57333623369e-07,1.0,-0.00270150299184,-0.0816768854856,1.08177042007
1.13286569103e-06,-7.57333623369e-07,1.0,-0.000855384336319,-0.0806722119451,1.08253490925
1.13286569103e-06,-7.57333623369e-07,1.0,-0.000419847638113,-0.0805655419827,1.0826164484
1.13286569103e-06,-7.57333623369e-07,1.0,0.000988517305814,-0.0799895226955,1.0831079483
1.13286569103e-06,-7.57333623369e-07,1.0,0.00189844053239,-0.0793140083551,1.08301520348
1.13286569103e-06,-7.57333623369e-07,1.0,0.0021682200022,-0.0790577530861,1.08290863037
1.13286569103e-06,-7.57333623369e-07,1.0,0.00296072941273,-0.078671015799,1.08295893669
1.13286569103e-06,-7.57333623369e-07,1.0,0.00323641602881,-0.0783866047859,1.08305430412
1.13286569103e-06,-7.57333623369e-07,1.0,0.00330499839038,-0.0786419436336,1.08270096779
1.13286569103e-06,-7.57333623369e-07,0.999982118607,0.00253569125198,-0.0788435414433,1.08064579964
1.13286569103e-06,-7.57333623369e-07,0.999965727329,0.00224352255464,-0.0788919404149,1.08047842979
1.13286569103e-06,-7.57333623369e-07,0.999903798103,0.00146939745173,-0.0791101008654,1.07935607433
1.13286569103e-06,-7.57333623369e-07,0.999851763248,0.00103082112037,-0.0792352855206,1.07901453972
1.13286569103e-06,-7.57333623369e-07,0.999692499638,6.37972771074e-05,-0.0800160765648,1.07815051079
1.13286569103e-06,-7.57333623369e-07,0.999256432056,-0.00164311518893,-0.0814306214452,1.07711660862
1.13286569103e-06,-7.57333623369e-07,0.999040365219,-0.0023235224653,-0.0819765403867,1.07714080811
1.13286569103e-06,-7.57333623369e-07,0.998486578465,-0.00403401488438,-0.0830856338143,1.07636475563
1.13286569103e-06,-7.57333623369e-07,0.998133182526,-0.00473239924759,-0.0834303498268,1.07642436028
1.13286569103e-06,-7.57333623369e-07,0.997265815735,-0.00673827389255,-0.0843500718474,1.07588410378
1.13286569103e-06,-7.57333623369e-07,0.996733009815,-0.00745741184801,-0.0846891999245,1.07606077194
1.13286569103e-06,-7.57333623369e-07,0.995466172695,-0.00959031842649,-0.0857942253351,1.07547581196
1.13286569103e-06,-7.57333623369e-07,0.994710862637,-0.0102686183527,-0.0861303210258,1.07570767403
1.13286569103e-06,-7.57333623369e-07,0.992963373661,-0.0121348295361,-0.0873914435506,1.07556414604
1.13286569103e-06,-7.57333623369e-07,0.991942822933,-0.0127800144255,-0.0877787768841,1.07579267025
1.13286569103e-06,-7.57333623369e-07,0.989628851414,-0.0149413198233,-0.0890928432345,1.07554745674
1.13286569103e-06,-7.57333623369e-07,0.988309621811,-0.0157350674272,-0.0894159153104,1.07572567463
1.13286569103e-06,-7.57333623369e-07,0.985334396362,-0.0177264660597,-0.0901685059071,1.07500493526
1.13286569103e-06,-7.57333623369e-07,0.983669817448,-0.0182776898146,-0.0901397764683,1.07515633106
1.13286569103e-06,-7.57333623369e-07,0.979972243309,-0.0199069567025,-0.0903803110123,1.07415723801
1.13286569103e-06,-7.57333623369e-07,0.977925658226,-0.020266873762,-0.0904124602675,1.07404839993
1.13286569103e-06,-7.57333623369e-07,0.973423540592,-0.0214299876243,-0.0902707576752,1.07240211964
1.13286569103e-06,-7.57333623369e-07,0.968361258507,-0.022145781666,-0.0900405496359,1.07121729851
1.13286569103e-06,-7.57333623369e-07,0.965605199337,-0.0230060685426,-0.0900672972202,1.0693628788
1.13286569103e-06,-7.57333623369e-07,0.959635853767,-0.0234262496233,-0.0897374600172,1.0676227808
1.13286569103e-06,-7.57333623369e-07,0.956417143345,-0.023768035695,-0.0895258188248,1.06523537636
1.13286569103e-06,-7.57333623369e-07,0.949499845505,-0.0240490641445,-0.0890049859881,1.06260454655
1.13286569103e-06,-7.57333623369e-07,0.945796966553,-0.024259807542,-0.0883814617991,1.05936920643
1.13286569103e-06,-7.57333623369e-07,0.937893569469,-0.0241486951709,-0.0875912383199,1.05605483055
1.13286569103e-06,-7.57333623369e-07,0.933703243732,-0.0238892622292,-0.0868526175618,1.0526124239
1.13286569103e-06,-7.57333623369e-07,0.924787342548,-0.0236541517079,-0.0863205567002,1.04890871048
1.13286569103e-06,-7.57333623369e-07,0.910126924515,-0.0230505540967,-0.0859916508198,1.04099655151
1.13286569103e-06,-7.57333623369e-07,0.893931925297,-0.0221046581864,-0.0852260217071,1.03162133694
1.13286569103e-06,-7.57333623369e-07,0.888184070587,-0.0220662206411,-0.0847530141473,1.02654290199
1.13286569103e-06,-7.57333623369e-07,0.876194655895,-0.0211646817625,-0.084026709199,1.02042806149
1.13286569103e-06,-7.57333623369e-07,0.869916975498,-0.0201790351421,-0.0835110023618,1.01499021053
1.13286569103e-06,-7.57333623369e-07,0.85016065836,-0.0181964151561,-0.0818603485823,1.00078952312
1.13286569103e-06,-7.57333623369e-07,0.836181521416,-0.0168367624283,-0.0815738067031,0.992807805538
1.13286569103e-06,-7.57333623369e-07,0.828942537308,-0.0157503150403,-0.0810527354479,0.985638856888
1.13286569103e-06,-7.57333623369e-07,0.813645839691,-0.014461425133,-0.0809916183352,0.977037370205
1.13286569103e-06,-7.57333623369e-07,0.806324005127,-0.0134466858581,-0.0807489752769,0.967790365219
1.13286569103e-06,-7.57333623369e-07,0.790064454079,-0.0121251381934,-0.08036211133,0.958081424236
1.13286569103e-06,-7.57333623369e-07,0.765267074108,-0.00949781015515,-0.0788426995277,0.937198877335
1.13286569103e-06,-7.57333623369e-07,0.7571798563,-0.00810307636857,-0.0786885246634,0.926392018795
1.13286569103e-06,-7.57333623369e-07,0.739279508591,-0.00666002836078,-0.078327216208,0.914665937424
1.13286569103e-06,-7.57333623369e-07,0.73084706068,-0.00494017172605,-0.078155323863,0.902793705463
1.13286569103e-06,-7.57333623369e-07,0.712267696857,-0.00339116342366,-0.0780511945486,0.890453219414
1.13286569103e-06,-7.57333623369e-07,0.703528523445,-0.00197402038611,-0.0777647197247,0.878091096878
1.13286557735e-06,-7.57333623369e-07,0.68430018425,-0.000602733169217,-0.0778549909592,0.864826917648
1.13286557735e-06,-7.57333623369e-07,0.675295114517,0.000549067335669,-0.0774394199252,0.852008461952
1.13286557735e-06,-7.57333623369e-07,0.655568242073,0.00182989542373,-0.0771753117442,0.836637198925
1.13286557735e-06,-7.57333623369e-07,0.64634168148,0.00269752368331,-0.0770831778646,0.82298374176
1.13286557735e-06,-7.57333623369e-07,0.626185417175,0.00367796025239,-0.0765593647957,0.806822359562
1.13286557735e-06,-7.57333623369e-07,0.616753220558,0.00447583617643,-0.0763605684042,0.793591558933
1.13286557735e-06,-7.57333623369e-07,0.596332013607,0.00557804247364,-0.0765586644411,0.776691973209
1.13286557735e-06,-7.57333623369e-07,0.586741626263,0.0061665601097,-0.0763015151024,0.762906432152
1.13286557735e-06,-7.57333623369e-07,0.566100299358,0.00721947615966,-0.0765960589051,0.744620621204
1.13286557735e-06,-7.57333623369e-07,0.556400835514,0.00761276343837,-0.0764916911721,0.730286180973
1.13286557735e-06,-7.57333623369e-07,0.535647332668,0.00843345094472,-0.0767565816641,0.711377024651
1.13286557735e-06,-7.57333623369e-07,0.525952398777,0.00888092536479,-0.0770566165447,0.69666415453
1.13286557735e-06,-7.57333623369e-07,0.505195975304,0.00927892513573,-0.0773022174835,0.677005887032
1.13286557735e-06,-7.57333623369e-07,0.495525151491,0.0096783619374,-0.0774515196681,0.662070512772
1.13286546366e-06,-7.57333623369e-07,0.474843889475,0.00992729328573,-0.0781280994415,0.642206847668
1.13286546366e-06,-7.57333623369e-07,0.465248256922,0.00998929236084,-0.0780007913709,0.6266695261
