0.0,0.0,0.0,-0.0218333043158,0.0249739717692,0.133022457361
0.0,0.0,0.0,-0.0218349285424,0.0249729454517,0.134433552623
0.0,0.0,0.0,-0.0218491088599,0.024968970567,0.134654343128
0.0,0.0,0.0,-0.0218528341502,0.0249676387757,0.131303936243
0.0,0.0,0.0,-0.0218594819307,0.0249684546143,0.130367055535
0.0,0.0,0.0,-0.0218551736325,0.0249642878771,0.133729442954
0.0,0.0,0.0,-0.0218576509506,0.0249610096216,0.125879853964
0.0,0.0,0.0,-0.0218444801867,0.0249696113169,0.133134812117
0.0,0.0,0.0,-0.0218449048698,0.0249804612249,0.134922608733
0.0,0.0,0.0,-0.0218469388783,0.0249806661159,0.135227993131
0.0,0.0,0.0,-0.0218498129398,0.0249913204461,0.134983941913
0.0,0.0,0.0,-0.0218499768525,0.0249932222068,0.135112822056
0.0,0.0,0.0,-0.0218472778797,0.0249967686832,0.133218586445
0.0,0.0,0.0,-0.02184696123,0.0249993111938,0.129505991936
0.0,0.0,0.0,-0.0218493435532,0.0249806940556,0.13254955411
0.0,0.0,0.0,-0.0218509882689,0.0249746255577,0.131998121738
0.0,0.0,0.0,-0.0218516755849,0.0249793380499,0.134375959635
0.0,0.0,0.0,-0.0218562278897,0.0249738898128,0.132329627872
0.0,0.0,0.0,-0.0218576807529,0.0249724462628,0.128272607923
0.0,0.0,0.0,-0.021858189255,0.0249719750136,0.130441352725
0.0,0.0,0.0,-0.0218574609607,0.0249671638012,0.133934617043
0.0,0.0,0.0,-0.0218584947288,0.024965243414,0.13218049705
0.0,0.0,0.0,-0.0218520183116,0.0249667260796,0.132294774055
0.0,0.0,0.0,-0.0218509472907,0.0249664746225,0.128478959203
0.0,0.0,0.0,-0.0218392312527,0.0249843057245,0.132027283311
0.0,0.0,0.0,-0.0218372847885,0.0249847043306,0.134506240487
0.0,0.0,0.0,-0.0218400657177,0.0249870289117,0.13529881835
0.0,0.0,0.0,-0.0218406338245,0.0249883141369,0.13208411634
0.0,0.0,0.0,-0.0218415372074,0.0249882955104,0.135406181216
0.0,0.0,0.0,-0.0218432508409,0.0249882396311,0.128358379006
0.0,0.0,0.0,-0.0218441076577,0.0249882116914,0.123362980783
0.0,0.0,0.0,-0.0218383893371,0.024994418025,0.134591549635
0.0,0.0,0.0,-0.0218385476619,0.024992806837,0.135512337089
0.0,0.0,0.0,-0.02184038423,0.0249883830547,0.132838338614
0.0,0.0,0.0,-0.0218354407698,0.0249741282314,0.135189816356
0.0,0.0,0.0,-0.0218342579901,0.0249722190201,0.132008984685
0.0,0.0,0.0,-0.0218347348273,0.0249767657369,0.13268609345
0.0,0.0,0.0,-0.0218342598528,0.0249768868089,0.128948152065
0.0,0.0,0.0,-0.0218442138284,0.0249908212572,0.134727716446
0.0,0.0,0.0,-0.0218498371542,0.0249911770225,0.128815576434
0.0,0.0,0.0,-0.021845985204,0.0249793641269,0.134572446346
0.0,0.0,0.0,-0.0218484979123,0.0249780733138,0.135098874569
0.0,0.0,0.0,-0.0218536257744,0.0249866191298,0.135248780251
0.0,0.0,0.0,-0.0218535345048,0.0249912273139,0.135536700487
0.0,0.0,0.0,-0.0218481235206,0.0250026378781,0.133840113878
0.0,0.0,0.0,-0.0218469407409,0.0250070709735,0.130325555801
0.0,0.0,0.0,-0.0218436736614,0.0250113978982,0.132448673248
0.0,0.0,0.0,-0.021848641336,0.0250059403479,0.134845614433
0.0,0.0,0.0,-0.0218617152423,0.0249921996146,0.133861839771
0.0,0.0,0.0,-0.021864252165,0.0249866303056,0.135198399425
0.0,0.0,0.0,-0.0218704175204,0.0249794963747,0.128018438816
0.0,0.0,0.0,-0.0218697730452,0.0249862913042,0.133837088943
0.0,0.0,0.0,-0.0218618717045,0.024996008724,0.13394357264
0.0,0.0,0.0,-0.0218507833779,0.0249759629369,0.135204955935
0.0,0.0,0.0,-0.0218488927931,0.0249735135585,0.132288455963
0.0,0.0,0.0,-0.0218463968486,0.0249747093767,0.135975897312
0.0,0.0,0.0,-0.0218451004475,0.024993179366,0.136213392019
0.0,0.0,0.0,-0.0218479409814,0.0249696820974,0.130771845579
0.0,0.0,0.0,-0.0218447297812,0.0249839220196,0.131280332804
0.0,0.0,0.0,-0.0218530781567,0.0249749980867,0.134878441691
0.0,0.0,0.0,-0.0218519307673,0.0249735601246,0.135247886181
0.0,0.0,0.0,-0.0218523349613,0.0249695535749,0.135332688689
0.0,0.0,0.0,-0.0218521486968,0.0249676257372,0.132200837135
0.0,0.0,0.0,-0.0218542497605,0.0249671172351,0.134107008576
0.0,0.0,0.0,-0.0218511912972,0.0249673314393,0.135273680091
0.0,0.0,0.0,-0.0218489356339,0.0249688383192,0.13343000412
0.0,0.0,0.0,-0.0218480043113,0.0249684285372,0.129694089293
0.0,0.0,0.0,-0.0218470729887,0.0249680187553,0.124977171421
0.0,0.0,0.0,-0.0218468662351,0.0249683503062,0.125265702605
0.0,0.0,0.0,-0.0218464378268,0.024968219921,0.119861274958
0.0,0.0,0.0,-0.0218460094184,0.0249680895358,0.113475851715
0.0,0.0,0.0,-0.02184558101,0.0249679591507,0.106109425426
0.0,0.0,0.0,-0.02184558101,0.0249679591507,0.106109425426
0.0,0.0,0.0,-0.021857874468,0.0249836407602,0.13010853529
0.0,0.0,0.0,-0.0218536239117,0.024989573285,0.13532781601
0.0,0.0,0.0,-0.0218492466956,0.0249932277948,0.136309325695
0.0,0.0,0.0,-0.0218481719494,0.0249967630953,0.136737063527
0.0,0.0,0.0,-0.0218468680978,0.0249998178333,0.134032011032
0.0,0.0,0.0,-0.0218455642462,0.0250028725713,0.130345955491
0.0,0.0,0.0,-0.0218459591269,0.0249974112958,0.134990677238
0.0,0.0,0.0,-0.0218451488763,0.0249980632216,0.131966665387
0.0,0.0,0.0,-0.0218451488763,0.0249980632216,0.131966665387
0.0,0.0,0.0,-0.0218446999788,0.0249923951924,0.133967980742
0.0,0.0,0.0,-0.0218446999788,0.0249923951924,0.133967980742
0.0,0.0,0.0,-0.0218439362943,0.0249914824963,0.13046386838
0.0,0.0,0.0,-0.021844772622,0.0249864198267,0.134703785181
0.0,0.0,0.0,-0.0218444187194,0.0249846037477,0.13156080246
0.0,0.0,0.0,-0.0218413043767,0.0249808672816,0.134626746178
0.0,0.0,0.0,-0.0218400843441,0.0249787159264,0.13139346242
0.0,0.0,0.0,-0.0218345094472,0.0249769445509,0.133762866259
0.0,0.0,0.0,-0.0218306165189,0.0249756015837,0.132498160005
0.0,0.0,0.0,-0.0218259133399,0.0249782428145,0.135072439909
0.0,0.0,0.0,-0.0218230821192,0.0249781589955,0.132010325789
0.0,0.0,0.0,-0.0218202508986,0.0249780751765,0.127967208624
0.0,0.0,0.0,-0.0218208059669,0.0249813012779,0.129846394062
0.0,0.0,0.0,-0.0218293722719,0.0249907299876,0.133200123906
0.0,0.0,0.0,-0.0218303035945,0.024992974475,0.129613026977
0.0,0.0,0.0,-0.021831234917,0.0249952189624,0.125044927001
0.0,0.0,0.0,-0.0218243505806,0.0249929372221,0.134291559458
0.0,0.0,0.0,-0.0218233168125,0.0249939989299,0.131049335003
0.0,0.0,0.0,-0.021821975708,0.0249969102442,0.133913949132
0.0,0.0,0.0,-0.0218217261136,0.024999782443,0.135320931673
0.0,0.0,0.0,-0.0218210369349,0.025001803413,0.13218331337
0.0,0.0,0.0,-0.021835802123,0.0250013321638,0.137201681733
-0.021835802123,0.0250013321638,0.137201696634,-0.0218399651349,0.0250029619783,0.134862348437
-0.021835802123,0.0250013321638,0.137201935053,-0.021845350042,0.0250011235476,0.136827096343
-0.021835802123,0.0250013321638,0.137203007936,-0.021849391982,0.0250014774501,0.134222880006
-0.021835802123,0.0250013321638,0.137205883861,-0.0218534339219,0.0250018313527,0.130637660623
-0.021835802123,0.0250013321638,0.137211889029,-0.0218382589519,0.0249889884144,0.136140048504
-0.021835802123,0.0250013321638,0.137222796679,-0.0218351483345,0.024985389784,0.136232271791
-0.021835802123,0.0250013321638,0.137240380049,-0.0218329038471,0.0249825771898,0.133516341448
-0.021835802123,0.0250013321638,0.137267351151,-0.0218363795429,0.0249801333994,0.136439740658
-0.021835802123,0.0250013321638,0.137428641319,-0.0218433961272,0.0249772761017,0.136419430375
-0.021835802123,0.0250013321638,0.137634694576,-0.0218479409814,0.0249754507095,0.130176573992
-0.021835802123,0.0250013321638,0.137951642275,-0.0218447502702,0.024976182729,0.133348658681
-0.021835802123,0.0250013321638,0.138413324952,-0.0218383967876,0.0249795336276,0.133919283748
-0.021835802123,0.0250013321638,0.139042526484,-0.0218336582184,0.0249819364399,0.133057504892
-0.021835802123,0.0250013321638,0.139437511563,-0.0218403059989,0.0249866396189,0.134213775396
-0.021835802123,0.0250013321638,0.140389427543,-0.0218486599624,0.0249909069389,0.133031666279
-0.021835802123,0.0250013321638,0.140967592597,-0.0218489933759,0.024994591251,0.134177193046
-0.021835802123,0.0250013321638,0.142320111394,-0.0218471102417,0.0249939523637,0.133047878742
-0.021835802123,0.0250013321638,0.143120512366,-0.0218280516565,0.0249732062221,0.136767268181
-0.021835802123,0.0250013321638,0.144951254129,-0.0218064021319,0.0249509103596,0.134786278009
-0.021835802123,0.0250013321638,0.146014109254,-0.0217970982194,0.0249411687255,0.131401076913
-0.021835802123,0.0250013321638,0.148399502039,-0.0214208588004,0.0249585453421,0.135763809085
-0.021835802123,0.0250013321638,0.149760007858,-0.0210620444268,0.0250852890313,0.140096381307
-0.021835802123,0.0250013321638,0.152774468064,-0.0200164169073,0.0256251953542,0.146312102675
-0.021835802123,0.0250013321638,0.154467269778,-0.0185247194022,0.0265547055751,0.16013918817
-0.021835802123,0.0250013321638,0.15817938745,-0.0168707799166,0.027701344341,0.169527322054
-0.021835802123,0.0250013321638,0.160241037607,-0.0158932879567,0.0286193210632,0.177231177688
-0.021835802123,0.0250013321638,0.164711028337,-0.0132522638887,0.0309699289501,0.195022642612
-0.021835802123,0.0250013321638,0.172449558973,-0.0083453739062,0.035318531096,0.230033397675
-0.021835802123,0.0250013321638,0.178332701325,-0.00369178550318,0.0399147309363,0.26560819149
-0.021835802123,0.0250013321638,0.181469008327,-0.00230068527162,0.0413174629211,0.276603341103
-0.021835802123,0.0250013321638,0.188224419951,0.00239204172976,0.0458933822811,0.309954166412
-0.021835802123,0.0250013321638,0.199524909258,0.00869664177299,0.0516673214734,0.353538393974
-0.021835802123,0.0250013321638,0.203567624092,0.0100655639544,0.0527361817658,0.361676365137
-0.021835802123,0.0250013321638,0.212174683809,0.0146110067144,0.0566562376916,0.388705760241
-0.021835802123,0.0250013321638,0.226302817464,0.0206447113305,0.0628526583314,0.422663718462
-0.021835802123,0.0250013321638,0.231286048889,0.0217331908643,0.0637475550175,0.428443729877
-0.021835802123,0.0250013321638,0.241826057434,0.0260633695871,0.0676561519504,0.448646724224
-0.021835802123,0.0250013321638,0.247276112437,0.0270469635725,0.0686550959945,0.453887194395
-0.021835802123,0.0250013321638,0.258715689182,0.0310418009758,0.0721853747964,0.471295744181
-0.021835802123,0.0250013321638,0.26466986537,0.0331291742623,0.0741106048226,0.477983534336
-0.021835802123,0.0250013321638,0.277067571878,0.0362515598536,0.0765062272549,0.492484301329
-0.021835802123,0.0250013321638,0.296686798334,0.0408156402409,0.0808052122593,0.508531391621
-0.021835802123,0.0250013321638,0.30350252986,0.0418027155101,0.081647016108,0.513026833534
-0.021835802123,0.0250013321638,0.317611753941,0.0448390133679,0.0843829587102,0.526966571808
-0.021835802123,0.0250013321638,0.324834376574,0.0456058755517,0.0850886330009,0.531397998333
-0.021835802123,0.0250013321638,0.339737534523,0.0476895980537,0.0868703350425,0.539367973804
-0.021835802123,0.0250013321638,0.347348719835,0.0482449308038,0.0872245430946,0.548439323902
-0.021835802123,0.0250013321638,0.370953738689,0.0498510226607,0.0885935947299,0.574505150318
-0.021835802123,0.0250013321638,0.395574271679,0.0501259975135,0.0887627974153,0.599302947521
-0.021835802123,0.0250013321638,0.40408244729,0.0491729043424,0.0878500640392,0.617884874344
-0.021835802123,0.0250013303012,0.421044707298,0.048986453563,0.0876225978136,0.635454416275
-0.021835802123,0.0250013303012,0.429782092571,0.0478613860905,0.0865990892053,0.64685934782
-0.021835802123,0.0250013303012,0.447268724442,0.0471883378923,0.0859440341592,0.660455882549
-0.021835802123,0.0250013303012,0.456173449755,0.0444226451218,0.0838018506765,0.681823372841
-0.0218358002603,0.0250013303012,0.48319119215,0.0392675846815,0.07970456779,0.721716225147
-0.0218358002603,0.0250013303012,0.501518368721,0.0366158857942,0.0775713175535,0.738380014896
-0.0218358002603,0.0250013303012,0.510679483414,0.032755728811,0.074154637754,0.764919817448
-0.0218358002603,0.0250013303012,0.529182910919,0.0287640988827,0.070748090744,0.78740054369
-0.0218358002603,0.0250013303012,0.538464725018,0.0269484296441,0.0692115575075,0.795765638351
-0.0218358002603,0.0250013303012,0.548263847828,0.0213144216686,0.0655576810241,0.828140497208
-0.0218358002603,0.0250013303012,0.56641215086,0.0156435519457,0.0615707933903,0.855702698231
-0.0218358002603,0.0250013303012,0.576246500015,0.0112348981202,0.0582912676036,0.880512058735
-0.0218358002603,0.0250013303012,0.594378292561,0.00520066032186,0.0539100319147,0.908643245697
-0.0218358002603,0.0250013284385,0.612917900085,-0.0012715930352,0.0493649765849,0.936550974846
-0.0218358002603,0.0250013284385,0.622176766396,-0.00443817395717,0.0470894388855,0.948161303997
-0.0218358002603,0.0250013284385,0.631901144981,-0.010601811111,0.0440472587943,0.976504445076
-0.0218358002603,0.0250013284385,0.649715185165,-0.0176823064685,0.0397574789822,1.0034109354
-0.0218358002603,0.0250013284385,0.659247100353,-0.0223250947893,0.036836784333,1.02293491364
-0.0218358002603,0.0250013284385,0.676826059818,-0.0310886353254,0.0313322208822,1.05241298676
-0.0218357983977,0.0250013284385,0.694609761238,-0.0377508476377,0.0273769367486,1.07466423512
-0.0218357983977,0.0250013265759,0.703384935856,-0.0424750000238,0.0250811129808,1.09121000767
-0.0218357983977,0.0250013265759,0.720712602139,-0.0524955801666,0.0200848542154,1.12200248241
-0.0218357983977,0.0250013265759,0.729248762131,-0.0558920018375,0.0184144303203,1.13183796406
-0.0218357983977,0.0250013265759,0.746039807796,-0.066222794354,0.013325274922,1.15974521637
-0.0218357983977,0.0250013265759,0.754285931587,-0.0694840326905,0.0118532953784,1.16961050034
-0.0218357983977,0.0250013247132,0.770456373692,-0.0782433450222,0.00757782068104,1.19176602364
-0.0218357983977,0.0250013247132,0.778381288052,-0.0830983296037,0.00549205485731,1.2060675621
-0.021835796535,0.0250013247132,0.793877124786,-0.0948489904404,0.000418888084823,1.23437070847
-0.021835796535,0.0250013247132,0.801443576813,-0.0988031774759,-0.00093529256992,1.24472141266
-0.021835796535,0.0250013228506,0.816193819046,-0.109000906348,-0.00495974672958,1.26628959179
-0.021835796535,0.0250013228506,0.823368430138,-0.114742442966,-0.00702494289726,1.28088998795
-0.021835796535,0.0250013228506,0.844070017338,-0.130693525076,-0.0128058288246,1.31768703461
-0.021835796535,0.0250013209879,0.857164382935,-0.144871577621,-0.0178720876575,1.35046160221
-0.0218357946724,0.0250013209879,0.86348927021,-0.149351149797,-0.019195066765,1.36052966118
-0.0218357946724,0.0250013191253,0.875686526299,-0.162599354982,-0.0232863929123,1.38743889332
-0.0218357946724,0.0250013191253,0.881553709507,-0.166811078787,-0.0243106596172,1.39711272717
-0.0218357946724,0.0250013191253,0.892832458019,-0.181428939104,-0.0284715909511,1.42709767818
-0.0218357946724,0.0250013172626,0.898235023022,-0.186117425561,-0.0298479534686,1.43653059006
-0.0218357928097,0.0250013172626,0.91350120306,-0.204583540559,-0.0350314117968,1.47496020794
-0.0218357928097,0.0250013154,0.922891557217,-0.21859537065,-0.0385104231536,1.50335478783
-0.0218357928097,0.0250013154,0.927348911762,-0.223190143704,-0.0395739115775,1.51217496395
-0.0218357909471,0.0250013135374,0.9357894063,-0.238343939185,-0.0437070503831,1.54080665112
-0.0218357909471,0.0250013116747,0.939776480198,-0.243108540773,-0.0446703061461,1.54946959019
-0.0218357909471,0.0250013098121,0.950807034969,-0.260171353817,-0.0489218868315,1.57532596588
-0.0218357890844,0.0250013098121,0.95740455389,-0.278080791235,-0.0524274297059,1.61046826839
-0.0218357890844,0.0250013079494,0.96047949791,-0.286140680313,-0.0541662089527,1.62131416798
-0.0218357890844,0.0250013060868,0.966194629669,-0.299568891525,-0.0570749640465,1.64800512791
-0.0218357872218,0.0250013060868,0.968840181828,-0.30786138773,-0.0588612034917,1.65906381607
-0.0218357872218,0.0250013042241,0.973716139793,-0.319359570742,-0.0601762719452,1.67960643768
-0.0218357872218,0.0250013023615,0.975956380367,-0.323590666056,-0.060771998018,1.68658924103
-0.0218357853591,0.0250013004988,0.980046331882,-0.338540107012,-0.0631613507867,1.70947623253
-0.0218357853591,0.0250013004988,0.981904029846,-0.343451350927,-0.0638924911618,1.71684145927
-0.0218357834965,0.0250012986362,0.985264062881,-0.359097480774,-0.066383458674,1.73965501785
-0.0218357834965,0.0250012967736,0.986774682999,-0.364253789186,-0.0670662745833,1.7470651865
-0.0218357816339,0.0250012930483,0.990663588047,-0.384637624025,-0.0691393315792,1.77416431904
-0.0218357816339,0.0250012911856,0.992766976357,-0.401315540075,-0.0700742229819,1.79507064819
-0.0218357797712,0.025001289323,0.993683993816,-0.406657785177,-0.0704274252057,1.80191361904
-0.0218357797712,0.0250012874603,0.995267450809,-0.420272290707,-0.0712482705712,1.81609714031
-0.0218357779086,0.0250012855977,0.995942056179,-0.426878929138,-0.0715084820986,1.82518935204
-0.0218357779086,0.025001283735,0.997087419033,-0.443587511778,-0.0717901140451,1.84391748905
-0.0218357760459,0.0250012818724,0.997562885284,-0.448954850435,-0.0718094930053,1.84987843037
-0.0218357741833,0.0250012762845,0.998658239841,-0.469805389643,-0.0705178827047,1.87058413029
-0.0218357723206,0.0250012744218,0.999156236649,-0.481008082628,-0.0702933296561,1.88302338123
-0.0218357723206,0.0250012725592,0.999347507954,-0.483507186174,-0.0700895413756,1.88646483421
-0.021835770458,0.0250012688339,0.999632120132,-0.487162828445,-0.070526920259,1.89459133148
-0.021835770458,0.0250012669712,0.999733686447,-0.486991435289,-0.0705692917109,1.89673674107
-0.0218357685953,0.0250012632459,0.999873161316,-0.486196875572,-0.070449270308,1.90160417557
-0.0218357667327,0.0250012613833,0.999919712543,-0.487087070942,-0.070439659059,1.90190923214
-0.02183576487,0.025001257658,0.999971866608,-0.475005954504,-0.0688489452004,1.90712571144
-0.0218357630074,0.0250012502074,0.99999588728,-0.464690715075,-0.0670029148459,1.90963959694
-0.0218357611448,0.0250012483448,1.00000047684,-0.461556881666,-0.0658762976527,1.91047430038
-0.0218357592821,0.0250012446195,0.999999880791,-0.453703343868,-0.0624611675739,1.91125702858
-0.0218357592821,0.0250012427568,1.00000035763,-0.450151056051,-0.0610748380423,1.90898013115
-0.0218357592821,0.0250012427568,1.00000035763,-0.442724466324,-0.0558781772852,1.90868675709
-0.0218357592821,0.0250012427568,1.00000035763,-0.436084002256,-0.0505528077483,1.90526807308
-0.0218357592821,0.0250012427568,1.00000035763,-0.433841228485,-0.0489105321467,1.90368855
-0.0218357592821,0.0250012427568,1.00000035763,-0.427881658077,-0.0448469482362,1.89393639565
-0.0218357592821,0.0250012427568,1.00000035763,-0.425463438034,-0.0428158901632,1.89460539818
-0.0218357592821,0.0250012427568,1.00000035763,-0.419572174549,-0.0382775813341,1.88752269745
-0.0218357592821,0.0250012427568,1.00000035763,-0.416461706161,-0.0359788164496,1.88099658489
-0.0218357592821,0.0250012427568,1.00000035763,-0.413933962584,-0.0338076911867,1.87362492085
-0.0218357592821,0.0250012427568,1.00000035763,-0.413245737553,-0.033306133002,1.8696706295
-0.0218357592821,0.0250012427568,1.00000035763,-0.409511506557,-0.0305027458817,1.85343444347
-0.0218357592821,0.0250012427568,1.00000035763,-0.41139498353,-0.0323518402874,1.85252535343
-0.0218357592821,0.0250012427568,1.00000035763,-0.412920624018,-0.0336730219424,1.83858966827
-0.0218357592821,0.0250012427568,1.00000035763,-0.412710368633,-0.0335799269378,1.82866370678
-0.0218357592821,0.0250012427568,1.00000035763,-0.414150863886,-0.0342863462865,1.81566619873
-0.0218357592821,0.0250012427568,1.00000035763,-0.414277672768,-0.0343256853521,1.80463457108
-0.0218357592821,0.0250012427568,1.00000035763,-0.415029764175,-0.0343854352832,1.79171776772
-0.0218357592821,0.0250012427568,1.00000035763,-0.415606617928,-0.0345024503767,1.78740739822
-0.0218357592821,0.0250012427568,1.00000035763,-0.416219979525,-0.0343631207943,1.76973545551
-0.0218357592821,0.0250012427568,1.00000035763,-0.416695415974,-0.0342998877168,1.75320696831
-0.0218357592821,0.0250012427568,1.00000035763,-0.416833102703,-0.0341845527291,1.73999834061
-0.0218357592821,0.0250012427568,1.00000035763,-0.416850984097,-0.0330693796277,1.70887851715
-0.0218357592821,0.0250012427568,1.00000035763,-0.416098296642,-0.0322156623006,1.69181370735
-0.0218357592821,0.0250012427568,1.00000035763,-0.415722995996,-0.0318511165679,1.67662703991
-0.0218357592821,0.0250012427568,1.00000035763,-0.414696067572,-0.0313424505293,1.65500533581
-0.0218357592821,0.0250012427568,1.00000035763,-0.412294834852,-0.0302194301039,1.62325239182
-0.0218357592821,0.0250012427568,1.00000035763,-0.410829812288,-0.029465302825,1.60750687122
-0.0218357592821,0.0250012427568,1.00000035763,-0.408217728138,-0.0283257421106,1.5883333683
-0.0218357592821,0.0250012427568,1.00000035763,-0.403439640999,-0.0263919178396,1.5567445755
-0.0218357592821,0.0250012427568,1.00000035763,-0.40047198534,-0.025497758761,1.53936505318
-0.0218357592821,0.0250012427568,1.00000035763,-0.396442860365,-0.0242811348289,1.52196550369
-0.0218357592821,0.0250012427568,1.00000035763,-0.392565727234,-0.0233695860952,1.505397439
-0.0218357592821,0.0250012427568,1.00000035763,-0.387748867273,-0.0221818238497,1.48905169964
-0.0218357592821,0.0250012427568,1.00000035763,-0.383009761572,-0.0209763869643,1.47357451916
-0.0218357592821,0.0250012427568,1.00000035763,-0.377093106508,-0.0196517538279,1.45860826969
-0.0218357592821,0.0250012427568,1.00000035763,-0.371612876654,-0.0181239619851,1.44434380531
-0.0218357592821,0.0250012427568,1.00000035763,-0.364611059427,-0.0164556857198,1.42752754688
0.0,0.0,1.0,-0.354608476162,-0.0142278792337,1.40644931793
0.0,0.0,1.0,-0.346941232681,-0.0128945903853,1.3972941637
0.0,0.0,1.0,-0.339275896549,-0.0115319993347,1.38536989689
0.0,0.0,1.0,-0.329807847738,-0.0100877583027,1.36889243126
0.0,0.0,1.0,-0.324716567993,-0.00921103451401,1.35696327686
0.0,0.0,1.0,-0.314264893532,-0.00733650196344,1.35512721539
0.0,0.0,1.0,-0.294837117195,-0.00401044916362,1.3324393034
0.0,0.0,1.0,-0.288988411427,-0.00299209333025,1.32215988636
0.0,0.0,1.0,-0.277908235788,-0.00137528497726,1.32303071022
0.0,0.0,1.0,-0.2682980299,6.2962724769e-05,1.31619989872
0.0,0.0,1.0,-0.249435529113,0.00254961336032,1.30601680279
0.0,0.0,1.0,-0.237042725086,0.00436686957255,1.29628312588
0.0,0.0,1.0,-0.233484387398,0.00495540350676,1.29564964771
0.0,0.0,1.0,-0.213254779577,0.0083209304139,1.28794705868
0.0,0.0,1.0,-0.202889040112,0.0100178923458,1.28229343891
0.0,0.0,1.0,-0.196855708957,0.011160117574,1.28385174274
0.0,0.0,1.0,-0.180549159646,0.0137425484136,1.27761507034
0.0,0.0,1.0,-0.170755669475,0.0153622031212,1.2713508606
0.0,0.0,1.0,-0.165220201015,0.0165086258203,1.27167212963
0.0,0.0,1.0,-0.156001463532,0.0181605368853,1.26577222347
0.0,0.0,1.0,-0.143188163638,0.0207326617092,1.25838363171
0.0,0.0,1.0,-0.128830313683,0.0236349701881,1.247153759
0.0,0.0,1.0,-0.12652400136,0.0243816729635,1.25414812565
0.0,0.0,1.0,-0.119843706489,0.0258127562702,1.24888300896
0.0,0.0,1.0,-0.117535576224,0.0261435396969,1.24862158298
0.0,0.0,1.0,-0.110372588038,0.0275733433664,1.237626791
0.0,0.0,1.0,-0.107631608844,0.0287115778774,1.24669551849
0.0,0.0,1.0,-0.0998622924089,0.0305197965354,1.23743736744
0.0,0.0,1.0,-0.0999544933438,0.0308580696583,1.24420928955
0.0,0.0,1.0,-0.0959019511938,0.0319579541683,1.24076986313
0.0,0.0,1.0,-0.0944801643491,0.0323973894119,1.24333882332
0.0,0.0,1.0,-0.0867948532104,0.0344518497586,1.23025608063
0.0,0.0,1.0,-0.0863286480308,0.0347658917308,1.23624300957
0.0,0.0,1.0,-0.085974983871,0.035096347332,1.23960876465
0.0,0.0,1.0,-0.0837024822831,0.0354782156646,1.24004375935
0.0,0.0,1.0,-0.0825257599354,0.0357547663152,1.23817873001
0.0,0.0,1.0,-0.0821224153042,0.0358051434159,1.24087023735
0.0,0.0,1.0,-0.0804624259472,0.0361720100045,1.23394668102
0.0,0.0,1.0,-0.0796324312687,0.0363554432988,1.22901344299
0.0,0.0,1.0,-0.0797054544091,0.0362358801067,1.2332829237
0.0,0.0,1.0,-0.0796951204538,0.0359590388834,1.23651123047
0.0,0.0,1.0,-0.0791315734386,0.0358456932008,1.23239064217
0.0,0.0,1.0,-0.0787428766489,0.0358180701733,1.22791206837
0.0,0.0,1.0,-0.0779654830694,0.0357628241181,1.21601200104
0.0,0.0,1.0,-0.0785439014435,0.0347047671676,1.22406685352
0.0,0.0,1.0,-0.0783986970782,0.0342507362366,1.22592461109
0.0,0.0,1.0,-0.0781168937683,0.0337309539318,1.22137117386
0.0,0.0,1.0,-0.0777771398425,0.0331014804542,1.22263777256
0.0,0.0,1.0,-0.0774753913283,0.0323462970555,1.21820271015
0.0,0.0,1.0,-0.0764953717589,0.0305453315377,1.21114361286
0.0,0.0,1.0,-0.0752726644278,0.0289045758545,1.21265435219
0.0,0.0,1.0,-0.0741220116615,0.0276537146419,1.21087563038
0.0,0.0,1.0,-0.0736534893513,0.0271808784455,1.21065413952
0.0,0.0,1.0,-0.0721253082156,0.0256084743887,1.20901048183
0.0,0.0,1.0,-0.0716069936752,0.0251024030149,1.20883190632
0.0,0.0,1.0,-0.0697406902909,0.023413432762,1.20716965199
0.0,0.0,1.0,-0.0670114159584,0.0213660746813,1.20263624191
0.0,0.0,1.0,-0.0663713663816,0.0211575310677,1.20483279228
0.0,0.0,1.0,-0.0633350014687,0.0195546373725,1.20507645607
0.0,0.0,1.0,-0.0626486092806,0.0192379578948,1.20508086681
0.0,0.0,1.0,-0.0598165690899,0.0178572051227,1.20452773571
0.0,0.0,1.0,-0.0588109605014,0.0174381844699,1.2046918869
0.0,0.0,1.0,-0.0554765053093,0.016086993739,1.20452105999
0.0,0.0,1.0,-0.0544690042734,0.015721520409,1.20476949215
0.0,0.0,1.0,-0.050713185221,0.0142910191789,1.19781398773
0.0,0.0,1.0,-0.0464360676706,0.0133808506653,1.2042812109
0.0,0.0,1.0,-0.0446032062173,0.0128252888098,1.20077395439
0.0,0.0,1.0,-0.041619732976,0.0125306826085,1.2046841383
0.0,0.0,1.0,-0.0407438352704,0.0123731382191,1.20555770397
0.0,0.0,1.0,-0.0373478196561,0.0118292123079,1.20434355736
0.0,0.0,1.0,-0.0356757976115,0.0115058897063,1.20065128803
0.0,0.0,1.0,-0.0326071195304,0.0116111598909,1.20662117004
0.0,0.0,1.0,-0.0308118499815,0.0114283086732,1.2033662796
0.0,0.0,1.0,-0.0280494689941,0.011647997424,1.20810496807
0.0,0.0,1.0,-0.0272519867867,0.0116831390187,1.20902061462
0.0,0.0,1.0,-0.0243804808706,0.0118723828346,1.20803236961
0.0,0.0,1.0,-0.0237085223198,0.0120868580416,1.20967698097
0.0,0.0,1.0,-0.0210932623595,0.0128499222919,1.21074676514
0.0,0.0,1.0,-0.0196817405522,0.0130935003981,1.20764648914
0.0,0.0,1.0,-0.0171619802713,0.0141956862062,1.20926809311
0.0,0.0,1.0,-0.0149873793125,0.0148145314306,1.20115482807
0.0,0.0,1.0,-0.0139000788331,0.0151239540428,1.19562673569
0.0,0.0,1.0,-0.0134109919891,0.0169657561928,1.21228313446
0.0,0.0,1.0,-0.013098157011,0.0174192469567,1.21320438385
0.0,0.0,1.0,-0.0121759697795,0.0187448300421,1.21442842484
0.0,0.0,1.0,-0.0115031590685,0.0193966440856,1.21164476871
0.0,0.0,1.0,-0.011331169866,0.0209092535079,1.21630334854
0.0,0.0,1.0,-0.0112628564239,0.0213074889034,1.21753334999
0.0,0.0,1.0,-0.011198294349,0.0233799815178,1.2196880579
0.0,0.0,1.0,-0.0114086531103,0.0247747246176,1.22018313408
0.0,0.0,1.0,-0.0115913767368,0.0252002421767,1.22033679485
0.0,0.0,1.0,-0.0119699276984,0.0266113169491,1.21828877926
0.0,0.0,1.0,-0.0122234150767,0.027070350945,1.21892404556
0.0,0.0,1.0,-0.0129297217354,0.0286833979189,1.21713328362
0.0,0.0,1.0,-0.0133259836584,0.0292601920664,1.21635651588
0.0,0.0,1.0,-0.0141495354474,0.0307107400149,1.21156573296
0.0,0.0,1.0,-0.0149952853099,0.0321694277227,1.20482742786
0.0,0.0,1.0,-0.0157130453736,0.0326203629375,1.20529592037
0.0,0.0,1.0,-0.0168948583305,0.0336735472083,1.20128548145
0.0,0.0,1.0,-0.0174223501235,0.0342626273632,1.19584488869
0.0,0.0,1.0,-0.0181904006749,0.034808292985,1.19260263443
0.0,0.0,1.0,-0.0187148749828,0.0349480472505,1.19422125816
0.0,0.0,1.0,-0.0198810007423,0.0353388004005,1.19229066372
0.0,0.0,1.0,-0.0202626399696,0.0353145934641,1.19195556641
0.0,0.0,1.0,-0.021154878661,0.0353992581367,1.1878272295
0.0,0.0,1.0,-0.0216341745108,0.0355302020907,1.18281126022
0.0,0.0,1.0,-0.0225735064596,0.0349749140441,1.18673050404
0.0,0.0,1.0,-0.023052951321,0.0349485576153,1.18228697777
0.0,0.0,1.0,-0.0239482671022,0.0335729718208,1.19297420979
0.0,0.0,1.0,-0.0241196416318,0.0331796966493,1.1947042942
0.0,0.0,1.0,-0.0246001444757,0.0319529734552,1.19790637493
0.0,0.0,1.0,-0.0249324124306,0.0314507670701,1.19583809376
0.0,0.0,1.0,-0.0254628323019,0.029922472313,1.19483935833
0.0,0.0,1.0,-0.025111567229,0.0271331332624,1.20872485638
0.0,0.0,1.0,-0.0251367483288,0.0264916419983,1.21074438095
0.0,0.0,1.0,-0.0250724758953,0.0234636869282,1.21319961548
0.0,0.0,1.0,-0.0247389283031,0.0216119550169,1.21793603897
0.0,0.0,1.0,-0.0245317108929,0.0208538100123,1.21879410744
0.0,0.0,1.0,-0.0239848084748,0.0189623869956,1.21909403801
0.0,0.0,1.0,-0.0233249291778,0.0158255435526,1.20862102509
0.0,0.0,1.0,-0.0218704361469,0.0142710898072,1.21451699734
0.0,0.0,1.0,-0.0215239208192,0.0138229476288,1.2151247263
0.0,0.0,1.0,-0.0201423950493,0.0116597646847,1.21159386635
0.0,0.0,1.0,-0.0188908521086,0.010026675649,1.20754420757
0.0,0.0,1.0,-0.0183521844447,0.00956567190588,1.20773541927
0.0,0.0,1.0,-0.0168046616018,0.00756088830531,1.19227802753
0.0,0.0,1.0,-0.0148378890008,0.00668106740341,1.20171833038
0.0,0.0,1.0,-0.0132699534297,0.00572702009231,1.19855976105
0.0,0.0,1.0,-0.0126247974113,0.00551527645439,1.20052647591
0.0,0.0,1.0,-0.0112237622961,0.0050964015536,1.20220994949
0.0,0.0,1.0,-0.010757218115,0.00509217754006,1.20298182964
0.0,0.0,1.0,-0.00889960676432,0.00445409817621,1.19178795815
0.0,0.0,1.0,-0.00785128120333,0.00490661943331,1.20351958275
0.0,0.0,1.0,-0.00726150721312,0.00484469346702,1.20047783852
0.0,0.0,1.0,-0.00655241124332,0.00563841825351,1.21155929565
0.0,0.0,1.0,-0.00635593710467,0.00584124960005,1.21335554123
0.0,0.0,1.0,-0.00572677748278,0.00620470801368,1.21363329887
0.0,0.0,1.0,-0.00551244197413,0.00657585076988,1.21720850468
0.0,0.0,1.0,-0.00505585921928,0.00712953694165,1.21814358234
0.0,0.0,1.0,-0.0047669839114,0.0073717343621,1.21576368809
0.0,0.0,1.0,-0.00450258050114,0.00844905618578,1.22167003155
0.0,0.0,1.0,-0.00453427666798,0.00885096937418,1.2245862484
0.0,0.0,1.0,-0.00432709045708,0.00963271968067,1.22407782078
-3.4344183053e-09,2.10576600601e-09,1.0,-0.00432285061106,0.0102253714576,1.225887537
-8.29775075317e-08,5.09400166493e-08,1.0,-0.0044101588428,0.0115577783436,1.2260440588
-3.14035560223e-07,1.92865059034e-07,1.0,-0.00447673676535,0.0130476253107,1.221565485
-6.8533341846e-07,4.21236137527e-07,1.0,-0.0047332663089,0.0148709714413,1.2190515995
-9.42288920669e-07,5.79085508434e-07,1.0,-0.00515300501138,0.0163420364261,1.21341657639
-1.18076115996e-06,7.25575318938e-07,1.0,-0.00614400254562,0.0186543464661,1.20827317238
-1.28524277443e-06,7.89742500729e-07,1.0,-0.00707688834518,0.0207281019539,1.20209944248
-1.58775048931e-06,9.75625766841e-07,1.0,-0.00763596314937,0.0220754928887,1.19646453857
-3.01870227304e-06,1.85740725556e-06,1.0,-0.00791878253222,0.0227783992887,1.19053757191
-3.75544323106e-06,2.31165040532e-06,1.0,-0.00916020385921,0.0239543430507,1.19822120667
-3.91459252569e-06,2.40936765294e-06,1.0,-0.0102582294494,0.0249833576381,1.19916534424
-4.11121709476e-06,2.53014331975e-06,1.0,-0.011548624374,0.0257868152112,1.20198690891
-4.60216097053e-06,2.83203644358e-06,1.0,-0.0124300504103,0.0261797234416,1.20425057411
-2.48571486736e-05,1.53777382366e-05,1.0,-0.0140915075317,0.0268563106656,1.20110619068
-4.80660055473e-05,2.98162522085e-05,1.0,-0.0141809312627,0.0265437066555,1.20644307137
-0.000149215178681,9.30577734835e-05,1.0,-0.0144433472306,0.0263215135783,1.21044373512
-0.000232019563555,0.000145053243614,1.0,-0.0148176029325,0.0262222643942,1.21111083031
-0.000521324109286,0.000327633984853,1.0,-0.0151873128489,0.0260720271617,1.21135556698
-0.000722963479348,0.0004554776242,1.0,-0.0156315043569,0.0256441850215,1.21174812317
-0.00134210789111,0.000850076088682,1.0,-0.0157695170492,0.0252541918308,1.21234714985
-0.00173568935134,0.00110214890447,1.0,-0.0159547664225,0.0250725932419,1.20987772942
-0.00532763497904,0.00343011482619,1.0,-0.0147053049877,0.0235337503254,1.20857799053
-0.00636269850656,0.00410766294226,1.0,-0.0138325355947,0.0229025520384,1.2079616785
-0.00905275624245,0.0058791632764,1.0,-0.0125054651871,0.0220683738589,1.207873106
-0.0105470241979,0.00686901016161,1.0,-0.0119473328814,0.0216492041945,1.20473253727
-0.0143191758543,0.00938374735415,1.0,-0.00942603684962,0.0203691441566,1.20642495155
-0.0163639653474,0.0107555454597,1.0,-0.00731502193958,0.0192832443863,1.20597720146
-0.0212882887572,0.014081296511,1.0,-0.0047528417781,0.0179687775671,1.20330286026
-0.0305887740105,0.0204380564392,1.0,0.000446846039267,0.015593891032,1.20838975906
-0.0339808650315,0.0227786973119,1.0,0.00355629366823,0.0144294220954,1.21032679081
-0.0420742146671,0.0284073203802,1.0,0.00714230863377,0.0131769767031,1.2136875391
-0.0462408177555,0.0313280709088,1.0,0.0105598876253,0.0120562631637,1.21625363827
-0.0560487471521,0.0382619835436,1.0,0.01408288721,0.0109611181542,1.22037184238
-0.0610376186669,0.0418194904923,1.0,0.0168968141079,0.00979954469949,1.22376930714
-0.072635397315,0.0501665696502,1.0,0.0198312196881,0.00883129052818,1.22850728035
-0.0784730240703,0.0544077828526,1.0,0.0225512292236,0.00814078468829,1.23209381104
-0.0985820516944,0.0692173689604,1.0,0.0274544768035,0.0070174257271,1.24034333229
-0.113814070821,0.0806394666433,1.0,0.0293603483588,0.00685462029651,1.24443745613
-0.12132461369,0.0863363444805,1.0,0.0307488571852,0.0066029233858,1.24414885044
-0.138288840652,0.0993635058403,1.0,0.0303607527167,0.0075996001251,1.25106561184
-0.146576911211,0.105809688568,1.0,0.0302555840462,0.00831272918731,1.25356650352
-0.164722472429,0.120114438236,1.0,0.0311109665781,0.00893814954907,1.25168263912
-0.174152702093,0.127655372024,1.0,0.0315386652946,0.00925085972995,1.24926924706
-0.193668842316,0.143502727151,1.0,0.0273780655116,0.0121408328414,1.25558960438
-0.203739762306,0.151812627912,1.0,0.0269388817251,0.0128433853388,1.25295984745
-0.224880889058,0.169566512108,1.0,0.0181180983782,0.0174346249551,1.26081669331
-0.23497825861,0.17820161581,1.0,0.0127842193469,0.0205013211817,1.26176798344
-0.256502181292,0.196968793869,1.0,0.00665879063308,0.0239937175065,1.25981128216
-0.267412662506,0.206681296229,1.0,0.00089385244064,0.0273424033076,1.26002395153
-0.289964824915,0.227221742272,1.0,-0.00786638632417,0.0323958918452,1.25968420506
-0.300547480583,0.237093493342,1.0,-0.0120947351679,0.0348276123405,1.25663363934
-0.322759211063,0.258351475,1.0,-0.0251682605594,0.041662979871,1.25379085541
-0.333812683821,0.269228160381,1.0,-0.0305242501199,0.0445750579238,1.24935388565
-0.356228023767,0.291974455118,1.0,-0.0527774430811,0.0549175180495,1.25205409527
-0.36655190587,0.302797347307,1.0,-0.0710315480828,0.0627668723464,1.25078964233
-0.38825571537,0.326378315687,1.0,-0.0924480333924,0.0725274458528,1.24955689907
-0.398144572973,0.337545007467,1.0,-0.109365865588,0.0804722458124,1.24750697613
-0.418696910143,0.361762076616,1.0,-0.134109258652,0.0920875370502,1.24544847012
-0.427940160036,0.373169064522,1.0,-0.153674989939,0.10119446367,1.24344182014
-0.446908950806,0.397810190916,1.0,-0.182153835893,0.114226475358,1.24189162254
-0.455316573381,0.409363031387,1.0,-0.204923793674,0.124694406986,1.24042749405
-0.471982896328,0.433721750975,1.0,-0.242293223739,0.141897052526,1.23161971569
-0.47975102067,0.445890456438,1.0,-0.26097792387,0.150498375297,1.22574436665
-0.494455844164,0.470825701952,1.0,-0.295074224472,0.167512774467,1.23878800869
-0.500728666782,0.482440322638,1.0,-0.323409169912,0.181734576821,1.23952412605
-0.512616991997,0.506749153137,1.0,-0.360822081566,0.200107991695,1.23793959618
-0.517867684364,0.518805801868,1.0,-0.377316355705,0.20877699554,1.23930609226
-0.526996791363,0.542840898037,1.0,-0.421614795923,0.231829062104,1.24151575565
-0.537024199963,0.578327059746,1.0,-0.495467305183,0.273309528828,1.25233674049
-0.539356589317,0.589931488037,1.0,-0.512361288071,0.28349930048,1.25539267063
-0.542523443699,0.613023579121,1.0,-0.557117640972,0.310577243567,1.26083338261
-0.543328464031,0.624334156513,1.0,-0.585518836975,0.329488217831,1.26950407028
-0.543374955654,0.647214710712,1.0,-0.622868061066,0.35418972373,1.27606070042
-0.539625346661,0.679347872734,1.0,-0.697222709656,0.403376728296,1.28175497055
-0.537340819836,0.689958691597,1.0,-0.710910201073,0.414644181728,1.28824615479
-0.53122895956,0.710815608501,1.0,-0.743027508259,0.438255339861,1.29199540615
-0.518381416798,0.740834236145,1.0,-0.793109714985,0.477658480406,1.30044543743
-0.513151824474,0.750496208668,1.0,-0.811458706856,0.491317927837,1.29973518848
-0.501221477985,0.769451498985,1.0,-0.848156690598,0.518637001514,1.29537153244
-0.494641691446,0.778583288193,1.0,-0.853026032448,0.530057489872,1.31250286102
-0.48004925251,0.796500444412,1.0,-0.878520011902,0.553857982159,1.31592345238
-0.472187757492,0.80512201786,1.0,-0.887754917145,0.56581735611,1.3202611208
-0.455155193806,0.821948707104,1.0,-0.909848690033,0.58905428648,1.32203006744
-0.446146070957,0.830017626286,1.0,-0.918043613434,0.601480841637,1.32603895664
-0.416825473309,0.853273868561,1.0,-0.940550088882,0.634936332703,1.32932651043
-0.39567565918,0.867825865746,1.0,-0.958939909935,0.660542488098,1.32628130913
-0.384633034468,0.874833166599,1.0,-0.952342689037,0.664526879787,1.33174717426
-0.361873298883,0.88819360733,1.0,-0.956792831421,0.680888235569,1.33096325397
-0.350083261728,0.894606947899,1.0,-0.952955245972,0.689674019814,1.33333754539
-0.326000750065,0.906767964363,1.0,-0.952419757843,0.705348670483,1.33198177814
-0.313542455435,0.912610650063,1.0,-0.948989570141,0.712321162224,1.33261978626
-0.236174628139,0.943177103996,1.0,-0.896878600121,0.755261838436,1.339661479
-0.209650471807,0.951681315899,1.0,-0.875854611397,0.767605602741,1.33967113495
-0.196140438318,0.955662369728,1.0,-0.861807763577,0.773095965385,1.34147286415
-0.169285953045,0.962896823883,1.0,-0.839148461819,0.786255478859,1.33647334576
-0.155652672052,0.966230511665,1.0,-0.80294907093,0.791992366314,1.35210430622
-0.088145814836,0.979425191879,1.0,-0.705482661724,0.816246628761,1.36855149269
-0.0478979162872,0.984641492367,1.0,-0.630989432335,0.829597234726,1.38713288307
-0.0344947390258,0.985924482346,1.0,-0.59495896101,0.834705650806,1.40012598038
0.0308393035084,0.988731920719,1.0,-0.459553062916,0.853771984577,1.44331204891
0.0437285229564,0.988570034504,1.0,-0.41981869936,0.858349919319,1.46284818649
0.0814165398479,0.986620903015,1.0,-0.323102653027,0.870325386524,1.50277245045
0.105982556939,0.984085977077,1.0,-0.268403023481,0.876640915871,1.52434921265
0.130065172911,0.980549693108,1.0,-0.222101330757,0.881417512894,1.54507446289
0.141875714064,0.978410840034,1.0,-0.193739384413,0.884083390236,1.56301128864
0.176499679685,0.970481514931,1.0,-0.105678245425,0.893320858479,1.61258125305
0.198841691017,0.963940799236,1.0,-0.0476648211479,0.899674713612,1.63513743877
0.231200382113,0.952250421047,1.0,0.0393552966416,0.909205496311,1.66161429882
0.24165378511,0.947861492634,1.0,0.0463443212211,0.909315824509,1.69488346577
0.272033393383,0.933214783669,1.0,0.112735830247,0.915667831898,1.73225557804
0.291428983212,0.922240614891,1.0,0.154927805066,0.919550776482,1.75085091591
0.300853729248,0.916401326656,1.0,0.180755719543,0.921838462353,1.76366984844
0.319170743227,0.90401417017,1.0,0.231948643923,0.926803588867,1.78567683697
0.328049272299,0.897476553917,1.0,0.249986231327,0.928451299667,1.79250180721
0.353520572186,0.876529932022,1.0,0.311965316534,0.933715283871,1.81222772598
0.369477957487,0.861508369446,1.0,0.35227149725,0.936825037003,1.82136237621
0.37717217207,0.853658795357,1.0,0.371469497681,0.938129067421,1.82630586624
0.398880183697,0.82899916172,1.0,0.431915342808,0.942060172558,1.83440685272
0.412230819464,0.81161493063,1.0,0.479322046041,0.944722533226,1.8364623785
0.418558776379,0.802651405334,1.0,0.493757486343,0.945501446724,1.83597683907
0.430485248566,0.784226417542,1.0,0.537367641926,0.94824808836,1.83261311054
0.446500331163,0.755406737328,1.0,0.594124436378,0.950462758541,1.82378268242
0.451325565577,0.745498180389,1.0,0.60475307703,0.950071394444,1.82119381428
0.460159003735,0.725307703018,1.0,0.64174669981,0.950928449631,1.80992698669
0.464162677526,0.715031325817,1.0,0.652006924152,0.951047182083,1.80619859695
0.471328675747,0.694133102894,1.0,0.68464165926,0.952030062675,1.79097366333
0.474479913712,0.683532774448,1.0,0.697561442852,0.950066745281,1.78538024426
0.479902625084,0.662050902843,1.0,0.734520018101,0.947774350643,1.76399588585
0.482165366411,0.651187181473,1.0,0.745436251163,0.94686037302,1.75679969788
0.48711925745,0.618165493011,1.0,0.781491219997,0.95355039835,1.72689640522
0.489247828722,0.584685385227,1.0,0.821574091911,0.952160179615,1.68893742561
0.489060848951,0.562168717384,1.0,0.849401712418,0.951373398304,1.65812575817
0.488477647305,0.550876319408,1.0,0.857141435146,0.946519076824,1.64963924885
0.486319541931,0.528237998486,1.0,0.882510364056,0.943596065044,1.61692774296
0.48058822751,0.494314044714,1.0,0.919795393944,0.906610012054,1.57136416435
0.478008449078,0.483033627272,1.0,0.93573486805,0.895716667175,1.55021476746
0.471841156483,0.460543602705,1.0,0.942259609699,0.888195753098,1.52510905266
0.468250513077,0.449336051941,1.0,0.943776726723,0.885508537292,1.51703548431
0.460070103407,0.42705976963,1.0,0.950047671795,0.873049616814,1.48684263229
0.455474048853,0.415979027748,1.0,0.950315237045,0.870018064976,1.47803676128
0.4452881217,0.393983274698,1.0,0.952392876148,0.858168065548,1.44707584381
0.439697951078,0.383068323135,1.0,0.949034273624,0.855229377747,1.43979632854
0.427547991276,0.36144644022,1.0,0.941588640213,0.843911528587,1.40891444683
0.406915992498,0.32952812314,1.0,0.92782741785,0.83129554987,1.36836874485
0.383498042822,0.298305600882,1.0,0.902665734291,0.821191310883,1.32828724384
0.375093996525,0.288060605526,1.0,0.894851922989,0.819093108177,1.31730830669
0.357406198978,0.267804980278,1.0,0.868919670582,0.812714874744,1.28643918037
0.348136872053,0.257799595594,1.0,0.8601577878,0.811257839203,1.27817678452
0.328785508871,0.238042116165,1.0,0.832921802998,0.806423425674,1.2514449358
0.31872099638,0.228293135762,1.0,0.822437822819,0.805214226246,1.24417603016
0.287015944719,0.199515074492,1.0,0.779998362064,0.798869848251,1.21114599705
0.264702528715,0.18071359396,1.0,0.741172075272,0.793005883694,1.1881300211
0.253234505653,0.171436473727,1.0,0.726858556271,0.790766537189,1.18424153328
0.229667335749,0.153075248003,1.0,0.693197727203,0.784646749496,1.16486978531
0.217604786158,0.144000217319,1.0,0.673472642899,0.780262947083,1.16051030159
0.192970857024,0.126046314836,1.0,0.626860141754,0.767965257168,1.14537286758
0.180400326848,0.117147170007,1.0,0.611419022083,0.763696074486,1.14135193825
0.154867172241,0.0995313450694,1.0,0.567715466022,0.750338077545,1.12749874592
0.141886308789,0.0907799005508,1.0,0.546964108944,0.744476854801,1.11728346348
0.115650743246,0.0734371095896,1.0,0.514188587666,0.731057167053,1.11245906353
0.102362580597,0.0648004636168,1.0,0.495386958122,0.72167801857,1.11569595337
0.0756143704057,0.0476480163634,1.0,0.448938578367,0.700044631958,1.11100208759
0.0621099360287,0.0390801467001,1.0,0.426612615585,0.690605640411,1.10400521755
0.0350587740541,0.0220405738801,1.0,0.383070021868,0.667073726654,1.10762012005
0.021451484412,0.0135069750249,1.0,0.368275076151,0.65903365612,1.10913538933
-0.00570183107629,-0.00350489700213,1.0,0.322451919317,0.634270250797,1.10941636562
-0.0193038918078,-0.0120420139283,1.0,0.307854026556,0.62540858984,1.11278033257
-0.0463615953922,-0.0291109383106,1.0,0.268318265676,0.604364573956,1.10647022724
-0.0866074636579,-0.0548815838993,1.0,0.196934625506,0.558725118637,1.12924063206
-0.100003667176,-0.0636071562767,1.0,0.174024984241,0.545157015324,1.12899816036
-0.126183822751,-0.0809422805905,1.0,0.12323859334,0.511951625347,1.14965689182
-0.139292374253,-0.0897873491049,1.0,0.106876894832,0.50138771534,1.15491628647
-0.164795801044,-0.107374772429,1.0,0.0545434206724,0.467793941498,1.16987884045
-0.177527308464,-0.116368792951,1.0,0.0370410680771,0.456484138966,1.17492222786
-0.214458316565,-0.143433570862,1.0,-0.0286680757999,0.41419634223,1.1915345192
-0.238139405847,-0.161701902747,1.0,-0.0810498520732,0.38054394722,1.20346474648
-0.249850720167,-0.171050235629,1.0,-0.098584599793,0.369528055191,1.20686590672
-0.272379368544,-0.189707547426,1.0,-0.151371136308,0.336344301701,1.21594798565
-0.283482193947,-0.199268907309,1.0,-0.168781653047,0.325459569693,1.21856594086
-0.304717719555,-0.218335613608,1.0,-0.219074308872,0.293965697289,1.22357499599
-0.315133035183,-0.228108584881,1.0,-0.234326586127,0.284481972456,1.22561192513
-0.33496427536,-0.247608631849,1.0,-0.281346529722,0.254994034767,1.22908902168
-0.362945258617,-0.277527779341,1.0,-0.346918225288,0.213565707207,1.2301453352
-0.371812283993,-0.287724554539,1.0,-0.365273535252,0.202309966087,1.23076319695
-0.396535217762,-0.318480908871,1.0,-0.428998976946,0.161832436919,1.23009610176
-0.411548107862,-0.339254945517,1.0,-0.477506011724,0.131117224693,1.22803246975
-0.43192538619,-0.370980322361,1.0,-0.540439665318,0.0900783464313,1.22439193726
-0.438145160675,-0.381728082895,1.0,-0.556200683117,0.0796373784542,1.22329390049
-0.454809874296,-0.414032667875,1.0,-0.613086700439,0.0411280952394,1.21649312973
-0.46436432004,-0.43582329154,1.0,-0.656216621399,0.010104291141,1.21198046207
-0.472640752792,-0.457764238119,1.0,-0.686917245388,-0.0127262556925,1.20809519291
-0.476294875145,-0.468782544136,1.0,-0.710506260395,-0.030728135258,1.20417773724
-0.482620447874,-0.490872859955,1.0,-0.752654492855,-0.061736445874,1.19170713425
-0.485291033983,-0.501940369606,1.0,-0.773728609085,-0.0772406160831,1.18400025368
-0.489643484354,-0.524097263813,1.0,-0.786207735538,-0.0930843278766,1.19172918797
-0.491324722767,-0.53518140316,1.0,-0.805621564388,-0.110846713185,1.18832409382
-0.494764536619,-0.590452969074,1.0,-0.878455579281,-0.179652765393,1.16527950764
-0.49445939064,-0.601442039013,1.0,-0.893710196018,-0.193697631359,1.15715813637
-0.492861151695,-0.623293220997,1.0,-0.896903932095,-0.211555331945,1.17028236389
-0.491570264101,-0.63414812088,1.0,-0.907668471336,-0.229877516627,1.16985809803
-0.480104058981,-0.68801856041,1.0,-0.936013400555,-0.289236813784,1.16725492477
-0.469458013773,-0.719049751759,1.0,-0.94642418623,-0.324981480837,1.16702628136
-0.465480834246,-0.728748738766,1.0,-0.949951410294,-0.344694763422,1.16778707504
-0.456245094538,-0.748748898506,1.0,-0.95386070013,-0.368413329124,1.1665879488
-0.45117777586,-0.758568942547,1.0,-0.956946134567,-0.381780266762,1.16328322887
-0.439891546965,-0.778263092041,1.0,-0.951823890209,-0.402643620968,1.17251086235
-0.43420907855,-0.787260115147,1.0,-0.947673261166,-0.42290058732,1.17740988731
-0.421467125416,-0.805679798126,1.0,-0.94362950325,-0.44514966011,1.17925333977
-0.414672881365,-0.814668774605,1.0,-0.937927603722,-0.459272742271,1.18449056149
-0.399949163198,-0.832528531551,1.0,-0.929700136185,-0.47890150547,1.19031631947
-0.392701417208,-0.840618371964,1.0,-0.926523208618,-0.490470021963,1.18989372253
-0.376383423805,-0.85740685463,1.0,-0.910778522491,-0.511952757835,1.20303153992
-0.368406563997,-0.864979743958,1.0,-0.89889806509,-0.530090749264,1.20980274677
-0.350583642721,-0.880601882935,1.0,-0.884087145329,-0.550865709782,1.21798360348
-0.341931939125,-0.887604176998,1.0,-0.876703023911,-0.562682330608,1.21956324577
-0.322706758976,-0.901965558529,1.0,-0.855836987495,-0.582012116909,1.23530960083
-0.313424706459,-0.908359408379,1.0,-0.841267645359,-0.596581101418,1.24373376369
-0.293371796608,-0.921094238758,1.0,-0.81885689497,-0.62203168869,1.25032806396
-0.28304412961,-0.927121222019,1.0,-0.807651519775,-0.634756982327,1.25215375423
-0.261327564716,-0.938720047474,1.0,-0.78373169899,-0.646490514278,1.27637600899
-0.250939697027,-0.94378721714,1.0,-0.765580713749,-0.659657478333,1.28670120239
-0.193533524871,-0.966822624207,1.0,-0.694825828075,-0.704852461815,1.32612740993
-0.182241857052,-0.970452487469,1.0,-0.674146056175,-0.716623544693,1.33729064465
-0.157640084624,-0.977429568768,1.0,-0.645792841911,-0.731436312199,1.3536709547
-0.12064665556,-0.985660135746,1.0,-0.592673957348,-0.757276892662,1.38307762146
-0.108689457178,-0.987770915031,1.0,-0.569904327393,-0.766996145248,1.39702236652
-0.0827626660466,-0.991468966007,1.0,-0.541330039501,-0.777984678745,1.41489684582
-0.0705579891801,-0.992804884911,1.0,-0.519021809101,-0.786602139473,1.42821478844
-0.044167663902,-0.994834721088,1.0,-0.48719266057,-0.798237085342,1.44670188427
-0.0317738167942,-0.995391249657,1.0,-0.46453666687,-0.805694878101,1.46063399315
-0.00505870999768,-0.99574804306,1.0,-0.436427921057,-0.813890635967,1.47782456875
0.00745321623981,-0.995524942875,1.0,-0.414090842009,-0.820429682732,1.4898225069
0.0469088479877,-0.993217170238,1.0,-0.354481428862,-0.839429557323,1.51255643368
0.0863646268845,-0.988494992256,1.0,-0.309767395258,-0.846849858761,1.54069066048
0.112568579614,-0.984022915363,1.0,-0.281134694815,-0.852981388569,1.5514537096
0.125602960587,-0.981397092342,1.0,-0.262131839991,-0.855993151665,1.55932915211
0.151536211371,-0.975367128849,1.0,-0.234361812472,-0.860656142235,1.56758916378
0.164391621947,-0.971973359585,1.0,-0.213416084647,-0.862913250923,1.57546257973
0.189819142222,-0.964447915554,1.0,-0.183063074946,-0.867333471775,1.58199238777
0.202430814505,-0.960303485394,1.0,-0.166247487068,-0.869992434978,1.58382856846
0.227322354913,-0.951287448406,1.0,-0.136269167066,-0.87217515707,1.59055042267
0.239502683282,-0.946454703808,1.0,-0.115983486176,-0.87209302187,1.59536135197
0.263544231653,-0.936055421829,1.0,-0.0857502445579,-0.873820185661,1.59751272202
0.275333493948,-0.930515944958,1.0,-0.0677152052522,-0.873413741589,1.59895980358
0.309651255608,-0.912582993507,1.0,-0.0214637368917,-0.87108528614,1.60149002075
0.331618458033,-0.89952737093,1.0,0.00805477611721,-0.869308769703,1.59905207157
0.362827956676,-0.878469705582,1.0,0.0501768030226,-0.863733768463,1.59628808498
0.372685909271,-0.871108233929,1.0,0.0618214718997,-0.860921084881,1.59581255913
0.391790926456,-0.855693042278,1.0,0.0932474806905,-0.853892445564,1.59191679955
0.400857031345,-0.847777426243,1.0,0.113776102662,-0.846440374851,1.59161865711
0.418278604746,-0.831279337406,1.0,0.142045527697,-0.838170111179,1.58569157124
0.426458925009,-0.822854340076,1.0,0.15847837925,-0.830946624279,1.58489203453
0.441977262497,-0.805410563946,1.0,0.18730789423,-0.82057082653,1.577242136
0.449252068996,-0.796445071697,1.0,0.20316183567,-0.815323531628,1.57104241848
0.469008892775,-0.768666625023,1.0,0.23956425488,-0.790889441967,1.56958055496
0.480423361063,-0.749389827251,1.0,0.264588057995,-0.775904119015,1.56210768223
0.485532820225,-0.739629209042,1.0,0.279157161713,-0.764184713364,1.56055593491
0.49467164278,-0.71961504221,1.0,0.30280521512,-0.747133672237,1.55303990841
0.498658716679,-0.709427237511,1.0,0.316407889128,-0.734502911568,1.55077469349
0.505414068699,-0.688814342022,1.0,0.338808476925,-0.716274559498,1.54227161407
0.50821429491,-0.678266644478,1.0,0.35238713026,-0.703137755394,1.53909230232
0.512549519539,-0.657070100307,1.0,0.373794525862,-0.683461546898,1.52967512608
0.51411819458,-0.646238446236,1.0,0.385739147663,-0.672978878021,1.52244853973
0.515990078449,-0.624541282654,1.0,0.404751598835,-0.650048792362,1.51596939564
0.516309201717,-0.613480627537,1.0,0.413613736629,-0.637326657772,1.51331281662
0.515702307224,-0.591386318207,1.0,0.432856470346,-0.612166583538,1.50355863571
0.511702120304,-0.55773961544,1.0,0.467087119818,-0.564206719398,1.48217868805
0.509536445141,-0.546360433102,1.0,0.471423476934,-0.554887115955,1.48101317883
0.504056215286,-0.523766875267,1.0,0.486273765564,-0.528698265553,1.47003006935
0.492876201868,-0.489608645439,1.0,0.511780321598,-0.47728228569,1.44634187222
0.4883492589,-0.478107303381,1.0,0.514452397823,-0.462816596031,1.44630730152
0.47832891345,-0.45543295145,1.0,0.524785041809,-0.436512053013,1.43352985382
0.460637062788,-0.421417564154,1.0,0.537598609924,-0.3940513134,1.41510641575
0.454029679298,-0.410049527884,1.0,0.539586246014,-0.374569445848,1.41076934338
0.440050780773,-0.387705385685,1.0,0.545198082924,-0.346049249172,1.39722752571
0.432559281588,-0.376509726048,1.0,0.544900119305,-0.328085064888,1.39322721958
0.408635914326,-0.343528240919,1.0,0.54573059082,-0.278899312019,1.37488055229
0.391573578119,-0.322023838758,1.0,0.544465839863,-0.251667529345,1.36289429665
0.382692962885,-0.311362236738,1.0,0.540650784969,-0.236133292317,1.35878682137
0.364427238703,-0.290399342775,1.0,0.535649657249,-0.21208178997,1.34895825386
0.345543771982,-0.269898921251,1.0,0.525486946106,-0.181136608124,1.33755683899
0.335921734571,-0.259849488735,1.0,0.522171139717,-0.166152969003,1.32858943939
0.316348820925,-0.24013119936,1.0,0.500607669353,-0.137236237526,1.3267647028
0.306485116482,-0.230527728796,1.0,0.493935704231,-0.128889113665,1.32554280758
0.286578714848,-0.211754009128,1.0,0.473773270845,-0.100140698254,1.31631135941
0.276597082615,-0.202621385455,1.0,0.465337723494,-0.0856539383531,1.30842232704
0.266033560038,-0.193145036697,1.0,0.441362291574,-0.062308140099,1.31355690956
0.246692463756,-0.176261991262,1.0,0.414584845304,-0.0314846225083,1.30612719059
0.227004572749,-0.159647658467,1.0,0.38134470582,-0.00728057185188,1.30267870426
0.217261210084,-0.151622965932,1.0,0.370967179537,-0.00138744548894,1.30236923695
0.198102995753,-0.136200278997,1.0,0.341719776392,0.0254443474114,1.29038000107
0.18869613111,-0.128792122006,1.0,0.327974945307,0.025198334828,1.29823565483
0.161415487528,-0.107882134616,1.0,0.277987897396,0.0490768440068,1.29678344727
0.14412073791,-0.0950450897217,1.0,0.232036948204,0.0675320252776,1.29780209064
0.135766878724,-0.0889556854963,1.0,0.211460828781,0.0779272243381,1.2936476469
0.119735457003,-0.0774668827653,1.0,0.168678358197,0.0939382016659,1.29558479786
0.112081974745,-0.0720718353987,1.0,0.146282285452,0.104082278907,1.29137372971
0.097490824759,-0.0619446076453,1.0,0.104334577918,0.117611892521,1.29335689545
0.0905742719769,-0.0572160929441,1.0,0.09082724154,0.122048899531,1.29381084442
0.0775547623634,-0.0484406799078,1.0,0.0428543314338,0.138656467199,1.29248142242
0.0714480951428,-0.0443814136088,1.0,0.0190094988793,0.147489577532,1.2884002924
0.0600674003363,-0.0369141958654,1.0,-0.0223895981908,0.161530986428,1.28714132309
0.0547989495099,-0.0335012935102,1.0,-0.0351140983403,0.165317520499,1.28821873665
0.0451014451683,-0.0272940378636,1.0,-0.078023456037,0.16854916513,1.28320431709
0.040668964386,-0.0244901366532,1.0,-0.0967527851462,0.183785170317,1.28291285038
0.0326363444328,-0.01946464926,1.0,-0.149504929781,0.204426646233,1.27660727501
0.0290252361447,-0.017229905352,1.0,-0.162390694022,0.200225710869,1.2756704092
0.0225858017802,-0.0132852727547,1.0,-0.202440515161,0.2100379318,1.26861917973
0.0197462420911,-0.0115633560345,1.0,-0.223016709089,0.215203866363,1.26245069504
0.0147906728089,-0.00858648866415,1.0,-0.264169037342,0.225535735488,1.24717056751
0.0126563925296,-0.0073164049536,1.0,-0.285230278969,0.238827094436,1.25804066658
0.00902820751071,-0.00517607992515,1.0,-0.3367177248,0.260463953018,1.25217497349
0.00751292519271,-0.00429003313184,1.0,-0.352061361074,0.266859024763,1.25006628036
0.00502137839794,-0.00284485868178,1.0,-0.399827837944,0.287453919649,1.2426019907
0.00402231700718,-0.00227008457296,1.0,-0.424266934395,0.297425925732,1.23567831516
0.00245510996319,-0.00137521093711,1.0,-0.46348246932,0.316643357277,1.23225021362
0.00186163443141,-0.00103894830681,1.0,-0.474767655134,0.322364717722,1.23058319092
0.000990901957266,-0.000548972690012,1.0,-0.505902469158,0.337772279978,1.22460007668
0.000688700471073,-0.000380192475859,1.0,-0.524175465107,0.346312582493,1.21812939644
0.000290610274533,-0.000159164337674,1.0,-0.563883960247,0.369960814714,1.21872663498
0.000171831765329,-9.37154909479e-05,1.0,-0.584936022758,0.380982011557,1.21257996559
4.36377704318e-05,-2.35149509535e-05,1.0,-0.60969877243,0.39652132988,1.21251773834
1.61966236192e-05,-8.52724042488e-06,1.0,-0.617928802967,0.402363985777,1.21441566944
-1.89271770523e-06,1.19252263175e-06,1.0,-0.64545083046,0.420984178782,1.21410083771
-3.01596105601e-06,1.76442290467e-06,1.0,-0.654501795769,0.427415639162,1.21442782879
-2.92118988909e-06,1.73776800239e-06,1.0,-0.678366541862,0.443771392107,1.21083652973
-2.92118988909e-06,1.73776800239e-06,1.0,-0.712940633297,0.471717178822,1.21503305435
-2.92118988909e-06,1.73776800239e-06,1.0,-0.72520428896,0.480821043253,1.21189272404
-2.92118988909e-06,1.73776800239e-06,1.0,-0.741224646568,0.498233646154,1.22438979149
-2.92118988909e-06,1.73776800239e-06,1.0,-0.748219192028,0.505518496037,1.22788929939
-2.92118988909e-06,1.73776800239e-06,1.0,-0.763613164425,0.520372092724,1.23104906082
-2.92118988909e-06,1.73776800239e-06,1.0,-0.772562205791,0.52855014801,1.22960054874
-2.92118988909e-06,1.73776800239e-06,1.0,-0.786556839943,0.549342036247,1.24839234352
-2.92118988909e-06,1.73776800239e-06,1.0,-0.795322299004,0.559194386005,1.24955046177
-2.92118988909e-06,1.73776800239e-06,1.0,-0.807028234005,0.575800418854,1.26106238365
-2.92118988909e-06,1.73776800239e-06,1.0,-0.820380449295,0.596074640751,1.27445912361
-2.92118988909e-06,1.73776800239e-06,1.0,-0.824884057045,0.604042112827,1.28259468079
-2.92118988909e-06,1.73776800239e-06,1.0,-0.83645349741,0.623207390308,1.29512739182
-2.92118988909e-06,1.73776800239e-06,1.0,-0.839757680893,0.629217684269,1.30123519897
-2.92118988909e-06,1.73776800239e-06,1.0,-0.853849470615,0.652950227261,1.3121316433
-2.92118988909e-06,1.73776800239e-06,1.0,-0.864380955696,0.673292160034,1.33519601822
-2.92118988909e-06,1.73776800239e-06,1.0,-0.869830310345,0.682795226574,1.33923757076
-2.92118988909e-06,1.73776800239e-06,1.0,-0.877989947796,0.698128402233,1.35570347309
-2.92118988909e-06,1.73776800239e-06,1.0,-0.883181810379,0.707408547401,1.35993897915
-2.92118988909e-06,1.73776800239e-06,1.0,-0.890713989735,0.72098505497,1.3717802763
-2.92118988909e-06,1.73776800239e-06,1.0,-0.895304441452,0.729195296764,1.3745855093
-2.92118988909e-06,1.73776800239e-06,1.0,-0.901051044464,0.739305794239,1.38316822052
-2.92118988909e-06,1.73776800239e-06,1.0,-0.904335916042,0.745202541351,1.39057910442
-2.92118988909e-06,1.73776800239e-06,1.0,-0.913749814034,0.760827422142,1.40264105797
-2.92118988909e-06,1.73776800239e-06,1.0,-0.926248133183,0.781409680843,1.41434538364
-2.92118988909e-06,1.73776800239e-06,1.0,-0.928664505482,0.784777164459,1.41825854778
-2.92118988909e-06,1.73776800239e-06,1.0,-0.937625527382,0.798064827919,1.42502164841
-2.92118988909e-06,1.73776800239e-06,1.0,-0.940280616283,0.801579415798,1.42820370197
-2.92118988909e-06,1.73776800239e-06,1.0,-0.949749469757,0.815039396286,1.43342614174
-2.92118988909e-06,1.73776800239e-06,1.0,-0.962949633598,0.83114272356,1.44107782841
-2.92118988909e-06,1.73776800239e-06,1.0,-0.966179490089,0.83514213562,1.44244217873
-2.92118988909e-06,1.73776800239e-06,1.0,-0.974706530571,0.846247076988,1.44004714489
-2.92118988909e-06,1.73776800239e-06,1.0,-0.979143500328,0.849150180817,1.44438910484
-2.92118988909e-06,1.73776800239e-06,1.0,-0.986801087856,0.85673648119,1.44413363934
-2.92118988909e-06,1.73776800239e-06,1.0,-0.991566002369,0.860853970051,1.44555532932
-2.92118988909e-06,1.73776800239e-06,1.0,-1.00135207176,0.869077205658,1.44471478462
-2.92118988909e-06,1.73776800239e-06,1.0,-1.00623965263,0.873625934124,1.44158542156
-2.92118988909e-06,1.73776800239e-06,1.0,-1.01601481438,0.882723391056,1.4323836565
-2.92118988909e-06,1.73776800239e-06,1.0,-1.02090239525,0.887272119522,1.4263112545
-2.92118988909e-06,1.73776800239e-06,1.0,-1.03178656101,0.89182060957,1.43223941326
-2.92118988909e-06,1.73776800239e-06,1.0,-1.04151594639,0.897124946117,1.42655420303
-2.92118988909e-06,1.73776800239e-06,1.0,-1.04553246498,0.899123966694,1.42363524437
-2.92118988909e-06,1.73776800239e-06,1.0,-1.05773544312,0.917362987995,1.42083871365
-2.92118988909e-06,1.73776800239e-06,1.0,-1.06023836136,0.911757171154,1.41661131382
-2.92118988909e-06,1.73776800239e-06,1.0,-1.06957602501,0.910635948181,1.40590846539
-2.92118988909e-06,1.73776800239e-06,1.0,-1.07287716866,0.910377442837,1.40214073658
-2.92118988909e-06,1.73776800239e-06,1.0,-1.08277761936,0.911341905594,1.38896679878
-2.92118988909e-06,1.73776800239e-06,1.0,-1.09896993637,0.912803471088,1.36658287048
-2.92118988909e-06,1.73776800239e-06,1.0,-1.10843515396,0.91397112608,1.34674012661
-2.92118988909e-06,1.73776800239e-06,1.0,-1.11221158504,0.912318825722,1.34495329857
-2.92118988909e-06,1.73776800239e-06,1.0,-1.119530797,0.911512970924,1.33008944988
-2.92118988909e-06,1.73776800239e-06,1.0,-1.12171769142,0.910613358021,1.3266980648
-2.92118988909e-06,1.73776800239e-06,1.0,-1.13672471046,0.918823599815,1.30905234814
-2.92118988909e-06,1.73776800239e-06,1.0,-1.14396989346,0.918039262295,1.29359865189
-2.92118988909e-06,1.73776800239e-06,1.0,-1.14425563812,0.90526330471,1.28501951694
-2.92118988909e-06,1.73776800239e-06,1.0,-1.15078639984,0.895073652267,1.26554191113
-2.92118988909e-06,1.73776800239e-06,1.0,-1.15395283699,0.903707325459,1.26585042477
-2.92118988909e-06,1.73776800239e-06,1.0,-1.16061663628,0.898744881153,1.24901115894
-2.92118988909e-06,1.73776800239e-06,1.0,-1.16159510612,0.87925773859,1.23426246643
-2.92118988909e-06,1.73776800239e-06,1.0,-1.16159510612,0.87925773859,1.23426246643
-2.92118988909e-06,1.73776800239e-06,1.0,-1.16569471359,0.867292761803,1.21428000927
-2.92118988909e-06,1.73776800239e-06,1.0,-1.16569471359,0.867292761803,1.21428000927
-2.92118988909e-06,1.73776800239e-06,1.0,-1.16569721699,0.859585702419,1.20800018311
-2.92118988909e-06,1.73776800239e-06,1.0,-1.16954231262,0.84201413393,1.1776368618
-2.92118988909e-06,1.73776800239e-06,1.0,-1.16999268532,0.82790273428,1.16683554649
-2.92118988909e-06,1.73776800239e-06,1.0,-1.16867494583,0.810148835182,1.15642666817
-2.92118988909e-06,1.73776800239e-06,1.0,-1.16945695877,0.789464831352,1.12909734249
-2.92118988909e-06,1.73776800239e-06,1.0,-1.16421484947,0.770489871502,1.1279323101
-2.92118988909e-06,1.73776800239e-06,1.0,-1.16206669807,0.742712318897,1.09869611263
-2.92118988909e-06,1.73776800239e-06,1.0,-1.1598161459,0.747301518917,1.11567342281
-2.92118988909e-06,1.73776800239e-06,1.0,-1.15303874016,0.719095528126,1.10140955448
-2.92118988909e-06,1.73776800239e-06,1.0,-1.14123678207,0.677622914314,1.08446800709
-2.92118988909e-06,1.73776800239e-06,1.0,-1.12979614735,0.647353827953,1.08064723015
-2.92118988909e-06,1.73776800239e-06,1.0,-1.11804449558,0.608343183994,1.05877006054
-2.92118988909e-06,1.73776800239e-06,1.0,-1.1118401289,0.598607599735,1.06910347939
-2.92118988909e-06,1.73776800239e-06,1.0,-1.09985852242,0.569080293179,1.06337845325
-2.92118988909e-06,1.73776800239e-06,1.0,-1.08892285824,0.54715180397,1.06673133373
-2.92118988909e-06,1.73776800239e-06,1.0,-1.07351791859,0.511330544949,1.05934751034
-2.92118988909e-06,1.73776800239e-06,1.0,-1.06193649769,0.489050805569,1.06189525127
-2.92118988909e-06,1.73776800239e-06,1.0,-1.04196059704,0.444983899593,1.05091166496
-2.92118988909e-06,1.73776800239e-06,1.0,-1.03067553043,0.426255345345,1.05893731117
-2.92118988909e-06,1.73776800239e-06,1.0,-1.00758707523,0.379062771797,1.04995143414
-2.92118988909e-06,1.73776800239e-06,1.0,-0.975621879101,0.325009971857,1.06033372879
-2.92118988909e-06,1.73776800239e-06,1.0,-0.963570654392,0.307189464569,1.06787371635
-2.92118988909e-06,1.73776800239e-06,1.0,-0.942167282104,0.271208047867,1.07003164291
-2.92118988909e-06,1.73776800239e-06,1.0,-0.927619695663,0.24908323586,1.07596743107
-2.92118988909e-06,1.73776800239e-06,1.0,-0.891424179077,0.193982958794,1.08911240101
-2.92118988909e-06,1.73776800239e-06,1.0,-0.870117843151,0.162148371339,1.09573125839
-2.92118988909e-06,1.73776800239e-06,1.0,-0.854419827461,0.140486657619,1.1067378521
-2.92118988909e-06,1.73776800239e-06,1.0,-0.831239283085,0.106533288956,1.11414504051
-2.92118988909e-06,1.73776800239e-06,1.0,-0.811670422554,0.078989289701,1.12047803402
-2.92118988909e-06,1.73776800239e-06,1.0,-0.769233226776,0.0243941619992,1.14677906036
-2.92118988909e-06,1.73776800239e-06,1.0,-0.756297826767,0.00699988706037,1.15032374859
-2.92118988909e-06,1.73776800239e-06,1.0,-0.72303634882,-0.0347755476832,1.16680192947
-2.92118988909e-06,1.73776800239e-06,1.0,-0.69833022356,-0.0667599216104,1.17065632343
-2.92118988909e-06,1.73776800239e-06,1.0,-0.685977160931,-0.0827521085739,1.17111206055
-2.92118988909e-06,1.73776800239e-06,1.0,-0.670976996422,-0.0986548140645,1.19057559967
-2.92118988909e-06,1.73776800239e-06,1.0,-0.660155177116,-0.11214479804,1.19165682793
-2.92118988909e-06,1.73776800239e-06,1.0,-0.624655067921,-0.148741096258,1.21999299526
-2.92118988909e-06,1.73776800239e-06,1.0,-0.608983099461,-0.165836527944,1.22595155239
-2.92118988909e-06,1.73776800239e-06,1.0,-0.599294066429,-0.176764145494,1.2267884016
-2.92118988909e-06,1.73776800239e-06,1.0,-0.580012500286,-0.19566231966,1.24626755714
-2.92118988909e-06,1.73776800239e-06,1.0,-0.570294857025,-0.20597012341,1.24880456924
-2.92118988909e-06,1.73776800239e-06,1.0,-0.551279604435,-0.224629566073,1.25809383392
-2.92118988909e-06,1.73776800239e-06,1.0,-0.526107549667,-0.247831135988,1.26798129082
-2.92118988909e-06,1.73776800239e-06,1.0,-0.51629781723,-0.257275521755,1.26868402958
-2.92118988909e-06,1.73776800239e-06,1.0,-0.508569836617,-0.262669116259,1.27681064606
-2.92118988909e-06,1.73776800239e-06,1.0,-0.501062333584,-0.269494593143,1.27714800835
-2.92118988909e-06,1.73776800239e-06,1.0,-0.486047029495,-0.283145546913,1.27487981319
-2.92118988909e-06,1.73776800239e-06,1.0,-0.478539377451,-0.289971023798,1.27227425575
-2.92118988909e-06,1.73776800239e-06,1.0,-0.472723692656,-0.291505426168,1.28478336334
-2.92118988909e-06,1.73776800239e-06,1.0,-0.466457158327,-0.29654365778,1.2834135294
-2.92118988909e-06,1.73776800239e-06,1.0,-0.45695489645,-0.302351951599,1.28432643414
-2.92118988909e-06,1.73776800239e-06,1.0,-0.451479464769,-0.3062928617,1.28195226192
-2.92118988909e-06,1.73776800239e-06,1.0,-0.442589074373,-0.310574650764,1.28256464005
-2.92118988909e-06,1.73776800239e-06,1.0,-0.43770968914,-0.313633710146,1.27960038185
-2.92118988909e-06,1.73776800239e-06,0.999999940395,-0.423071533442,-0.32281088829,1.26482129097
-2.92118988909e-06,1.73776800239e-06,0.999634325504,-0.383210808039,-0.323243200779,1.25292980671
-2.92118988909e-06,1.73776800239e-06,0.999145925045,-0.373310655355,-0.319658041,1.24670600891
-2.92118988909e-06,1.73776800239e-06,0.998912096024,-0.371389687061,-0.318341612816,1.24592447281
-2.92118988909e-06,1.73776800239e-06,0.998304963112,-0.364841043949,-0.314052939415,1.24175751209
-2.92118988909e-06,1.73776800239e-06,0.996992468834,-0.355413556099,-0.307376295328,1.23588836193
-2.92118988909e-06,1.73776800239e-06,0.996427297592,-0.35177692771,-0.305214285851,1.23026955128
-2.92118988909e-06,1.73776800239e-06,0.995073795319,-0.345793902874,-0.300439715385,1.22730314732
-2.92118988909e-06,1.73776800239e-06,0.992429077625,-0.337244659662,-0.292428761721,1.22624087334
-2.92118988909e-06,1.73776800239e-06,0.991370558739,-0.334856122732,-0.290235102177,1.22531628609
-2.92118988909e-06,1.73776800239e-06,0.987560629845,-0.325341641903,-0.281324982643,1.22006928921
-2.92118988909e-06,1.73776800239e-06,0.984452962875,-0.317743569613,-0.2739392519,1.21633350849
-2.92118988909e-06,1.73776800239e-06,0.982730686665,-0.315240770578,-0.271441310644,1.21504819393
-2.92118988909e-06,1.73776800239e-06,0.978883385658,-0.306887388229,-0.264380007982,1.21089994907
-2.92118988909e-06,1.73776800239e-06,0.976773560047,-0.304286181927,-0.262187689543,1.20967769623
-2.92118988909e-06,1.73776800239e-06,0.969586730003,-0.293536096811,-0.253366947174,1.20403862
-2.92118988909e-06,1.73776800239e-06,0.964066147804,-0.284934669733,-0.246717840433,1.1991508007
-2.92118988909e-06,1.73776800239e-06,0.961076259613,-0.280703336,-0.24333319068,1.19345641136
-2.92118988909e-06,1.73776800239e-06,0.954621732235,-0.272889941931,-0.237421050668,1.18859434128
-2.92118988909e-06,1.73776800239e-06,0.95116686821,-0.27054309845,-0.235791772604,1.18871748447
-2.92118988909e-06,1.73776800239e-06,0.939798116684,-0.258602768183,-0.227343797684,1.17994344234
-2.92118988909e-06,1.73776800239e-06,0.931384563446,-0.249231219292,-0.221480026841,1.17259562016
-2.92118988909e-06,1.73776800239e-06,0.917490541935,-0.238688483834,-0.215267270803,1.16035103798
-2.92118988909e-06,1.73776800239e-06,0.912513971329,-0.234859481454,-0.212860584259,1.15298914909
-2.92118988909e-06,1.73776800239e-06,0.902041554451,-0.224313795567,-0.207476601005,1.14681065083
-2.92118988909e-06,1.73776800239e-06,0.896558523178,-0.220455870032,-0.20556025207,1.14468789101
-2.92118988909e-06,1.73776800239e-06,0.88505166769,-0.21345384419,-0.201770484447,1.13542628288
-2.92118988909e-06,1.73776800239e-06,0.87904882431,-0.207535356283,-0.19867759943,1.13012719154
-2.92118988909e-06,1.73776800239e-06,0.866526186466,-0.197183564305,-0.193301230669,1.11756777763
-2.92118988909e-06,1.73776800239e-06,0.846499085426,-0.183864831924,-0.186527743936,1.09337210655
-2.92118988909e-06,1.73776800239e-06,0.839498519897,-0.180294290185,-0.185455873609,1.09247016907
-2.92118988909e-06,1.73776800239e-06,0.825016021729,-0.171396061778,-0.181156143546,1.0722578764
-2.92118988909e-06,1.73776800239e-06,0.817541658878,-0.168008372188,-0.180528193712,1.07397031784
-2.92118988909e-06,1.73776800239e-06,0.777958154678,-0.144421681762,-0.170362100005,1.03365528584
-2.92118988909e-06,1.73776800239e-06,0.76962095499,-0.141376540065,-0.169170096517,1.02785086632
-2.92118988909e-06,1.73776800239e-06,0.743859887123,-0.130326122046,-0.164884060621,1.0032542944
-2.92118988909e-06,1.73776800239e-06,0.726078212261,-0.121555007994,-0.161383643746,0.981251001358
-2.92118988909e-06,1.73776800239e-06,0.717018127441,-0.119060590863,-0.160352855921,0.975855469704
-2.92118988909e-06,1.73776800239e-06,0.698578894138,-0.110167481005,-0.156398609281,0.952658057213
-2.92118988909e-06,1.73776800239e-06,0.689220130444,-0.105724141002,-0.154481872916,0.938401997089
-2.92118988909e-06,1.7377678887e-06,0.61146569252,-0.079418592155,-0.142554208636,0.852085351944
-2.92118988909e-06,1.7377678887e-06,0.601473689079,-0.0760063380003,-0.141010820866,0.836924791336
-2.92118988909e-06,1.7377678887e-06,0.571282505989,-0.0700697675347,-0.136889606714,0.813371658325
-2.92118988909e-06,1.7377678887e-06,0.55101287365,-0.0645456314087,-0.133355289698,0.787527263165
-2.92118988909e-06,1.7377678887e-06,0.540862560272,-0.0614514425397,-0.131535261869,0.771053552628
-2.92118988909e-06,1.7377678887e-06,0.520540833473,-0.0577639751136,-0.128732398152,0.750277936459
-2.92118988909e-06,1.73776777501e-06,0.490126252174,-0.0520608201623,-0.125022500753,0.713298618793
-2.92118988909e-06,1.73776777501e-06,0.480019032955,-0.0520960092545,-0.124431319535,0.711533784866
-2.92118988909e-06,1.73776777501e-06,0.459909886122,-0.0498337857425,-0.121320493519,0.688066720963
-2.92118988909e-06,1.73776777501e-06,0.449915707111,-0.0491066016257,-0.12024641782,0.680672883987
