0.0,0.0,0.0,-0.0243431217968,-0.0949425622821,0.149720534682
0.0,0.0,0.0,-0.0243408642709,-0.0949564278126,0.149709448218
0.0,0.0,0.0,-0.0243404619396,-0.094955958426,0.149701043963
0.0,0.0,0.0,-0.0243422649801,-0.0949658825994,0.149691581726
0.0,0.0,0.0,-0.0243518874049,-0.09495665133,0.149675190449
0.0,0.0,0.0,-0.024350175634,-0.0949397608638,0.14968931675
0.0,0.0,0.0,-0.0243529267609,-0.094967238605,0.14969651401
0.0,0.0,0.0,-0.024342045188,-0.0949402675033,0.149673968554
0.0,0.0,0.0,-0.0243431832641,-0.094967097044,0.149667292833
0.0,0.0,0.0,-0.0243427995592,-0.0949465930462,0.149677217007
0.0,0.0,0.0,-0.0243482608348,-0.0949546024203,0.149690464139
0.0,0.0,0.0,-0.0243484526873,-0.0949382036924,0.149713307619
0.0,0.0,0.0,-0.024341262877,-0.0949277207255,0.149724557996
0.0,0.0,0.0,-0.0243398379534,-0.0949283763766,0.149719312787
0.0,0.0,0.0,-0.0243339482695,-0.0949231535196,0.149734914303
0.0,0.0,0.0,-0.0243324525654,-0.0949299931526,0.149745836854
0.0,0.0,0.0,-0.0243304241449,-0.0949260294437,0.149748280644
0.0,0.0,0.0,-0.0243321266025,-0.0949528440833,0.149752244353
0.0,0.0,0.0,-0.0243413671851,-0.0949347838759,0.149705141783
0.0,0.0,0.0,-0.0243443958461,-0.0949438363314,0.149697259068
0.0,0.0,0.0,-0.0243430007249,-0.0949404984713,0.149689853191
0.0,0.0,0.0,-0.024347756058,-0.0949254333973,0.149690568447
0.0,0.0,0.0,-0.0243560131639,-0.0949313864112,0.149687156081
0.0,0.0,0.0,-0.0243594367057,-0.0949352011085,0.14969702065
0.0,0.0,0.0,-0.0243519283831,-0.0949300155044,0.149697437882
0.0,0.0,0.0,-0.024350181222,-0.0949438139796,0.149693235755
0.0,0.0,0.0,-0.0243420992047,-0.0949359536171,0.149703517556
0.0,0.0,0.0,-0.0243447702378,-0.0949368104339,0.149731427431
0.0,0.0,0.0,-0.0243533905596,-0.0949614495039,0.149747908115
0.0,0.0,0.0,-0.0243379678577,-0.0949573889375,0.149743661284
0.0,0.0,0.0,-0.0243288204074,-0.0949645638466,0.149721235037
0.0,0.0,0.0,-0.0243263635784,-0.0949582159519,0.149719581008
0.0,0.0,0.0,-0.0243264678866,-0.0949566960335,0.149722620845
0.0,0.0,0.0,-0.0243277698755,-0.0949541702867,0.149724885821
0.0,0.0,0.0,-0.0243314635009,-0.0949626639485,0.149725362659
0.0,0.0,0.0,-0.0243303962052,-0.0949475765228,0.149726837873
0.0,0.0,0.0,-0.0243577826768,-0.0949326828122,0.149695307016
0.0,0.0,0.0,-0.0243518538773,-0.0949363783002,0.149677142501
0.0,0.0,0.0,-0.0243490487337,-0.0949357002974,0.149670854211
0.0,0.0,0.0,-0.0243412740529,-0.0949445217848,0.149653583765
0.0,0.0,0.0,-0.0243495274335,-0.0949651822448,0.149680733681
0.0,0.0,0.0,-0.0243535600603,-0.0949635356665,0.149691402912
0.0,0.0,0.0,-0.0243597999215,-0.0949593037367,0.149690568447
0.0,0.0,0.0,-0.0243520103395,-0.0949460193515,0.149678975344
0.0,0.0,0.0,-0.024341089651,-0.0949389636517,0.149719759822
0.0,0.0,0.0,-0.0243353974074,-0.0949339419603,0.149715766311
0.0,0.0,0.0,-0.0243369508535,-0.0949476957321,0.149716928601
0.0,0.0,0.0,-0.0243334323168,-0.0949349030852,0.149716556072
0.0,0.0,0.0,-0.0243337266147,-0.0949313417077,0.149715721607
0.0,0.0,0.0,-0.0243363976479,-0.0949303582311,0.149722382426
0.0,0.0,0.0,-0.0243404302746,-0.0949438586831,0.14972384274
0.0,0.0,0.0,-0.024345824495,-0.0949619263411,0.149724051356
0.0,0.0,0.0,-0.0243443977088,-0.0949441939592,0.149725750089
0.0,0.0,0.0,-0.0243399683386,-0.0949400961399,0.1497271806
0.0,0.0,0.0,-0.0243355166167,-0.0949386507273,0.149721488357
0.0,0.0,0.0,-0.0243334900588,-0.0949622616172,0.149690747261
0.0,0.0,0.0,-0.024328827858,-0.094946987927,0.149692460895
0.0,0.0,0.0,-0.0243322830647,-0.0949417874217,0.149690926075
0.0,0.0,0.0,-0.0243360884488,-0.0949527174234,0.149687990546
0.0,0.0,0.0,-0.0243421364576,-0.0949394702911,0.149736136198
0.0,0.0,0.0,-0.0243458002806,-0.0949528291821,0.149738490582
0.0,0.0,0.0,-0.0243287459016,-0.0949786901474,0.149695411325
0.0,0.0,0.0,-0.0243294257671,-0.095001667738,0.149688601494
0.0,0.0,0.0,-0.0243302807212,-0.0950293689966,0.149682551622
0.0,0.0,0.0,-0.0243320893496,-0.0950618684292,0.149677187204
0.0,0.0,0.0,-0.0243350658566,-0.095098786056,0.149672821164
0.0,0.0,0.0,-0.0243319477886,-0.0949536934495,0.14969933033
0.0,0.0,0.0,-0.0243410021067,-0.0949492752552,0.149687990546
0.0,0.0,0.0,-0.0243428032845,-0.0949479416013,0.149679079652
0.0,0.0,0.0,-0.0243471898139,-0.0949629321694,0.149673119187
0.0,0.0,0.0,-0.0243516489863,-0.0949827730656,0.149667710066
0.0,0.0,0.0,-0.0243458915502,-0.0949541181326,0.149677380919
0.0,0.0,0.0,-0.0243490543216,-0.0949418470263,0.149679124355
0.0,0.0,0.0,-0.0243540313095,-0.0949538275599,0.149679064751
0.0,0.0,0.0,-0.0243498180062,-0.0949427857995,0.149681463838
0.0,0.0,0.0,-0.0243514813483,-0.094935066998,0.149687871337
-0.0243552196771,-0.0949437245727,0.149690613151,-0.0243551433086,-0.0949353277683,0.14969599247
-0.0243552196771,-0.0949437245727,0.149690642953,-0.024356437847,-0.0949329063296,0.14971293509
-0.0243552196771,-0.0949437245727,0.149690955877,-0.0243555326015,-0.094932384789,0.149717852473
-0.0243552196771,-0.0949437245727,0.149692222476,-0.0243525933474,-0.0949289575219,0.149715974927
-0.0243552196771,-0.0949437245727,0.149702042341,-0.0243459176272,-0.0949317067862,0.14969907701
-0.0243552196771,-0.0949437245727,0.149713665247,-0.0243443902582,-0.0949317440391,0.149697229266
-0.0243552196771,-0.0949437245727,0.149732366204,-0.0243443306535,-0.0949430689216,0.149694681168
-0.0243552196771,-0.0949437245727,0.14976041019,-0.0243475176394,-0.0949462130666,0.149696797132
-0.0243552196771,-0.0949437245727,0.149800345302,-0.0243482738733,-0.0949465110898,0.149702101946
-0.0243552196771,-0.0949437245727,0.149854958057,-0.0243518594652,-0.0949469208717,0.149713903666
-0.0243552196771,-0.0949437245727,0.149927347898,-0.0243542846292,-0.0949486941099,0.149717181921
-0.0243552196771,-0.0949437245727,0.150020614266,-0.0243534762412,-0.0949500054121,0.149718001485
-0.0243552196771,-0.0949437245727,0.150138184428,-0.0243550222367,-0.0949530825019,0.149708688259
-0.0243552196771,-0.0949437245727,0.150283753872,-0.0243520569056,-0.0949524715543,0.149701401591
-0.0243552196771,-0.0949437245727,0.150460794568,-0.0243487562984,-0.0949673801661,0.149693787098
-0.0243552196771,-0.0949437245727,0.150673449039,-0.024343919009,-0.0949578508735,0.149682745337
-0.0243552196771,-0.0949437245727,0.150925308466,-0.0243407897651,-0.0949584469199,0.149676978588
-0.0243552196771,-0.0949437245727,0.151220336556,-0.0243385601789,-0.0949769318104,0.149676248431
-0.0243552196771,-0.0949437245727,0.151563391089,-0.0243300274014,-0.0950033292174,0.149682968855
-0.0243552196771,-0.0949437245727,0.151957914233,-0.0243393331766,-0.0949696749449,0.149685055017
-0.0243552196771,-0.0949437245727,0.152919515967,-0.0243587754667,-0.0949596241117,0.149713560939
-0.0243552196771,-0.0949437245727,0.153494790196,-0.0243609342724,-0.0949585810304,0.149732097983
-0.0243552196771,-0.0949437245727,0.154138892889,-0.0243631713092,-0.0949607118964,0.149750202894
-0.0243552196771,-0.0949437245727,0.154856711626,-0.0243639089167,-0.0949661061168,0.149871081114
-0.0243552196771,-0.0949437245727,0.157490834594,-0.0245050378144,-0.0949984639883,0.150509029627
-0.0243552196771,-0.0949437245727,0.158543229103,-0.024696463719,-0.0950848534703,0.150946050882
-0.0243552196771,-0.0949437245727,0.15968978405,-0.0246998015791,-0.0950825735927,0.151057004929
-0.0243552196771,-0.0949437245727,0.160935550928,-0.0248604733497,-0.0951153337955,0.15176217258
-0.0243552196771,-0.0949437245727,0.162282541394,-0.0249631796032,-0.0950975716114,0.152484297752
-0.0243552196771,-0.0949437245727,0.163735583425,-0.0250782929361,-0.0951261892915,0.153448432684
-0.0243552196771,-0.0949437245727,0.165299668908,-0.0252398643643,-0.0951584726572,0.156447291374
-0.0243552196771,-0.0949437245727,0.166976049542,-0.0254376847297,-0.0951643139124,0.158321648836
-0.0243552196771,-0.0949437245727,0.168769478798,-0.0255650971085,-0.0951278731227,0.160692587495
-0.0243552196771,-0.0949437245727,0.170683354139,-0.0259948987514,-0.095195427537,0.165695548058
-0.0243552196771,-0.0949437245727,0.172722607851,-0.026231918484,-0.0956984981894,0.170052573085
-0.0243552196771,-0.0949437245727,0.174887269735,-0.0263487156481,-0.0966909304261,0.174816176295
-0.0243552196771,-0.0949437245727,0.177181914449,-0.0267911795527,-0.0961729735136,0.179622367024
-0.0243552196771,-0.0949437245727,0.182174488902,-0.0275875683874,-0.0959141105413,0.187664270401
-0.0243552196771,-0.0949437245727,0.184875831008,-0.0279425848275,-0.0959587022662,0.196728557348
-0.0243552196771,-0.0949437245727,0.193834617734,-0.030497694388,-0.0954494997859,0.215492531657
-0.0243552196771,-0.0949437245727,0.200539067388,-0.0317023359239,-0.094712369144,0.224997594953
-0.0243552196771,-0.0949437245727,0.204114452004,-0.0328495949507,-0.0943579748273,0.233945176005
-0.0243552196771,-0.0949437245727,0.211720883846,-0.0340763479471,-0.0940400511026,0.244893029332
-0.0243552196771,-0.0949437245727,0.215757280588,-0.0354071259499,-0.0937283188105,0.251467823982
-0.0243552196771,-0.0949437245727,0.224288120866,-0.0376783758402,-0.0930055230856,0.26459646225
-0.0243552196771,-0.0949437245727,0.228790208697,-0.0383067242801,-0.0928432047367,0.268864274025
-0.0243552196771,-0.0949437245727,0.238255113363,-0.040099337697,-0.0924079120159,0.277933865786
-0.0243552196771,-0.0949437245727,0.243225172162,-0.0412250161171,-0.0921120196581,0.283269047737
-0.0243552196771,-0.0949437245727,0.253623515368,-0.0417823754251,-0.0921376571059,0.290335714817
-0.0243552196771,-0.0949437245727,0.259054392576,-0.0423028767109,-0.0919978693128,0.294835627079
-0.0243552196771,-0.0949437245727,0.270379573107,-0.0431420020759,-0.0914964228868,0.305375307798
-0.0243552196771,-0.0949437245727,0.276271790266,-0.0436330512166,-0.0914696156979,0.312175482512
-0.0243552196771,-0.0949437245727,0.288494378328,-0.0440577454865,-0.0914587378502,0.320919007063
-0.0243552196771,-0.0949437245727,0.294830739498,-0.0443913526833,-0.0915231704712,0.329624861479
-0.0243552196771,-0.0949437245727,0.314681559801,-0.0439988449216,-0.0922969505191,0.349328756332
-0.0243552196771,-0.0949437245727,0.328610807657,-0.0434949174523,-0.0931328386068,0.361239224672
-0.0243552196771,-0.0949437245727,0.335777372122,-0.0428950861096,-0.0937352702022,0.371909707785
-0.0243552196771,-0.0949437320232,0.350482642651,-0.0419252514839,-0.0952440947294,0.389598280191
-0.0243552196771,-0.0949437320232,0.358020424843,-0.0414941012859,-0.0959153175354,0.398625612259
-0.0243552196771,-0.0949437320232,0.373455107212,-0.0409145131707,-0.0951452255249,0.404220640659
-0.0243552215397,-0.0949437320232,0.381338834763,-0.0401543080807,-0.0957440435886,0.415347456932
-0.0243552215397,-0.0949437320232,0.397425621748,-0.0391522012651,-0.0962147936225,0.426893204451
-0.0243552215397,-0.0949437320232,0.40562698245,-0.0387337058783,-0.0964548811316,0.434172928333
-0.0243552215397,-0.0949437320232,0.430767893791,-0.0363974310458,-0.0979282781482,0.460416525602
-0.0243552215397,-0.0949437320232,0.447953641415,-0.0352100990713,-0.098683565855,0.474453866482
-0.0243552215397,-0.0949437320232,0.456654906273,-0.0341430306435,-0.0992122292519,0.486658066511
-0.0243552215397,-0.0949437320232,0.474263459444,-0.0323584526777,-0.100133620203,0.507808625698
-0.0243552215397,-0.0949437320232,0.4831610322,-0.0315787531435,-0.100533723831,0.518492698669
-0.0243552215397,-0.0949437394738,0.510131776333,-0.0303193088621,-0.101612880826,0.53946852684
-0.0243552215397,-0.0949437394738,0.528316438198,-0.0294592678547,-0.102166131139,0.554934680462
-0.0243552215397,-0.0949437394738,0.555780529976,-0.028300832957,-0.103368759155,0.578494906425
-0.0243552234024,-0.0949437394738,0.56496232748,-0.0277504082769,-0.103855319321,0.591141819954
-0.0243552234024,-0.0949437394738,0.583345115185,-0.0273385662585,-0.104581080377,0.607061505318
-0.0243552234024,-0.0949437469244,0.610864818096,-0.0269907414913,-0.105577945709,0.634631097317
-0.0243552234024,-0.0949437469244,0.620000779629,-0.0270371232182,-0.105917774141,0.643738269806
-0.0243552234024,-0.0949437469244,0.638194978237,-0.027049317956,-0.106279425323,0.657758414745
-0.0243552234024,-0.0949437469244,0.647235751152,-0.0272303335369,-0.106680467725,0.669753551483
-0.024355225265,-0.094943754375,0.665193021297,-0.0273066759109,-0.10767224431,0.689700782299
-0.024355225265,-0.094943754375,0.674091875553,-0.0273505449295,-0.108099244535,0.699569702148
-0.024355225265,-0.094943754375,0.691719412804,-0.0273432973772,-0.108804434538,0.71897572279
-0.024355225265,-0.094943754375,0.700431227684,-0.0283080693334,-0.107662573457,0.71451574564
-0.024355225265,-0.0949437618256,0.717633545399,-0.0291827116162,-0.10754494369,0.728645861149
-0.024355225265,-0.0949437618256,0.726114809513,-0.029648873955,-0.107246413827,0.738631248474
-0.0243552271277,-0.0949437618256,0.742827534676,-0.0306262392551,-0.106994494796,0.756908297539
-0.0243552271277,-0.0949437618256,0.751030981541,-0.0310538057238,-0.107068695128,0.76320874691
-0.0243552271277,-0.0949437692761,0.775055348873,-0.0323149450123,-0.106760464609,0.784495413303
-0.0243552289903,-0.0949437767267,0.798080563545,-0.0333535298705,-0.106326170266,0.801155090332
-0.0243552289903,-0.0949437767267,0.812829077244,-0.0340984277427,-0.105900645256,0.814201891422
-0.0243552289903,-0.0949437841773,0.8200096488,-0.0347015298903,-0.105865798891,0.823400199413
-0.024355230853,-0.0949437841773,0.833979308605,-0.0356257595122,-0.105438984931,0.839076519012
-0.024355230853,-0.0949437841773,0.840757846832,-0.0358269065619,-0.105156615376,0.844893574715
-0.024355230853,-0.0949437916279,0.853898704052,-0.0363428480923,-0.104548610747,0.85632276535
-0.024355230853,-0.0949437916279,0.860252261162,-0.0364264212549,-0.104644037783,0.86066287756
-0.0243552327156,-0.0949437990785,0.872519433498,-0.0367611125112,-0.104528553784,0.872254490852
-0.0243552327156,-0.094943806529,0.87843388319,-0.0367806442082,-0.104465335608,0.876895725727
-0.0243552345783,-0.094943806529,0.889800608158,-0.0370641835034,-0.104422278702,0.888271093369
-0.0243552345783,-0.0949438139796,0.895259380341,-0.0372091718018,-0.104087054729,0.895654559135
-0.0243552345783,-0.0949438214302,0.90570795536,-0.0374190174043,-0.104042582214,0.905560731888
-0.0243552364409,-0.0949438214302,0.910697877407,-0.0373616851866,-0.103925004601,0.909588396549
-0.0243552364409,-0.0949438288808,0.920213222504,-0.0373678766191,-0.103743053973,0.919196784496
-0.0243552383035,-0.0949438363314,0.933315753937,-0.0363610051572,-0.10367218405,0.933690667152
-0.0243552383035,-0.0949438437819,0.937372505665,-0.0359890274704,-0.103622399271,0.93878108263
-0.0243552420288,-0.0949438661337,0.9585288167,-0.0338354073465,-0.103742487729,0.960028469563
-0.0243552438915,-0.0949438735843,0.96439653635,-0.0329885855317,-0.104053549469,0.965689003468
-0.0243552438915,-0.0949438810349,0.967122733593,-0.0326684080064,-0.104112952948,0.96786159277
-0.0243552476168,-0.094943895936,0.974470615387,-0.0315574146807,-0.104394011199,0.975658714771
-0.0243552476168,-0.0949439108372,0.9787093997,-0.0308462232351,-0.104986988008,0.98122215271
-0.0243552494794,-0.0949439108372,0.98064416647,-0.030624654144,-0.104719445109,0.981773018837
-0.0243552513421,-0.0949439257383,0.984145879745,-0.0301589574665,-0.104818478227,0.984572172165
-0.0243552513421,-0.0949439331889,0.985727548599,-0.0298862457275,-0.104847565293,0.985920667648
-0.0243552532047,-0.0949439406395,0.988560020924,-0.0295400060713,-0.104666642845,0.987826824188
-0.0243552550673,-0.0949439480901,0.989821076393,-0.0290885027498,-0.104875072837,0.989161968231
-0.02435525693,-0.0949439629912,0.992049217224,-0.0283522307873,-0.105076350272,0.991460263729
-0.02435525693,-0.0949439704418,0.993024110794,-0.0278325136751,-0.105394147336,0.992499887943
-0.0243552587926,-0.094943985343,0.994719147682,-0.0279218740761,-0.105455197394,0.993087530136
-0.0243552606553,-0.0949439927936,0.995446920395,-0.0279826968908,-0.105322763324,0.993738889694
-0.0243552625179,-0.0949440076947,0.996687948704,-0.0278863478452,-0.105292744935,0.994897305965
-0.0243552643806,-0.0949440151453,0.997209489346,-0.0279907658696,-0.105309352279,0.995216548443
-0.0243552662432,-0.094944037497,0.998070478439,-0.0281206574291,-0.10498726368,0.996431469917
-0.0243552662432,-0.0949440449476,0.998421370983,-0.0281286016107,-0.105331867933,0.996794462204
-0.0243552699685,-0.0949440598488,0.998980879784,-0.0283098872751,-0.105373196304,0.997643947601
-0.0243552736938,-0.0949440896511,0.999531626701,-0.0284978412092,-0.105570323765,0.999055683613
-0.0243552755564,-0.0949441120028,0.999749898911,-0.0287361536175,-0.105738207698,1.00035011768
-0.0243552774191,-0.0949441194534,0.999825119972,-0.0288857892156,-0.105760626495,1.00067353249
-0.0243552792817,-0.0949441418052,0.999924898148,-0.0292844604701,-0.105669103563,1.00204956532
-0.0243552811444,-0.0949441492558,0.99995470047,-0.029428543523,-0.105524405837,1.00244867802
-0.0243552848697,-0.0949441716075,0.999985933304,-0.0296551212668,-0.105600580573,1.00356054306
-0.0243552848697,-0.0949441865087,0.999992907047,-0.0298304390162,-0.105721667409,1.00420820713
-0.0243552923203,-0.0949442386627,1.0,-0.0310505665839,-0.106297560036,1.00698637962
-0.0243552923203,-0.0949442386627,1.0,-0.0310802925378,-0.106251105666,1.0074545145
-0.0243552923203,-0.0949442386627,1.0,-0.0312765166163,-0.106288805604,1.00890052319
-0.0243552923203,-0.0949442386627,1.0,-0.0314382612705,-0.106427721679,1.00952017307
-0.0243552923203,-0.0949442386627,1.0,-0.0316257402301,-0.106479592621,1.01063287258
-0.0243552923203,-0.0949442386627,1.0,-0.0318846963346,-0.106433391571,1.01129639149
-0.0243552923203,-0.0949442386627,1.0,-0.0319718383253,-0.106525331736,1.0121229887
-0.0243552923203,-0.0949442386627,1.0,-0.0319506004453,-0.10662099719,1.01232039928
-0.0243552923203,-0.0949442386627,1.0,-0.0321288891137,-0.106805562973,1.01313984394
-0.0243552923203,-0.0949442386627,1.0,-0.0320981517434,-0.106736190617,1.01338481903
-0.0243552923203,-0.0949442386627,1.0,-0.0321451313794,-0.106704346836,1.01410591602
-0.0243552923203,-0.0949442386627,1.0,-0.0320709683001,-0.106785029173,1.01430428028
-0.0243552923203,-0.0949442386627,1.0,-0.0317525304854,-0.106876164675,1.01527798176
-0.0243552923203,-0.0949442386627,1.0,-0.0317379049957,-0.106744304299,1.01576280594
-0.0243552923203,-0.0949442386627,1.0,-0.0314381867647,-0.106770887971,1.01626491547
-0.0243552923203,-0.0949442386627,1.0,-0.0312911309302,-0.106902204454,1.01633214951
-0.0243552923203,-0.0949442386627,1.0,-0.0309093035758,-0.106898114085,1.01714920998
-0.0243552923203,-0.0949442386627,1.0,-0.0303279235959,-0.107056468725,1.01764392853
-0.0243552923203,-0.0949442386627,1.0,-0.0301764849573,-0.107135757804,1.01781606674
-0.0243552923203,-0.0949442386627,1.0,-0.0299179814756,-0.107136018574,1.01829814911
-0.0243552923203,-0.0949442386627,1.0,-0.0298559069633,-0.107032686472,1.01850390434
-0.0243552923203,-0.0949442386627,1.0,-0.0295995436609,-0.106963530183,1.01884078979
-0.0243552923203,-0.0949442386627,1.0,-0.0296551883221,-0.106943227351,1.01901006699
-0.0243552923203,-0.0949442386627,1.0,-0.0298507306725,-0.106577754021,1.01942682266
-0.0243552923203,-0.0949442386627,1.0,-0.0295310113579,-0.106539830565,1.02025103569
-0.0243552923203,-0.0949442386627,1.0,-0.0293868016452,-0.106575340033,1.02046895027
-0.0243552923203,-0.0949442386627,1.0,-0.0296050161123,-0.106238171458,1.02093696594
-0.0243552923203,-0.0949442386627,1.0,-0.0293479599059,-0.106437258422,1.02106714249
-0.0243552923203,-0.0949442386627,1.0,-0.029327146709,-0.106369234622,1.02149140835
-0.0243552923203,-0.0949442386627,1.0,-0.0292755737901,-0.106367625296,1.02157998085
-0.0243552923203,-0.0949442386627,1.0,-0.0290972143412,-0.106378227472,1.02186012268
-0.0243552923203,-0.0949442386627,1.0,-0.0290107019246,-0.10642182827,1.02195513248
-0.0243552923203,-0.0949442386627,1.0,-0.0293086674064,-0.105759426951,1.02231240273
-0.0243552923203,-0.0949442386627,1.0,-0.0288881789893,-0.106392450631,1.02237355709
-0.0243552923203,-0.0949442386627,1.0,-0.0288688559085,-0.106470942497,1.02239274979
0.0,0.0,1.0,-0.0289282947779,-0.106575801969,1.0224468708
0.0,0.0,1.0,-0.0288038291037,-0.106739372015,1.02240586281
0.0,0.0,1.0,-0.028803370893,-0.106739416718,1.02239596844
0.0,0.0,1.0,-0.0287742633373,-0.106423176825,1.02232384682
0.0,0.0,1.0,-0.0288057886064,-0.106255397201,1.02227461338
0.0,0.0,1.0,-0.0288612805307,-0.105720460415,1.02217578888
0.0,0.0,1.0,-0.028889477253,-0.105587162077,1.02216482162
0.0,0.0,1.0,-0.0289468262345,-0.104902133346,1.02221024036
0.0,0.0,1.0,-0.0288111194968,-0.104518793523,1.02236247063
0.0,0.0,1.0,-0.0285944417119,-0.102957829833,1.02257752419
0.0,0.0,1.0,-0.0282116588205,-0.100168965757,1.0224596262
0.0,0.0,1.0,-0.0280093383044,-0.0994248017669,1.02239847183
0.0,0.0,1.0,-0.0272487103939,-0.0961799919605,1.02231693268
0.0,0.0,1.0,-0.0265343729407,-0.0925545990467,1.02241182327
0.0,0.0,1.0,-0.0263279080391,-0.09142511338,1.02239024639
0.0,0.0,1.0,-0.0255860351026,-0.0874319523573,1.02242767811
0.0,0.0,1.0,-0.0254105739295,-0.0860790535808,1.02248322964
0.0,0.0,1.0,-0.0245258361101,-0.0814784541726,1.02261292934
0.0,0.0,1.0,-0.0240935869515,-0.0801196470857,1.02264523506
0.0,0.0,1.0,-0.0230306759477,-0.0757094174623,1.02279686928
0.0,0.0,1.0,-0.0225529763848,-0.073323354125,1.02280676365
0.0,0.0,1.0,-0.0213631540537,-0.0689967572689,1.02274703979
0.0,0.0,1.0,-0.0207256861031,-0.0664075538516,1.02261734009
0.0,0.0,1.0,-0.0199422817677,-0.0621493905783,1.02266812325
0.0,0.0,1.0,-0.0196818169206,-0.060946341604,1.02261507511
0.0,0.0,1.0,-0.0186835397035,-0.0567088983953,1.02243244648
0.0,0.0,1.0,-0.0183590017259,-0.0554068759084,1.02237212658
0.0,0.0,1.0,-0.0170806013048,-0.050887607038,1.02257025242
0.0,0.0,1.0,-0.015722297132,-0.045398812741,1.02252399921
0.0,0.0,1.0,-0.0154077922925,-0.0436115823686,1.02261590958
0.0,0.0,1.0,-0.0146905733272,-0.0404623374343,1.02211093903
0.0,0.0,1.0,-0.014352180995,-0.0394655354321,1.02211487293
0.0,0.0,1.0,-0.0135612152517,-0.0364739634097,1.02180874348
0.0,0.0,1.0,-0.0129605233669,-0.0351185314357,1.02162492275
0.0,0.0,1.0,-0.0123979300261,-0.0330327376723,1.02172124386
0.0,0.0,1.0,-0.0124596301466,-0.0324421525002,1.02169156075
0.0,0.0,1.0,-0.0119139328599,-0.029261674732,1.02156329155
0.0,0.0,1.0,-0.0118679283187,-0.0275473184884,1.02159023285
0.0,0.0,1.0,-0.0118546374142,-0.0270274914801,1.02160656452
0.0,0.0,1.0,-0.0118272714317,-0.0259309131652,1.02148461342
0.0,0.0,1.0,-0.0118518937379,-0.0254846066236,1.02147483826
0.0,0.0,1.0,-0.0119442055002,-0.0245366841555,1.02153158188
0.0,0.0,1.0,-0.0120785059407,-0.0242349710315,1.02141463757
0.0,0.0,1.0,-0.0120575232431,-0.0236607547849,1.0211687088
0.0,0.0,1.0,-0.012213059701,-0.0233177114278,1.02074468136
0.0,0.0,1.0,-0.0122926551849,-0.0231956262141,1.02058494091
0.0,0.0,1.0,-0.0123424297199,-0.0231579877436,1.02009701729
0.0,0.0,1.0,-0.0124868834391,-0.0230127740651,1.01976943016
0.0,0.0,1.0,-0.012700653635,-0.0229509100318,1.01917719841
0.0,0.0,1.0,-0.0128220189363,-0.0228467993438,1.01894950867
0.0,0.0,1.0,-0.0130081083626,-0.0226525105536,1.01828670502
0.0,0.0,1.0,-0.0131718441844,-0.0226157456636,1.01775097847
0.0,0.0,1.0,-0.0133640421554,-0.0224217977375,1.0174883604
0.0,0.0,1.0,-0.0134598445147,-0.0222804304212,1.01714301109
0.0,0.0,1.0,-0.0135970488191,-0.0222076326609,1.01710402966
0.0,0.0,1.0,-0.0135948006064,-0.0215917564929,1.01705026627
0.0,0.0,1.0,-0.0135295577347,-0.0211864430457,1.01711702347
0.0,0.0,1.0,-0.0134449778125,-0.0207140296698,1.01724386215
0.0,0.0,1.0,-0.0133930472657,-0.0197471044958,1.01751923561
0.0,0.0,1.0,-0.0133726028726,-0.0184992458671,1.01766479015
0.0,0.0,1.0,-0.0130414133891,-0.0179742909968,1.01787924767
0.0,0.0,1.0,-0.0126790180802,-0.0172747988254,1.01800763607
0.0,0.0,1.0,-0.0125187914819,-0.0164582580328,1.01823663712
0.0,0.0,1.0,-0.0123350406066,-0.015468348749,1.01846921444
0.0,0.0,1.0,-0.0121494755149,-0.014882129617,1.018491745
0.0,0.0,1.0,-0.011380947195,-0.0133384801447,1.01862967014
0.0,0.0,1.0,-0.0112216239795,-0.0124445091933,1.01870536804
0.0,0.0,1.0,-0.0108946049586,-0.0118607524782,1.01871228218
0.0,0.0,1.0,-0.0105831921101,-0.0112582687289,1.01867854595
0.0,0.0,1.0,-0.0103839067742,-0.0105632292107,1.01872801781
0.0,0.0,1.0,-0.0101146465167,-0.00969167519361,1.01873290539
0.0,0.0,1.0,-0.00983071234077,-0.00895664934069,1.01863348484
0.0,0.0,1.0,-0.0093704527244,-0.00773579254746,1.01861763
0.0,0.0,1.0,-0.008774173446,-0.0071311709471,1.01860284805
0.0,0.0,1.0,-0.00838116090745,-0.00660725496709,1.01855182648
0.0,0.0,1.0,-0.00789007730782,-0.00611202931032,1.018435359
0.0,0.0,1.0,-0.00773820374161,-0.00584436813369,1.01837289333
0.0,0.0,1.0,-0.00751118268818,-0.00552345905453,1.01814341545
0.0,0.0,1.0,-0.00719393603504,-0.00526895746589,1.01796579361
0.0,0.0,1.0,-0.00688351737335,-0.00509862648323,1.01775372028
0.0,0.0,1.0,-0.00632329983637,-0.00476849498227,1.01742208004
0.0,0.0,1.0,-0.0059485193342,-0.00478394376114,1.01732301712
0.0,0.0,1.0,-0.00615035323426,-0.00477770529687,1.01704752445
0.0,0.0,1.0,-0.0062334430404,-0.00485434615985,1.01691555977
0.0,0.0,1.0,-0.00622028112411,-0.00499754492193,1.01679074764
0.0,0.0,1.0,-0.00622028112411,-0.00499754492193,1.01679074764
0.0,0.0,1.0,-0.00611266260967,-0.00538534345105,1.01658141613
0.0,0.0,1.0,-0.00628591189161,-0.00531764049083,1.01657927036
0.0,0.0,1.0,-0.0064456872642,-0.00541801564395,1.01650488377
0.0,0.0,1.0,-0.00665937596932,-0.00548468856141,1.01651239395
0.0,0.0,1.0,-0.00726361665875,-0.00568455317989,1.01646018028
0.0,0.0,1.0,-0.00761122303084,-0.00586736435071,1.01637816429
0.0,0.0,1.0,-0.00846453662962,-0.00598012423143,1.01636302471
0.0,0.0,1.0,-0.0095828473568,-0.00598743744195,1.01653456688
0.0,0.0,1.0,-0.0100048910826,-0.00604639016092,1.01664054394
0.0,0.0,1.0,-0.0102155525237,-0.00620216224343,1.01667201519
0.0,0.0,1.0,-0.0108389696106,-0.00596794160083,1.01684713364
0.0,0.0,1.0,-0.0111593483016,-0.00583839742467,1.01686024666
0.0,0.0,1.0,-0.0114283422008,-0.00601595500484,1.01695024967
0.0,0.0,1.0,-0.0117005538195,-0.00571422558278,1.01688182354
0.0,0.0,1.0,-0.0120314508677,-0.00537249492481,1.01695752144
0.0,0.0,1.0,-0.0119147291407,-0.00540371751413,1.01662731171
0.0,0.0,1.0,-0.0123486025259,-0.00506628770381,1.01656162739
0.0,0.0,1.0,-0.0124588161707,-0.0049389093183,1.01645040512
0.0,0.0,1.0,-0.0128510771319,-0.00445964047685,1.01601719856
0.0,0.0,1.0,-0.0130807422101,-0.00405556894839,1.0157507658
0.0,0.0,1.0,-0.0133148515597,-0.0038257772103,1.01533043385
0.0,0.0,1.0,-0.0132684735581,-0.00355567201041,1.01519525051
0.0,0.0,1.0,-0.0134083395824,-0.00309276604094,1.0147548914
0.0,0.0,1.0,-0.0137806814164,-0.00252155796625,1.01425933838
0.0,0.0,1.0,-0.0132014164701,-0.00241092033684,1.01413345337
0.0,0.0,1.0,-0.0135264620185,-0.00178801605944,1.01373815536
0.0,0.0,1.0,-0.0128951976076,-0.00197286973707,1.01372504234
0.0,0.0,1.0,-0.0123936841264,-0.00159726606216,1.01352655888
0.0,0.0,1.0,-0.0120158912614,-0.001691036392,1.01370513439
0.0,0.0,1.0,-0.0116596715525,-0.00144856760744,1.01374232769
0.0,0.0,1.0,-0.0108827622607,-0.00151835335419,1.01368939877
0.0,0.0,1.0,-0.0104906717315,-0.00150056031998,1.01371395588
0.0,0.0,1.0,-0.010204625316,-0.00167929986492,1.01365804672
0.0,0.0,1.0,-0.00981828011572,-0.00189200404566,1.01363360882
0.0,0.0,1.0,-0.00884318631142,-0.00255350559019,1.01363658905
0.0,0.0,1.0,-0.00860774982721,-0.00272703915834,1.01363027096
0.0,0.0,1.0,-0.00817228294909,-0.00326097453944,1.01373124123
0.0,0.0,1.0,-0.00788781326264,-0.00330994604155,1.01371562481
0.0,0.0,1.0,-0.00735527835786,-0.0040046502836,1.01348793507
0.0,0.0,1.0,-0.00696961628273,-0.00453099654987,1.01332473755
0.0,0.0,1.0,-0.00686132488772,-0.00466275541112,1.01324367523
0.0,0.0,1.0,-0.00680190697312,-0.00492824986577,1.01309764385
0.0,0.0,1.0,-0.00680255750194,-0.00503101898357,1.01298558712
0.0,0.0,1.0,-0.00669873552397,-0.00547369150445,1.01265954971
0.0,0.0,1.0,-0.00695665925741,-0.0058272224851,1.01201570034
0.0,0.0,1.0,-0.00690831709653,-0.00587402842939,1.01193809509
0.0,0.0,1.0,-0.00696956831962,-0.00592691311613,1.01169681549
0.0,0.0,1.0,-0.00689186807722,-0.00617077108473,1.01162004471
0.0,0.0,1.0,-0.00696697132662,-0.00624335743487,1.01142942905
0.0,0.0,1.0,-0.00714988540858,-0.00667840894312,1.01114094257
0.0,0.0,1.0,-0.00728430366144,-0.00664912257344,1.01112389565
0.0,0.0,1.0,-0.00743605848402,-0.00677856989205,1.0109847784
0.0,0.0,1.0,-0.00754587026313,-0.00680888351053,1.0109988451
0.0,0.0,1.0,-0.00798542611301,-0.00668852170929,1.01090216637
-1.48867528083e-07,9.13740052511e-08,1.0,-0.00825517997146,-0.00706416973844,1.01079809666
-1.88945264767e-07,1.15963125324e-07,1.0,-0.00895788986236,-0.00658443430439,1.01091527939
-2.30406342894e-07,1.41412172638e-07,1.0,-0.00908806268126,-0.00651772785932,1.01084578037
-2.55004323435e-07,1.56515042704e-07,1.0,-0.00910354219377,-0.00664494279772,1.01080656052
-2.81412297909e-07,1.7271759134e-07,1.0,-0.00958260893822,-0.00646821595728,1.0108114481
-2.74824583357e-06,1.69324687249e-06,1.0,-0.00978062208742,-0.00598899787292,1.01094388962
-1.38511868499e-05,8.56669339555e-06,1.0,-0.0101756472141,-0.00541916536167,1.01111602783
-2.59552707575e-05,1.60825184139e-05,1.0,-0.0102347275242,-0.00530375586823,1.01116585732
-7.20591924619e-05,4.48138453066e-05,1.0,-0.0102633023635,-0.00495349336416,1.01129388809
-0.000110338522063,6.87463325448e-05,1.0,-0.0102619016543,-0.00484874797985,1.01131761074
-0.000229823373957,0.000143723693327,1.0,-0.010630549863,-0.00421967869624,1.01140892506
-0.000559876032639,0.000352114235284,1.0,-0.0108068352565,-0.00359258055687,1.01149845123
-0.000723041943274,0.000455602770671,1.0,-0.0109021831304,-0.00336996326223,1.01152324677
-0.0014229187509,0.000901857332792,1.0,-0.0110635776073,-0.00266290572472,1.01172244549
-0.00210391497239,0.00133878807537,1.0,-0.01154573448,-0.0020131317433,1.01172018051
-0.0025215302594,0.00160776718985,1.0,-0.0118248490617,-0.00171104748733,1.01162493229
-0.00353180244565,0.00226115249097,1.0,-0.0128690013662,-0.000745953293517,1.01133072376
-0.00413324870169,0.00265170191415,1.0,-0.0131976269186,-0.000478568632388,1.01123464108
-0.00828750617802,0.00537395151332,1.0,-0.0168102532625,0.00257572461851,1.01062190533
-0.00938042066991,0.00609606364742,1.0,-0.0173352528363,0.00300079374574,1.01061677933
-0.0118623366579,0.00774358585477,1.0,-0.0195956267416,0.00455991458148,1.01035881042
-0.0132622104138,0.00867715198547,1.0,-0.0208156295121,0.00534838112071,1.0101723671
-0.0163973476738,0.0107782073319,1.0,-0.023527553305,0.006658913102,1.00972104073
-0.0181421600282,0.0119532337412,1.0,-0.0246101282537,0.00776486750692,1.00988519192
-0.0241361297667,0.016018057242,1.0,-0.0315826684237,0.0117826247588,1.00931477547
-0.0288028810173,0.0192106049508,1.0,-0.0370275638998,0.0146537087858,1.00890040398
-0.0313490740955,0.0209619831294,1.0,-0.0399693064392,0.0162418689579,1.00869059563
-0.0368748866022,0.0247847251594,1.0,-0.044572006911,0.0200378894806,1.00965058804
-0.0398668348789,0.0268665254116,1.0,-0.0463994331658,0.0213850345463,1.00995838642
-0.0463108383119,0.031377620995,1.0,-0.0538774132729,0.0259378347546,1.01036643982
-0.0497725382447,0.0338159017265,1.0,-0.0563569664955,0.0275081470609,1.01058971882
-0.0571746006608,0.039063423872,1.0,-0.0638475045562,0.0325123295188,1.01105046272
-0.0611239150167,0.0418815985322,1.0,-0.0664760246873,0.0343900695443,1.01134097576
-0.0739611312747,0.0511278696358,1.0,-0.0791169181466,0.0428844094276,1.01194834709
-0.083352342248,0.0579733513296,1.0,-0.0884342342615,0.0494334809482,1.01236259937
-0.0883027240634,0.061609018594,1.0,-0.0917336493731,0.0517689026892,1.01243209839
-0.0986954420805,0.0693022534251,1.0,-0.104027383029,0.0606739856303,1.01265823841
-0.104143939912,0.0733682140708,1.0,-0.107838705182,0.0632761269808,1.01261198521
-0.115521341562,0.0819312259555,1.0,-0.117746889591,0.0706611573696,1.01309537888
-0.121450617909,0.0864328444004,1.0,-0.123040579259,0.0744146630168,1.01331055164
-0.133783400059,0.0958825573325,1.0,-0.137625083327,0.085394628346,1.01400458813
-0.140181437135,0.100831352174,1.0,-0.145096972585,0.09117667377,1.01421868801
-0.153408795595,0.111164942384,1.0,-0.158710181713,0.10127659142,1.01416647434
-0.160235375166,0.1165529266,1.0,-0.162803575397,0.104182474315,1.01413738728
-0.174298062921,0.127772897482,1.0,-0.17795611918,0.116119295359,1.01445102692
-0.181524723768,0.133603453636,1.0,-0.182675823569,0.119743168354,1.014580369
-0.196325078607,0.145686373115,1.0,-0.198627322912,0.132731944323,1.01494038105
-0.203892767429,0.15194042027,1.0,-0.203413560987,0.136687263846,1.01494371891
-0.243152886629,0.185270950198,1.0,-0.241379216313,0.168215915561,1.01389837265
-0.251243114471,0.192337319255,1.0,-0.246898859739,0.173097714782,1.01389467716
-0.267588585615,0.206840142608,1.0,-0.26290333271,0.187271699309,1.01372385025
-0.275826990604,0.214270532131,1.0,-0.267827004194,0.191769108176,1.01367378235
-0.29240450263,0.229484900832,1.0,-0.285917669535,0.208474010229,1.01339566708
-0.300719171762,0.237256258726,1.0,-0.29477339983,0.216790854931,1.01328313351
-0.325674295425,0.261201113462,1.0,-0.315906792879,0.237315416336,1.01303267479
-0.342214167118,0.277641832829,1.0,-0.331235200167,0.252827912569,1.01340806484
-0.350433081388,0.286000847816,1.0,-0.33597740531,0.257826060057,1.01354217529
-0.366693347692,0.302949041128,1.0,-0.349676907063,0.272634655237,1.01358795166
-0.374720901251,0.311535775661,1.0,-0.355762422085,0.279700756073,1.01402688026
-0.390526026487,0.328918755054,1.0,-0.372300624847,0.298609822989,1.01406776905
-0.398277372122,0.337699085474,1.0,-0.377570211887,0.304776728153,1.01395201683
-0.413439691067,0.355427742004,1.0,-0.393537729979,0.324368029833,1.01384329796
-0.420825153589,0.364359945059,1.0,-0.398451805115,0.330784291029,1.01383781433
-0.442106157541,0.391399562359,1.0,-0.41735213995,0.356663703918,1.01426398754
-0.455451518297,0.409555107355,1.0,-0.430925786495,0.376183778048,1.01381933689
-0.461861908436,0.418680518866,1.0,-0.435033679008,0.382420629263,1.01362848282
-0.474068492651,0.436934769154,1.0,-0.447097182274,0.401119619608,1.01279962063
-0.479873120785,0.446090459824,1.0,-0.450368344784,0.406852185726,1.01274895668
-0.490809053183,0.464375019073,1.0,-0.461584240198,0.426790177822,1.01191747189
-0.49594014883,0.473517090082,1.0,-0.464983820915,0.433426499367,1.01168572903
-0.505478620529,0.491746425629,1.0,-0.475389719009,0.45396193862,1.01032531261
-0.517932653427,0.518968522549,1.0,-0.48584702611,0.478586137295,1.00929355621
-0.521569311619,0.527995765209,1.0,-0.488449633121,0.485604256392,1.00905311108
-0.528036653996,0.545938968658,1.0,-0.493676662445,0.501043915749,1.00843894482
-0.530865013599,0.554862260818,1.0,-0.496248751879,0.509374141693,1.00808990002
-0.535686075687,0.572569131851,1.0,-0.501902282238,0.53001511097,1.00681567192
-0.53768414259,0.581394195557,1.0,-0.503278315067,0.535827696323,1.00629997253
-0.540802240372,0.598776936531,1.0,-0.50696092844,0.555214226246,1.00510954857
-0.541935265064,0.607410132885,1.0,-0.508680284023,0.565451979637,1.00456118584
-0.543567121029,0.641317546368,1.0,-0.509848892689,0.591522157192,1.00441992283
-0.543247938156,0.649629175663,1.0,-0.509510457516,0.598318934441,1.00417494774
-0.541737616062,0.666040182114,1.0,-0.508420407772,0.613570153713,1.00428783894
-0.540547668934,0.674135327339,1.0,-0.50718152523,0.625914394855,1.00413548946
-0.537302076817,0.690100729465,1.0,-0.505560398102,0.639148414135,1.00383412838
-0.530297100544,0.713439881802,1.0,-0.500773787498,0.662863492966,1.00422918797
-0.527401387691,0.721049070358,1.0,-0.497361242771,0.67377859354,1.00468158722
-0.520781338215,0.736010789871,1.0,-0.492304831743,0.686721265316,1.00538635254
-0.517065703869,0.743354558945,1.0,-0.488851904869,0.693881332874,1.00565338135
-0.508834779263,0.75777220726,1.0,-0.483915835619,0.705889880657,1.00612366199
-0.494557231665,0.778688073158,1.0,-0.473776906729,0.726112902164,1.0064895153
-0.489301383495,0.785464882851,1.0,-0.469825387001,0.732169449329,1.00652837753
-0.478066772223,0.798727154732,1.0,-0.461776852608,0.746111571789,1.00637078285
-0.472102582455,0.805205643177,1.0,-0.454403162003,0.756952762604,1.00684428215
-0.452873468399,0.82403498888,1.0,-0.437725752592,0.779301822186,1.00680303574
-0.438999414444,0.836072266102,1.0,-0.429424583912,0.788897514343,1.00700926781
-0.431767255068,0.841931343079,1.0,-0.423811614513,0.795138120651,1.00703155994
-0.416732490063,0.853336215019,1.0,-0.413211971521,0.805940926075,1.00723922253
-0.408948481083,0.858876466751,1.0,-0.40357324481,0.815237760544,1.00725209713
-0.392874062061,0.869634211063,1.0,-0.392622560263,0.824750304222,1.00761735439
-0.384590506554,0.874854683876,1.0,-0.382498711348,0.833263754845,1.00787746906
-0.367589473724,0.884960234165,1.0,-0.365821957588,0.846879422665,1.00859093666
-0.358872443438,0.889852166176,1.0,-0.357320606709,0.853487193584,1.00905096531
-0.341066032648,0.899297118187,1.0,-0.35002502799,0.857203483582,1.00836908817
-0.331976413727,0.90385645628,1.0,-0.338458001614,0.864290297031,1.00795710087
-0.313478529453,0.912635743618,1.0,-0.325956523418,0.871171355247,1.00772345066
-0.304090946913,0.916851818562,1.0,-0.313764035702,0.877457261086,1.00780272484
-0.285027235746,0.924952745438,1.0,-0.299196094275,0.884767532349,1.00759863853
-0.275378614664,0.928831100464,1.0,-0.287017911673,0.8907289505,1.00735986233
-0.255863368511,0.93624573946,1.0,-0.273536890745,0.896875321865,1.00700807571
-0.216162607074,0.949675321579,1.0,-0.242762610316,0.908419370651,1.00572264194
-0.19606654346,0.955680012703,1.0,-0.227171108127,0.913306117058,1.00559544563
-0.185966864228,0.958504855633,1.0,-0.218963310122,0.91542673111,1.00532722473
-0.155567824841,0.966247260571,1.0,-0.189984440804,0.923733830452,1.00543749332
-0.13525801897,0.970793783665,1.0,-0.173824891448,0.927773356438,1.00521337986
-0.125101938844,0.972880661488,1.0,-0.159818455577,0.93077558279,1.00477921963
-0.104800947011,0.976679086685,1.0,-0.143277049065,0.933915793896,1.00442123413
-0.0946720018983,0.978387594223,1.0,-0.130094140768,0.935855388641,1.00379037857
-0.0643866509199,0.982746124268,1.0,-0.10134588927,0.939716041088,1.00306141376
-0.0443405583501,0.98500174284,1.0,-0.0881634950638,0.941235005856,1.00275933743
-0.0443405583501,0.98500174284,1.0,-0.0881634950638,0.941235005856,1.00275933743
-0.0343602001667,0.985933482647,1.0,-0.0754334107041,0.942496836185,1.00268018246
-0.00467408075929,0.987930834293,1.0,-0.0469902344048,0.944226980209,1.00251090527
0.0438283458352,0.988565504551,1.0,-0.00952189136297,0.945229589939,1.00214374065
0.0533586740494,0.988282859325,1.0,0.00244049262255,0.944912910461,1.00221121311
0.0722394436598,0.987303137779,1.0,0.0194222871214,0.943670034409,1.00211012363
0.0815784856677,0.986605525017,1.0,0.0293738692999,0.943522930145,1.0023034811
0.100058317184,0.984791517258,1.0,0.0478599071503,0.941422700882,1.00227081776
0.127234235406,0.981020212173,1.0,0.0764069110155,0.940502345562,1.00144779682
0.153716236353,0.975983500481,1.0,0.0971125587821,0.938232421875,1.00118553638
0.162390738726,0.974020957947,1.0,0.106150597334,0.936814546585,1.00094461441
0.179479166865,0.969675421715,1.0,0.120642080903,0.934543907642,1.00048673153
0.187897279859,0.967291116714,1.0,0.129870027304,0.932568013668,1.00032937527
0.204481780529,0.962097883224,1.0,0.143977820873,0.929662883282,0.999917209148
0.212645769119,0.959289193153,1.0,0.152651980519,0.927451908588,0.999855160713
0.228693053126,0.953256011009,1.0,0.165325060487,0.923879027367,0.999797224998
0.236586630344,0.950027644634,1.0,0.174123898149,0.920983850956,0.999446630478
0.259691804647,0.939519286156,1.0,0.197575360537,0.912680864334,0.999208629131
0.274626046419,0.931824862957,1.0,0.210493266582,0.907620847225,0.999368488789
0.281944572926,0.927775740623,1.0,0.218676164746,0.903963446617,0.999317705631
0.296289563179,0.919272482395,1.0,0.232096403837,0.897742152214,0.999305903912
0.317042917013,0.905527770519,1.0,0.251061797142,0.887239992619,0.998995006084
0.323750555515,0.900688111782,1.0,0.256452858448,0.884162247181,0.998912572861
0.343238443136,0.885402023792,1.0,0.277326673269,0.870699286461,0.999179661274
0.361716836691,0.869016945362,1.0,0.297303527594,0.856039762497,0.99970805645
0.37345919013,0.857500970364,1.0,0.309280395508,0.846577703953,0.999977052212
0.379152357578,0.851570606232,1.0,0.314602613449,0.842047214508,0.999939143658
0.390178114176,0.839370071888,1.0,0.326446861029,0.831351041794,0.999934673309
0.395506948233,0.833103775978,1.0,0.333695679903,0.82439994812,0.999800145626
0.420201539993,0.800241887569,1.0,0.360349804163,0.796194374561,1.00038230419
0.424747049809,0.793365895748,1.0,0.368314415216,0.786713421345,1.00040817261
0.433406054974,0.779365420341,1.0,0.378461837769,0.774325370789,1.00057661533
0.437532484531,0.772218883038,1.0,0.382874310017,0.768508315086,1.00057160854
0.445337831974,0.757701098919,1.0,0.392536073923,0.75496172905,1.00046658516
0.449028044939,0.750306963921,1.0,0.398355334997,0.746031045914,1.00042021275
0.455945760012,0.735318422318,1.0,0.406966924667,0.732263743877,1.00038135052
0.459182858467,0.727700471878,1.0,0.410690546036,0.725954949856,1.00048589706
0.4679428339,0.704484701157,1.0,0.423249989748,0.701992273331,1.00032305717
0.475268483162,0.680710792542,1.0,0.433529406786,0.6785364151,1.00022006035
0.479328811169,0.664599955082,1.0,0.43908777833,0.663927018642,1.00028431416
0.481108754873,0.656467080116,1.0,0.44207906723,0.654859483242,1.00043880939
0.484154820442,0.640086054802,1.0,0.446926474571,0.63827341795,1.00049507618
0.485419362783,0.631837368011,1.0,0.448306769133,0.633669316769,1.0007379055
0.488163173199,0.606880128384,1.0,0.453311741352,0.609969258308,1.00146687031
0.489301681519,0.581691622734,1.0,0.457212418318,0.582647442818,1.00239908695
0.489153951406,0.564809262753,1.0,0.458310037851,0.566852271557,1.00269472599
0.48827123642,0.547870755196,1.0,0.458782464266,0.548172831535,1.00305938721
0.487552374601,0.539392948151,1.0,0.458773106337,0.539020478725,1.00307035446
0.485554873943,0.522420406342,1.0,0.45780479908,0.521703898907,1.00314128399
0.484275728464,0.513937413692,1.0,0.457183599472,0.516944766045,1.00321137905
0.479308336973,0.488512426615,1.0,0.453508168459,0.493088304996,1.00335073471
0.475053876638,0.471616476774,1.0,0.44989284873,0.476538926363,1.00329101086
0.472641140223,0.463183879852,1.0,0.447815477848,0.46769079566,1.0031774044
0.467252343893,0.446386635303,1.0,0.442483097315,0.450864076614,1.00281083584
0.464272379875,0.438013225794,1.0,0.440769910812,0.446453034878,1.00286853313
0.457752078772,0.421352863312,1.0,0.434758812189,0.431094884872,1.0030105114
0.429056018591,0.363986849785,1.0,0.410590589046,0.38478076458,1.0028424263
0.419208109379,0.347918629646,1.0,0.399900525808,0.368199884892,1.00305426121
0.414017617702,0.339948058128,1.0,0.3966165483,0.363481163979,1.0030901432
0.403103113174,0.324126720428,1.0,0.384702146053,0.347335517406,1.00281584263
0.397386699915,0.316283792257,1.0,0.378351598978,0.339207440615,1.00263679028
0.379210084677,0.293016284704,1.0,0.365788072348,0.324061602354,1.0031017065
0.366258889437,0.277730822563,1.0,0.354786425829,0.312216967344,1.00310599804
0.359543085098,0.270160615444,1.0,0.348971247673,0.306343764067,1.00318086147
0.345633119345,0.255154460669,1.0,0.333550095558,0.288421571255,1.00393867493
0.338449507952,0.247724458575,1.0,0.329504489899,0.284317821264,1.00380885601
0.323627948761,0.232998758554,1.0,0.315751105547,0.270062595606,1.00386345387
0.31600150466,0.225708320737,1.0,0.310738056898,0.265099257231,1.00389492512
0.300320953131,0.211259365082,1.0,0.296040356159,0.2508058846,1.00374424458
0.292279332876,0.204105511308,1.0,0.290982961655,0.246126458049,1.00388252735
0.267371237278,0.182902395725,1.0,0.268637686968,0.225499302149,1.00432777405
0.250151723623,0.168977513909,1.0,0.254789412022,0.212498113513,1.00404763222
0.241379782557,0.162084013224,1.0,0.246968194842,0.20591853559,1.0041179657
0.223490342498,0.148397609591,1.0,0.226959735155,0.188680529594,1.00448489189
0.214394524693,0.141612976789,1.0,0.217304557562,0.180122330785,1.00458133221
0.195907264948,0.128144010901,1.0,0.205178305507,0.169955953956,1.00499212742
0.186531469226,0.121462136507,1.0,0.197351172566,0.163883239031,1.0049675703
0.167522698641,0.108185939491,1.0,0.176885664463,0.147289320827,1.005610466
0.157905980945,0.101593606174,1.0,0.16668176651,0.138768896461,1.00595390797
0.138455539942,0.0884822234511,1.0,0.148031190038,0.125147342682,1.00642061234
0.12863856554,0.0819647982717,1.0,0.142163842916,0.120908163488,1.00637972355
0.108829237521,0.0689876154065,1.0,0.121792241931,0.105343021452,1.00667405128
0.0988539531827,0.0625292211771,1.0,0.111000157893,0.0965971127152,1.00684213638
0.078770712018,0.0496534891427,1.0,0.0927574336529,0.0844834893942,1.00662279129
0.0686800852418,0.0432373210788,1.0,0.0873053148389,0.0808696970344,1.00657236576
0.0178756732494,0.0112616829574,1.0,0.0475109145045,0.0533412881196,1.00554561615
0.0076846331358,0.00487796077505,1.0,0.0388736054301,0.047565639019,1.00532352924
-0.0126923918724,-0.00789477024227,1.0,0.0168404616416,0.0322552621365,1.00397098064
-0.0228688772768,-0.0142880594358,1.0,0.00947027653456,0.0271181426942,1.0034635067
-0.0431822426617,-0.0271019842476,1.0,-0.00684983981773,0.0156348720193,1.00257372856
-0.0734606459737,-0.0464027114213,1.0,-0.0367985926569,-0.00449064839631,1.00193786621
-0.0834826901555,-0.0528633408248,1.0,-0.0436356179416,-0.00933870393783,1.00150358677
-0.103405594826,-0.0658423602581,1.0,-0.0620118975639,-0.021953586489,1.00120675564
-0.113290049136,-0.0723588317633,1.0,-0.0696951523423,-0.0277584660798,1.00070977211
-0.132898852229,-0.0854631513357,1.0,-0.0863476768136,-0.0395858883858,1.0001295805
-0.161826327443,-0.105303809047,1.0,-0.118101336062,-0.0636983662844,0.999782085419
-0.171321570873,-0.111970640719,1.0,-0.129209935665,-0.0720301792026,0.999744832516
-0.190078437328,-0.125399172306,1.0,-0.146454527974,-0.0854860022664,0.999449968338
-0.19932512939,-0.132157891989,1.0,-0.151195123792,-0.0893167033792,0.999346852303
-0.226514995098,-0.152639716864,1.0,-0.177639141679,-0.11161339283,0.99964171648
-0.244136616588,-0.166466668248,1.0,-0.197646707296,-0.128453686833,1.00017046928
-0.252793550491,-0.173440650105,1.0,-0.203623831272,-0.133599534631,1.00023519993
-0.269762843847,-0.187497004867,1.0,-0.220988377929,-0.148930966854,1.00058412552
-0.278068929911,-0.194580405951,1.0,-0.226279497147,-0.153862446547,1.00059330463
-0.294314950705,-0.208865478635,1.0,-0.240278571844,-0.166970804334,1.00063467026
-0.302248954773,-0.216067910194,1.0,-0.247778698802,-0.174335151911,1.00075101852
-0.317730426788,-0.230599462986,1.0,-0.26534947753,-0.191786289215,1.00098907948
-0.325266361237,-0.237923368812,1.0,-0.27386084199,-0.200109779835,1.00117170811
-0.339927047491,-0.252699017525,1.0,-0.288985162973,-0.216270133853,1.00088071823
-0.360835552216,-0.275164097548,1.0,-0.305518716574,-0.235133871436,1.00093829632
-0.367506057024,-0.282730877399,1.0,-0.311830312014,-0.242493346334,1.00102615356
-0.380392968655,-0.297988921404,1.0,-0.327234834433,-0.261200755835,1.00133812428
-0.386600345373,-0.305673331022,1.0,-0.332077294588,-0.267228543758,1.00141739845
-0.398542791605,-0.321162104607,1.0,-0.346617788076,-0.285756915808,1.00136482716
-0.420465379953,-0.35256934166,1.0,-0.37234377861,-0.322670429945,1.00138056278
-0.4304240942,-0.368480056524,1.0,-0.38091224432,-0.335706114769,1.00167930126
-0.43514534831,-0.376479804516,1.0,-0.387026667595,-0.345207422972,1.00177967548
-0.444072604179,-0.392574608326,1.0,-0.393320649862,-0.355298876762,1.00186252594
-0.456144303083,-0.416911661625,1.0,-0.404109597206,-0.375033736229,1.00158655643
-0.459824383259,-0.425098031759,1.0,-0.408350288868,-0.383158117533,1.00143766403
-0.469749808311,-0.449700981379,1.0,-0.420016944408,-0.406685858965,1.00097322464
-0.475460320711,-0.466189622879,1.0,-0.427612632513,-0.424837291241,1.00038003922
-0.478042751551,-0.47445872426,1.0,-0.430259793997,-0.431770354509,0.999972641468
-0.48265811801,-0.491037547588,1.0,-0.436540663242,-0.449584394693,0.999254465103
-0.488194465637,-0.515960097313,1.0,-0.444424182177,-0.474074304104,0.997799634933
-0.4896684587,-0.524272978306,1.0,-0.446224272251,-0.480410695076,0.997452676296
-0.492059260607,-0.540904283524,1.0,-0.45081859827,-0.499799370766,0.996525347233
-0.492974847555,-0.549212038517,1.0,-0.452959507704,-0.509982705116,0.996055960655
-0.49475851655,-0.590622842312,1.0,-0.457872658968,-0.548007130623,0.994526207447
-0.494169801474,-0.607086122036,1.0,-0.458752989769,-0.560788691044,0.994244039059
-0.493597090244,-0.615289092064,1.0,-0.459241211414,-0.568546235561,0.994168817997
-0.491898804903,-0.631606757641,1.0,-0.458649784327,-0.58325779438,0.994437217712
-0.490773826838,-0.639722883701,1.0,-0.458147168159,-0.59567040205,0.994126260281
-0.486300349236,-0.663883507252,1.0,-0.455773681402,-0.61899471283,0.994350731373
-0.480200558901,-0.687678694725,1.0,-0.451598078012,-0.643220663071,0.994530379772
-0.475239247084,-0.703318417072,1.0,-0.448653131723,-0.655886352062,0.994841217995
-0.47249469161,-0.711058676243,1.0,-0.446220785379,-0.666211783886,0.994807481766
-0.466479182243,-0.726379215717,1.0,-0.442326575518,-0.678922593594,0.994855225086
-0.463213026524,-0.733948409557,1.0,-0.440053224564,-0.686340987682,0.99484372139
-0.456165343523,-0.748903691769,1.0,-0.434656709433,-0.70050162077,0.994986593723
-0.444334298372,-0.770823061466,1.0,-0.425156980753,-0.722767651081,0.994977891445
-0.440061569214,-0.777981340885,1.0,-0.421703755856,-0.730129957199,0.995069026947
-0.431030839682,-0.79206353426,1.0,-0.414924740791,-0.743639171124,0.995276808739
-0.426276236773,-0.798982441425,1.0,-0.411240190268,-0.750595450401,0.995341002941
-0.416293412447,-0.812568962574,1.0,-0.402469187975,-0.765582382679,0.995642781258
-0.41107276082,-0.819226384163,1.0,-0.398199856281,-0.772668063641,0.995760083199
-0.376627504826,-0.857167541981,1.0,-0.368729114532,-0.812728941441,0.996275424957
-0.364007979631,-0.868994116783,1.0,-0.357943743467,-0.825201153755,0.996448397636
-0.357497483492,-0.874741077423,1.0,-0.348887711763,-0.835024178028,0.996511459351
-0.344076305628,-0.885900914669,1.0,-0.337839990854,-0.846703231335,0.996674060822
-0.33717545867,-0.891305327415,1.0,-0.330499708652,-0.853690505028,0.996966004372
-0.322994470596,-0.901761651039,1.0,-0.320073157549,-0.863268792629,0.997239053249
-0.315724611282,-0.906805694103,1.0,-0.313918232918,-0.86861872673,0.997395634651
-0.293210119009,-0.921191394329,1.0,-0.292281210423,-0.885814905167,0.997374296188
-0.277641564608,-0.930139541626,1.0,-0.280495077372,-0.894337296486,0.997581720352
-0.253503590822,-0.942564725876,1.0,-0.25882679224,-0.908709585667,0.997961342335
-0.245260193944,-0.946433842182,1.0,-0.249264225364,-0.914391517639,0.998078405857
-0.228489801288,-0.953756570816,1.0,-0.23585948348,-0.921950161457,0.998061835766
-0.219961419702,-0.957210183144,1.0,-0.224837258458,-0.927674293518,0.99804443121
-0.202657863498,-0.963685333729,1.0,-0.211678668857,-0.933896243572,0.998122632504
-0.19387473166,-0.966709673405,1.0,-0.203377559781,-0.937456309795,0.998172163963
-0.176086425781,-0.972317278385,1.0,-0.191489219666,-0.942169010639,0.998049259186
-0.167073041201,-0.974903047085,1.0,-0.179936185479,-0.946193695068,0.998266279697
-0.148849666119,-0.979626238346,1.0,-0.166826948524,-0.95057207346,0.998393237591
-0.139638409019,-0.98176419735,1.0,-0.155333697796,-0.95396655798,0.998668849468
-0.121023960412,-0.985590934753,1.0,-0.135541468859,-0.959622979164,0.999070525169
-0.111633814871,-0.987277030945,1.0,-0.129822343588,-0.960860610008,0.999266266823
-0.0926880314946,-0.99019497633,1.0,-0.11802624166,-0.962796151638,0.999513566494
-0.0639230906963,-0.993426859379,1.0,-0.0950043871999,-0.965768039227,0.999768614769
-0.054256349802,-0.994197785854,1.0,-0.0824650675058,-0.9670394063,1.0002168417
-0.0348205603659,-0.99527990818,1.0,-0.0680283084512,-0.968124270439,1.00068533421
-0.025050399825,-0.995591163635,1.0,-0.0568992905319,-0.968554198742,1.00116813183
-0.0054444600828,-0.995753407478,1.0,-0.041259329766,-0.969236552715,1.00158452988
0.00438455259427,-0.995604991913,1.0,-0.0313773676753,-0.969003379345,1.0017837286
0.0240929406136,-0.994849979877,1.0,-0.0174392815679,-0.968402504921,1.00181174278
0.0537067465484,-0.992578148842,1.0,0.0143678439781,-0.967688500881,1.00087249279
0.0635760426521,-0.991519212723,1.0,0.0223866347224,-0.96524810791,1.00121307373
0.0832938998938,-0.988952040672,1.0,0.0383077450097,-0.963001549244,1.00144839287
0.0931427255273,-0.98744392395,1.0,0.0481044314802,-0.961157143116,1.00141358376
0.112771250308,-0.983987271786,1.0,0.0641521438956,-0.958051562309,1.0011973381
0.122558563948,-0.98203766346,1.0,0.0737426951528,-0.956092476845,1.00088429451
0.142029970884,-0.977706491947,1.0,0.088282071054,-0.953291893005,1.0005749464
0.15171392262,-0.975325405598,1.0,0.0950045883656,-0.951708257198,1.00056993961
0.180518999696,-0.967330992222,1.0,0.125131800771,-0.943175494671,1.00053989887
0.199473112822,-0.961304187775,1.0,0.141204297543,-0.937988221645,1.00048494339
0.208858922124,-0.95808672905,1.0,0.151256561279,-0.934418559074,1.00048542023
0.227442204952,-0.951245188713,1.0,0.168037965894,-0.928441345692,1.00026476383
0.254755675793,-0.939997375011,1.0,0.192016869783,-0.919634759426,0.99988001585
0.263703584671,-0.935986757278,1.0,0.201071918011,-0.9156036973,1.000005126
0.289984643459,-0.923206925392,1.0,0.225863337517,-0.905605733395,1.00016367435
0.307007133961,-0.914071440697,1.0,0.241040587425,-0.897991776466,1.00005638599
0.315352469683,-0.909325897694,1.0,0.247179761529,-0.894526839256,1.00006663799
0.339693397284,-0.894385278225,1.0,0.27396067977,-0.88012945652,1.00002300739
0.355307757854,-0.883847236633,1.0,0.289586991072,-0.871730208397,1.0001077652
0.377667427063,-0.86724704504,1.0,0.317400574684,-0.854053616524,1.00044548512
0.398718088865,-0.849688887596,1.0,0.334006816149,-0.842762291431,0.999962210655
0.405424773693,-0.843630671501,1.0,0.340932041407,-0.837698578835,0.999611735344
0.418338924646,-0.831225156784,1.0,0.351348459721,-0.82953107357,0.999422907829
0.424543738365,-0.82487654686,1.0,0.359425485134,-0.823023974895,0.999590039253
0.436411708593,-0.811916291714,1.0,0.370760351419,-0.813649594784,0.999662160873
0.44208574295,-0.805287957191,1.0,0.378202736378,-0.806990027428,1.00022244453
0.452852606773,-0.791794896126,1.0,0.388410836458,-0.796993494034,1.00041246414
0.457955688238,-0.784913003445,1.0,0.392548382282,-0.792551517487,1.00053417683
0.467564880848,-0.770914256573,1.0,0.401864171028,-0.781733036041,1.00065004826
0.472075670958,-0.763784766197,1.0,0.406360656023,-0.776832044125,1.00028467178
0.480464220047,-0.749324440956,1.0,0.415439903736,-0.765806436539,1.00026810169
0.484346836805,-0.741980910301,1.0,0.42127931118,-0.757363855839,1.00034666061
0.49147516489,-0.72707670927,1.0,0.431569874287,-0.742941439152,1.00045478344
0.494713395834,-0.719525694847,1.0,0.433633953333,-0.737964630127,1.00007426739
0.500530064106,-0.704230010509,1.0,0.439633846283,-0.726549685001,1.00011396408
0.503106534481,-0.696483433247,1.0,0.442637681961,-0.719758868217,0.999891996384
0.509475529194,-0.672909259796,1.0,0.450710624456,-0.699584245682,0.999624252319
0.512576878071,-0.656929671764,1.0,0.454229474068,-0.68869638443,0.999556422234
0.513782083988,-0.648859858513,1.0,0.455984532833,-0.680059432983,0.999693930149
0.515494048595,-0.632595837116,1.0,0.458702266216,-0.666947305202,0.999724209309
0.516001105309,-0.624393522739,1.0,0.459940731525,-0.658760130405,0.999661624432
0.516314804554,-0.607884943485,1.0,0.461741685867,-0.642776548862,0.999630689621
0.515037953854,-0.582858264446,1.0,0.462140291929,-0.622339069843,0.999539971352
0.51302844286,-0.56603372097,1.0,0.461523741484,-0.606000363827,0.999569892883
0.511677801609,-0.557578682899,1.0,0.461086601019,-0.600892424583,0.999476492405
0.508295357227,-0.540621519089,1.0,0.45870923996,-0.582437932491,0.999088585377
0.506264209747,-0.532111108303,1.0,0.45783084631,-0.577220678329,0.999032318592
0.501535832882,-0.515058755875,1.0,0.454457521439,-0.560508310795,0.99855619669
0.498843371868,-0.506521880627,1.0,0.453170955181,-0.554339408875,0.998693346977
0.492812842131,-0.489432871342,1.0,0.448869436979,-0.537622511387,0.998323321342
0.489477783442,-0.480879217386,1.0,0.447142988443,-0.531944096088,0.99820882082
0.482193946838,-0.463793337345,1.0,0.442614197731,-0.51806640625,0.997963726521
0.478249579668,-0.455259740353,1.0,0.439958959818,-0.510611593723,0.997832238674
0.465248197317,-0.429721683264,1.0,0.429509192705,-0.48362877965,0.997868716717
0.455650001764,-0.412779152393,1.0,0.422575771809,-0.468612879515,0.99796974659
0.450587540865,-0.404344946146,1.0,0.419145315886,-0.460698068142,0.998146533966
0.434393435717,-0.379203408957,1.0,0.403620541096,-0.429528802633,0.999030172825
0.41680842638,-0.354375064373,1.0,0.391298264265,-0.407781839371,0.99983805418
0.404390990734,-0.338038623333,1.0,0.38142567873,-0.390639543533,1.00014221668
0.397986263037,-0.329936265945,1.0,0.376514494419,-0.382201105356,1.00029933453
0.384836047888,-0.313902646303,1.0,0.364443004131,-0.364639222622,1.00101363659
0.378098607063,-0.305970847607,1.0,0.361418962479,-0.360330909491,1.00112295151
0.364327013493,-0.290285646915,1.0,0.34822511673,-0.341672331095,1.0007737875
0.357306301594,-0.282537996769,1.0,0.34117987752,-0.331900000572,1.00066375732
0.34304612875,-0.267264485359,1.0,0.330808639526,-0.318334043026,1.00071954727
0.335809737444,-0.259732365608,1.0,0.32731628418,-0.313901275396,1.00058305264
0.313794404268,-0.237622439861,1.0,0.308365911245,-0.290261864662,1.00063228607
0.298928976059,-0.223308220506,1.0,0.29727640748,-0.277189463377,1.00083875656
0.291460305452,-0.216285392642,1.0,0.293646126986,-0.27336743474,1.00053608418
0.276481389999,-0.2025154531,1.0,0.280865311623,-0.259178340435,1.00007975101
0.268991351128,-0.195778444409,1.0,0.276645004749,-0.254644066095,0.999909877777
0.254034310579,-0.182601362467,1.0,0.262781202793,-0.23997361958,0.999310791492
0.246587261558,-0.176170796156,1.0,0.258154481649,-0.23510107398,0.999221086502
0.231779411435,-0.163626104593,1.0,0.246111735702,-0.223105892539,0.998726129532
0.209902495146,-0.145643755794,1.0,0.225326135755,-0.20243948698,0.9979839921
0.188586592674,-0.128705829382,1.0,0.207571178675,-0.185877025127,0.997457444668
0.181628510356,-0.123293817043,1.0,0.203377887607,-0.182055011392,0.997397124767
0.167987391353,-0.112843170762,1.0,0.190817862749,-0.170408174396,0.997537016869
0.161305069923,-0.10779864341,1.0,0.187235325575,-0.167388811707,0.997470200062
0.148264035583,-0.0980914458632,1.0,0.174643173814,-0.156443923712,0.997403562069
0.129554584622,-0.0844728201628,1.0,0.161189064384,-0.144628867507,0.997159302235
0.123561732471,-0.0801853388548,1.0,0.155656471848,-0.140123352408,0.996742665768
0.111979551613,-0.0719997212291,1.0,0.142743244767,-0.128904432058,0.996556460857
0.106380015612,-0.0680893734097,1.0,0.138727203012,-0.125909090042,0.996211111546
0.0956400632858,-0.0606745406985,1.0,0.128242269158,-0.11709599942,0.995808362961
0.0759126916528,-0.0473453588784,1.0,0.11149533838,-0.103567533195,0.995496273041
0.0627292469144,-0.038649071008,1.0,0.0983168706298,-0.0933075547218,0.995110034943
0.0547246187925,-0.0334532521665,1.0,0.0904936268926,-0.0871294289827,0.994866967201
0.0509606413543,-0.0310326367617,1.0,0.0860653445125,-0.0836831629276,0.994558811188
0.0439025275409,-0.0265334974974,1.0,0.0785888135433,-0.0777234509587,0.9944049716
0.0406099148095,-0.0244528762996,1.0,0.0747615471482,-0.0744493678212,0.994368731976
0.0344893820584,-0.0206174198538,1.0,0.0675908252597,-0.0688596814871,0.994244754314
0.0316563807428,-0.018856620416,1.0,0.0641500130296,-0.0657931640744,0.994387030602
0.0264440998435,-0.0156424026936,1.0,0.056016843766,-0.0588577538729,0.994396924973
0.0240578856319,-0.0141823338345,1.0,0.0522991977632,-0.0557609349489,0.994393050671
0.0197102800012,-0.011541726999,1.0,0.0450625307858,-0.0495983287692,0.994592130184
0.0177428908646,-0.0103555331007,1.0,0.0449854321778,-0.0494427084923,0.994709908962
0.0142078530043,-0.00823900289834,1.0,0.040091458708,-0.0450525246561,0.995414316654
0.0126298815012,-0.00730074290186,1.0,0.0373680740595,-0.0426745153964,0.995669662952
0.0064821341075,-0.00369040318765,1.0,0.0288132857531,-0.0343974456191,0.996570706367
0.00556759443134,-0.00316045805812,1.0,0.0278726201504,-0.0333839170635,0.996588647366
0.00401307735592,-0.00226493855007,1.0,0.0251703541726,-0.0308162309229,0.996756911278
0.00336315506138,-0.00189280253835,1.0,0.023954199627,-0.0296614393592,0.996811628342
0.00185784406494,-0.00103699136525,1.0,0.0215232633054,-0.0262464564294,0.996931016445
0.00117119750939,-0.000650248781312,1.0,0.0201039481908,-0.0244267378002,0.997084021568
0.000907084089704,-0.000502321112435,1.0,0.0196959860623,-0.023752598092,0.997019350529
0.000511189282406,-0.000281633605482,1.0,0.0184359885752,-0.0220422875136,0.996867477894
0.000369404064259,-0.000203007395612,1.0,0.0182777307928,-0.0214653462172,0.996695399284
0.000112253503175,-6.12620060565e-05,1.0,0.0176472142339,-0.0199776403606,0.996435880661
3.85060629924e-05,-2.10080906982e-05,1.0,0.0173299275339,-0.0185067970306,0.99647039175
1.98143625312e-05,-1.0789193766e-05,1.0,0.0170401353389,-0.0179496463388,0.996468305588
3.64778247786e-06,-2.08292408388e-06,1.0,0.016935698688,-0.0169022455812,0.996404111385
9.46561272031e-07,-6.72581734307e-07,1.0,0.0168848410249,-0.0157641824335,0.996429800987
9.50149285472e-07,-6.45165414426e-07,1.0,0.0168007481843,-0.0152989486232,0.996375858784
9.50149285472e-07,-6.45165414426e-07,1.0,0.0165042672306,-0.0143241751939,0.996765017509
9.50149285472e-07,-6.45165414426e-07,1.0,0.0164507515728,-0.014065137133,0.996925532818
9.50149285472e-07,-6.45165414426e-07,1.0,0.0165119506419,-0.0140580385923,0.997090935707
9.50149285472e-07,-6.45165414426e-07,1.0,0.0163853876293,-0.0137178320438,0.997340500355
9.50149285472e-07,-6.45165414426e-07,1.0,0.0162045843899,-0.0133659141138,0.997594833374
9.50149285472e-07,-6.45165414426e-07,1.0,0.0161254368722,-0.0133631443605,0.997666060925
9.50149285472e-07,-6.45165414426e-07,1.0,0.0157965589315,-0.0131788821891,0.997783660889
9.50149285472e-07,-6.45165414426e-07,1.0,0.015208657831,-0.0132408505306,0.997813284397
9.50149285472e-07,-6.45165414426e-07,1.0,0.0149781582877,-0.0132580222562,0.997863292694
9.50149285472e-07,-6.45165414426e-07,1.0,0.0143556026742,-0.0131625430658,0.997873663902
9.50149285472e-07,-6.45165414426e-07,1.0,0.0141488853842,-0.0131695503369,0.997864186764
9.50149285472e-07,-6.45165414426e-07,1.0,0.0134507445619,-0.0131103917956,0.997843980789
9.50149285472e-07,-6.45165414426e-07,1.0,0.013080787845,-0.013052849099,0.997799813747
9.50149285472e-07,-6.45165414426e-07,1.0,0.012263385579,-0.0130557697266,0.997846066952
9.50149285472e-07,-6.45165414426e-07,1.0,0.0115729263052,-0.0130084091797,0.997788369656
9.50149285472e-07,-6.45165414426e-07,1.0,0.0109480004758,-0.0128884436563,0.997732698917
9.50149285472e-07,-6.45165414426e-07,1.0,0.0101581485942,-0.0127319628373,0.99776673317
9.50149285472e-07,-6.45165414426e-07,1.0,0.00949914194643,-0.012663429603,0.997788488865
9.50149285472e-07,-6.45165414426e-07,1.0,0.00853078719229,-0.0125634539872,0.997675895691
9.50149285472e-07,-6.45165414426e-07,1.0,0.00777934072539,-0.0124467303976,0.997628808022
9.50149285472e-07,-6.45165414426e-07,1.0,0.00700020603836,-0.0122976247221,0.997635602951
9.50149285472e-07,-6.45165414426e-07,1.0,0.00648275390267,-0.0121814478189,0.997773885727
9.50149285472e-07,-6.45165414426e-07,1.0,0.0057936613448,-0.0119938580319,0.997857153416
9.50149285472e-07,-6.45165414426e-07,1.0,0.00464833155274,-0.0116989621893,0.997895538807
9.50149285472e-07,-6.45165414426e-07,1.0,0.00412757880986,-0.0116974730045,0.997880041599
9.50149285472e-07,-6.45165414426e-07,1.0,0.00349559308961,-0.0114808483049,0.997776329517
9.50149285472e-07,-6.45165414426e-07,1.0,0.00306857493706,-0.0111549990252,0.997674942017
9.50149285472e-07,-6.45165414426e-07,1.0,0.00263233738951,-0.010652359575,0.99757373333
9.50149285472e-07,-6.45165414426e-07,1.0,0.00221677403897,-0.010208026506,0.997493803501
9.50149285472e-07,-6.45165414426e-07,1.0,0.00189972645603,-0.00978698767722,0.997501730919
9.50149285472e-07,-6.45165414426e-07,1.0,0.00152072985657,-0.00933856703341,0.997310578823
9.50149285472e-07,-6.45165414426e-07,1.0,0.000952875299845,-0.00882184877992,0.996774017811
9.50149285472e-07,-6.45165414426e-07,1.0,0.000748091551941,-0.00846945401281,0.996525406837
9.50149285472e-07,-6.45165414426e-07,1.0,0.000558846630156,-0.00810385867953,0.996379673481
9.50149285472e-07,-6.45165414426e-07,1.0,0.000355152355041,-0.00761076249182,0.996231138706
9.50149285472e-07,-6.45165414426e-07,1.0,-0.000220574409468,-0.00670937309042,0.995960652828
9.50149285472e-07,-6.45165414426e-07,1.0,-0.00032424920937,-0.00649436702952,0.995938718319
9.50149285472e-07,-6.45165414426e-07,1.0,-0.000608046189882,-0.00597223686054,0.995927989483
9.50149285472e-07,-6.45165414426e-07,1.0,-0.000821341876872,-0.0052403784357,0.995937585831
9.50149285472e-07,-6.45165414426e-07,1.0,-0.000976173847448,-0.00499027688056,0.995981097221
9.50149285472e-07,-6.45165414426e-07,1.0,-0.00113495020196,-0.004519241862,0.996075093746
9.50149285472e-07,-6.45165414426e-07,1.0,-0.00123445072677,-0.00425076205283,0.996180713177
9.50149285472e-07,-6.45165414426e-07,1.0,-0.00137175165582,-0.00394836720079,0.996354520321
9.50149285472e-07,-6.45165414426e-07,1.0,-0.00148779025767,-0.00367344543338,0.99648720026
9.50149285472e-07,-6.45165414426e-07,1.0,-0.00157390488312,-0.00325506390072,0.996680676937
9.50149285472e-07,-6.45165414426e-07,1.0,-0.00160125899129,-0.00311318971217,0.996817052364
9.50149285472e-07,-6.45165414426e-07,1.0,-0.00217905803584,-0.00277222692966,0.997045278549
9.50149285472e-07,-6.45165414426e-07,1.0,-0.00249322433956,-0.00248862593435,0.997144699097
9.50149285472e-07,-6.45165414426e-07,1.0,-0.00177641480695,-0.00234041782096,0.997485041618
9.50149285472e-07,-6.45165414426e-07,1.0,-0.00208612764254,-0.00213055009954,0.997661471367
9.50149285472e-07,-6.45165414426e-07,1.0,-0.00191720842849,-0.00193173903972,0.997951567173
9.50149285472e-07,-6.45165414426e-07,1.0,-0.00201880605891,-0.00171946256887,0.998069882393
9.50149285472e-07,-6.45165414426e-07,1.0,-0.00179797247984,-0.00185818679165,0.998142302036
9.50149285472e-07,-6.45165414426e-07,1.0,-0.00191043736413,-0.00175232149195,0.998285710812
9.50149285472e-07,-6.45165414426e-07,1.0,-0.00191043736413,-0.00175232149195,0.998285710812
9.50149285472e-07,-6.45165414426e-07,1.0,-0.0011818340281,-0.00156669190619,0.99855440855
9.50149285472e-07,-6.45165414426e-07,1.0,-0.000635872944258,-0.00161461299285,0.998665511608
9.50149285472e-07,-6.45165414426e-07,1.0,-0.000635872944258,-0.00161461299285,0.998665511608
9.50149285472e-07,-6.45165414426e-07,1.0,-0.000270636053756,-0.00199583219364,0.998216629028
9.50149285472e-07,-6.45165414426e-07,1.0,-0.000245539791649,-0.00210125301965,0.998038709164
9.50149285472e-07,-6.45165414426e-07,1.0,-0.000186866571312,-0.00236466689967,0.997767090797
9.50149285472e-07,-6.45165414426e-07,1.0,-0.000323607906466,-0.0026325546205,0.997582018375
9.50149285472e-07,-6.45165414426e-07,1.0,-0.000884346605744,-0.00299309194088,0.997279524803
9.50149285472e-07,-6.45165414426e-07,1.0,-0.000162371856277,-0.00282231299207,0.997405052185
9.50149285472e-07,-6.45165414426e-07,1.0,2.32874572248e-05,-0.00301181175746,0.997380077839
9.50149285472e-07,-6.45165414426e-07,1.0,-7.65747972764e-05,-0.00318148382939,0.99734801054
9.50149285472e-07,-6.45165414426e-07,1.0,3.79285629606e-05,-0.00331012089737,0.997410416603
9.50149285472e-07,-6.45165414426e-07,1.0,2.038499224e-05,-0.003029856598,0.997708499432
9.50149285472e-07,-6.45165414426e-07,1.0,-0.00041620360571,-0.00374611094594,0.997989654541
9.50149285472e-07,-6.45165414426e-07,1.0,-0.000649241788778,-0.00394448963925,0.998090624809
9.50149285472e-07,-6.45165414426e-07,1.0,-0.000824356800877,-0.00393529748544,0.99818700552
9.50149285472e-07,-6.45165414426e-07,1.0,-0.000916964025237,-0.00393879506737,0.998318612576
9.50149285472e-07,-6.45165414426e-07,1.0,-0.00121275905985,-0.00392368808389,0.998380064964
9.50149285472e-07,-6.45165414426e-07,1.0,-0.00169043953065,-0.00414509279653,0.998511970043
9.50149285472e-07,-6.45165414426e-07,1.0,-0.00195499067195,-0.00391176575795,0.998509943485
9.50149285472e-07,-6.45165414426e-07,1.0,-0.00229550292715,-0.00381586211734,0.998507022858
9.50149285472e-07,-6.45165414426e-07,1.0,-0.00258199311793,-0.00377088878304,0.998500704765
9.50149285472e-07,-6.45165414426e-07,1.0,-0.00332979112864,-0.00349358352832,0.998532414436
9.50149285472e-07,-6.45165414426e-07,1.0,-0.00349970860407,-0.00344190467149,0.998504221439
9.50149285472e-07,-6.45165414426e-07,1.0,-0.00396210048348,-0.0032932930626,0.998485028744
9.50149285472e-07,-6.45165414426e-07,1.0,-0.00429613748565,-0.00315883965231,0.998486638069
9.50149285472e-07,-6.45165414426e-07,1.0,-0.00512298336253,-0.00257146451622,0.998611092567
9.50149285472e-07,-6.45165414426e-07,1.0,-0.00552733102813,-0.00233016349375,0.998711705208
9.50149285472e-07,-6.45165414426e-07,1.0,-0.00596747267991,-0.0020681086462,0.998751521111
9.50149285472e-07,-6.45165414426e-07,1.0,-0.00619972264394,-0.00165941077285,0.998806416988
9.50149285472e-07,-6.45165414426e-07,1.0,-0.00666908314452,-0.00154055841267,0.998747885227
9.50149285472e-07,-6.45165414426e-07,1.0,-0.00708241853863,-0.0013745437609,0.998734295368
9.50149285472e-07,-6.45165414426e-07,1.0,-0.00743909133598,-0.00116339174565,0.998758733273
9.50149285472e-07,-6.45165414426e-07,1.0,-0.00790924578905,-0.000901254883502,0.99876511097
9.50149285472e-07,-6.45165414426e-07,1.0,-0.00812393054366,-0.000774703046773,0.9987616539
9.50149285472e-07,-6.45165414426e-07,1.0,-0.00855232123286,-0.000488583697006,0.998724043369
9.50149285472e-07,-6.45165414426e-07,1.0,-0.00883080624044,-0.000248421070864,0.998766243458
9.50149285472e-07,-6.45165414426e-07,1.0,-0.00923641957343,-0.00013795637642,0.998762130737
9.50149285472e-07,-6.45165414426e-07,1.0,-0.00941578671336,6.86417988618e-05,0.998684644699
9.50149285472e-07,-6.45165414426e-07,1.0,-0.00971921253949,0.000295255100355,0.99855864048
9.50149285472e-07,-6.45165414426e-07,1.0,-0.00986963696778,0.000379419652745,0.998455286026
9.50149285472e-07,-6.45165414426e-07,1.0,-0.0101932967082,0.000540173263289,0.998305022717
9.50149285472e-07,-6.45165414426e-07,1.0,-0.0103816855699,0.00106532045174,0.998259902
9.50149285472e-07,-6.45165414426e-07,1.0,-0.0104403570294,0.000927414337639,0.998310804367
9.50149285472e-07,-6.45165414426e-07,1.0,-0.0105429431424,0.00100588821806,0.998308360577
9.50149285472e-07,-6.45165414426e-07,1.0,-0.0105228191242,0.0010074620368,0.998321712017
9.50149285472e-07,-6.45165414426e-07,1.0,-0.0101471263915,0.00102252978832,0.998340606689
9.50149285472e-07,-6.45165414426e-07,1.0,-0.0103161195293,0.000934330397286,0.998297512531
9.50149285472e-07,-6.45165414426e-07,1.0,-0.0101707428694,0.000762513256632,0.998225867748
9.50149285472e-07,-6.45165414426e-07,1.0,-0.0104379514232,0.000819317589048,0.998193740845
9.50149285472e-07,-6.45165414426e-07,1.0,-0.0102658495307,0.000674552691635,0.998114168644
9.50149285472e-07,-6.45165414426e-07,1.0,-0.0102490764111,0.00066139845876,0.998068392277
9.50149285472e-07,-6.45165414426e-07,1.0,-0.0100716482848,0.000530720979441,0.997953414917
9.50149285472e-07,-6.45165414426e-07,1.0,-0.0101519143209,0.000351791619323,0.997803032398
9.50149285472e-07,-6.45165414426e-07,1.0,-0.0101959193125,0.000459576782305,0.997759878635
9.50149285472e-07,-6.45165414426e-07,1.0,-0.0100432122126,0.000464201293653,0.997648596764
9.50149285472e-07,-6.45165414426e-07,1.0,-0.00999786518514,0.000480668153614,0.997698605061
9.50149285472e-07,-6.45165414426e-07,1.0,-0.0100172134116,0.000531884317752,0.997705161572
9.50149285472e-07,-6.45165414426e-07,0.999996066093,-0.00975596997887,0.000445016630692,0.997907936573
9.50149285472e-07,-6.45165414426e-07,0.999893784523,-0.00912240054458,9.72068301053e-06,0.998203635216
9.50149285472e-07,-6.45165414426e-07,0.999838650227,-0.00912014488131,-2.2340032956e-05,0.998191297054
9.50149285472e-07,-6.45165414426e-07,0.999669313431,-0.00884520169348,-0.000364128674846,0.998055160046
9.50149285472e-07,-6.45165414426e-07,0.999547958374,-0.00876609422266,-0.000513755367137,0.998014688492
9.50149285472e-07,-6.45165414426e-07,0.99921220541,-0.00900002662092,-0.000618995341938,0.99786478281
9.50149285472e-07,-6.45165414426e-07,0.998413562775,-0.00919289980084,-0.000680880330037,0.997251451015
9.50149285472e-07,-6.45165414426e-07,0.99805110693,-0.00866361521184,-0.000750071310904,0.99721044302
9.50149285472e-07,-6.45165414426e-07,0.997154295444,-0.00822249334306,-0.000986375380307,0.996522367001
9.50149285472e-07,-6.45165414426e-07,0.995308041573,-0.00777858542278,-0.00109027326107,0.995485663414
9.50149285472e-07,-6.45165414426e-07,0.994539678097,-0.00773061346263,-0.00102742097806,0.995128273964
9.50149285472e-07,-6.45165414426e-07,0.992747008801,-0.00754924304783,-0.00102237355895,0.993390858173
9.50149285472e-07,-6.45165414426e-07,0.9917126894,-0.00752496300265,-0.000969543471001,0.99269336462
9.50149285472e-07,-6.45165414426e-07,0.988000452518,-0.007705217693,-0.00072116102092,0.989798247814
9.50149285472e-07,-6.45165414426e-07,0.984976172447,-0.00761717231944,-0.000916897377465,0.986886322498
9.50149285472e-07,-6.45165414426e-07,0.983285963535,-0.00740329641849,-0.000868219649419,0.985041320324
9.50149285472e-07,-6.45165414426e-07,0.97952735424,-0.00729602901265,-0.000569317257032,0.98141336441
9.50149285472e-07,-6.45165414426e-07,0.977452635765,-0.00713155558333,-0.00041938200593,0.979336380959
9.50149285472e-07,-6.45165414426e-07,0.970398068428,-0.00692380731925,-8.80945663084e-05,0.971596896648
9.50149285472e-07,-6.45165414426e-07,0.964970052242,-0.00703184306622,0.000277802551864,0.965375542641
9.50149285472e-07,-6.45165414426e-07,0.962030649185,-0.00725217862055,0.000604560947977,0.962300300598
9.50149285472e-07,-6.45165414426e-07,0.955682933331,-0.00719454279169,0.000623789208476,0.955501616001
9.50149285472e-07,-6.45165414426e-07,0.952272117138,-0.00698031904176,0.000532826117706,0.952740907669
9.50149285472e-07,-6.45165414426e-07,0.9449634552,-0.00669163372368,0.000831181474496,0.943279027939
9.50149285472e-07,-6.45165414426e-07,0.932752907276,-0.00642343843356,0.00100044556893,0.929346144199
9.50149285472e-07,-6.45165414426e-07,0.928342700005,-0.00626734597608,0.00103522837162,0.925835132599
9.50149285472e-07,-6.45165414426e-07,0.919016540051,-0.00594977894798,0.000987869221717,0.913879752159
9.50149285472e-07,-6.45165414426e-07,0.903734028339,-0.00568751478568,0.000924985972233,0.898436784744
9.50149285472e-07,-6.45165414426e-07,0.898296535015,-0.00568846100941,0.00102694227826,0.894295811653
9.50149285472e-07,-6.45165414426e-07,0.88690161705,-0.00589049141854,0.000720998679753,0.883151769638
9.50149285472e-07,-6.45165414426e-07,0.880949795246,-0.00578719982877,0.00118431798182,0.877269983292
9.50149285472e-07,-6.45165414426e-07,0.868532836437,-0.0054776314646,0.00181977718603,0.862871229649
9.50149285472e-07,-6.45165414426e-07,0.862074971199,-0.0054878173396,0.00196819845587,0.85558116436
9.50149285472e-07,-6.45165414426e-07,0.848658025265,-0.00537266582251,0.00201108632609,0.842102885246
9.50149285472e-07,-6.45165414426e-07,0.841707825661,-0.00535907410085,0.00209225621074,0.836767852306
9.50149285472e-07,-6.45165414426e-07,0.819900512695,-0.0050768237561,0.00216270820238,0.814198315144
9.50149285472e-07,-6.45165414426e-07,0.804593026638,-0.00508597958833,0.00195326213725,0.800009906292
9.50149285472e-07,-6.45165414426e-07,0.796720802784,-0.00529468432069,0.00164515629876,0.792327225208
9.50149285472e-07,-6.45165414426e-07,0.780543327332,-0.005109207239,0.00257719587535,0.771743953228
9.50149285472e-07,-6.45165414426e-07,0.772251307964,-0.00495729967952,0.00312149268575,0.76479691267
9.50149285472e-07,-6.45165414426e-07,0.755273401737,-0.00484781851992,0.00374056585133,0.744998753071
9.50149285472e-07,-6.45165414426e-07,0.74659538269,-0.00475779082626,0.00400848826393,0.738102018833
9.50149342316e-07,-6.45165414426e-07,0.728875398636,-0.00456842547283,0.00411225715652,0.715778589249
9.50149342316e-07,-6.45165414426e-07,0.701473116875,-0.00431503821164,0.00431380653754,0.68668037653
9.50149342316e-07,-6.45165414426e-07,0.692132771015,-0.00429734773934,0.00451465044171,0.681575417519
9.50149342316e-07,-6.45165414426e-07,0.673194289207,-0.0040947184898,0.00471908692271,0.664003431797
9.50149342316e-07,-6.45165414426e-07,0.663599252701,-0.00411868328229,0.00492963148281,0.655593693256
9.50149342316e-07,-6.45165414426e-07,0.644176483154,-0.00419635698199,0.00508854258806,0.634525179863
9.50149342316e-07,-6.45165414426e-07,0.614564597607,-0.00444772327319,0.00517941405997,0.606044888496
9.50149342316e-07,-6.45165414426e-07,0.604590594769,-0.00433092098683,0.00529861077666,0.598560154438
9.50149342316e-07,-6.45165414426e-07,0.584510207176,-0.00359945115633,0.00525131961331,0.580108761787
9.50149342316e-07,-6.45165414426e-07,0.574423193932,-0.0040856054984,0.0053993803449,0.56983435154
9.50149342316e-07,-6.45165414426e-07,0.554177284241,-0.00430064508691,0.00545211182907,0.545389771461
9.50149399159e-07,-6.45165414426e-07,0.523709237576,-0.00518204038963,0.00559965800494,0.512954115868
