0.0,0.0,0.0,0.0482969507575,-0.0175756216049,0.0668763294816
0.0,0.0,0.0,0.0483033880591,-0.0175779387355,0.0666618570685
0.0,0.0,0.0,0.0483077839017,-0.0175771210343,0.0641677007079
0.0,0.0,0.0,0.0483069904149,-0.0175784602761,0.0658933073282
0.0,0.0,0.0,0.0483088940382,-0.0175760742277,0.0632557198405
0.0,0.0,0.0,0.0483084954321,-0.0175846852362,0.0661428645253
0.0,0.0,0.0,0.0483088865876,-0.0175863150507,0.0627730637789
0.0,0.0,0.0,0.0483072511852,-0.0175915844738,0.0661539584398
0.0,0.0,0.0,0.048307646066,-0.0175882913172,0.0667216777802
0.0,0.0,0.0,0.0483069010079,-0.0175881814212,0.0650116577744
0.0,0.0,0.0,0.0483067706227,-0.0175885353237,0.0613021254539
0.0,0.0,0.0,0.0482961498201,-0.0176002476364,0.0623769573867
0.0,0.0,0.0,0.0483007393777,-0.0175912361592,0.0657041370869
0.0,0.0,0.0,0.0483036525548,-0.0175894815475,0.0648456215858
0.0,0.0,0.0,0.0483049526811,-0.0175920519978,0.0663524195552
0.0,0.0,0.0,0.04827670753,-0.0176193471998,0.0666059553623
0.0,0.0,0.0,0.0482913665473,-0.0176046323031,0.0666134357452
0.0,0.0,0.0,0.0482964329422,-0.0175970830023,0.0670475140214
0.0,0.0,0.0,0.0483058542013,-0.0175880733877,0.0666730999947
0.0,0.0,0.0,0.048306286335,-0.0175863336772,0.0668017417192
0.0,0.0,0.0,0.0483102835715,-0.0175817497075,0.066593632102
0.0,0.0,0.0,0.0483150854707,-0.017581326887,0.0667672008276
0.0,0.0,0.0,0.0483219996095,-0.0175769943744,0.0668423324823
0.0,0.0,0.0,0.0483251474798,-0.0175752993673,0.0636855140328
0.0,0.0,0.0,0.0483281202614,-0.0175799392164,0.062844067812
0.0,0.0,0.0,0.0483287796378,-0.0175868496299,0.0620570443571
0.0,0.0,0.0,0.0483285747468,-0.0175894796848,0.0657594203949
0.0,0.0,0.0,0.0483280755579,-0.0175890382379,0.0670010074973
0.0,0.0,0.0,0.0483264997602,-0.0175877492875,0.0671006515622
0.0,0.0,0.0,0.0483256876469,-0.0175792258233,0.066976763308
0.0,0.0,0.0,0.0483257621527,-0.0175770744681,0.0637901872396
0.0,0.0,0.0,0.0483191348612,-0.0175820961595,0.0664447396994
0.0,0.0,0.0,0.0483191460371,-0.0175846796483,0.0670974180102
0.0,0.0,0.0,0.0483161509037,-0.0175883471966,0.0660189539194
0.0,0.0,0.0,0.0483139455318,-0.0175851657987,0.0651895925403
0.0,0.0,0.0,0.0483164824545,-0.0175861641765,0.066404864192
0.0,0.0,0.0,0.0483184047043,-0.0175890494138,0.0669178888202
0.0,0.0,0.0,0.0483120977879,-0.0175896845758,0.0602586306632
0.0,0.0,0.0,0.0483080781996,-0.0175867192447,0.0654788091779
0.0,0.0,0.0,0.0483063049614,-0.0175872948021,0.0670956894755
0.0,0.0,0.0,0.0483052805066,-0.0175874251872,0.0639952868223
0.0,0.0,0.0,0.0483121536672,-0.0175924710929,0.0667713806033
0.0,0.0,0.0,0.0483122617006,-0.0175927300006,0.0672620236874
0.0,0.0,0.0,0.0483121015131,-0.0175917278975,0.0648878216743
0.0,0.0,0.0,0.0483131408691,-0.0175890363753,0.0665162950754
0.0,0.0,0.0,0.0483159646392,-0.017587615177,0.0653857141733
0.0,0.0,0.0,0.0483126491308,-0.0175885893404,0.0667773708701
0.0,0.0,0.0,0.0483069568872,-0.017586806789,0.0647433176637
0.0,0.0,0.0,0.0483015440404,-0.0175867304206,0.0666053891182
0.0,0.0,0.0,0.0483011491597,-0.0175878219306,0.0672552362084
0.0,0.0,0.0,0.0483065471053,-0.017587274313,0.0672274008393
0.0,0.0,0.0,0.0483059845865,-0.0175848621875,0.0673528760672
0.0,0.0,0.0,0.0483063720167,-0.0175859425217,0.064844712615
0.0,0.0,0.0,0.0483068935573,-0.0175858400762,0.0610515363514
0.0,0.0,0.0,0.0483207069337,-0.017594859004,0.0665302500129
0.0,0.0,0.0,0.0483222343028,-0.0175930261612,0.0672093331814
0.0,0.0,0.0,0.0483222864568,-0.0175941362977,0.0665516257286
0.0,0.0,0.0,0.0483209900558,-0.0175990257412,0.0672060698271
0.0,0.0,0.0,0.0483190789819,-0.0176001284271,0.0673238709569
0.0,0.0,0.0,0.0483071953058,-0.0176053699106,0.0671367719769
0.0,0.0,0.0,0.0483045987785,-0.0175882112235,0.0627986416221
0.0,0.0,0.0,0.0482975505292,-0.0175925735384,0.0630089640617
0.0,0.0,0.0,0.0483121387661,-0.0176008231938,0.0571719668806
0.0,0.0,0.0,0.0483125858009,-0.017601987347,0.0515995584428
0.0,0.0,0.0,0.0483138598502,-0.0175964515656,0.0654276311398
0.0,0.0,0.0,0.0483149327338,-0.0175963509828,0.0675309076905
0.0,0.0,0.0,0.0483156591654,-0.0175964068621,0.064701475203
0.0,0.0,0.0,0.0483155138791,-0.0175940040499,0.0671174526215
0.0,0.0,0.0,0.0483208708465,-0.0175907351077,0.0680664852262
0.0,0.0,0.0,0.0483232736588,-0.0175857543945,0.0668847486377
0.0,0.0,0.0,0.0483139939606,-0.0175965689123,0.0657572969794
0.0,0.0,0.0,0.0483272261918,-0.017593998462,0.0628890916705
0.0,0.0,0.0,0.0483286231756,-0.0175938121974,0.0585507974029
0.0,0.0,0.0,0.0483282469213,-0.0175951104611,0.0633596405387
0.0,0.0,0.0,0.0483275577426,-0.0175999198109,0.0665373280644
0.0,0.0,0.0,0.0483258478343,-0.017604265362,0.0676925852895
0.0,0.0,0.0,0.0483260303736,-0.0176021270454,0.0680516287684
0.0,0.0,0.0,0.0483264662325,-0.017599593848,0.0683475136757
0.0,0.0,0.0,0.0483258515596,-0.0176005735993,0.0658734738827
0.0,0.0,0.0,0.0483222343028,-0.017601147294,0.0665343850851
0.0,0.0,0.0,0.048317167908,-0.0176024138927,0.0475875400007
0.0,0.0,0.0,0.0483159013093,-0.0176027305424,0.0403983294964
0.0,0.0,0.0,0.0483231544495,-0.0176014639437,0.0614586547017
0.0,0.0,0.0,0.0483233034611,-0.0176015198231,0.0570268258452
0.0,0.0,0.0,0.0483145751059,-0.0176055841148,0.0668683350086
0.0,0.0,0.0,0.0483126938343,-0.0176065340638,0.0637924894691
0.0,0.0,0.0,0.0483157709241,-0.017605997622,0.0675558149815
0.0,0.0,0.0,0.0483157709241,-0.017605997622,0.0675558149815
0.0,0.0,0.0,0.0483155660331,-0.0176064074039,0.0646089017391
0.0,0.0,0.0,0.0483134277165,-0.0175982937217,0.0660922974348
0.0,0.0,0.0,0.0483110770583,-0.0175979621708,0.0668257698417
0.0,0.0,0.0,0.0483096987009,-0.0175966303796,0.0635426491499
0.0,0.0,0.0,0.0483083203435,-0.0175952985883,0.0592785254121
0.0,0.0,0.0,0.0483085513115,-0.0175987333059,0.063339099288
0.0,0.0,0.0,0.0483072474599,-0.0175950191915,0.0656883865595
0.0,0.0,0.0,0.048306260258,-0.0175937153399,0.0621862746775
0.0,0.0,0.0,0.048305273056,-0.0175924114883,0.0577031597495
0.0,0.0,0.0,0.0483050830662,-0.0175946783274,0.0673933774233
0.0,0.0,0.0,0.0483044311404,-0.0175941009074,0.0645380690694
0.0,0.0,0.0,0.0483020581305,-0.0175961591303,0.0659807100892
0.0,0.0,0.0,0.0483013726771,-0.0175978597254,0.0673486813903
0.0,0.0,0.0,0.0483023151755,-0.0175936128944,0.0654010996222
0.0483021326363,-0.0175921004266,0.0600123330951,0.0483041256666,-0.0175935421139,0.0662330687046
0.0483021326363,-0.0175921004266,0.0600123591721,0.0483044795692,-0.0175930857658,0.0630717948079
0.0483021326363,-0.0175921004266,0.0600125081837,0.0483088344336,-0.017596328631,0.0680127590895
0.0483021326363,-0.0175921004266,0.0600129663944,0.0483104549348,-0.0175967570394,0.065265737474
0.0483021326363,-0.0175921004266,0.0600140094757,0.0483120754361,-0.0175971854478,0.0615377128124
0.0483021326363,-0.0175921004266,0.060015976429,0.0483066737652,-0.0175898559391,0.0677353143692
0.0483021326363,-0.0175921004266,0.060169082135,0.0483098588884,-0.0175908040255,0.0682430639863
0.0483021326363,-0.0175921004266,0.060269549489,0.0483117774129,-0.0175924636424,0.0660448372364
0.0483021326363,-0.0175921004266,0.0603352226317,0.0483063347638,-0.0176157075912,0.0683246776462
0.0483021326363,-0.0175921004266,0.0605001375079,0.0483019389212,-0.0176263395697,0.0660897940397
0.0483021326363,-0.0175921004266,0.060603890568,0.0483058802783,-0.0176208056509,0.0662648752332
0.0483021326363,-0.0175921004266,0.0608533024788,0.0483065508306,-0.0176258906722,0.0586499944329
0.0483021326363,-0.0175921004266,0.0610058009624,0.048310931772,-0.0176384449005,0.0642578825355
0.0483021326363,-0.0175921004266,0.0613623261452,0.0483134277165,-0.0176486335695,0.0558346770704
0.0483021326363,-0.0175921004266,0.0615742281079,0.0485896132886,-0.0180331263691,0.0685980767012
0.0483021326363,-0.0175921004266,0.0620626956224,0.0489166341722,-0.0183831751347,0.0674966052175
0.0483021326363,-0.0175921004266,0.0623471699655,0.0493421703577,-0.0193046424538,0.0727621018887
0.0483021326363,-0.0175921004266,0.0633605867624,0.0503609664738,-0.0224637854844,0.0813657417893
0.0483021326363,-0.0175921004266,0.0641848817468,0.0511730797589,-0.02486650832,0.085328578949
0.0483021326363,-0.0175921004266,0.0662596970797,0.0565064027905,-0.0333519354463,0.105772331357
0.0483021326363,-0.0175921004266,0.0675207823515,0.0593903437257,-0.0369755104184,0.112965941429
0.0483021326363,-0.0175921004266,0.0697386860847,0.0642681419849,-0.0422087870538,0.119934797287
0.0483021326363,-0.0175921004266,0.0705752745271,0.0694262459874,-0.0455558747053,0.142508506775
0.0483021326363,-0.0175921004266,0.0723722204566,0.0739591941237,-0.04919590801,0.153353944421
0.0483021326363,-0.0175921004266,0.0733556821942,0.0774341449142,-0.0511753857136,0.165023311973
0.0483021326363,-0.0175921004266,0.0754572078586,0.0825609043241,-0.0545207932591,0.176208674908
0.0483021326363,-0.0175921004266,0.0790271833539,0.0909112095833,-0.0587728470564,0.194300889969
0.0483021326363,-0.0175921004266,0.0803403109312,0.0950500518084,-0.0602471083403,0.203550368547
0.0483021326363,-0.0175921004266,0.0831152498722,0.100741691887,-0.0623597539961,0.213279634714
0.0483021326363,-0.0175921004266,0.0846070721745,0.104800984263,-0.0632155388594,0.223049998283
0.0483021326363,-0.0175921004266,0.0877479240298,0.1117772609,-0.0657251924276,0.23078134656
0.0483021326363,-0.0175921004266,0.0894366204739,0.114302016795,-0.0655317902565,0.240665525198
0.0483021326363,-0.0175921004266,0.0929631367326,0.119503505528,-0.0665734708309,0.248303964734
0.0483021326363,-0.0175921004266,0.0948255807161,0.121987454593,-0.0669154450297,0.252630352974
0.0483021326363,-0.0175921004266,0.100837141275,0.128551483154,-0.0677819624543,0.257798075676
0.0483021326363,-0.0175921004266,0.105203561485,0.138007000089,-0.0673031508923,0.271324872971
0.0483021326363,-0.0175921004266,0.107475832105,0.139274343848,-0.066911265254,0.27470484376
0.0483021326363,-0.0175921004266,0.112259872258,0.145386904478,-0.0660930871964,0.28080368042
0.0483021326363,-0.0175921004266,0.114765502512,0.146499812603,-0.0654387697577,0.284143894911
0.0483021326363,-0.0175921004266,0.119984000921,0.151600033045,-0.0648542717099,0.283192247152
0.0483021326363,-0.0175921004266,0.1227087304,0.154150143266,-0.064562022686,0.281244903803
0.0483021326363,-0.0175921004266,0.128376558423,0.159977838397,-0.0594254843891,0.299691200256
0.0483021326363,-0.0175921004266,0.131346538663,0.162957549095,-0.0581972002983,0.299686819315
0.0483021326363,-0.0175921004266,0.137459203601,0.168916970491,-0.0557406321168,0.296734988689
0.0483021326363,-0.0175921004266,0.140647932887,0.165915727615,-0.0543393902481,0.312039405107
0.0483021326363,-0.0175921004266,0.150615125895,0.169063001871,-0.0488291457295,0.326205819845
0.0483021326363,-0.0175921004266,0.157664343715,0.1712603122,-0.0441599003971,0.337378561497
0.0483021326363,-0.0175921004266,0.161295548081,0.171995729208,-0.0422595180571,0.341866821051
0.0483021326363,-0.0175921004266,0.168804317713,0.173774078488,-0.0372561402619,0.35365703702
0.0483021326363,-0.0175921004266,0.180623561144,0.175619393587,-0.0313905403018,0.365153223276
0.0483021326363,-0.0175921004266,0.184714928269,0.175771817565,-0.0289750117809,0.373523235321
0.0483021326363,-0.0175921004266,0.188918635249,0.175776094198,-0.0271268263459,0.379611939192
0.0483021326363,-0.0175921004266,0.197439283133,0.176038503647,-0.0236364752054,0.387233555317
0.0483021326363,-0.0175921004266,0.210831105709,0.175435721874,-0.0156232742593,0.413099169731
0.0483021326363,-0.0175921004266,0.215465322137,0.175183057785,-0.0136013198644,0.418739616871
0.0483021326363,-0.0175921004266,0.229685127735,0.174895465374,-0.00851042661816,0.427786707878
0.0483021326363,-0.0175921004266,0.239524886012,0.173150405288,-0.00376419094391,0.450683116913
0.0483021326363,-0.0175921004266,0.244562491775,0.172686904669,-0.00144868646748,0.45494094491
0.0483021326363,-0.0175921004266,0.254806786776,0.170570328832,0.00106059061363,0.472153931856
0.0483021326363,-0.0175921004266,0.260061621666,0.169835239649,0.00194348429795,0.477247208357
0.0483021326363,-0.0175921004266,0.270678192377,0.167905062437,0.00443750899285,0.491822719574
0.0483021326363,-0.0175921004266,0.276140987873,0.167194277048,0.00522459624335,0.496680885553
0.0483021326363,-0.0175921004266,0.287108570337,0.165136516094,0.00731331575662,0.510131895542
0.048302128911,-0.0175921004266,0.304068416357,0.161854848266,0.00985256489366,0.526340961456
0.048302128911,-0.0175921004266,0.309887379408,0.160959586501,0.00975973904133,0.531820833683
0.048302128911,-0.0175921004266,0.321528226137,0.157884657383,0.0104020806029,0.545978844166
0.048302128911,-0.0175921004266,0.327507793903,0.156517252326,0.010982173495,0.549564778805
0.048302128911,-0.0175921004266,0.339456140995,0.15337434411,0.0107832206413,0.564714610577
0.048302128911,-0.0175921004266,0.345591396093,0.152284964919,0.0107117509469,0.569155991077
0.048302128911,-0.0175920985639,0.357813715935,0.14935554564,0.0106185637414,0.580163300037
0.048302128911,-0.0175920985639,0.364073038101,0.147905290127,0.0106988763437,0.582831203938
0.048302128911,-0.0175920985639,0.376562446356,0.1450047791,0.0108595015481,0.585224032402
0.048302128911,-0.0175920985639,0.382946789265,0.144005462527,0.00934917200357,0.600525736809
0.048302128911,-0.0175920985639,0.395659774542,0.140319913626,0.00770399346948,0.61472594738
0.048302128911,-0.0175920985639,0.402142852545,0.139132395387,0.00690383510664,0.620880782604
0.048302128911,-0.0175920985639,0.415068715811,0.135397076607,0.00484565272927,0.636587381363
0.048302128911,-0.0175920985639,0.421648323536,0.134138137102,0.00425275182351,0.641730666161
0.048302128911,-0.0175920985639,0.434740781784,0.13060477376,0.00178197259083,0.657684504986
0.048302128911,-0.0175920985639,0.4414024055,0.129627108574,0.000985718797892,0.662770092487
0.048302128911,-0.0175920985639,0.461354732513,0.125405356288,-0.00257338234223,0.682160794735
0.048302128911,-0.0175920985639,0.474708348513,0.122336015105,-0.00491993688047,0.688897788525
0.048302128911,-0.0175920985639,0.481480062008,0.120721533895,-0.00666456017643,0.703230857849
0.0483021251857,-0.0175920985639,0.494909077883,0.117008596659,-0.0101638697088,0.723293066025
0.0483021251857,-0.0175920985639,0.501669347286,0.115596868098,-0.0115114822984,0.73025739193
0.0483021251857,-0.0175920985639,0.515194535255,0.112534634769,-0.0145857706666,0.747252047062
0.0483021251857,-0.0175920985639,0.528737783432,0.109793312848,-0.0173043571413,0.758709013462
0.0483021251857,-0.0175920985639,0.535512208939,0.108242064714,-0.0188060309738,0.762739062309
0.0483021251857,-0.0175920967013,0.569363415241,0.102919474244,-0.0246002785861,0.80240547657
0.0483021251857,-0.0175920967013,0.576061069965,0.100893042982,-0.0267386734486,0.815471529961
0.0483021251857,-0.0175920967013,0.589499354362,0.098946928978,-0.0284585841,0.828187227249
0.0483021251857,-0.0175920967013,0.596197783947,0.0977555811405,-0.0296349003911,0.832570433617
0.0483021251857,-0.0175920967013,0.609581887722,0.095082230866,-0.0318196192384,0.847164273262
0.0483021214604,-0.0175920967013,0.616182327271,0.0942980051041,-0.0328133441508,0.857545137405
0.0483021214604,-0.0175920967013,0.629389166832,0.0919869840145,-0.0350816734135,0.865221500397
0.0483021214604,-0.0175920967013,0.635956227779,0.0908314734697,-0.0362158380449,0.867588102818
0.0483021214604,-0.0175920967013,0.649375915527,0.0906206965446,-0.0360488556325,0.892457962036
0.0483021214604,-0.0175920948386,0.655494987965,0.0893676951528,-0.036943744868,0.904784619808
0.0483021214604,-0.0175920948386,0.668651461601,0.0880358889699,-0.0376330316067,0.917478859425
0.0483021214604,-0.0175920948386,0.674744129181,0.0872541368008,-0.0381629541516,0.921822369099
0.0483021214604,-0.0175920948386,0.687717556953,0.0861350819468,-0.0383074246347,0.939333319664
0.0483021214604,-0.0175920948386,0.693656206131,0.0851974636316,-0.0384495817125,0.950654804707
0.0483021177351,-0.0175920948386,0.706341147423,0.0847323015332,-0.0384332947433,0.962975800037
0.0483021177351,-0.017592092976,0.730322480202,0.0832381099463,-0.0377193912864,0.995949804783
0.0483021177351,-0.017592092976,0.742464065552,0.0829376280308,-0.037143278867,1.0086234808
0.0483021177351,-0.017592092976,0.747995793819,0.0826206952333,-0.0364338159561,1.0195697546
0.0483021177351,-0.017592092976,0.759820461273,0.0824884697795,-0.0354791916907,1.03093063831
0.0483021140099,-0.017592092976,0.765191137791,0.0824589207768,-0.0345727913082,1.04069805145
0.0483021140099,-0.017592092976,0.776658535004,0.0826217606664,-0.0335212498903,1.05141746998
0.0483021140099,-0.0175920911133,0.781868755817,0.0829032063484,-0.0321713648736,1.06122839451
0.0483021140099,-0.0175920911133,0.792966842651,0.0832148566842,-0.0308184344321,1.07141232491
0.0483021140099,-0.0175920911133,0.798001050949,0.0837207883596,-0.0297492742538,1.08170163631
0.0483021140099,-0.0175920911133,0.808667898178,0.0838470309973,-0.0283146183938,1.09129631519
0.0483021102846,-0.0175920892507,0.823822975159,0.084490261972,-0.0256244726479,1.10777318478
0.0483021102846,-0.0175920892507,0.828506946564,0.0851032361388,-0.0239764284343,1.11608302593
0.0483021102846,-0.0175920892507,0.838357686996,0.0859557762742,-0.0222187377512,1.12493550777
0.0483021102846,-0.0175920892507,0.842836022377,0.0867082849145,-0.0204620584846,1.13250792027
0.0483021065593,-0.017592087388,0.852034270763,0.087745256722,-0.0178952403367,1.13844466209
0.0483021065593,-0.017592087388,0.856525182724,0.0882637426257,-0.0166118312627,1.13994157314
0.0483021065593,-0.017592087388,0.865485489368,0.0888046771288,-0.0149495825171,1.15560543537
0.048302102834,-0.0175920855254,0.877872109413,0.0900559276342,-0.0116423349828,1.15854144096
0.048302102834,-0.0175920855254,0.881919026375,0.0912555754185,-0.0101581057534,1.1760519743
0.048302102834,-0.0175920855254,0.889954388142,0.0924625396729,-0.00820465199649,1.18558299541
0.048302102834,-0.0175920836627,0.893598198891,0.0937155410647,-0.00635548401624,1.19350385666
0.0483020991087,-0.0175920818001,0.911700069904,0.0965436473489,-0.0010787419742,1.21644127369
0.0483020953834,-0.0175920818001,0.921552121639,0.0989039391279,0.00185834174044,1.23068463802
0.0483020953834,-0.0175920799375,0.924521207809,0.100173935294,0.00328400358558,1.23736047745
0.0483020953834,-0.0175920799375,0.930551707745,0.101709999144,0.00495910132304,1.2430421114
0.0483020953834,-0.0175920799375,0.933454275131,0.102670378983,0.00611804611981,1.24893891811
0.0483020916581,-0.0175920780748,0.939154803753,0.103619121015,0.00750076910481,1.25632834435
0.0483020916581,-0.0175920780748,0.941707074642,0.104499436915,0.00870720949024,1.26160812378
0.0483020879328,-0.0175920762122,0.94929087162,0.106648884714,0.0109809823334,1.27174055576
0.0483020879328,-0.0175920743495,0.954096794128,0.10782854259,0.0119663346559,1.27622389793
0.0483020879328,-0.0175920743495,0.95622420311,0.108873434365,0.0128689566627,1.27883481979
0.0483020842075,-0.0175920724869,0.960589766502,0.109894990921,0.0138605479151,1.28169679642
0.0483020842075,-0.0175920724869,0.962518811226,0.110692352057,0.0147102205083,1.28359341621
0.0483020804822,-0.0175920706242,0.968196630478,0.111794196069,0.0163751319051,1.28709483147
0.048302076757,-0.0175920687616,0.973280310631,0.112724177539,0.0175654254854,1.28819382191
0.048302076757,-0.0175920668989,0.976420819759,0.113243877888,0.017757344991,1.28994476795
0.048302076757,-0.0175920668989,0.977795004845,0.113775901496,0.0180756412446,1.28953504562
0.0483020730317,-0.0175920650363,0.980504751205,0.114425033331,0.0185957793146,1.28703677654
0.0483020730317,-0.0175920631737,0.981771290302,0.114462465048,0.018766252324,1.28746402264
0.0483020693064,-0.017592061311,0.984188735485,0.114365778863,0.0190919414163,1.28721272945
0.0483020693064,-0.017592061311,0.985233545303,0.114191658795,0.0194612760097,1.28691530228
0.0483020655811,-0.0175920594484,0.988222420216,0.11421430856,0.0196594465524,1.28015077114
0.0483020618558,-0.0175920575857,0.990006387234,0.113590672612,0.019503550604,1.28359091282
0.0483020618558,-0.0175920557231,0.990765690804,0.113424181938,0.0190884005278,1.28359556198
0.0483020581305,-0.0175920538604,0.992264449596,0.112839214504,0.0188340954483,1.2835329771
0.0,0.0,1.0,0.109492212534,0.0172515828162,1.27734959126
0.0,0.0,1.0,0.106557674706,0.0155666358769,1.27584969997
0.0,0.0,1.0,0.10526740551,0.0149532388896,1.27358210087
0.0,0.0,1.0,0.103506021202,0.0139278108254,1.27530300617
0.0,0.0,1.0,0.102640151978,0.0134390713647,1.27170670033
0.0,0.0,1.0,0.0998980998993,0.0122890630737,1.27381455898
0.0,0.0,1.0,0.098757751286,0.0117738135159,1.27036905289
0.0,0.0,1.0,0.0961020216346,0.0108132828027,1.27097976208
0.0,0.0,1.0,0.0920693129301,0.00930702593178,1.26426970959
0.0,0.0,1.0,0.088762499392,0.00819098297507,1.25684010983
0.0,0.0,1.0,0.087552189827,0.00775286089629,1.25111687183
0.0,0.0,1.0,0.0828681141138,0.00627882359549,1.25425589085
0.0,0.0,1.0,0.0810592249036,0.00567457918078,1.24876773357
0.0,0.0,1.0,0.0783375650644,0.0055387862958,1.25218045712
0.0,0.0,1.0,0.0738643705845,0.0049421233125,1.24604260921
0.0,0.0,1.0,0.0723529830575,0.00469716684893,1.24136197567
0.0,0.0,1.0,0.0692752301693,0.00455123139545,1.24241447449
0.0,0.0,1.0,0.0677574723959,0.00435875495896,1.23812651634
0.0,0.0,1.0,0.0659091547132,0.00430920626968,1.23914849758
0.0,0.0,1.0,0.061299495399,0.00403311755508,1.23497402668
0.0,0.0,1.0,0.0577943325043,0.00385762914084,1.2255064249
0.0,0.0,1.0,0.0533535405993,0.00383446039632,1.21987593174
0.0,0.0,1.0,0.0517961643636,0.00422354554757,1.22205388546
0.0,0.0,1.0,0.0486936084926,0.00470410566777,1.22034978867
0.0,0.0,1.0,0.0475870482624,0.00481344759464,1.21641004086
0.0,0.0,1.0,0.0450550951064,0.00547587731853,1.21375250816
0.0,0.0,1.0,0.0438172779977,0.00619612587616,1.21556317806
0.0,0.0,1.0,0.042242012918,0.00692164851353,1.21225404739
0.0,0.0,1.0,0.0416787490249,0.00713853724301,1.20868575573
0.0,0.0,1.0,0.0409793742001,0.00788798648864,1.20721530914
0.0,0.0,1.0,0.0403639823198,0.00885041709989,1.20305538177
0.0,0.0,1.0,0.0404362343252,0.0095460517332,1.20147383213
0.0,0.0,1.0,0.0406000427902,0.00964421313256,1.20093512535
0.0,0.0,1.0,0.0408963523805,0.0103845419362,1.190751791
0.0,0.0,1.0,0.0419928058982,0.0108721321449,1.19260942936
0.0,0.0,1.0,0.0427452512085,0.0116040389985,1.18167316914
0.0,0.0,1.0,0.0435145124793,0.0117755243555,1.18690633774
0.0,0.0,1.0,0.0445347689092,0.0121691990644,1.18365073204
0.0,0.0,1.0,0.0455794557929,0.0123467016965,1.18492841721
0.0,0.0,1.0,0.0489490516484,0.0129049802199,1.17855119705
0.0,0.0,1.0,0.0521784313023,0.0133071085438,1.17294073105
0.0,0.0,1.0,0.0548198409379,0.0131924059242,1.18305301666
0.0,0.0,1.0,0.0559307225049,0.0132663436234,1.180082798
0.0,0.0,1.0,0.0594473928213,0.0134064955637,1.18201303482
0.0,0.0,1.0,0.061853453517,0.0133443465456,1.18113255501
0.0,0.0,1.0,0.0630337670445,0.0133607750759,1.17727828026
0.0,0.0,1.0,0.0685445889831,0.0128092365339,1.18721723557
0.0,0.0,1.0,0.0713363140821,0.0124792130664,1.18748676777
0.0,0.0,1.0,0.0735124349594,0.0122790876776,1.19091725349
0.0,0.0,1.0,0.0773365572095,0.011759868823,1.19463860989
0.0,0.0,1.0,0.0823369771242,0.0109400544316,1.19787061214
0.0,0.0,1.0,0.0835533738136,0.0107057150453,1.1985669136
0.0,0.0,1.0,0.0868257433176,0.0101962629706,1.19287741184
0.0,0.0,1.0,0.0880986303091,0.00993577577174,1.19851052761
0.0,0.0,1.0,0.0911895260215,0.00931559223682,1.20080626011
0.0,0.0,1.0,0.0949242338538,0.00868783146143,1.20076358318
0.0,0.0,1.0,0.0955500379205,0.0086163925007,1.20096302032
0.0,0.0,1.0,0.097573697567,0.00845041964203,1.19990456104
0.0,0.0,1.0,0.0987866893411,0.00830263271928,1.19626712799
0.0,0.0,1.0,0.100574783981,0.00819863658398,1.19640862942
0.0,0.0,1.0,0.102342769504,0.00798719003797,1.19000184536
0.0,0.0,1.0,0.102309830487,0.00847697630525,1.19147610664
0.0,0.0,1.0,0.102038785815,0.00911885965616,1.19067156315
0.0,0.0,1.0,0.101886719465,0.00932597089559,1.19073998928
0.0,0.0,1.0,0.101700253785,0.00970468018204,1.18739175797
0.0,0.0,1.0,0.101691834629,0.00989339407533,1.18291711807
0.0,0.0,1.0,0.10079061985,0.0104492651299,1.18435931206
0.0,0.0,1.0,0.0998262166977,0.0109663018957,1.18768334389
0.0,0.0,1.0,0.0981253385544,0.011731219478,1.18963265419
0.0,0.0,1.0,0.0975413545966,0.0119931297377,1.1902538538
0.0,0.0,1.0,0.0957082211971,0.0128163453192,1.19104385376
0.0,0.0,1.0,0.0950673297048,0.0130645381287,1.19160079956
0.0,0.0,1.0,0.0929984673858,0.0137738343328,1.19230830669
0.0,0.0,1.0,0.0929984673858,0.0137738343328,1.19230830669
0.0,0.0,1.0,0.0902012735605,0.0149527657777,1.19153559208
0.0,0.0,1.0,0.0869271829724,0.0161835867912,1.1929551363
0.0,0.0,1.0,0.0857529342175,0.0166499186307,1.18972802162
0.0,0.0,1.0,0.083270445466,0.0173290986568,1.19132137299
0.0,0.0,1.0,0.0824462920427,0.0174721740186,1.19125020504
0.0,0.0,1.0,0.0800796672702,0.0180115122348,1.18926846981
0.0,0.0,1.0,0.0794061943889,0.0181677304208,1.18866038322
0.0,0.0,1.0,0.0768584683537,0.0186820626259,1.1847268343
0.0,0.0,1.0,0.0747006088495,0.0189124085009,1.18246304989
0.0,0.0,1.0,0.0739600509405,0.019013106823,1.18158900738
0.0,0.0,1.0,0.0719449371099,0.0192461814731,1.17867851257
0.0,0.0,1.0,0.0713232308626,0.0192855894566,1.17778205872
0.0,0.0,1.0,0.0696387887001,0.0192668903619,1.17329788208
0.0,0.0,1.0,0.0680044665933,0.0189131833613,1.169880867
0.0,0.0,1.0,0.0669926553965,0.0179825816303,1.16911590099
0.0,0.0,1.0,0.06688760221,0.0176926963031,1.16933894157
0.0,0.0,1.0,0.0666352957487,0.01673008129,1.16898143291
0.0,0.0,1.0,0.0670544803143,0.015127915889,1.16919827461
0.0,0.0,1.0,0.0673441886902,0.0146682104096,1.16944634914
0.0,0.0,1.0,0.0684624016285,0.0132600767538,1.16997635365
0.0,0.0,1.0,0.0703500136733,0.0111257480457,1.16927278042
0.0,0.0,1.0,0.0708997920156,0.0104126948863,1.16588270664
0.0,0.0,1.0,0.0727484449744,0.00862427335232,1.16952943802
0.0,0.0,1.0,0.0734406039119,0.00784191116691,1.16605389118
0.0,0.0,1.0,0.0760041028261,0.00578241143376,1.17540299892
0.0,0.0,1.0,0.077056273818,0.00477700913325,1.17301392555
0.0,0.0,1.0,0.0797208324075,0.00291688507423,1.17857384682
0.0,0.0,1.0,0.0805912539363,0.00227679917589,1.17980325222
0.0,0.0,1.0,0.0852002725005,-0.000934008450713,1.18367540836
0.0,0.0,1.0,0.0872261598706,-0.00230510742404,1.18524861336
0.0,0.0,1.0,0.0891767218709,-0.00347172026522,1.18775737286
0.0,0.0,1.0,0.09101369977,-0.00461124116555,1.18891000748
0.0,0.0,1.0,0.0931023880839,-0.0058940956369,1.18981659412
0.0,0.0,1.0,0.0950500816107,-0.00695881294087,1.19103682041
0.0,0.0,1.0,0.0966301932931,-0.00768863968551,1.19260644913
0.0,0.0,1.0,0.098243765533,-0.0084306737408,1.19253480434
0.0,0.0,1.0,0.100973583758,-0.00984040740877,1.18659448624
0.0,0.0,1.0,0.101450823247,-0.00976806599647,1.19036328793
0.0,0.0,1.0,0.102354392409,-0.00970660895109,1.19256544113
0.0,0.0,1.0,0.10318069905,-0.00998392887414,1.18972504139
0.0,0.0,1.0,0.104648031294,-0.0101520698518,1.18751430511
0.0,0.0,1.0,0.10613758862,-0.0097582032904,1.1893966198
0.0,0.0,1.0,0.10820325464,-0.00894209742546,1.17903494835
0.0,0.0,1.0,0.107886038721,-0.00774153647944,1.18499660492
0.0,0.0,1.0,0.107891470194,-0.00686393072829,1.18392312527
0.0,0.0,1.0,0.10791490227,-0.0057426430285,1.18039119244
0.0,0.0,1.0,0.106633454561,-0.00221300125122,1.18289351463
0.0,0.0,1.0,0.106021165848,-0.000727815902792,1.18004608154
0.0,0.0,1.0,0.104409307241,0.00225495989434,1.17858850956
0.0,0.0,1.0,0.103122189641,0.00378354126588,1.18241226673
0.0,0.0,1.0,0.101795248687,0.00561097310856,1.18608152866
0.0,0.0,1.0,0.0993869975209,0.0090338177979,1.18327271938
0.0,0.0,1.0,0.0981243252754,0.010526846163,1.18596625328
0.0,0.0,1.0,0.0966369658709,0.012095445767,1.18917131424
-2.43300769398e-06,1.49961476836e-06,1.0,0.092162758112,0.0164136383682,1.19032776356
-2.59539388026e-06,1.59933460964e-06,1.0,0.0904615595937,0.0177670456469,1.1915705204
-2.66547749561e-06,1.64239429523e-06,1.0,0.0895120948553,0.0186338555068,1.1891862154
-2.7392723041e-06,1.68768417552e-06,1.0,0.0861189439893,0.0208919215947,1.19101369381
-4.68305961476e-06,2.88484488919e-06,1.0,0.081135712564,0.0236282777041,1.18713140488
-5.12682981935e-06,3.15769716508e-06,1.0,0.0785855054855,0.0240129455924,1.18687915802
-5.42421821592e-06,3.34044193551e-06,1.0,0.0766454264522,0.0238329768181,1.18442904949
-5.5257155509e-06,3.4027507354e-06,1.0,0.0752139762044,0.0231051575392,1.18207323551
-5.66906601307e-06,3.49075207851e-06,1.0,0.0734068378806,0.0225191507488,1.16795802116
-6.04380420555e-06,3.72107183466e-06,1.0,0.0737057030201,0.0209036543965,1.17325687408
-7.58186160965e-06,4.66900019092e-06,1.0,0.0740076303482,0.0200971160084,1.17636179924
-2.33906157519e-05,1.44600217027e-05,1.0,0.0735978484154,0.019134407863,1.16727340221
-4.40171934315e-05,2.72844808933e-05,1.0,0.0741314291954,0.017559453845,1.17455077171
-0.000133986075525,8.34970560391e-05,1.0,0.0746959522367,0.0149590615183,1.17450690269
-0.000214065759792,0.000133747176733,1.0,0.0756171047688,0.0129215754569,1.17958557606
-0.000479130423628,0.000300909887301,1.0,0.0765101313591,0.0106041766703,1.17788672447
-0.00125440058764,0.000793984509073,1.0,0.0793300569057,0.00570455240086,1.17728197575
-0.0016518861521,0.00104836793616,1.0,0.0810167491436,0.00383680756204,1.18297255039
-0.00338156870566,0.00216359458864,1.0,0.086073115468,-0.00152719777543,1.18963444233
-0.00614518253133,0.00396501086652,1.0,0.0923064649105,-0.0069911503233,1.1943359375
-0.00869612302631,0.00564343016595,1.0,0.0960110872984,-0.0102748284116,1.19439208508
-0.0102346222848,0.00666167214513,1.0,0.0976123437285,-0.0112357512116,1.1960735321
-0.0159375295043,0.010468901135,1.0,0.106681093574,-0.0171517655253,1.20037841797
-0.020754178986,0.0137190436944,1.0,0.111568875611,-0.019964819774,1.20071971416
-0.0235350560397,0.015608208254,1.0,0.116812519729,-0.0226973704994,1.20404613018
-0.0332769304514,0.0222919192165,1.0,0.123387426138,-0.0257794745266,1.20627224445
-0.0410363785923,0.0276820678264,1.0,0.12854591012,-0.0285367295146,1.20049917698
-0.0453753396869,0.0307199880481,1.0,0.136208578944,-0.0301110129803,1.21210253239
-0.0548020377755,0.0373759903014,1.0,0.142628714442,-0.0322203412652,1.21172809601
-0.0600025244057,0.0410795658827,1.0,0.146439909935,-0.0335627309978,1.20931792259
-0.0711704418063,0.0491062067449,1.0,0.150924220681,-0.0341595895588,1.21311688423
-0.0772629231215,0.0535262711346,1.0,0.155415192246,-0.0345718674362,1.217897892
-0.0902116596699,0.0630152970552,1.0,0.159926369786,-0.0350017175078,1.21858763695
-0.0972016975284,0.0681907534599,1.0,0.161946102977,-0.0344048775733,1.22220361233
-0.111909598112,0.079201489687,1.0,0.167798534036,-0.0349866189063,1.2177836895
-0.119773522019,0.0851560384035,1.0,0.16787622869,-0.0325909480453,1.22830843925
-0.13617220521,0.0977256521583,1.0,0.171515956521,-0.0312230959535,1.22912478447
-0.162845388055,0.118621975183,1.0,0.17493788898,-0.0271045863628,1.2319341898
-0.181839630008,0.133857488632,1.0,0.173825472593,-0.0223941020668,1.23932087421
-0.191665932536,0.14186064899,1.0,0.174602940679,-0.0206411480904,1.23783814907
-0.21190135181,0.15861544013,1.0,0.170185089111,-0.0149242235348,1.24630987644
-0.244008496404,0.186013504863,1.0,0.163738831878,-0.00607113819569,1.24952447414
-0.254310935736,0.195034384727,1.0,0.161909788847,-0.0031759752892,1.2481315136
-0.276193857193,0.214601755142,1.0,0.152270168066,0.0057285008952,1.25109517574
-0.309935510159,0.245985269547,1.0,0.13841381669,0.0183651708066,1.24985325336
-0.320515483618,0.256168365479,1.0,0.134059548378,0.0224868599325,1.24716305733
-0.353533178568,0.289186447859,1.0,0.110211037099,0.0393741577864,1.24559426308
-0.385663032532,0.323496222496,1.0,0.0811520144343,0.058303784579,1.24125039577
-0.406733125448,0.347487181425,1.0,0.0562961101532,0.0730262175202,1.24024939537
-0.41625186801,0.35880112648,1.0,0.0456778593361,0.0796811506152,1.23628878593
-0.444670528173,0.394803732634,1.0,0.000286694703391,0.106464281678,1.2275813818
-0.462515503168,0.419622868299,1.0,-0.0273489113897,0.121078588068,1.23084568977
-0.47035291791,0.431239455938,1.0,-0.0422682911158,0.12957893312,1.22667074203
-0.486018568277,0.456176191568,1.0,-0.0760973319411,0.147395789623,1.22788262367
-0.505952477455,0.492694020271,1.0,-0.135959938169,0.179575771093,1.22630882263
-0.511484563351,0.504270017147,1.0,-0.154656276107,0.18973493576,1.22293055058
-0.521721482277,0.528376936913,1.0,-0.201296135783,0.215254038572,1.22255599499
-0.533667266369,0.564652442932,1.0,-0.260029196739,0.249422967434,1.22731029987
-0.536472916603,0.575881719589,1.0,-0.280683100224,0.261247783899,1.22512459755
-0.540937900543,0.599673330784,1.0,-0.31491202116,0.282975614071,1.22948873043
-0.54229092598,0.610633969307,1.0,-0.335126936436,0.295169979334,1.22756874561
-0.543605446815,0.633298695087,1.0,-0.38166359067,0.326269894838,1.23157942295
-0.543486654758,0.644456803799,1.0,-0.404495447874,0.340792268515,1.22922217846
-0.541697919369,0.666393101215,1.0,-0.441168904305,0.368332892656,1.23480272293
-0.54003059864,0.677165389061,1.0,-0.452605485916,0.377203345299,1.23572778702
-0.531967461109,0.708654224873,1.0,-0.498773038387,0.413401037455,1.23614549637
-0.528250396252,0.718918442726,1.0,-0.516032993793,0.429133564234,1.23890078068
-0.519419133663,0.738790333271,1.0,-0.54587829113,0.453800290823,1.2368042469
-0.51422560215,0.748597919941,1.0,-0.561727166176,0.468344658613,1.23747301102
-0.50256228447,0.767493724823,1.0,-0.595540881157,0.496701866388,1.23075377941
-0.495986878872,0.776781439781,1.0,-0.602730035782,0.506934404373,1.23504579067
-0.481663703918,0.794652760029,1.0,-0.631909489632,0.533385157585,1.22722482681
-0.473847776651,0.803355038166,1.0,-0.634339094162,0.542483210564,1.23365008831
-0.457020044327,0.820215344429,1.0,-0.661459803581,0.570751905441,1.22523093224
-0.438598722219,0.836411774158,1.0,-0.673199176788,0.591154277325,1.22408664227
-0.428982466459,0.844127118587,1.0,-0.676027715206,0.597010672092,1.22298491001
-0.408536404371,0.859170615673,1.0,-0.688933551311,0.619277179241,1.21627342701
-0.397939503193,0.8663443923,1.0,-0.688889920712,0.624076724052,1.21570813656
-0.375705659389,0.880239844322,1.0,-0.695022523403,0.643642604351,1.20872402191
-0.364301532507,0.886833786964,1.0,-0.69308423996,0.648224234581,1.2079116106
-0.340657889843,0.899511694908,1.0,-0.692359089851,0.666009783745,1.19954025745
-0.328511238098,0.905556857586,1.0,-0.693973183632,0.674894452095,1.19274044037
-0.290988981724,0.922488749027,1.0,-0.678308129311,0.690647900105,1.18709468842
-0.265125900507,0.932802081108,1.0,-0.655738294125,0.702688634396,1.18062007427
-0.252139538527,0.937602996826,1.0,-0.648331403732,0.705911397934,1.17820966244
-0.225622743368,0.946673095226,1.0,-0.621569812298,0.716212570667,1.16918540001
-0.212373897433,0.950852096081,1.0,-0.611792206764,0.718775331974,1.16678833961
-0.185444384813,0.958652436733,1.0,-0.581513941288,0.727004110813,1.15721130371
-0.131407275796,0.97160422802,1.0,-0.505331575871,0.736030519009,1.14154314995
-0.104339428246,0.976763963699,1.0,-0.454746246338,0.736910402775,1.13924324512
-0.0908491462469,0.979004204273,1.0,-0.431235641241,0.739226639271,1.13201737404
-0.0639444813132,0.982805430889,1.0,-0.37787270546,0.736774206161,1.13305306435
-0.0505629628897,0.984360098839,1.0,-0.350392132998,0.737720131874,1.12661457062
-0.0240022093058,0.986767172813,1.0,-0.295430988073,0.739611983299,1.11079466343
-0.0108275758103,0.987617433071,1.0,-0.282980203629,0.733474910259,1.12644314766
0.0153053971007,0.988603830338,1.0,-0.233529210091,0.73284727335,1.11447584629
0.0282355416566,0.988735735416,1.0,-0.208803713322,0.732533454895,1.10702073574
0.053788356483,0.988269984722,1.0,-0.132508829236,0.722066938877,1.1253900528
0.0663953498006,0.987670242786,1.0,-0.110866867006,0.719152569771,1.13103508949
0.0912744626403,0.985729694366,1.0,-0.0348738208413,0.713550746441,1.1379379034
0.103522993624,0.984388113022,1.0,-0.00799649581313,0.711651802063,1.14072656631
0.127636194229,0.980956554413,1.0,0.0573170483112,0.707309007645,1.13702094555
0.139497563243,0.978864371777,1.0,0.0838477313519,0.706691324711,1.14929544926
0.16278488934,0.973930060863,1.0,0.149170994759,0.704863965511,1.16057384014
0.196608230472,0.964648842812,1.0,0.236408382654,0.704253137112,1.17963171005
0.207586020231,0.961051523685,1.0,0.257257550955,0.70472574234,1.18675351143
0.229055061936,0.953112959862,1.0,0.326566040516,0.705838382244,1.2044904232
0.239545628428,0.94877243042,1.0,0.347867846489,0.706296980381,1.21056902409
0.260038465261,0.939349651337,1.0,0.396462023258,0.707272291183,1.22110748291
0.270023971796,0.934276163578,1.0,0.423511534929,0.708423256874,1.23176980019
0.289491057396,0.923398435116,1.0,0.469385683537,0.71011441946,1.24364817142
0.298959106207,0.917603135109,1.0,0.496356517076,0.711519300938,1.25431764126
0.326257139444,0.898825645447,1.0,0.566661119461,0.715253055096,1.27512693405
0.343519568443,0.885166049004,1.0,0.622796297073,0.718452811241,1.29148340225
0.351844936609,0.878016114235,1.0,0.639611005783,0.719460129738,1.29639303684
0.367907196283,0.863059401512,1.0,0.687860369682,0.721968889236,1.30256569386
0.375629365444,0.855266094208,1.0,0.711985051632,0.723223268986,1.30418050289
0.390434592962,0.839071333408,1.0,0.750982403755,0.725998282433,1.32058441639
0.397484719753,0.830708444118,1.0,0.762563884258,0.726805269718,1.32299768925
0.410930663347,0.813393890858,1.0,0.803577244282,0.728777945042,1.32760107517
0.429330736399,0.786106526852,1.0,0.846574723721,0.731090962887,1.33033025265
0.434975236654,0.776680827141,1.0,0.860803127289,0.731057405472,1.33307754993
0.445499569178,0.757377326488,1.0,0.887193500996,0.731520414352,1.33237934113
0.463373452425,0.717120885849,1.0,0.943783521652,0.729635417461,1.3341242075
0.470652997494,0.696270763874,1.0,0.971384108067,0.727398395538,1.33093750477
0.479407548904,0.664236068726,1.0,1.00367426872,0.72244566679,1.32560884953
0.481731176376,0.653388142586,1.0,1.00698888302,0.720345497131,1.32644712925
0.485467374325,0.631464004517,1.0,1.02143168449,0.716062784195,1.32135105133
0.489193290472,0.586943686008,1.0,1.04856157303,0.698688328266,1.31646633148
0.489137321711,0.564451217651,1.0,1.06025028229,0.688517570496,1.31152176857
0.485088348389,0.519220173359,1.0,1.07034301758,0.666779220104,1.30679726601
0.481072217226,0.496621221304,1.0,1.07233273983,0.647545993328,1.30591583252
0.472527086735,0.462823152542,1.0,1.07659578323,0.626940488815,1.29597198963
0.468997597694,0.451586961746,1.0,1.07262325287,0.616873443127,1.30120170116
0.460963696241,0.429323881865,1.0,1.0688804388,0.596735835075,1.30056750774
0.456423014402,0.418203294277,1.0,1.06848287582,0.587795436382,1.29628479481
0.44085291028,0.385270923376,1.0,1.05597710609,0.556866466999,1.30292272568
0.428844034672,0.36363914609,1.0,1.0449590683,0.529774487019,1.30433917046
0.422291696072,0.352820843458,1.0,1.04069435596,0.51720148325,1.30140817165
0.40840575099,0.331676483154,1.0,1.03211128712,0.498662352562,1.30193209648
0.400896251202,0.321076482534,1.0,1.02435779572,0.485218495131,1.30584132671
0.385167717934,0.300397962332,1.0,1.01394367218,0.461434155703,1.29955172539
0.376738250256,0.290033817291,1.0,1.00417780876,0.448207736015,1.30776441097
0.359245270491,0.269839555025,1.0,0.983703374863,0.416699796915,1.31180822849
0.349949151278,0.259728729725,1.0,0.974896490574,0.401649326086,1.30978727341
0.330789387226,0.240026250482,1.0,0.953747153282,0.373934566975,1.31446099281
0.320671260357,0.23015922308,1.0,0.946580290794,0.364990800619,1.31565988064
0.299978613853,0.210959807038,1.0,0.930136859417,0.343286246061,1.31502211094
0.289114534855,0.201342150569,1.0,0.918924689293,0.330578148365,1.31713926792
0.267005056143,0.182608395815,1.0,0.89235574007,0.300782591105,1.31854009628
0.255472719669,0.173230558634,1.0,0.883264422417,0.291152387857,1.31882762909
0.232096761465,0.154930204153,1.0,0.857264995575,0.263646185398,1.31720578671
0.195505261421,0.127862900496,1.0,0.820224821568,0.22955609858,1.31542134285
0.182892695069,0.11890091747,1.0,0.810134708881,0.22168675065,1.31580889225
0.157497793436,0.101322628558,1.0,0.777059912682,0.195407450199,1.3137203455
0.118332855403,0.0751934200525,1.0,0.728609442711,0.159671530128,1.30964004993
0.0783423855901,0.0493873842061,1.0,0.684314787388,0.130185127258,1.30520737171
0.0647861436009,0.0407761111856,1.0,0.673269331455,0.124119147658,1.30541539192
0.0242344345897,0.0152531266212,1.0,0.627364516258,0.098570458591,1.3022531271
-0.00294461729936,-0.00177440291736,1.0,0.587132155895,0.0781709551811,1.29952979088
-0.0436207056046,-0.0273726768792,1.0,0.528063118458,0.0526231154799,1.29918658733
-0.0705647021532,-0.0445364490151,1.0,0.485603153706,0.0326528772712,1.29038619995
-0.0839129984379,-0.0531347356737,1.0,0.467688173056,0.0274312850088,1.29513502121
-0.1104285568,-0.0704595893621,1.0,0.4392542243,0.018126456067,1.29761958122
-0.123549379408,-0.0791768059134,1.0,0.421895563602,0.0112186316401,1.2943366766
-0.149471849203,-0.096741296351,1.0,0.387178242207,-0.00259702070616,1.2848277092
-0.162239149213,-0.105584725738,1.0,0.353083610535,-0.0113590024412,1.29315412045
-0.187382847071,-0.123439408839,1.0,0.318406999111,-0.0207113102078,1.29685199261
-0.199726164341,-0.132445797324,1.0,0.284734964371,-0.0307657383382,1.2961679697
-0.223921120167,-0.150635689497,1.0,0.249962583184,-0.040481518954,1.29645872116
-0.235764652491,-0.15983068943,1.0,0.217227995396,-0.0498261414468,1.29551994801
-0.259391784668,-0.178835213184,1.0,0.185822710395,-0.0582639425993,1.29585564137
-0.270130038261,-0.187799140811,1.0,0.154955998063,-0.0666367411613,1.29460191727
-0.302598744631,-0.216380625963,1.0,0.0976859182119,-0.0820464640856,1.28948938847
-0.323553770781,-0.236234843731,1.0,0.0614664927125,-0.0915476754308,1.29035830498
-0.332988411188,-0.245605915785,1.0,0.0296273510903,-0.0999825894833,1.28746068478
-0.352429986,-0.265907585621,1.0,-0.00712039321661,-0.110250353813,1.2836316824
-0.361127436161,-0.275481283665,1.0,-0.0387520417571,-0.119352869689,1.27992081642
-0.378952771425,-0.29622861743,1.0,-0.0685067921877,-0.128161013126,1.27666842937
-0.386870741844,-0.306003123522,1.0,-0.0977810099721,-0.137184917927,1.27206265926
-0.402649641037,-0.326716244221,1.0,-0.134180739522,-0.148093014956,1.26393890381
-0.410090535879,-0.337150603533,1.0,-0.155279740691,-0.154368042946,1.25731158257
-0.424431115389,-0.358748584986,1.0,-0.183783128858,-0.164289727807,1.25646793842
-0.442833632231,-0.390242993832,1.0,-0.258495897055,-0.188704371452,1.2342993021
-0.448466449976,-0.401028722525,1.0,-0.271508812904,-0.19527181983,1.23448836803
-0.459024816751,-0.423267155886,1.0,-0.294518560171,-0.205975294113,1.23025012016
-0.463467895985,-0.433636367321,1.0,-0.319695234299,-0.217016279697,1.22269403934
-0.472064465284,-0.456107705832,1.0,-0.345730692148,-0.230350956321,1.21588039398
-0.48219037056,-0.489202231169,1.0,-0.393294483423,-0.257380515337,1.20232152939
-0.489363312721,-0.522427201271,1.0,-0.436015635729,-0.285823613405,1.18817472458
-0.491019040346,-0.53298085928,1.0,-0.455163657665,-0.300311416388,1.18091166019
-0.493564933538,-0.555681884289,1.0,-0.473735153675,-0.31660091877,1.173822999
-0.49427396059,-0.566202998161,1.0,-0.486038148403,-0.326017260551,1.16671037674
-0.494783431292,-0.588804244995,1.0,-0.503759801388,-0.347105026245,1.16048932076
-0.49454843998,-0.599247694016,1.0,-0.514339923859,-0.35704022646,1.15345036983
-0.491855680943,-0.63198441267,1.0,-0.542548954487,-0.398802220821,1.13941788673
-0.488333135843,-0.654040277004,1.0,-0.552015960217,-0.420051664114,1.13455760479
-0.486223936081,-0.664250671864,1.0,-0.560827434063,-0.440583884716,1.12834179401
-0.480854719877,-0.685432434082,1.0,-0.571596026421,-0.465308785439,1.11784231663
-0.477694779634,-0.695895254612,1.0,-0.575241804123,-0.482249200344,1.11397385597
-0.470249474049,-0.71702504158,1.0,-0.577540934086,-0.504945218563,1.11048161983
-0.466342031956,-0.726716279984,1.0,-0.580935120583,-0.517695248127,1.10438835621
-0.457002729177,-0.747220516205,1.0,-0.580941796303,-0.547002613544,1.09978961945
-0.441048026085,-0.776365160942,1.0,-0.575477421284,-0.596946299076,1.09189713001
-0.435436546803,-0.78536349535,1.0,-0.571234345436,-0.620956122875,1.08757007122
-0.416074901819,-0.812857210636,1.0,-0.557544291019,-0.667261183262,1.08147275448
-0.394259124994,-0.838915884495,1.0,-0.536734104156,-0.715045690536,1.07692492008
-0.378418385983,-0.855412483215,1.0,-0.523371815681,-0.743366658688,1.07231318951
-0.370116323233,-0.863389313221,1.0,-0.516665101051,-0.759247422218,1.06725478172
-0.34379118681,-0.886129558086,1.0,-0.477936297655,-0.807326436043,1.07313036919
-0.325090020895,-0.900269627571,1.0,-0.457177013159,-0.835079848766,1.07031047344
-0.315416693687,-0.90701520443,1.0,-0.446414202452,-0.850589871407,1.06622219086
-0.29497423768,-0.920127809048,1.0,-0.417783021927,-0.876653015614,1.07230246067
-0.285154253244,-0.925917625427,1.0,-0.405362308025,-0.89119386673,1.06942844391
-0.264004766941,-0.937364935875,1.0,-0.380520880222,-0.920275568962,1.06073749065
-0.253160834312,-0.94272851944,1.0,-0.368100166321,-0.934816420078,1.05492055416
-0.230957090855,-0.952722966671,1.0,-0.343258738518,-0.963898122311,1.04034364223
-0.219609588385,-0.957347631454,1.0,-0.330838024616,-0.978438973427,1.0315836668
-0.184651091695,-0.96970063448,1.0,-0.241797089577,-1.00314831734,1.10164010525
-0.148457810283,-0.979718506336,1.0,-0.187505871058,-1.03154993057,1.11124742031
-0.12316275388,-0.985181927681,1.0,-0.147198110819,-1.04677033424,1.1245957613
-0.111229225993,-0.987343609333,1.0,-0.11878412962,-1.05741262436,1.13194131851
-0.0859188213944,-0.991081058979,1.0,-0.0715039372444,-1.07756376266,1.13730180264
-0.0473799332976,-0.994648575783,1.0,-0.0172091163695,-1.09057748318,1.15715122223
-0.0343965664506,-0.995293438435,1.0,0.00100354244933,-1.09418213367,1.16441917419
-0.00825463421643,-0.995764374733,1.0,0.0442514754832,-1.10391426086,1.17737579346
0.00480730086565,-0.995591640472,1.0,0.0728472843766,-1.10748541355,1.19127249718
0.0311359800398,-0.994429290295,1.0,0.112738706172,-1.11479127407,1.20254361629
0.0442443527281,-0.993448019028,1.0,0.137920096517,-1.11660921574,1.21446025372
0.0837120562792,-0.988886833191,1.0,0.199673786759,-1.12319564819,1.23431932926
0.122968159616,-0.981948196888,1.0,0.256840109825,-1.1256955862,1.25283885002
0.148975640535,-0.976009368896,1.0,0.289567351341,-1.12627744675,1.26158380508
0.161781430244,-0.972683012486,1.0,0.313298732042,-1.12498319149,1.27186393738
0.187347441912,-0.965226173401,1.0,0.347815543413,-1.12474703789,1.28012859821
0.199892014265,-0.961158633232,1.0,0.369245409966,-1.12248921394,1.28843104839
0.224759742618,-0.952266693115,1.0,0.412912666798,-1.12117910385,1.29517030716
0.237033247948,-0.947455883026,1.0,0.425636410713,-1.11875414848,1.30068051815
0.26112511754,-0.937153697014,1.0,0.452520906925,-1.1156167984,1.30552434921
0.329364925623,-0.900927007198,1.0,0.55235183239,-1.09627914429,1.31767189503
0.340079724789,-0.894127070904,1.0,0.567147552967,-1.09180784225,1.31973493099
0.360747158527,-0.879974424839,1.0,0.592004179955,-1.08502173424,1.31965076923
0.370751678944,-0.872580170631,1.0,0.604704082012,-1.08028459549,1.32045102119
0.440470397472,-0.807196319103,1.0,0.718091845512,-1.03259634972,1.31105434895
0.447851032019,-0.798213303089,1.0,0.732226669788,-1.02384364605,1.30990612507
0.461464196444,-0.779959797859,1.0,0.755616664886,-1.01111841202,1.30367410183
0.467807978392,-0.770528137684,1.0,0.768782913685,-1.00070667267,1.30277085304
0.484546124935,-0.7415766716,1.0,0.802925467491,-0.975411891937,1.29367256165
0.497882246971,-0.711496472359,1.0,0.833743989468,-0.947602987289,1.28496134281
0.504790365696,-0.690954983234,1.0,0.851155221462,-0.930564165115,1.27836215496
0.507683336735,-0.680391252041,1.0,0.860005021095,-0.920419871807,1.27598118782
0.512177944183,-0.659260630608,1.0,0.87773001194,-0.899113535881,1.26973378658
0.515871703625,-0.626788794994,1.0,0.901314973831,-0.863595426083,1.26307928562
0.516276776791,-0.615729510784,1.0,0.909859359264,-0.844678580761,1.26426422596
0.515838742256,-0.593663990498,1.0,0.928551971912,-0.814978778362,1.25328636169
0.514992117882,-0.582420945168,1.0,0.937898278236,-0.800128877163,1.2463259697
0.512088119984,-0.560032725334,1.0,0.942862808704,-0.779610812664,1.25152075291
0.510006129742,-0.548665046692,1.0,0.9440497756,-0.769753456116,1.25415897369
0.504682898521,-0.526064574718,1.0,0.955035507679,-0.745134949684,1.24413847923
0.501397013664,-0.514616072178,1.0,0.954644680023,-0.719111800194,1.25752282143
0.489326119423,-0.480512887239,1.0,0.960687816143,-0.67056709528,1.2604483366
0.479411780834,-0.457737535238,1.0,0.963248133659,-0.642755031586,1.26009440422
0.473918378353,-0.446361929178,1.0,0.962933003902,-0.626251220703,1.26256561279
0.448627173901,-0.401165574789,1.0,0.95972520113,-0.561919689178,1.26607441902
0.426472663879,-0.367749810219,1.0,0.951012372971,-0.518122076988,1.27060008049
0.418545484543,-0.356737077236,1.0,0.948824882507,-0.500264525414,1.2685765028
0.401968508959,-0.334953427315,1.0,0.937500655651,-0.469898670912,1.27505290508
0.393348008394,-0.324196070433,1.0,0.933603584766,-0.461393505335,1.27646493912
0.384110599756,-0.313043057919,1.0,0.925922691822,-0.447184681892,1.28029966354
0.356530249119,-0.281693845987,1.0,0.905367493629,-0.402386367321,1.28345894814
0.337868928909,-0.261863857508,1.0,0.892130076885,-0.376196146011,1.28371071815
0.318361669779,-0.242117851973,1.0,0.87124723196,-0.343237519264,1.28521335125
0.308483809233,-0.232457369566,1.0,0.864949762821,-0.335312306881,1.28574883938
0.278612375259,-0.204451471567,1.0,0.828412950039,-0.286568939686,1.28396558762
0.258667379618,-0.186646401882,1.0,0.80491310358,-0.265473991632,1.2877727747
0.248716473579,-0.178002208471,1.0,0.796629965305,-0.25855627656,1.28862893581
0.219225615263,-0.153231114149,1.0,0.759738147259,-0.226173236966,1.28872442245
0.200018405914,-0.137722045183,1.0,0.724459707737,-0.198805466294,1.28993904591
0.172175034881,-0.116030134261,1.0,0.675886154175,-0.164277940989,1.29137444496
0.163212493062,-0.109234400094,1.0,0.658475935459,-0.150976493955,1.28855443001
0.145832657814,-0.0963020399213,1.0,0.622347414494,-0.129772141576,1.29214847088
0.137452244759,-0.090178668499,1.0,0.603426218033,-0.116823509336,1.28921771049
0.113605901599,-0.0731416642666,1.0,0.558384537697,-0.0939732417464,1.29377245903
0.098924562335,-0.0629307106137,1.0,0.526038885117,-0.0747057422996,1.28692150116
0.0919602811337,-0.0581600517035,1.0,0.50600528717,-0.0671185329556,1.29389500618
0.0788263753057,-0.0492906607687,1.0,0.461611479521,-0.046200953424,1.29395401478
0.0726662054658,-0.0451882891357,1.0,0.447535723448,-0.0405458249152,1.2952786684
0.0558425784111,-0.0341751798987,1.0,0.379940927029,-0.0103382607922,1.29113554955
0.0334007740021,-0.019939744845,1.0,0.278067201376,0.0310117881745,1.28882288933
0.0297327339649,-0.017666535452,1.0,0.254623353481,0.0407162047923,1.28440976143
0.0231910608709,-0.0136537346989,1.0,0.222753256559,0.0532088018954,1.28337728977
0.0203000046313,-0.0118983145803,1.0,0.200202509761,0.0624713636935,1.27818703651
0.0130693940446,-0.00756154907867,1.0,0.162387758493,0.0748704746366,1.27408885956
0.00935776904225,-0.00536943925545,1.0,0.126770853996,0.0881827250123,1.26186358929
0.00524136656895,-0.0029717234429,1.0,0.0847762152553,0.0983527451754,1.25151073933
0.00421113800257,-0.00237840367481,1.0,0.0685959756374,0.103463359177,1.24387085438
0.00197105365805,-0.00110075168777,1.0,0.0390759445727,0.105817347765,1.23230326176
0.00106031203177,-0.000587778224144,1.0,0.0141349202022,0.109684497118,1.21753394604
0.000742028991226,-0.000409854372265,1.0,0.0069637154229,0.110187247396,1.21280348301
0.00031880705501,-0.000174713844899,1.0,-0.013256508857,0.111336648464,1.19699621201
0.0001907460246,-0.000104056722193,1.0,-0.0184822045267,0.111276395619,1.19212067127
1.86407887668e-05,-9.81766152108e-06,1.0,-0.0351853072643,0.109436333179,1.17209684849
-2.96640496344e-06,1.95184884433e-06,1.0,-0.0430766902864,0.107308141887,1.15815365314
-4.62600428364e-06,2.75697766483e-06,1.0,-0.0440320521593,0.104157567024,1.15220785141
-4.55558802059e-06,2.74543299383e-06,1.0,-0.0533363744617,0.10184147954,1.13083291054
-4.55558802059e-06,2.74543299383e-06,1.0,-0.0463071092963,0.0959277227521,1.13212704659
-4.55558802059e-06,2.74543299383e-06,1.0,-0.0366393439472,0.0831609219313,1.11300039291
-4.55558802059e-06,2.74543299383e-06,1.0,-0.0259486027062,0.0730473846197,1.09844553471
-4.55558802059e-06,2.74543299383e-06,1.0,-0.010907869786,0.0602718032897,1.07787656784
-4.55558802059e-06,2.74543299383e-06,1.0,0.0237506143749,0.0421088598669,1.07066631317
-4.55558802059e-06,2.74543299383e-06,1.0,0.0557386055589,0.0260328538716,1.06055617332
-4.55558802059e-06,2.74543299383e-06,1.0,0.0653320550919,0.0221526771784,1.06092655659
-4.55558802059e-06,2.74543299383e-06,1.0,0.0878756120801,0.0119967777282,1.05455183983
-4.55558802059e-06,2.74543299383e-06,1.0,0.101648062468,0.00701544294134,1.05672800541
-4.55558802059e-06,2.74543299383e-06,1.0,0.124625951052,-0.00313744926825,1.04569172859
-4.55558802059e-06,2.74543299383e-06,1.0,0.136114895344,-0.00821389537305,1.03870213032
-4.55558802059e-06,2.74543299383e-06,1.0,0.171501398087,-0.0182943455875,1.05571520329
-4.55558802059e-06,2.74543299383e-06,1.0,0.181789338589,-0.0207721590996,1.0623472929
-4.55558802059e-06,2.74543299383e-06,1.0,0.213492840528,-0.0294579267502,1.07134151459
-4.55558802059e-06,2.74543299383e-06,1.0,0.228696942329,-0.0341408215463,1.07098925114
-4.55558802059e-06,2.74543299383e-06,1.0,0.254443377256,-0.0393143333495,1.0856180191
-4.55558802059e-06,2.74543299383e-06,1.0,0.269356310368,-0.0431926958263,1.08697414398
-4.55558802059e-06,2.74543299383e-06,1.0,0.296006411314,-0.0472108200192,1.10719060898
-4.55558802059e-06,2.74543299383e-06,1.0,0.320191264153,-0.0506824553013,1.12500941753
-4.55558802059e-06,2.74543299383e-06,1.0,0.327624440193,-0.05146349594,1.13099396229
-4.55558802059e-06,2.74543299383e-06,1.0,0.348199039698,-0.0539022907615,1.14802956581
-4.55558802059e-06,2.74543299383e-06,1.0,0.354320943356,-0.0544709227979,1.15411889553
-4.55558802059e-06,2.74543299383e-06,1.0,0.374481678009,-0.0562425628304,1.17416000366
-4.55558802059e-06,2.74543299383e-06,1.0,0.389280468225,-0.0572660639882,1.18949079514
-4.55558802059e-06,2.74543299383e-06,1.0,0.404867976904,-0.0576241239905,1.21014106274
-4.55558802059e-06,2.74543299383e-06,1.0,0.408447355032,-0.0576266944408,1.21474444866
-4.55558802059e-06,2.74543299383e-06,1.0,0.418202489614,-0.0574319846928,1.22601747513
-4.55558802059e-06,2.74543299383e-06,1.0,0.428871393204,-0.056699603796,1.23811292648
-4.55558802059e-06,2.74543299383e-06,1.0,0.430253982544,-0.0564019791782,1.24022054672
-4.55558802059e-06,2.74543299383e-06,1.0,0.434799462557,-0.0556233339012,1.24291908741
-4.55558802059e-06,2.74543299383e-06,1.0,0.436070680618,-0.0548984967172,1.24532032013
-4.55558802059e-06,2.74543299383e-06,1.0,0.441378176212,-0.0540602318943,1.24356114864
-4.55558802059e-06,2.74543299383e-06,1.0,0.440554708242,-0.0532913058996,1.24693548679
-4.55558802059e-06,2.74543299383e-06,1.0,0.441109150648,-0.0515801049769,1.2472025156
-4.55558802059e-06,2.74543299383e-06,1.0,0.441041827202,-0.0509229488671,1.24695420265
-4.55558802059e-06,2.74543299383e-06,1.0,0.43526288867,-0.044822473079,1.24184453487
-4.55558802059e-06,2.74543299383e-06,1.0,0.434000015259,-0.0435158647597,1.23806929588
-4.55558802059e-06,2.74543299383e-06,1.0,0.426972717047,-0.0405581817031,1.23895049095
-4.55558802059e-06,2.74543299383e-06,1.0,0.424375146627,-0.0395510271192,1.23885989189
-4.55558802059e-06,2.74543299383e-06,1.0,0.41693982482,-0.03672837466,1.23581981659
-4.55558802059e-06,2.74543299383e-06,1.0,0.409221917391,-0.0344358086586,1.23678529263
-4.55558802059e-06,2.74543299383e-06,1.0,0.402888804674,-0.0324775092304,1.23618745804
-4.55558802059e-06,2.74543299383e-06,1.0,0.393598496914,-0.0297819692641,1.23676490784
-4.55558802059e-06,2.74543299383e-06,1.0,0.385904729366,-0.0275054965168,1.2367002964
-4.55558802059e-06,2.74543299383e-06,1.0,0.374652445316,-0.0243556201458,1.2363268137
-4.55558802059e-06,2.74543299383e-06,1.0,0.365541726351,-0.0220677386969,1.23736619949
-4.55558802059e-06,2.74543299383e-06,1.0,0.345708549023,-0.0168855767697,1.23822331429
-4.55558802059e-06,2.74543299383e-06,1.0,0.333244413137,-0.0139665305614,1.23919320107
-4.55558802059e-06,2.74543299383e-06,1.0,0.322786003351,-0.0118053164333,1.24059855938
-4.55558802059e-06,2.74543299383e-06,1.0,0.299753040075,-0.00677116494626,1.24090921879
-4.55558802059e-06,2.74543299383e-06,1.0,0.28725156188,-0.00424846168607,1.24041867256
-4.55558802059e-06,2.74543299383e-06,1.0,0.275915116072,-0.00183930166531,1.23951017857
-4.55558802059e-06,2.74543299383e-06,1.0,0.275915116072,-0.00183930166531,1.23951017857
-4.55558802059e-06,2.74543299383e-06,1.0,0.262887269258,0.000800841371529,1.23618400097
-4.55558802059e-06,2.74543299383e-06,1.0,0.255085766315,0.0024365442805,1.2319419384
-4.55558802059e-06,2.74543299383e-06,1.0,0.244405388832,0.00406307214871,1.23522531986
-4.55558802059e-06,2.74543299383e-06,1.0,0.244405388832,0.00406307214871,1.23522531986
-4.55558802059e-06,2.74543299383e-06,1.0,0.233528807759,0.00584851810709,1.23264610767
-4.55558802059e-06,2.74543299383e-06,1.0,0.233528807759,0.00584851810709,1.23264610767
-4.55558802059e-06,2.74543299383e-06,1.0,0.220506176353,0.00794138666242,1.22698462009
-4.55558802059e-06,2.74543299383e-06,1.0,0.213056415319,0.00921140331775,1.22168767452
-4.55558802059e-06,2.74543299383e-06,1.0,0.200602218509,0.0110771143809,1.21862268448
-4.55558802059e-06,2.74543299383e-06,1.0,0.192706257105,0.0121163027361,1.21793282032
-4.55558802059e-06,2.74543299383e-06,1.0,0.183359980583,0.0132233072072,1.21582698822
-4.55558802059e-06,2.74543299383e-06,1.0,0.165143787861,0.0157298278064,1.20457839966
-4.55558802059e-06,2.74543299383e-06,1.0,0.158050715923,0.016348272562,1.20296359062
-4.55558802059e-06,2.74543299383e-06,1.0,0.149931296706,0.0169874522835,1.20095360279
-4.55558802059e-06,2.74543299383e-06,1.0,0.142600104213,0.0173285193741,1.19691598415
-4.55558802059e-06,2.74543299383e-06,1.0,0.135306254029,0.0173903312534,1.19349384308
-4.55558802059e-06,2.74543299383e-06,1.0,0.13005913794,0.0173541102558,1.19033777714
-4.55558802059e-06,2.74543299383e-06,1.0,0.11969537288,0.016694124788,1.18214333057
-4.55558802059e-06,2.74543299383e-06,1.0,0.11424665153,0.0154003268108,1.1800236702
-4.55558802059e-06,2.74543299383e-06,1.0,0.110984548926,0.0142029644921,1.17871725559
-4.55558802059e-06,2.74543299383e-06,1.0,0.107714854181,0.0125525221229,1.17751514912
-4.55558802059e-06,2.74543299383e-06,1.0,0.103422038257,0.00912321452051,1.17384171486
-4.55558802059e-06,2.74543299383e-06,1.0,0.102391317487,0.00760710472241,1.17227983475
-4.55558802059e-06,2.74543299383e-06,1.0,0.102000266314,0.00529745453969,1.17124354839
-4.55558802059e-06,2.74543299383e-06,1.0,0.101271674037,0.00410423940048,1.16777157784
-4.55558802059e-06,2.74543299383e-06,1.0,0.101913660765,0.00136261212174,1.16564404964
-4.55558802059e-06,2.74543299383e-06,1.0,0.101666301489,7.9523822933e-05,1.16114962101
-4.55558802059e-06,2.74543299383e-06,1.0,0.106417126954,-0.00331966672093,1.16961693764
-4.55558802059e-06,2.74543299383e-06,1.0,0.108874082565,-0.00546208722517,1.17031383514
-4.55558802059e-06,2.74543299383e-06,1.0,0.112560927868,-0.00827684998512,1.1720020771
-4.55558802059e-06,2.74543299383e-06,1.0,0.114200614393,-0.00982393976301,1.16985785961
-4.55558802059e-06,2.74543299383e-06,1.0,0.118936285377,-0.0128905195743,1.17057609558
-4.55558802059e-06,2.74543299383e-06,1.0,0.123025760055,-0.0148512944579,1.17444431782
-4.55558802059e-06,2.74543299383e-06,1.0,0.128901973367,-0.0176099725068,1.17886805534
-4.55558802059e-06,2.74543299383e-06,1.0,0.13978177309,-0.0223692841828,1.1833460331
-4.55558802059e-06,2.74543299383e-06,1.0,0.143036782742,-0.0238730348647,1.18207514286
-4.55558802059e-06,2.74543299383e-06,1.0,0.150468990207,-0.0259198863059,1.19009399414
-4.55558802059e-06,2.74543299383e-06,1.0,0.161950916052,-0.0297329891473,1.19421708584
-4.55558802059e-06,2.74543299383e-06,1.0,0.166707083583,-0.0307190660387,1.199827075
-4.55558802059e-06,2.74543299383e-06,1.0,0.173484101892,-0.0324262976646,1.20140814781
-4.55558802059e-06,2.74543299383e-06,1.0,0.175968304276,-0.032831761986,1.20333254337
-4.55558802059e-06,2.74543299383e-06,1.0,0.186231553555,-0.0354506596923,1.19630324841
-4.55558802059e-06,2.74543299383e-06,1.0,0.191697716713,-0.0352368354797,1.20895409584
-4.55558802059e-06,2.74543299383e-06,1.0,0.194741472602,-0.0346859768033,1.21627187729
-4.55558802059e-06,2.74543299383e-06,1.0,0.202714905143,-0.0342871695757,1.22134959698
-4.55558802059e-06,2.74543299383e-06,1.0,0.209007367492,-0.0341424047947,1.21897292137
-4.55558802059e-06,2.74543299383e-06,1.0,0.208995178342,-0.0331529416144,1.22510397434
-4.55558802059e-06,2.74543299383e-06,1.0,0.214329048991,-0.0324779190123,1.22177505493
-4.55558802059e-06,2.74543299383e-06,1.0,0.215682536364,-0.03043872118,1.22501409054
-4.55558802059e-06,2.74543299383e-06,1.0,0.215919539332,-0.0291207022965,1.22719466686
-4.55558802059e-06,2.74543299383e-06,1.0,0.21662992239,-0.0252404697239,1.22803020477
-4.55558802059e-06,2.74543299383e-06,1.0,0.21681278944,-0.0218559876084,1.22511291504
-4.55558802059e-06,2.74543299383e-06,1.0,0.216281086206,-0.0189341772348,1.222245574
-4.55558802059e-06,2.74543299383e-06,1.0,0.213779941201,-0.0142813827842,1.21970772743
-4.55558802059e-06,2.74543299383e-06,1.0,0.211652159691,-0.01207009051,1.22087073326
-4.55558802059e-06,2.74543299383e-06,1.0,0.207475855947,-0.00736773665994,1.21587324142
-4.55558802059e-06,2.74543299383e-06,1.0,0.204813018441,-0.00411559082568,1.20622074604
-4.55558802059e-06,2.74543299383e-06,1.0,0.200253486633,-0.000924287422094,1.21376514435
-4.55558802059e-06,2.74543299383e-06,0.999999344349,0.193428605795,0.00565816974267,1.19914031029
-4.55558802059e-06,2.74543299383e-06,0.999984383583,0.184715911746,0.0111068310216,1.20576870441
-4.55558802059e-06,2.74543299383e-06,0.99991184473,0.174685671926,0.0166356991976,1.2092256546
-4.55558802059e-06,2.74543299383e-06,0.999711573124,0.164070010185,0.0217915661633,1.21182608604
-4.55558802059e-06,2.74543299383e-06,0.999292433262,0.153807953,0.0261639114469,1.21336066723
-4.55558802059e-06,2.74543299383e-06,0.998841702938,0.148419797421,0.0282161403447,1.21359479427
-4.55558802059e-06,2.74543299383e-06,0.998547613621,0.145366474986,0.0295022968203,1.21094918251
-4.55558802059e-06,2.74543299383e-06,0.99781537056,0.139259830117,0.032074611634,1.20271503925
-4.55558802059e-06,2.74543299383e-06,0.997358500957,0.134780347347,0.0318575613201,1.2170612812
-4.55558802059e-06,2.74543299383e-06,0.996262550354,0.128941565752,0.0334346145391,1.21509206295
-4.55558802059e-06,2.74543299383e-06,0.99560123682,0.125693261623,0.034367557615,1.21173548698
-4.55558802059e-06,2.74543299383e-06,0.994056224823,0.119977936149,0.0349299050868,1.21159267426
-4.55558802059e-06,2.74543299383e-06,0.993146002293,0.11646772176,0.0346982106566,1.21289157867
-4.55558802059e-06,2.74543299383e-06,0.991067290306,0.109299518168,0.0355917960405,1.20436835289
-4.55558802059e-06,2.74543299383e-06,0.987171053886,0.102693513036,0.0355697795749,1.19987022877
-4.55558802059e-06,2.74543299383e-06,0.985648930073,0.100500889122,0.0347143560648,1.20078241825
-4.55558802059e-06,2.74543299383e-06,0.982247710228,0.0960225462914,0.0343994013965,1.19416236877
-4.55558802059e-06,2.74543299383e-06,0.980357825756,0.0938273966312,0.0335546471179,1.19287872314
-4.55558802059e-06,2.74543299383e-06,0.97618407011,0.0898725166917,0.032695826143,1.18549466133
-4.55558802059e-06,2.74543299383e-06,0.97146075964,0.0853503122926,0.0319012589753,1.17247951031
-4.55558802059e-06,2.74543299383e-06,0.968883931637,0.0850141346455,0.030770547688,1.17467105389
-4.55558802059e-06,2.74543299383e-06,0.960255384445,0.0805008485913,0.0277304109186,1.15891289711
-4.55558802059e-06,2.74543299383e-06,0.953721880913,0.0799128860235,0.0247451718897,1.1555403471
-4.55558802059e-06,2.74543299383e-06,0.950214624405,0.0797608196735,0.0239116344601,1.15366196632
-4.55558802059e-06,2.74543299383e-06,0.938725948334,0.0780902653933,0.0210039764643,1.13716733456
-4.55558802059e-06,2.74543299383e-06,0.930221438408,0.0783592835069,0.0184715744108,1.13218975067
-4.55558802059e-06,2.74543299383e-06,0.925716042519,0.0779112055898,0.017362434417,1.12415826321
-4.55558802059e-06,2.74543299383e-06,0.911167502403,0.081089310348,0.0119461342692,1.11922192574
-4.55558802059e-06,2.74543299383e-06,0.895068705082,0.0834713429213,0.00764072779566,1.1072602272
-4.55558802059e-06,2.74543299383e-06,0.877425074577,0.0867215767503,0.00282959360629,1.09402120113
-4.55558802059e-06,2.74543299383e-06,0.864818096161,0.0895803719759,-0.000934039824642,1.08272016048
-4.55558802059e-06,2.74543299383e-06,0.858264029026,0.0906049460173,-0.00192034640349,1.07930290699
-4.55558802059e-06,2.74543299383e-06,0.844657838345,0.0930550694466,-0.00495102256536,1.06641721725
-4.55558802059e-06,2.74543299383e-06,0.837614774704,0.0945479348302,-0.00624549388885,1.06287503242
-4.55558802059e-06,2.74543299383e-06,0.800057590008,0.101883269846,-0.0134836453944,1.02867114544
-4.55558802059e-06,2.74543299383e-06,0.792101979256,0.102801062167,-0.0143592087552,1.02442908287
-4.55558847534e-06,2.74543299383e-06,0.775763809681,0.106183364987,-0.0170475058258,1.00569880009
-4.55558847534e-06,2.74543299383e-06,0.750262439251,0.10995631665,-0.019973821938,0.978171288967
-4.55558847534e-06,2.74543299383e-06,0.741520941257,0.110813573003,-0.0205128435045,0.971467494965
-4.55558847534e-06,2.74543299383e-06,0.714586436749,0.114822492003,-0.02329207398,0.934588968754
-4.55558847534e-06,2.74543299383e-06,0.69607937336,0.116260848939,-0.0239451825619,0.915512502193
-4.55558847534e-06,2.74543299383e-06,0.686699450016,0.11740000546,-0.0246709063649,0.900571107864
-4.55558847534e-06,2.74543299383e-06,0.667654395103,0.118453361094,-0.0247338451445,0.88335943222
-4.55558847534e-06,2.74543299383e-06,0.658014297485,0.11890309304,-0.0246607307345,0.877407848835
-4.55558847534e-06,2.74543299383e-06,0.638510525227,0.120246954262,-0.0244870148599,0.85347533226
-4.55558847534e-06,2.74543299383e-06,0.628665447235,0.120487093925,-0.0241976436228,0.846195101738
-4.55558847534e-06,2.74543299383e-06,0.608809232712,0.121348716319,-0.023741370067,0.82582205534
-4.55558847534e-06,2.74543299383e-06,0.598801672459,0.12128393352,-0.0229238439351,0.816743671894
-4.55558893009e-06,2.74543299383e-06,0.578679740429,0.1220497787,-0.0223444681615,0.788425385952
-4.55558893009e-06,2.74543299383e-06,0.568576991558,0.121470943093,-0.0207080710679,0.785481214523
-4.55558893009e-06,2.74543299383e-06,0.53814136982,0.120691820979,-0.0175993870944,0.75676202774
-4.55558893009e-06,2.74543299383e-06,0.517827570438,0.119608655572,-0.0149151533842,0.730039656162
-4.55558893009e-06,2.74543299383e-06,0.507670640945,0.119250550866,-0.0139027135447,0.72190964222
-4.55558893009e-06,2.74543299383e-06,0.477325469255,0.117710873485,-0.00987324677408,0.679639279842
-4.55558938484e-06,2.74543299383e-06,0.44724920392,0.115412428975,-0.0059673176147,0.657006144524
