0.0,0.0,0.0,-0.117847174406,0.0388693250716,0.170580223203
0.0,0.0,0.0,-0.117843285203,0.0388693884015,0.168411880732
0.0,0.0,0.0,-0.117834806442,0.0388394035399,0.170878633857
0.0,0.0,0.0,-0.117833085358,0.0388556234539,0.170628473163
0.0,0.0,0.0,-0.117838129401,0.0388546809554,0.171155899763
0.0,0.0,0.0,-0.117844633758,0.0388538390398,0.170702055097
0.0,0.0,0.0,-0.117829427123,0.0388103909791,0.170155838132
0.0,0.0,0.0,-0.117830708623,0.0388069711626,0.16746853292
0.0,0.0,0.0,-0.117828212678,0.0387984216213,0.16355702281
0.0,0.0,0.0,-0.117834366858,0.0388349480927,0.170529812574
0.0,0.0,0.0,-0.117847822607,0.0388469919562,0.171090751886
0.0,0.0,0.0,-0.11785068363,0.0388557650149,0.170681715012
0.0,0.0,0.0,-0.1178528741,0.0388553589582,0.16836796701
0.0,0.0,0.0,-0.11785197258,0.0388544052839,0.170942634344
0.0,0.0,0.0,-0.117846339941,0.0388604141772,0.170667171478
0.0,0.0,0.0,-0.117839396,0.0388388112187,0.171153560281
0.0,0.0,0.0,-0.117840081453,0.0388557426631,0.170716270804
0.0,0.0,0.0,-0.117842689157,0.0388597398996,0.171122357249
0.0,0.0,0.0,-0.117843858898,0.0388568006456,0.170675113797
0.0,0.0,0.0,-0.117838986218,0.0388468578458,0.170644596219
0.0,0.0,0.0,-0.117833577096,0.0388324894011,0.171062663198
0.0,0.0,0.0,-0.117839075625,0.0388418659568,0.170631110668
0.0,0.0,0.0,-0.117842920125,0.0388519130647,0.171079963446
0.0,0.0,0.0,-0.117846190929,0.0388523265719,0.170647695661
0.0,0.0,0.0,-0.117845803499,0.038858320564,0.17066295445
0.0,0.0,0.0,-0.11784632504,0.0388613753021,0.163940891623
0.0,0.0,0.0,-0.117843002081,0.0388630963862,0.165324732661
0.0,0.0,0.0,-0.117833033204,0.0388268008828,0.168289124966
0.0,0.0,0.0,-0.117827683687,0.0388159826398,0.169351562858
0.0,0.0,0.0,-0.117848537862,0.0388641320169,0.155434116721
0.0,0.0,0.0,-0.117841638625,0.0388480685651,0.165324375033
0.0,0.0,0.0,-0.11784491688,0.0388555824757,0.168636262417
0.0,0.0,0.0,-0.117847166955,0.0388374961913,0.167449444532
0.0,0.0,0.0,-0.117847450078,0.0388519242406,0.1712218225
0.0,0.0,0.0,-0.117841377854,0.038834810257,0.171305835247
0.0,0.0,0.0,-0.117846556008,0.0388377569616,0.170979782939
0.0,0.0,0.0,-0.117846816778,0.0388495437801,0.170169517398
0.0,0.0,0.0,-0.117847412825,0.0388536788523,0.167308092117
0.0,0.0,0.0,-0.117853522301,0.0388533510268,0.170901417732
0.0,0.0,0.0,-0.117851696908,0.0388521961868,0.17089638114
0.0,0.0,0.0,-0.117848813534,0.038855239749,0.171265482903
0.0,0.0,0.0,-0.117850333452,0.0388517305255,0.170978322625
0.0,0.0,0.0,-0.117853134871,0.0388470627367,0.168571457267
0.0,0.0,0.0,-0.117840513587,0.0388194806874,0.171087056398
0.0,0.0,0.0,-0.117825232446,0.0387902408838,0.168596073985
0.0,0.0,0.0,-0.117818489671,0.0387761965394,0.165021106601
0.0,0.0,0.0,-0.117834806442,0.0388121828437,0.166548088193
0.0,0.0,0.0,-0.117828063667,0.0388420410454,0.168400913477
0.0,0.0,0.0,-0.117845922709,0.0388651154935,0.170302942395
0.0,0.0,0.0,-0.117848657072,0.0388624146581,0.165095448494
0.0,0.0,0.0,-0.117847874761,0.038860745728,0.166110813618
0.0,0.0,0.0,-0.117845870554,0.0388634353876,0.166081219912
0.0,0.0,0.0,-0.1178470999,0.0388566143811,0.171137318015
0.0,0.0,0.0,-0.117846108973,0.0388586260378,0.171122074127
0.0,0.0,0.0,-0.117846786976,0.0388563349843,0.171086400747
0.0,0.0,0.0,-0.117843069136,0.0388591326773,0.168331131339
0.0,0.0,0.0,-0.117846637964,0.0388366058469,0.170112088323
0.0,0.0,0.0,-0.117831282318,0.0388198010623,0.16506947577
0.0,0.0,0.0,-0.117825992405,0.0388139523566,0.160498797894
0.0,0.0,0.0,-0.117820702493,0.0388081036508,0.154947116971
0.0,0.0,0.0,-0.117838427424,0.0388289354742,0.164467006922
0.0,0.0,0.0,-0.117840103805,0.0388492755592,0.165989413857
0.0,0.0,0.0,-0.117840006948,0.0388713628054,0.167109131813
0.0,0.0,0.0,-0.117838203907,0.0388790071011,0.169258713722
0.0,0.0,0.0,-0.117835238576,0.0388813987374,0.169935807586
0.0,0.0,0.0,-0.117833599448,0.0388854406774,0.16672091186
0.0,0.0,0.0,-0.117830306292,0.0388521701097,0.169679656625
0.0,0.0,0.0,-0.117837771773,0.0388507321477,0.170635536313
0.0,0.0,0.0,-0.117839597166,0.0388478636742,0.167795941234
0.0,0.0,0.0,-0.117847599089,0.0388436764479,0.16616551578
0.0,0.0,0.0,-0.117846548557,0.0388521030545,0.169559925795
0.0,0.0,0.0,-0.117857731879,0.0388535186648,0.17044429481
0.0,0.0,0.0,-0.117858022451,0.0388612784445,0.165826201439
0.0,0.0,0.0,-0.117854610085,0.0388553999364,0.168735459447
0.0,0.0,0.0,-0.117837034166,0.0388298369944,0.169963642955
0.0,0.0,0.0,-0.11783144623,0.03882098943,0.166874438524
0.0,0.0,0.0,-0.117825858295,0.0388121418655,0.162804231048
0.0,0.0,0.0,-0.117814682424,0.0387944467366,0.151720792055
0.0,0.0,0.0,-0.117847107351,0.0388392210007,0.167373657227
0.0,0.0,0.0,-0.117847107351,0.0388392210007,0.167373657227
0.0,0.0,0.0,-0.117853246629,0.0388482324779,0.169949263334
0.0,0.0,0.0,-0.117853246629,0.0388482324779,0.169949263334
0.0,0.0,0.0,-0.117856472731,0.0388525016606,0.170615673065
0.0,0.0,0.0,-0.117853850126,0.0388573817909,0.171250373125
0.0,0.0,0.0,-0.117849603295,0.038862682879,0.171474009752
0.0,0.0,0.0,-0.117847703397,0.0388663709164,0.168882668018
0.0,0.0,0.0,-0.117845803499,0.0388700589538,0.16531033814
0.0,0.0,0.0,-0.117843903601,0.0388737469912,0.160756990314
0.0,0.0,0.0,-0.117847405374,0.0388697460294,0.167794391513
0.0,0.0,0.0,-0.117858745158,0.0388645790517,0.169438228011
0.0,0.0,0.0,-0.117861390114,0.0388642251492,0.166315957904
0.0,0.0,0.0,-0.117853343487,0.0388583876193,0.169097572565
0.0,0.0,0.0,-0.117849268019,0.0388644821942,0.169913768768
0.0,0.0,0.0,-0.117833092809,0.0388294756413,0.166957885027
0.0,0.0,0.0,-0.117834448814,0.0388231091201,0.170405045152
0.0,0.0,0.0,-0.117838926613,0.0388289354742,0.171073228121
0.0,0.0,0.0,-0.117838852108,0.0388271659613,0.168436691165
0.0,0.0,0.0,-0.117838777602,0.0388253964484,0.164819166064
0.0,0.0,0.0,-0.117838703096,0.0388236269355,0.160220637918
0.0,0.0,0.0,-0.11783862859,0.0388218574226,0.154641091824
0.0,0.0,0.0,-0.117838554084,0.0388200879097,0.148080557585
-0.11783849448,0.0388186722994,0.142125844955,-0.117838405073,0.0388165488839,0.132016509771
-0.11783849448,0.0388186722994,0.142126262188,-0.117847703397,0.0388420335948,0.171755716205
-0.11783849448,0.0388186722994,0.142127752304,-0.117848239839,0.0388492941856,0.171984195709
-0.11783849448,0.0388186722994,0.142131105065,-0.117849804461,0.0388548262417,0.169417664409
-0.11783849448,0.0388186722994,0.142138198018,-0.117848813534,0.0388569757342,0.169949412346
-0.11783849448,0.0388186722994,0.142150342464,-0.11786492914,0.0388613641262,0.169829517603
-0.11783849448,0.0388186722994,0.142169937491,-0.117871485651,0.0388657040894,0.166500523686
-0.11783849448,0.0388186722994,0.142467945814,-0.117849990726,0.0388723351061,0.169513061643
-0.11783849448,0.0388186722994,0.142588868737,-0.117847084999,0.0388766750693,0.166162237525
-0.11783849448,0.0388186722994,0.143137559295,-0.117846362293,0.0388662107289,0.165895536542
-0.11783849448,0.0388186722994,0.143697232008,-0.117850169539,0.0388624705374,0.166881099343
-0.11783849448,0.0388186722994,0.144047558308,-0.117849491537,0.0388576462865,0.169128417969
-0.11783849448,0.0388186722994,0.145431116223,-0.117854185402,0.0388571582735,0.169950410724
-0.11783849448,0.0388186722994,0.146673411131,-0.11784375459,0.0388744473457,0.169728249311
-0.11783849448,0.0388186722994,0.149104654789,-0.117840729654,0.0388922952116,0.16256929934
-0.11783849448,0.0388186722994,0.150084003806,-0.11789354682,0.0388910323381,0.168102234602
-0.11783849448,0.0388186722994,0.152318820357,-0.117973044515,0.0389236025512,0.167349353433
-0.11783849448,0.0388186722994,0.153584197164,-0.117997638881,0.0389675609767,0.171259850264
-0.11783849448,0.0388186722994,0.156428262591,-0.117889650166,0.0391631163657,0.172442793846
-0.11783849448,0.0388186722994,0.158015117049,-0.117282271385,0.0393465943635,0.18023224175
-0.11783849448,0.0388186722994,0.161536559463,-0.114529035985,0.0398065373302,0.19546033442
-0.11783849448,0.0388186722994,0.163477361202,-0.113029919565,0.0400143489242,0.201548784971
-0.11783849448,0.0388186722994,0.17512781918,-0.0981161445379,0.0411418303847,0.237698167562
-0.11783849448,0.0388186722994,0.177863150835,-0.0919703766704,0.0417656414211,0.251906484365
-0.11783849448,0.0388186722994,0.183764457703,-0.0774692445993,0.0432108975947,0.281388312578
-0.11783849448,0.0388186722994,0.186935693026,-0.0723789781332,0.0438832379878,0.29200771451
-0.11783849448,0.0388186722994,0.193723037839,-0.0581133589149,0.0452447012067,0.318966716528
-0.11783849448,0.0388186722994,0.197341561317,-0.0525483191013,0.0456952899694,0.330533057451
-0.11783849448,0.0388186722994,0.205047532916,-0.0348828546703,0.0466523841023,0.36296620965
-0.11783849448,0.0388186722994,0.209133073688,-0.0269759874791,0.0471675917506,0.374707609415
-0.11783849448,0.0388186722994,0.217764675617,-0.0105745252222,0.0475345402956,0.402814358473
-0.11783849448,0.0388186722994,0.222321897745,-0.00258667580783,0.0478951111436,0.413367599249
-0.11783849448,0.0388186722994,0.23189675808,0.0133890239522,0.0486162528396,0.431531131268
-0.11783849448,0.0388186722994,0.236929282546,0.0202746447176,0.0478399693966,0.45390817523
-0.11783849448,0.0388186722994,0.252932935953,0.0500370897353,0.0476036258042,0.500474512577
-0.11783849448,0.0388186722994,0.282697677612,0.0926742181182,0.0446426831186,0.56786262989
-0.11783849448,0.0388186722994,0.289108991623,0.0996941924095,0.0440174415708,0.578458845615
-0.11783849448,0.0388186722994,0.309167444706,0.125471487641,0.0417332202196,0.617444574833
-0.11783849448,0.0388186722994,0.323243588209,0.143058285117,0.0403492748737,0.637263953686
-0.11783849448,0.0388186722994,0.330477952957,0.148044377565,0.0393467582762,0.649967610836
-0.11783849448,0.0388186760247,0.345727682114,0.159265175462,0.0376114249229,0.669204115868
-0.11783849448,0.0388186760247,0.352956116199,0.170463874936,0.0359578430653,0.685067296028
-0.11783849448,0.0388186760247,0.393182635307,0.201408565044,0.0305256731808,0.72868591547
-0.11783849448,0.0388186760247,0.401034682989,0.210928976536,0.0286643207073,0.74087792635
-0.117838487029,0.0388186760247,0.418319225311,0.219627991319,0.0268641654402,0.752528727055
-0.117838487029,0.0388186760247,0.426434993744,0.228113755584,0.0249637961388,0.762501835823
-0.117838487029,0.0388186760247,0.443793714046,0.238211080432,0.0228246469051,0.77215474844
-0.117838487029,0.0388186760247,0.452561408281,0.244039833546,0.0215326789767,0.779590010643
-0.117838487029,0.0388186760247,0.470333844423,0.252036273479,0.019727287814,0.786823868752
-0.117838487029,0.0388186760247,0.479308336973,0.257058858871,0.0186477825046,0.788801848888
-0.117838487029,0.0388186760247,0.497894793749,0.261560976505,0.0172242056578,0.800611019135
-0.117838487029,0.0388186760247,0.506540894508,0.267183333635,0.0159984212369,0.806394398212
-0.117838487029,0.03881867975,0.534106552601,0.274726033211,0.0142258079723,0.818907022476
-0.117838487029,0.03881867975,0.552606105804,0.278812408447,0.0133451689035,0.823876798153
-0.117838487029,0.03881867975,0.561871945858,0.278874158859,0.0134326331317,0.827779591084
-0.117838487029,0.03881867975,0.580845952034,0.278955936432,0.0146315479651,0.842557966709
-0.117838479578,0.03881867975,0.608166992664,0.280855119228,0.0172582529485,0.860618710518
-0.117838479578,0.03881867975,0.617383956909,0.278734385967,0.0208560880274,0.874269664288
-0.117838479578,0.0388186834753,0.644858002663,0.275156617165,0.0318237356842,0.907452344894
-0.117838479578,0.0388186834753,0.654008150101,0.274515718222,0.0349881462753,0.915000200272
-0.117838479578,0.0388186834753,0.671933710575,0.27146217227,0.0461835078895,0.944656729698
-0.117838479578,0.0388186834753,0.680927753448,0.270464420319,0.0503939799964,0.955043196678
-0.117838479578,0.0388186834753,0.698504388332,0.268449187279,0.0592473559082,0.971876263618
-0.117838479578,0.0388186834753,0.707310080528,0.266938149929,0.0686730071902,0.997861266136
-0.117838472128,0.0388186872005,0.724389731884,0.264525949955,0.0812080875039,1.02138757706
-0.117838472128,0.0388186872005,0.732925236225,0.264389306307,0.086276806891,1.03577077389
-0.117838472128,0.0388186872005,0.749507069588,0.262893527746,0.101465798914,1.0684568882
-0.117838472128,0.0388186872005,0.757747113705,0.262011379004,0.108704037964,1.08122766018
-0.117838472128,0.0388186909258,0.773715555668,0.261911988258,0.12237431109,1.11117863655
-0.117838464677,0.0388186909258,0.796913027763,0.262544125319,0.141631707549,1.14984858036
-0.117838464677,0.0388186946511,0.812098741531,0.263497918844,0.151888474822,1.17014420033
-0.117838457227,0.0388186946511,0.83338701725,0.266809850931,0.171184614301,1.20616543293
-0.117838457227,0.0388186946511,0.839902639389,0.268617093563,0.179943993688,1.2217464447
-0.117838457227,0.0388186983764,0.853135585785,0.270922124386,0.191007390618,1.2385995388
-0.117838457227,0.0388186983764,0.859534621239,0.272823661566,0.197327554226,1.24963247776
-0.117838449776,0.0388187021017,0.87784153223,0.27874520421,0.21257096529,1.27470850945
-0.117838442326,0.0388187021017,0.889537453651,0.28225672245,0.220219135284,1.28680050373
-0.117838442326,0.038818705827,0.905523180962,0.290033578873,0.234652847052,1.30751240253
-0.117838442326,0.038818705827,0.910312116146,0.292290508747,0.239241063595,1.31166434288
-0.117838434875,0.0388187095523,0.919884204865,0.297276824713,0.246361628175,1.3201495409
-0.117838427424,0.0388187132776,0.933253347874,0.304743766785,0.254086315632,1.32929134369
-0.117838427424,0.0388187132776,0.937143146992,0.308588027954,0.258575111628,1.33150339127
-0.117838419974,0.0388187170029,0.94500887394,0.312821537256,0.262949407101,1.3325804472
-0.117838419974,0.0388187170029,0.948458552361,0.316529780626,0.266848683357,1.3318721056
-0.117838412523,0.0388187244534,0.958408474922,0.325607270002,0.277089357376,1.3232203722
-0.117838405073,0.0388187244534,0.964309632778,0.328842133284,0.278699845076,1.31994247437
-0.117838405073,0.0388187281787,0.967045783997,0.331361025572,0.281192958355,1.31473505497
-0.117838397622,0.038818731904,0.972208559513,0.334889769554,0.282088518143,1.30856323242
-0.117838397622,0.038818731904,0.97442394495,0.338532209396,0.284283816814,1.2998944521
-0.117838390172,0.0388187356293,0.978774309158,0.341940551996,0.286015093327,1.29024624825
-0.117838382721,0.0388187393546,0.980622768402,0.344145178795,0.287389576435,1.28250062466
-0.11783836782,0.0388187468052,0.988626122475,0.353680312634,0.286627799273,1.24990427494
-0.117838360369,0.0388187505305,0.989828228951,0.355835914612,0.285505592823,1.24271035194
-0.117838352919,0.0388187542558,0.992107927799,0.357983589172,0.283594280481,1.23510754108
-0.117838352919,0.0388187542558,0.993037700653,0.35953643918,0.28292119503,1.2272349596
-0.117838345468,0.0388187617064,0.994771301746,0.360675185919,0.280169606209,1.22465634346
-0.117838338017,0.0388187617064,0.995463371277,0.361375451088,0.278503477573,1.22174274921
-0.117838330567,0.0388187691569,0.996730446815,0.361746639013,0.276233673096,1.22085011005
-0.117838323116,0.0388187691569,0.997224271297,0.362254172564,0.27508687973,1.21652400494
-0.117838315666,0.0388187766075,0.998432993889,0.361206382513,0.271372050047,1.22491574287
-0.117838300765,0.0388187840581,0.999004244804,0.360680043697,0.269623190165,1.23052680492
-0.117838293314,0.0388187840581,0.999209702015,0.360542654991,0.268598437309,1.22969317436
-0.117838285863,0.0388187915087,0.999540567398,0.359767079353,0.267624139786,1.23886442184
-0.117838278413,0.038818795234,0.999659001827,0.35915055871,0.267765015364,1.24885642529
-0.117838270962,0.0388188026845,0.999830842018,0.358504742384,0.266676932573,1.25015187263
-0.117838263512,0.0388188026845,0.999886095524,0.358090341091,0.267717301846,1.26068437099
-0.11783824861,0.0388188101351,0.999954402447,0.357434391975,0.267299771309,1.26093268394
-0.117838233709,0.038818821311,0.999992609024,0.355633080006,0.268414109945,1.27757430077
-0.117838226259,0.0388188250363,0.999998569489,0.354500263929,0.268829911947,1.29960680008
-0.117838211358,0.0388188324869,0.999997735023,0.353356450796,0.268671125174,1.30698180199
-0.117838203907,0.0388188362122,0.999998509884,0.35303324461,0.268341064453,1.31439840794
-0.117838203907,0.0388188362122,0.999997854233,0.352275252342,0.268087774515,1.31974208355
-0.117838203907,0.0388188362122,0.999997854233,0.35178437829,0.267914772034,1.32385110855
-0.117838203907,0.0388188362122,0.999997854233,0.35118278861,0.267612546682,1.32694911957
-0.117838203907,0.0388188362122,0.999997854233,0.350418180227,0.267201781273,1.33049035072
-0.117838203907,0.0388188362122,0.999997854233,0.349252015352,0.266644775867,1.32959663868
-0.117838203907,0.0388188362122,0.999997854233,0.348457604647,0.266042232513,1.33259809017
-0.117838203907,0.0388188362122,0.999997854233,0.347358882427,0.26521062851,1.33100247383
-0.117838203907,0.0388188362122,0.999997854233,0.345461428165,0.262823134661,1.32771813869
-0.117838203907,0.0388188362122,0.999997854233,0.344768166542,0.26166009903,1.32688391209
-0.117838203907,0.0388188362122,0.999997854233,0.342951983213,0.259132802486,1.31841957569
-0.117838203907,0.0388188362122,0.999997854233,0.341020941734,0.25655734539,1.3081278801
-0.117838203907,0.0388188362122,0.999997854233,0.337761521339,0.252981901169,1.29594862461
-0.117838203907,0.0388188362122,0.999997854233,0.335396707058,0.250339031219,1.28016519547
-0.117838203907,0.0388188362122,0.999997854233,0.33130723238,0.245858579874,1.27251183987
-0.117838203907,0.0388188362122,0.999997854233,0.329322904348,0.243852034211,1.27066671848
-0.117838203907,0.0388188362122,0.999997854233,0.321473121643,0.236296385527,1.2531940937
-0.117838203907,0.0388188362122,0.999997854233,0.319815218449,0.234724238515,1.24661886692
-0.117838203907,0.0388188362122,0.999997854233,0.315250277519,0.2316968292,1.24800634384
-0.117838203907,0.0388188362122,0.999997854233,0.311430901289,0.22988294065,1.25395894051
-0.117838203907,0.0388188362122,0.999997854233,0.306861072779,0.227215766907,1.251734972
-0.117838203907,0.0388188362122,0.999997854233,0.303835839033,0.225804820657,1.25504612923
-0.117838203907,0.0388188362122,0.999997854233,0.299459666014,0.223759263754,1.25616502762
-0.117838203907,0.0388188362122,0.999997854233,0.296199023724,0.222667589784,1.26364600658
-0.117838203907,0.0388188362122,0.999997854233,0.290552377701,0.220133200288,1.26173377037
-0.117838203907,0.0388188362122,0.999997854233,0.288280159235,0.219874024391,1.27256083488
-0.117838203907,0.0388188362122,0.999997854233,0.283857762814,0.218392640352,1.27629649639
-0.117838203907,0.0388188362122,0.999997854233,0.280722409487,0.217711299658,1.28306603432
-0.117838203907,0.0388188362122,0.999997854233,0.275876909494,0.216302931309,1.28705334663
-0.117838203907,0.0388188362122,0.999997854233,0.272634297609,0.215572014451,1.2919254303
-0.117838203907,0.0388188362122,0.999997854233,0.267904639244,0.214387685061,1.29593038559
-0.117838203907,0.0388188362122,0.999997854233,0.265934228897,0.213896885514,1.299264431
-0.117838203907,0.0388188362122,0.999997854233,0.253266990185,0.21058601141,1.30263531208
0.0,0.0,1.0,0.247524380684,0.209065750241,1.31381833553
0.0,0.0,1.0,0.241108894348,0.20739492774,1.31847465038
0.0,0.0,1.0,0.237376242876,0.206238344312,1.32266950607
0.0,0.0,1.0,0.232163220644,0.20467235148,1.32431840897
0.0,0.0,1.0,0.216575652361,0.199058830738,1.33090269566
0.0,0.0,1.0,0.213235333562,0.19787299633,1.32878041267
0.0,0.0,1.0,0.206982195377,0.195188194513,1.33349478245
0.0,0.0,1.0,0.205066904426,0.19443666935,1.33452510834
0.0,0.0,1.0,0.199033290148,0.191719859838,1.33478391171
0.0,0.0,1.0,0.197563797235,0.190866172314,1.33651030064
0.0,0.0,1.0,0.193328142166,0.188671663404,1.33533298969
0.0,0.0,1.0,0.190898954868,0.187534928322,1.33187258244
0.0,0.0,1.0,0.186040580273,0.185261458158,1.32200860977
0.0,0.0,1.0,0.183611392975,0.184124723077,1.31560516357
0.0,0.0,1.0,0.178526833653,0.178700268269,1.33669316769
0.0,0.0,1.0,0.177387520671,0.177466005087,1.33998942375
0.0,0.0,1.0,0.172457233071,0.173121139407,1.34145545959
0.0,0.0,1.0,0.17095310986,0.17168867588,1.34210133553
0.0,0.0,1.0,0.166630282998,0.167068362236,1.34355962276
0.0,0.0,1.0,0.165427476168,0.165525570512,1.34438943863
0.0,0.0,1.0,0.160472035408,0.159806624055,1.33931672573
0.0,0.0,1.0,0.158284291625,0.154453918338,1.34647536278
0.0,0.0,1.0,0.157543256879,0.152903482318,1.34750115871
0.0,0.0,1.0,0.154871061444,0.14800016582,1.34787082672
0.0,0.0,1.0,0.154103666544,0.146407261491,1.3480963707
0.0,0.0,1.0,0.151784181595,0.141626298428,1.34600973129
0.0,0.0,1.0,0.151356697083,0.140201598406,1.34682035446
0.0,0.0,1.0,0.149606898427,0.135465055704,1.34434056282
0.0,0.0,1.0,0.1486518085,0.133236065507,1.34031057358
0.0,0.0,1.0,0.147431001067,0.128726840019,1.34210848808
0.0,0.0,1.0,0.147101595998,0.127329796553,1.34199392796
0.0,0.0,1.0,0.146059826016,0.122400462627,1.33966445923
0.0,0.0,1.0,0.145397022367,0.119959615171,1.3353395462
0.0,0.0,1.0,0.144569784403,0.11618540436,1.33537137508
0.0,0.0,1.0,0.144521981478,0.114812515676,1.33548057079
0.0,0.0,1.0,0.144231438637,0.110380426049,1.33282399178
0.0,0.0,1.0,0.143182918429,0.103401429951,1.31605803967
0.0,0.0,1.0,0.143891707063,0.103455804288,1.32675147057
0.0,0.0,1.0,0.144340679049,0.0997017845511,1.32812213898
0.0,0.0,1.0,0.144463509321,0.0986422598362,1.32827353477
0.0,0.0,1.0,0.145205646753,0.094849422574,1.3282418251
0.0,0.0,1.0,0.14547342062,0.0938465893269,1.32882845402
0.0,0.0,1.0,0.146082639694,0.0913174003363,1.32684457302
0.0,0.0,1.0,0.146772310138,0.090108782053,1.32957303524
0.0,0.0,1.0,0.149218544364,0.086331948638,1.33370697498
0.0,0.0,1.0,0.151043504477,0.0838167890906,1.33585989475
0.0,0.0,1.0,0.151483595371,0.0832113623619,1.33681476116
0.0,0.0,1.0,0.154002413154,0.0803826674819,1.34005403519
0.0,0.0,1.0,0.156051531434,0.0784582421184,1.34160363674
0.0,0.0,1.0,0.156729131937,0.0778802037239,1.34221208096
0.0,0.0,1.0,0.158807441592,0.0762247741222,1.34292733669
0.0,0.0,1.0,0.159865275025,0.0752549320459,1.34035658836
0.0,0.0,1.0,0.161131963134,0.0743856355548,1.34114873409
0.0,0.0,1.0,0.161574348807,0.0742843747139,1.34308791161
0.0,0.0,1.0,0.163211867213,0.0732469037175,1.34188997746
0.0,0.0,1.0,0.163716882467,0.072948731482,1.3429710865
0.0,0.0,1.0,0.165509983897,0.0721181482077,1.34222149849
0.0,0.0,1.0,0.166030883789,0.0718355700374,1.34218275547
0.0,0.0,1.0,0.16770376265,0.0711410716176,1.3409113884
0.0,0.0,1.0,0.168201744556,0.0709499418736,1.34074294567
0.0,0.0,1.0,0.169669508934,0.0702802091837,1.33301341534
0.0,0.0,1.0,0.169999465346,0.0702168345451,1.33760535717
0.0,0.0,1.0,0.171081140637,0.0698706656694,1.33773982525
0.0,0.0,1.0,0.171364665031,0.0698289275169,1.33768808842
0.0,0.0,1.0,0.172435477376,0.0693541690707,1.33425736427
0.0,0.0,1.0,0.172937467694,0.0692128762603,1.33574724197
0.0,0.0,1.0,0.174092203379,0.0689305886626,1.33542180061
0.0,0.0,1.0,0.174366354942,0.0689268410206,1.33540582657
0.0,0.0,1.0,0.175214633346,0.0687531158328,1.33195078373
0.0,0.0,1.0,0.175673216581,0.0686447098851,1.32766032219
0.0,0.0,1.0,0.176519930363,0.0682793110609,1.33370316029
0.0,0.0,1.0,0.176671341062,0.0682392865419,1.33451783657
0.0,0.0,1.0,0.177249208093,0.0679145082831,1.33452343941
0.0,0.0,1.0,0.178272470832,0.0673450231552,1.33355879784
0.0,0.0,1.0,0.178644105792,0.0671412870288,1.33016192913
0.0,0.0,1.0,0.17890752852,0.0668992251158,1.33145868778
0.0,0.0,1.0,0.179737836123,0.0660074353218,1.33458769321
0.0,0.0,1.0,0.179798573256,0.0658149942756,1.33617556095
0.0,0.0,1.0,0.180330663919,0.0648618787527,1.33429467678
0.0,0.0,1.0,0.180551216006,0.0641303956509,1.33740246296
0.0,0.0,1.0,0.180692330003,0.0637883767486,1.33444917202
0.0,0.0,1.0,0.180920287967,0.0628858804703,1.33813655376
0.0,0.0,1.0,0.180998578668,0.0626097619534,1.33881771564
0.0,0.0,1.0,0.181133255363,0.0614701621234,1.33857297897
0.0,0.0,1.0,0.181118860841,0.0606789700687,1.33687472343
0.0,0.0,1.0,0.181147322059,0.0602838285267,1.33319199085
0.0,0.0,1.0,0.181063860655,0.0589697100222,1.33647799492
0.0,0.0,1.0,0.180985629559,0.058452565223,1.33891963959
0.0,0.0,1.0,0.180826425552,0.0575333498418,1.33695793152
0.0,0.0,1.0,0.180653721094,0.056917771697,1.33872640133
0.0,0.0,1.0,0.180653721094,0.056917771697,1.33872640133
0.0,0.0,1.0,0.180101543665,0.0556186586618,1.3392894268
0.0,0.0,1.0,0.179891809821,0.0549777783453,1.33621311188
0.0,0.0,1.0,0.179321616888,0.0537320673466,1.33874857426
0.0,0.0,1.0,0.179044231772,0.0530541948974,1.3356089592
0.0,0.0,1.0,0.178689926863,0.0519129298627,1.3365238905
0.0,0.0,1.0,0.178709745407,0.0514833033085,1.33864891529
0.0,0.0,1.0,0.177987039089,0.0497384704649,1.3385322094
0.0,0.0,1.0,0.177186593413,0.0484678894281,1.33835315704
0.0,0.0,1.0,0.176110252738,0.0465540066361,1.33764135838
0.0,0.0,1.0,0.175334200263,0.0452177450061,1.33030962944
0.0,0.0,1.0,0.175008222461,0.0448459461331,1.33520293236
0.0,0.0,1.0,0.174600660801,0.0439324080944,1.33782529831
0.0,0.0,1.0,0.174049913883,0.043281506747,1.33728945255
0.0,0.0,1.0,0.173441454768,0.0423792228103,1.33628845215
0.0,0.0,1.0,0.172916010022,0.0417259819806,1.33647179604
0.0,0.0,1.0,0.172061875463,0.0405623503029,1.32909619808
0.0,0.0,1.0,0.171874478459,0.0401347801089,1.3344681263
0.0,0.0,1.0,0.171128824353,0.0390343293548,1.32632493973
0.0,0.0,1.0,0.170736148953,0.0383643247187,1.33831429482
0.0,0.0,1.0,0.170356944203,0.0377754494548,1.33845591545
0.0,0.0,1.0,0.169816821814,0.0371244028211,1.33634269238
0.0,0.0,1.0,0.16969768703,0.0366194732487,1.33840513229
0.0,0.0,1.0,0.1693379879,0.0362020432949,1.34124970436
0.0,0.0,1.0,0.168848961592,0.0353499464691,1.34173989296
0.0,0.0,1.0,0.168374031782,0.0344719514251,1.34239947796
0.0,0.0,1.0,0.168341219425,0.0341778509319,1.34464740753
0.0,0.0,1.0,0.168205410242,0.0337660163641,1.34406638145
0.0,0.0,1.0,0.16821911931,0.0333866104484,1.3467155695
0.0,0.0,1.0,0.168150812387,0.0325203500688,1.34992015362
0.0,0.0,1.0,0.168161287904,0.0322172343731,1.35120439529
0.0,0.0,1.0,0.168330132961,0.0318174287677,1.3530151844
0.0,0.0,1.0,0.168454274535,0.0315361395478,1.35322225094
0.0,0.0,1.0,0.168511748314,0.0312467291951,1.3512159586
0.0,0.0,1.0,0.168507754803,0.0311018526554,1.35251700878
0.0,0.0,1.0,0.168639570475,0.0308715775609,1.35450088978
0.0,0.0,1.0,0.168722450733,0.0307102873921,1.35451078415
0.0,0.0,1.0,0.168852284551,0.0305299684405,1.3539147377
0.0,0.0,1.0,0.168916210532,0.0304134506732,1.3511711359
0.0,0.0,1.0,0.169006079435,0.0303026679903,1.35300254822
0.0,0.0,1.0,0.169058442116,0.0302355811,1.35361766815
0.0,0.0,1.0,0.169167816639,0.0300554633141,1.34666264057
0.0,0.0,1.0,0.169142946601,0.0300258994102,1.35140061378
0.0,0.0,1.0,0.169137090445,0.0299485549331,1.35353052616
0.0,0.0,1.0,0.169145539403,0.0299077089876,1.35310554504
0.0,0.0,1.0,0.169163867831,0.0298766102642,1.35317933559
0.0,0.0,1.0,0.169188380241,0.0298593789339,1.3527097702
0.0,0.0,1.0,0.169228166342,0.0298034623265,1.34594929218
0.0,0.0,1.0,0.169245168567,0.0298322327435,1.35011172295
0.0,0.0,1.0,0.169252082705,0.0298505369574,1.35267674923
0.0,0.0,1.0,0.169261395931,0.0298512391746,1.35249686241
0.0,0.0,1.0,0.16929847002,0.0298056490719,1.35292577744
0.0,0.0,1.0,0.16930629313,0.0297743249685,1.35261535645
0.0,0.0,1.0,0.169279426336,0.02975958772,1.35015928745
0.0,0.0,1.0,0.169247865677,0.0297671444714,1.34918642044
0.0,0.0,1.0,0.169196069241,0.0297791697085,1.35221803188
0.0,0.0,1.0,0.169170364738,0.0297656096518,1.35179233551
0.0,0.0,1.0,0.168903514743,0.0299164019525,1.35114276409
-1.80154078322e-08,1.10487956562e-08,1.0,0.168650940061,0.0299031529576,1.35019099712
-1.84675286619e-07,1.1341347772e-07,1.0,0.168512955308,0.0298910643905,1.3432071209
-5.67608992696e-07,3.48817337681e-07,1.0,0.168122842908,0.0299896579236,1.34704005718
-6.34268019439e-07,3.89729933659e-07,1.0,0.16787430644,0.0300279632211,1.34327125549
-6.79734341702e-07,4.17657275875e-07,1.0,0.167773798108,0.0300107020885,1.34464669228
-7.81105143233e-07,4.79887546589e-07,1.0,0.167457953095,0.0299744047225,1.34528052807
-9.75717057372e-07,5.99412430802e-07,1.0,0.167264953256,0.0299463886768,1.34140634537
-1.89521381344e-06,1.1653518186e-06,1.0,0.16722021997,0.0298069510609,1.34385633469
-1.95444340534e-06,1.2016968185e-06,1.0,0.16725538671,0.0296900458634,1.34449994564
-2.00400768335e-06,1.23211248138e-06,1.0,0.1672809273,0.0296284351498,1.34183454514
-2.0701579615e-06,1.27274017814e-06,1.0,0.167407691479,0.0295861773193,1.34494328499
-4.32683418694e-06,2.66356141765e-06,1.0,0.167498081923,0.0295603070408,1.34277307987
-9.88304964267e-06,6.09927474216e-06,1.0,0.167657122016,0.0294786375016,1.34443187714
-4.46570920758e-05,2.77072140307e-05,1.0,0.167917758226,0.0293606594205,1.3434112072
-8.27548501547e-05,5.14775310876e-05,1.0,0.168024599552,0.0293085891753,1.34011805058
-0.000225789714023,0.000141162716318,1.0,0.168431222439,0.0291732400656,1.34270858765
-0.000345012609614,0.000216250336962,1.0,0.168719694018,0.0291681047529,1.34706223011
-0.00071111228317,0.000447992439149,1.0,0.169138848782,0.0290936585516,1.3453438282
-0.000978270429187,0.000617905403487,1.0,0.169573843479,0.0290080774575,1.34675908089
-0.00171397405211,0.00108827324584,1.0,0.170148730278,0.0288795717061,1.34554314613
-0.0034889196977,0.00223328964785,1.0,0.172051265836,0.028614256531,1.34617972374
-0.00631172815338,0.00407432345673,1.0,0.1750100106,0.0284489039332,1.34741044044
-0.0104734087363,0.00682025402784,1.0,0.178344428539,0.0287644304335,1.34746551514
-0.0122229717672,0.00798371434212,1.0,0.180543497205,0.0287529490888,1.34997260571
-0.0186256840825,0.0122794350609,1.0,0.185806959867,0.0291718188673,1.34978199005
-0.0239615272731,0.0158989466727,1.0,0.189224109054,0.029570588842,1.34728658199
-0.0270222071558,0.0179895926267,1.0,0.192486718297,0.0298671834171,1.34948217869
-0.0338163301349,0.0226650647819,1.0,0.197347179055,0.0303310751915,1.34324765205
-0.0376452952623,0.025319840759,1.0,0.200584337115,0.0310612618923,1.34881603718
-0.0460426136851,0.0311889704317,1.0,0.205417558551,0.0318414792418,1.34673905373
-0.0507062971592,0.0344751887023,1.0,0.20874646306,0.0325252711773,1.34798455238
-0.0608006194234,0.0416502505541,1.0,0.214599490166,0.0335331112146,1.34116518497
-0.0663420185447,0.0456241741776,1.0,0.217755153775,0.0344762653112,1.3473263979
-0.0781934484839,0.0542043112218,1.0,0.222673088312,0.0357755795121,1.34744393826
-0.113126032054,0.0801200121641,1.0,0.239521369338,0.0413625128567,1.34943592548
-0.120967306197,0.0860646292567,1.0,0.240999490023,0.0421915277839,1.35263466835
-0.137513965368,0.0987639352679,1.0,0.245832636952,0.0442759916186,1.35253989697
-0.146185383201,0.105504304171,1.0,0.248458221555,0.0452728234231,1.34920537472
-0.164296448231,0.119775921106,1.0,0.254345268011,0.050374019891,1.35965454578
-0.173716157675,0.127305015922,1.0,0.255421608686,0.0516963377595,1.36136436462
-0.193230211735,0.143143311143,1.0,0.258760690689,0.0548771694303,1.36081957817
-0.2032789886,0.151430845261,1.0,0.259400725365,0.057495996356,1.3638125658
-0.234493687749,0.177785336971,1.0,0.260376214981,0.0644242838025,1.36600136757
-0.256021767855,0.196544885635,1.0,0.258512020111,0.0707631930709,1.36802315712
-0.266930520535,0.206249684095,1.0,0.25729444623,0.0733296796679,1.36856877804
-0.288975536823,0.226307407022,1.0,0.255055546761,0.0785125270486,1.36648845673
-0.300061494112,0.236637309194,1.0,0.251384288073,0.0822159051895,1.36898648739
-0.322248250246,0.257854521275,1.0,0.245932817459,0.0888272300363,1.36752927303
-0.333310186863,0.268729835749,1.0,0.240145072341,0.092966414988,1.36993598938
-0.355235427618,0.290946900845,1.0,0.225953653455,0.103014066815,1.3711732626
-0.387299150229,0.325314164162,1.0,0.207447633147,0.114959426224,1.36917376518
-0.397672593594,0.337006568909,1.0,0.197739869356,0.120003201067,1.37156176567
-0.417801827192,0.360677093267,1.0,0.172275096178,0.132887154818,1.37316226959
-0.427507549524,0.372628539801,1.0,0.162002459168,0.138582602143,1.370241642
-0.446102023125,0.396725207567,1.0,0.132853209972,0.151190474629,1.3737796545
-0.454946190119,0.408846318722,1.0,0.123050108552,0.155440658331,1.3747471571
-0.471623659134,0.433174818754,1.0,0.089143037796,0.170353233814,1.37547302246
-0.479423254728,0.445366680622,1.0,0.0737166106701,0.1773904562,1.37257480621
-0.493853330612,0.469747573137,1.0,0.0428637564182,0.19146490097,1.36383545399
-0.51763510704,0.518253207207,1.0,-0.0301284771413,0.223412379622,1.38143372536
-0.526793420315,0.542252123356,1.0,-0.0770187824965,0.24497897923,1.38425981998
-0.530651390553,0.554153382778,1.0,-0.0990272015333,0.255030721426,1.38222813606
-0.54246622324,0.612438261509,1.0,-0.212101638317,0.312988936901,1.39731788635
-0.543300151825,0.623806774616,1.0,-0.236890390515,0.325600236654,1.39640450478
-0.543416142464,0.646221935749,1.0,-0.280048698187,0.352278530598,1.40720236301
-0.54269772768,0.657231688499,1.0,-0.293645203114,0.36093506217,1.41031968594
-0.539713561535,0.678868293762,1.0,-0.333499372005,0.384992808104,1.41353285313
-0.537451863289,0.689485371113,1.0,-0.351361036301,0.397700250149,1.41946530342
-0.531409084797,0.710286200047,1.0,-0.386003613472,0.421151578426,1.42439055443
-0.527638196945,0.720461785793,1.0,-0.407363682985,0.437541306019,1.43174171448
-0.518627285957,0.740347862244,1.0,-0.452253967524,0.471349895,1.44067752361
-0.513401031494,0.750053226948,1.0,-0.473693907261,0.486599892378,1.4413921833
-0.50154620409,0.768975555897,1.0,-0.498998880386,0.508947491646,1.44936096668
-0.494945496321,0.778174102306,1.0,-0.514903664589,0.525778591633,1.45767998695
-0.48044615984,0.79604446888,1.0,-0.542789876461,0.551921188831,1.46357357502
-0.47255897522,0.804724991322,1.0,-0.558728158474,0.565650224686,1.46354734898
-0.446557611227,0.829656720161,1.0,-0.597306191921,0.61791741848,1.48394346237
-0.396195232868,0.867484092712,1.0,-0.660779118538,0.703306555748,1.48887360096
-0.362435013056,0.88787740469,1.0,-0.655311822891,0.723330497742,1.49420571327
-0.350681334734,0.894286870956,1.0,-0.654931426048,0.734825372696,1.49539780617
-0.326536566019,0.906507730484,1.0,-0.657081961632,0.762543916702,1.49356019497
-0.314168095589,0.912321805954,1.0,-0.656846761703,0.771147727966,1.49219179153
-0.288928508759,0.923344910145,1.0,-0.654221713543,0.796344518661,1.48605060577
-0.276085734367,0.928553521633,1.0,-0.652193546295,0.804107010365,1.48337876797
-0.25004991889,0.938349306583,1.0,-0.651697635651,0.826698958874,1.47191524506
-0.236864849925,0.942941308022,1.0,-0.642988801003,0.832883059978,1.47047114372
-0.210237383842,0.951501131058,1.0,-0.626828551292,0.85311883688,1.45771121979
-0.169881209731,0.962744295597,1.0,-0.600586473942,0.877633988857,1.43784987926
-0.156350716949,0.966063499451,1.0,-0.592600405216,0.883190095425,1.43237423897
-0.129265114665,0.972041666508,1.0,-0.566373646259,0.898279190063,1.41471207142
-0.115710049868,0.974701225758,1.0,-0.556383609772,0.902494311333,1.40895426273
-0.0752257406712,0.981317639351,1.0,-0.510137438774,0.917883634567,1.38400352001
-0.0484468564391,0.984582483768,1.0,-0.478832751513,0.926502048969,1.36647212505
-0.0351179279387,0.985868453979,1.0,-0.458125948906,0.928999602795,1.36112439632
-0.00872183497995,0.98772919178,1.0,-0.405175477266,0.934648752213,1.34518909454
0.00438716402277,0.988304495811,1.0,-0.386361181736,0.935849487782,1.34072971344
0.0302557516843,0.988732099533,1.0,-0.327133268118,0.93900680542,1.32643663883
0.0430807583034,0.988582849503,1.0,-0.306027770042,0.939482092857,1.32254171371
0.0683577433228,0.987552046776,1.0,-0.253799974918,0.940878272057,1.30959618092
0.105418816209,0.984154939651,1.0,-0.152737185359,0.937264144421,1.30029904842
0.117535151541,0.982523262501,1.0,-0.127020791173,0.934999287128,1.30128502846
0.14131937921,0.978516876698,1.0,-0.0458051934838,0.928900778294,1.30079352856
0.153118029237,0.976113677025,1.0,-0.00769911892712,0.926827132702,1.29584491253
0.175972729921,0.970620989799,1.0,0.0712426975369,0.918059647083,1.30469357967
0.187324002385,0.967459321022,1.0,0.0966885760427,0.915003418922,1.30767977238
0.209271997213,0.96047103405,1.0,0.178165912628,0.905157208443,1.31610226631
0.220158964396,0.9565513134,1.0,0.205419942737,0.901592969894,1.31998193264
0.24116294086,0.948074281216,1.0,0.27959883213,0.89335501194,1.31924653053
0.271566599607,0.933462321758,1.0,0.386408060789,0.875591814518,1.34701812267
0.281450480223,0.928055107594,1.0,0.42436221242,0.870238125324,1.34928560257
0.300419360399,0.916678190231,1.0,0.492560207844,0.855992913246,1.37298810482
0.309758216143,0.910557448864,1.0,0.533020436764,0.849213182926,1.3778014183
0.32764095068,0.897785604,1.0,0.577725946903,0.840128779411,1.38875508308
0.336412042379,0.890973627567,1.0,0.604229569435,0.833498716354,1.39857196808
0.361304819584,0.869403958321,1.0,0.69464880228,0.812987089157,1.42031168938
0.37681466341,0.854033827782,1.0,0.74607783556,0.801640152931,1.42810797691
0.398580729961,0.829369008541,1.0,0.828818619251,0.781236290932,1.44522631168
0.40543448925,0.820706665516,1.0,0.847593665123,0.776510894299,1.44907653332
0.418295860291,0.803035914898,1.0,0.901397705078,0.762867450714,1.45645058155
0.42443087697,0.793852388859,1.0,0.91709280014,0.758354663849,1.45976746082
0.441232711077,0.765509486198,1.0,0.992593824863,0.736917078495,1.46797382832
0.45112118125,0.745935201645,1.0,1.03127098083,0.722798764706,1.4749532938
0.455718815327,0.735833704472,1.0,1.05564808846,0.715152084827,1.47527754307
0.467732667923,0.705092608929,1.0,1.09607756138,0.69770604372,1.48218953609
0.474349409342,0.684000074863,1.0,1.12554681301,0.684946417809,1.48296892643
0.479798674583,0.6625238657,1.0,1.1506677866,0.671731591225,1.48714900017
0.482074230909,0.651665687561,1.0,1.16929471493,0.661946952343,1.48757696152
0.487068206072,0.618658840656,1.0,1.20873987675,0.639496445656,1.48676109314
0.488834649324,0.596370339394,1.0,1.22179389,0.627925038338,1.48882079124
0.489239752293,0.585165143013,1.0,1.23405265808,0.617144048214,1.48737418652
0.489080667496,0.562652945518,1.0,1.25003182888,0.603447020054,1.48393154144
0.488511711359,0.55136346817,1.0,1.25758349895,0.593623518944,1.48347592354
0.48638522625,0.528749883175,1.0,1.26602220535,0.579738020897,1.48213100433
0.484823763371,0.51743388176,1.0,1.2730127573,0.568427324295,1.47953975201
0.480699837208,0.494827091694,1.0,1.28211808205,0.553478300571,1.47386538982
0.471996724606,0.461046844721,1.0,1.29104185104,0.528777718544,1.4652864933
0.468421936035,0.449839860201,1.0,1.29522848129,0.520495653152,1.4592372179
0.460066199303,0.42704346776,1.0,1.28889656067,0.50293213129,1.46245288849
0.455690771341,0.416476786137,1.0,1.28791570663,0.487983047962,1.4578357935
0.445534706116,0.394475966692,1.0,1.28675317764,0.470378160477,1.45043361187
0.439963877201,0.383566766977,1.0,1.28259587288,0.458470135927,1.44835519791
0.427548825741,0.361443072557,1.0,1.27560567856,0.442992150784,1.44587576389
0.421292155981,0.351214140654,1.0,1.26943194866,0.428527086973,1.44162082672
0.399758547544,0.31950750947,1.0,1.25781083107,0.393383443356,1.42047464848
0.38348737359,0.298288404942,1.0,1.24092745781,0.37960267067,1.42821657658
0.37546736002,0.288502752781,1.0,1.22861933708,0.363258779049,1.42428123951
0.357401251793,0.267795920372,1.0,1.21388268471,0.346165925264,1.4203094244
0.348563492298,0.25824829936,1.0,1.20153605938,0.332064956427,1.41643738747
0.329232484102,0.238479524851,1.0,1.18202149868,0.307504564524,1.40350949764
0.319173574448,0.228721246123,1.0,1.17226421833,0.295224368572,1.39557409286
0.28749859333,0.19993069768,1.0,1.14299237728,0.258383780718,1.36588191986
0.264702409506,0.180710479617,1.0,1.10852193832,0.246480241418,1.39936816692
0.25374814868,0.171843901277,1.0,1.08841192722,0.231509074569,1.39776980877
0.230214431882,0.153488814831,1.0,1.06043028831,0.210626587272,1.3934186697
0.218164801598,0.144414260983,1.0,1.03965115547,0.197293251753,1.39485681057
0.180989891291,0.117558188736,1.0,0.985037684441,0.164223358035,1.39817011356
0.155456870794,0.0999292135239,1.0,0.952191948891,0.144249171019,1.39687943459
0.14249651134,0.0911858230829,1.0,0.9288418293,0.131750613451,1.39945590496
0.102981209755,0.0651980042458,1.0,0.86588460207,0.0995392054319,1.40347266197
0.075608715415,0.0476417429745,1.0,0.831155538559,0.0830338522792,1.40593361855
0.0627425536513,0.039477776736,1.0,0.803992927074,0.0700465589762,1.40621006489
0.035673700273,0.0224239751697,1.0,0.766064822674,0.0521814674139,1.40466475487
0.0220933835953,0.0139066129923,1.0,0.740323483944,0.0409175418317,1.4055441618
-0.0050834948197,-0.00311982259154,1.0,0.703408956528,0.0244303420186,1.40388464928
-0.0186653584242,-0.0116433724761,1.0,0.675542593002,0.01299967058,1.40468907356
-0.0592275075614,-0.0372912958264,1.0,0.607996225357,-0.0142669957131,1.40271055698
-0.0866207927465,-0.0548928715289,1.0,0.567062556744,-0.0293928347528,1.40290808678
-0.0993013083935,-0.0631501153111,1.0,0.535418391228,-0.0409799516201,1.40155529976
-0.125604987144,-0.0805571377277,1.0,0.49229580164,-0.0569392330945,1.39759123325
-0.138601139188,-0.0893205702305,1.0,0.462898254395,-0.0668106451631,1.39783883095
-0.164257511497,-0.107000611722,1.0,0.421079128981,-0.0809382274747,1.39494848251
-0.176878750324,-0.115909613669,1.0,0.386807560921,-0.0916111171246,1.39685940742
-0.201652407646,-0.133872106671,1.0,0.340885192156,-0.106805771589,1.39316630363
-0.213834226131,-0.142965510488,1.0,0.315498828888,-0.115313626826,1.38887894154
-0.237680733204,-0.161343201995,1.0,0.269969046116,-0.129804134369,1.38877439499
-0.249252840877,-0.170570492744,1.0,0.238369345665,-0.139501005411,1.39239704609
-0.271901190281,-0.189304545522,1.0,0.192628785968,-0.154053747654,1.3889734745
-0.304316461086,-0.217968210578,1.0,0.122801043093,-0.175594568253,1.38750100136
-0.314602911472,-0.227607086301,1.0,0.0923949331045,-0.184915557504,1.39091920853
-0.3345926404,-0.247234851122,1.0,0.0481712855399,-0.198706611991,1.38861787319
-0.371378600597,-0.287220388651,1.0,-0.0486841201782,-0.230141550303,1.39305341244
-0.388168096542,-0.307648509741,1.0,-0.10308110714,-0.248009979725,1.38755488396
-0.396155506372,-0.317982554436,1.0,-0.117723830044,-0.254001051188,1.39187896252
-0.41128590703,-0.338879883289,1.0,-0.14950452745,-0.265904694796,1.39169561863
-0.418345302343,-0.34932783246,1.0,-0.171767517924,-0.275644123554,1.39590883255
-0.431691884995,-0.370592743158,1.0,-0.218590095639,-0.293350875378,1.39070284367
-0.437856376171,-0.381220668554,1.0,-0.227976292372,-0.299261212349,1.3975353241
-0.454595059156,-0.413581371307,1.0,-0.278797328472,-0.323920756578,1.39902091026
-0.464175194502,-0.435366600752,1.0,-0.309223860502,-0.339436739683,1.39741194248
-0.468491286039,-0.446328282356,1.0,-0.32243809104,-0.348104327917,1.39879953861
-0.476165950298,-0.468383848667,1.0,-0.345241308212,-0.362115204334,1.39712655544
-0.485194861889,-0.50152695179,1.0,-0.381282627583,-0.389163732529,1.39649748802
-0.48755800724,-0.512651503086,1.0,-0.392828285694,-0.400438517332,1.3977509737
-0.491259753704,-0.534724831581,1.0,-0.412755608559,-0.417109817266,1.3942579031
-0.492631584406,-0.545877754688,1.0,-0.424119383097,-0.426098793745,1.39031851292
-0.494358092546,-0.567933082581,1.0,-0.439108133316,-0.443827360868,1.38878381252
-0.494729906321,-0.579044997692,1.0,-0.445745646954,-0.456848651171,1.38962781429
-0.494477510452,-0.600965023041,1.0,-0.459601014853,-0.47493699193,1.38431715965
-0.493850290775,-0.612008154392,1.0,-0.467723041773,-0.484675347805,1.37930881977
-0.491631865501,-0.633672773838,1.0,-0.476336300373,-0.503885030746,1.37631595135
-0.490014731884,-0.644564151764,1.0,-0.478337734938,-0.518054783344,1.37727499008
-0.485851585865,-0.665897905827,1.0,-0.485561519861,-0.537462353706,1.37129962444
-0.473622381687,-0.707948148251,1.0,-0.489980340004,-0.579561293125,1.36366176605
-0.465671569109,-0.728297293186,1.0,-0.489245474339,-0.601250588894,1.35884320736
-0.461189627647,-0.738422691822,1.0,-0.48436486721,-0.616829633713,1.35989189148
-0.4514079988,-0.758134961128,1.0,-0.480752229691,-0.638110160828,1.35457098484
-0.446020513773,-0.767900466919,1.0,-0.475698322058,-0.651981949806,1.35432958603
-0.434480547905,-0.786840498447,1.0,-0.468625575304,-0.672198414803,1.35085535049
-0.428215920925,-0.796199023724,1.0,-0.459134697914,-0.687837481499,1.35353684425
-0.407887250185,-0.823153972626,1.0,-0.439301759005,-0.725611925125,1.34980511665
-0.393052130938,-0.84023553133,1.0,-0.42635846138,-0.744602203369,1.34895586967
-0.3851570189,-0.848609983921,1.0,-0.414560049772,-0.758363842964,1.35100138187
-0.368790000677,-0.864623844624,1.0,-0.398565739393,-0.782827377319,1.34377670288
-0.351368665695,-0.8799482584,1.0,-0.376048713923,-0.805308103561,1.34755897522
-0.342340320349,-0.887281239033,1.0,-0.36742118001,-0.811815977097,1.35113918781
-0.323574781418,-0.901350259781,1.0,-0.349083483219,-0.830358326435,1.35039687157
-0.313869863749,-0.908060193062,1.0,-0.340188682079,-0.840313792229,1.34662723541
-0.29382956028,-0.920819103718,1.0,-0.307484328747,-0.867473781109,1.3536131382
-0.283510625362,-0.926856517792,1.0,-0.295737445354,-0.878897309303,1.35033130646
-0.251434952021,-0.943552672863,1.0,-0.251153975725,-0.909267783165,1.36151778698
-0.239805549383,-0.948894560337,1.0,-0.235609740019,-0.919612944126,1.36372065544
-0.217795133591,-0.95805901289,1.0,-0.209781631827,-0.937437534332,1.36330878735
-0.194591030478,-0.966468989849,1.0,-0.185581564903,-0.953218758106,1.36202192307
-0.182765319943,-0.970290958881,1.0,-0.169250667095,-0.962253272533,1.36440229416
-0.146528840065,-0.980179786682,1.0,-0.127353802323,-0.985489904881,1.3651008606
-0.121755391359,-0.985452055931,1.0,-0.0906656831503,-1.00412809849,1.3645247221
-0.10922152549,-0.987683475018,1.0,-0.0735838860273,-1.01351344585,1.3609764576
-0.0838831886649,-0.991334557533,1.0,-0.0484127737582,-1.02533519268,1.35831987858
-0.0710907578468,-0.992752969265,1.0,-0.0349224805832,-1.02996098995,1.35972929001
-0.0323066599667,-0.995373725891,1.0,0.00975461956114,-1.04690158367,1.3556292057
-0.00619913171977,-0.99575740099,1.0,0.0453649535775,-1.05836832523,1.35174417496
0.0331867784262,-0.994295954704,1.0,0.0873215869069,-1.07080996037,1.34380710125
0.0463544726372,-0.993267834187,1.0,0.100732162595,-1.07122075558,1.34647929668
0.0726767927408,-0.990407824516,1.0,0.137086480856,-1.07447457314,1.34694719315
0.085811778903,-0.988579452038,1.0,0.148246854544,-1.07494473457,1.34747493267
0.112013548613,-0.984130501747,1.0,0.184743046761,-1.07415819168,1.3491024971
0.125054940581,-0.981514692307,1.0,0.19612455368,-1.07291853428,1.35043549538
0.150973469019,-0.975511312485,1.0,0.232417345047,-1.06787252426,1.35454237461
0.189291894436,-0.964617073536,1.0,0.275254637003,-1.06230545044,1.35228610039
0.226726263762,-0.951518833637,1.0,0.327510356903,-1.04102063179,1.37070024014
0.238959997892,-0.94667828083,1.0,0.339055001736,-1.03611707687,1.37337327003
0.263014793396,-0.93629950285,1.0,0.368302941322,-1.02499008179,1.37642002106
0.274811297655,-0.930770039558,1.0,0.384683430195,-1.01662158966,1.38124752045
0.297893166542,-0.919048845768,1.0,0.412430107594,-1.00339376926,1.38454294205
0.309157848358,-0.912863731384,1.0,0.429628163576,-0.993331193924,1.38980185986
0.33106470108,-0.899875819683,1.0,0.457752436399,-0.977958083153,1.39282596111
0.341701805592,-0.893071830273,1.0,0.47265419364,-0.970591247082,1.39149403572
0.362286984921,-0.878865838051,1.0,0.515757262707,-0.940261304379,1.40536749363
0.372220903635,-0.871466934681,1.0,0.526855647564,-0.932331383228,1.40789020061
0.391299545765,-0.856113374233,1.0,0.562451124191,-0.906557798386,1.41429519653
0.400432556868,-0.848160684109,1.0,0.573254525661,-0.898019492626,1.41647028923
0.417830318213,-0.831730902195,1.0,0.606285631657,-0.87257450819,1.42062592506
0.426077067852,-0.823261976242,1.0,0.615112364292,-0.864263236523,1.42324590683
0.441627293825,-0.805831730366,1.0,0.643518745899,-0.842548072338,1.42073094845
0.462469875813,-0.7785166502,1.0,0.686948657036,-0.798885643482,1.4385882616
0.468722999096,-0.76911765337,1.0,0.697885394096,-0.78789305687,1.4420787096
0.480141460896,-0.749909996986,1.0,0.721518158913,-0.764869809151,1.44515526295
0.494457989931,-0.720137357712,1.0,0.758025467396,-0.725672602654,1.45466947556
0.498458713293,-0.709973156452,1.0,0.771503031254,-0.709911167622,1.4603446722
0.505273878574,-0.689311206341,1.0,0.799270868301,-0.678321361542,1.4687128067
0.508079349995,-0.678825139999,1.0,0.809703588486,-0.665880680084,1.47172737122
0.512468993664,-0.657570004463,1.0,0.835374116898,-0.637293100357,1.47130596638
0.514047682285,-0.646815240383,1.0,0.842120051384,-0.626277387142,1.47898125648
0.515967130661,-0.625054240227,1.0,0.865952372551,-0.593234598637,1.48699009418
0.516304910183,-0.614069163799,1.0,0.873313367367,-0.582671582699,1.48941898346
0.515737295151,-0.5919059515,1.0,0.892738521099,-0.55569255352,1.49184989929
0.514833211899,-0.580736637115,1.0,0.900927841663,-0.542843401432,1.49621474743
0.511793196201,-0.55825906992,1.0,0.921974182129,-0.510288357735,1.50268614292
0.50087672472,-0.512909352779,1.0,0.951121449471,-0.460044264793,1.51031148434
0.493070393801,-0.490120351315,1.0,0.966796219349,-0.429349571466,1.51428341866
0.4886033535,-0.478724569082,1.0,0.971415102482,-0.419645160437,1.51591336727
0.478572875261,-0.455945819616,1.0,0.984273433685,-0.390276432037,1.51890921593
0.473020344973,-0.444564551115,1.0,0.987762868404,-0.380773365498,1.51978433132
0.460923910141,-0.4219224751,1.0,0.997405409813,-0.352838784456,1.5216114521
0.454379796982,-0.410635203123,1.0,0.999750614166,-0.343960851431,1.52231693268
0.440393656492,-0.388227760792,1.0,1.00619614124,-0.317333370447,1.52306294441
0.409075409174,-0.344100505114,1.0,1.01073241234,-0.27403280139,1.52291190624
0.391979902983,-0.322518527508,1.0,1.00953686237,-0.25182390213,1.52111208439
0.383111655712,-0.311856359243,1.0,1.00857281685,-0.244592428207,1.52062773705
0.364870637655,-0.29089319706,1.0,1.00360393524,-0.222509428859,1.51780128479
0.355485737324,-0.280555278063,1.0,1.00108683109,-0.215547084808,1.5165848732
0.336379677057,-0.260321319103,1.0,0.991893410683,-0.194191813469,1.5118919611
0.306950181723,-0.230975136161,1.0,0.980969488621,-0.168521240354,1.4996792078
0.296929687262,-0.221418201923,1.0,0.972614824772,-0.163814783096,1.50117063522
0.27706193924,-0.203042209148,1.0,0.955748558044,-0.146410688758,1.4936362505
0.266983509064,-0.193989023566,1.0,0.948454916477,-0.141927450895,1.49237549305
0.247165367007,-0.176667481661,1.0,0.925463140011,-0.125492066145,1.48370063305
0.237182691693,-0.168167695403,1.0,0.915520489216,-0.116747058928,1.47656559944
0.217712327838,-0.151991322637,1.0,0.892076194286,-0.10339692235,1.46875905991
0.189123317599,-0.129125937819,1.0,0.862175941467,-0.086653880775,1.45342326164
0.179785206914,-0.12186973542,1.0,0.843664169312,-0.0818292051554,1.45468735695
0.153008714318,-0.101602658629,1.0,0.792489647865,-0.0636994242668,1.44279909134
0.136162012815,-0.08924189955,1.0,0.754237055779,-0.051281850785,1.43377530575
0.127951174974,-0.0833223760128,1.0,0.737946152687,-0.0463553592563,1.43022465706
0.112430967391,-0.0723164603114,1.0,0.696536898613,-0.0346569754183,1.42154073715
0.104941755533,-0.0670900791883,1.0,0.679077923298,-0.0300076976418,1.41828763485
0.0908868536353,-0.0574286654592,1.0,0.634996891022,-0.0189653653651,1.41069483757
0.0841824635863,-0.0528872981668,1.0,0.612751841545,-0.0129618393257,1.40359425545
0.07171882689,-0.044560521841,1.0,0.568261742592,-0.000954788236413,1.38645017147
0.0658357664943,-0.0406828820705,1.0,0.555610835552,0.000163300384884,1.39670455456
0.055030990392,-0.0336510017514,1.0,0.506168961525,0.0101487701759,1.39411306381
0.0500014312565,-0.0304181575775,1.0,0.489502549171,0.0136069534346,1.39322757721
0.0408676154912,-0.024615354836,1.0,0.440462112427,0.0230969879776,1.39006733894
0.0291853994131,-0.0173287261277,1.0,0.372506022453,0.0359591245651,1.38788294792
0.0198722872883,-0.0116396211088,1.0,0.310210347176,0.0469332635403,1.38667368889
0.0148939369246,-0.00864820741117,1.0,0.283628582954,0.0502550117671,1.39223766327
0.0127516882494,-0.00737303355709,1.0,0.265238165855,0.0532868206501,1.38996732235
0.00910325255245,-0.00522020785138,1.0,0.233328208327,0.0578798912466,1.39672958851
0.00757856061682,-0.00432840874419,1.0,0.210480213165,0.0610019154847,1.39857757092
0.0050725210458,-0.0028744074516,1.0,0.184735864401,0.0641361549497,1.40229225159
0.00406679464504,-0.00229570362717,1.0,0.166174337268,0.0664055645466,1.40413451195
0.0024872655049,-0.00139357033186,1.0,0.141738966107,0.069276407361,1.40457832813
0.00188806885853,-0.00105403235648,1.0,0.127153635025,0.071117632091,1.40241158009
0.00100855226628,-0.000558992731385,1.0,0.114079721272,0.0712962374091,1.40956950188
0.000702845281921,-0.000388199900044,1.0,0.10144931078,0.0719726532698,1.41039824486
0.000299084320432,-0.000164061260875,1.0,0.0849679261446,0.0729852244258,1.40876555443
0.000178403584869,-9.7513810033e-05,1.0,0.0773210301995,0.0729887112975,1.40935194492
1.91511662706e-05,-1.03248166852e-05,1.0,0.0611359290779,0.0721678957343,1.40704202652
2.17153825588e-07,-1.22632769717e-07,1.0,0.0513412207365,0.0717101693153,1.40210878849
-8.29920281831e-07,4.49534013569e-07,1.0,0.0456550531089,0.069584004581,1.39737546444
-8.29920281831e-07,4.49534013569e-07,1.0,0.0430620238185,0.0684139281511,1.39319980145
-8.29920281831e-07,4.49534013569e-07,1.0,0.0401007086039,0.0669318512082,1.38585793972
-8.29920281831e-07,4.49534013569e-07,1.0,0.0411630868912,0.0654010921717,1.38373529911
-8.29920281831e-07,4.49534013569e-07,1.0,0.0434998124838,0.0631975978613,1.38029682636
-8.29920281831e-07,4.49534013569e-07,1.0,0.0433926545084,0.0621868893504,1.37513077259
-8.29920281831e-07,4.49534013569e-07,1.0,0.052340272814,0.0584443323314,1.37599515915
-8.29920281831e-07,4.49534013569e-07,1.0,0.0740750953555,0.049733504653,1.37085711956
-8.29920281831e-07,4.49534013569e-07,1.0,0.0853929147124,0.0466034673154,1.37085676193
-8.29920281831e-07,4.49534013569e-07,1.0,0.0942011401057,0.0441624447703,1.37106132507
-8.29920281831e-07,4.49534013569e-07,1.0,0.107082724571,0.0409049391747,1.37286889553
-8.29920281831e-07,4.49534013569e-07,1.0,0.113543905318,0.0391058847308,1.37065637112
-8.29920281831e-07,4.49534013569e-07,1.0,0.13060182333,0.0351701006293,1.37605857849
-8.29920281831e-07,4.49534013569e-07,1.0,0.138048306108,0.0332846194506,1.37435007095
-8.29920281831e-07,4.49534013569e-07,1.0,0.156288608909,0.0289788469672,1.37658500671
-8.29920281831e-07,4.49534013569e-07,1.0,0.16461083293,0.0269350036979,1.37396621704
-8.29920281831e-07,4.49534013569e-07,1.0,0.183931320906,0.0227254536003,1.38260245323
-8.29920281831e-07,4.49534013569e-07,1.0,0.197241961956,0.0199526585639,1.38547968864
-8.29920281831e-07,4.49534013569e-07,1.0,0.21387206018,0.0163492765278,1.38746917248
-8.29920281831e-07,4.49534013569e-07,1.0,0.222995221615,0.0143353994936,1.38573396206
-8.29920281831e-07,4.49534013569e-07,1.0,0.238647848368,0.0114566208795,1.38945960999
-8.29920281831e-07,4.49534013569e-07,1.0,0.250459462404,0.00900875590742,1.38940930367
-8.29920281831e-07,4.49534013569e-07,1.0,0.266250133514,0.00596307124943,1.38812482357
-8.29920281831e-07,4.49534013569e-07,1.0,0.291428685188,0.00141273182817,1.38338732719
-8.29920281831e-07,4.49534013569e-07,1.0,0.299932777882,4.80011294712e-05,1.38187766075
-8.29920281831e-07,4.49534013569e-07,1.0,0.31148314476,-0.00174515077379,1.37865281105
-8.29920281831e-07,4.49534013569e-07,1.0,0.320666790009,-0.00308479345404,1.37517786026
-8.29920281831e-07,4.49534013569e-07,1.0,0.332134068012,-0.00462400587276,1.37036395073
-8.29920281831e-07,4.49534013569e-07,1.0,0.340458810329,-0.00561708584428,1.36604297161
-8.29920281831e-07,4.49534013569e-07,1.0,0.350794911385,-0.00658202264458,1.3608494997
-8.29920281831e-07,4.49534013569e-07,1.0,0.35798740387,-0.00700545636937,1.35695648193
-8.29920281831e-07,4.49534013569e-07,1.0,0.378605991602,-0.00890063308179,1.33621191978
-8.29920281831e-07,4.49534013569e-07,1.0,0.382182151079,-0.00792531296611,1.33932566643
-8.29920281831e-07,4.49534013569e-07,1.0,0.383411258459,-0.00718114990741,1.34057438374
-8.29920281831e-07,4.49534013569e-07,1.0,0.389631658792,-0.00643346272409,1.3368742466
-8.29920281831e-07,4.49534013569e-07,1.0,0.395232468843,-0.00435949722305,1.33573663235
-8.29920281831e-07,4.49534013569e-07,1.0,0.396200537682,-0.00284021766856,1.33871376514
-8.29920281831e-07,4.49534013569e-07,1.0,0.398326128721,-0.00109109643381,1.3383834362
-8.29920281831e-07,4.49534013569e-07,1.0,0.400048553944,-0.000310431001708,1.33473682404
-8.29920281831e-07,4.49534013569e-07,1.0,0.399812430143,0.00280100433156,1.34088337421
-8.29920281831e-07,4.49534013569e-07,1.0,0.398990988731,0.00419978471473,1.34500229359
-8.29920281831e-07,4.49534013569e-07,1.0,0.398165822029,0.00758707011119,1.34843981266
-8.29920281831e-07,4.49534013569e-07,1.0,0.398340761662,0.00897796824574,1.34619688988
-8.29920281831e-07,4.49534013569e-07,1.0,0.394865751266,0.0126987015828,1.35423958302
-8.29920281831e-07,4.49534013569e-07,1.0,0.3909522295,0.0153403887525,1.36265003681
-8.29920281831e-07,4.49534013569e-07,1.0,0.387853384018,0.0192785244435,1.36137104034
-8.29920281831e-07,4.49534013569e-07,1.0,0.379727095366,0.0238415319473,1.37129449844
-8.29920281831e-07,4.49534013569e-07,1.0,0.376280874014,0.025609837845,1.37481665611
-8.29920281831e-07,4.49534013569e-07,1.0,0.370826900005,0.0286294352263,1.37631952763
-8.29920281831e-07,4.49534013569e-07,1.0,0.366524577141,0.0304517243057,1.38082695007
-8.29920281831e-07,4.49534013569e-07,1.0,0.359913319349,0.0336125716567,1.38115334511
-8.29920281831e-07,4.49534013569e-07,1.0,0.356828987598,0.0348157063127,1.38227081299
-8.29920281831e-07,4.49534013569e-07,1.0,0.350382745266,0.0379134714603,1.37734627724
-8.29920281831e-07,4.49534013569e-07,1.0,0.343350499868,0.0392986312509,1.38624894619
-8.29920281831e-07,4.49534013569e-07,1.0,0.331346780062,0.0429106615484,1.38516080379
-8.29920281831e-07,4.49534013569e-07,1.0,0.322837114334,0.0447921305895,1.38519275188
-8.29920281831e-07,4.49534013569e-07,1.0,0.322837114334,0.0447921305895,1.38519275188
-8.29920281831e-07,4.49534013569e-07,1.0,0.316478252411,0.0456208586693,1.38762974739
-8.29920281831e-07,4.49534013569e-07,1.0,0.316478252411,0.0456208586693,1.38762974739
-8.29920281831e-07,4.49534013569e-07,1.0,0.307790637016,0.0474087968469,1.38485908508
-8.29920281831e-07,4.49534013569e-07,1.0,0.307790637016,0.0474087968469,1.38485908508
-8.29920281831e-07,4.49534013569e-07,1.0,0.301646918058,0.0482538826764,1.38548600674
-8.29920281831e-07,4.49534013569e-07,1.0,0.286691278219,0.0500552468002,1.38195741177
-8.29920281831e-07,4.49534013569e-07,1.0,0.286691278219,0.0500552468002,1.38195741177
-8.29920281831e-07,4.49534013569e-07,1.0,0.277530789375,0.0511151850224,1.3771276474
-8.29920281831e-07,4.49534013569e-07,1.0,0.272892713547,0.051438357681,1.37545204163
-8.29920281831e-07,4.49534013569e-07,1.0,0.263228863478,0.0519336648285,1.37030947208
-8.29920281831e-07,4.49534013569e-07,1.0,0.256676137447,0.0516943708062,1.36988735199
-8.29920281831e-07,4.49534013569e-07,1.0,0.247269138694,0.0518751442432,1.36340713501
-8.29920281831e-07,4.49534013569e-07,1.0,0.241427510977,0.0518035590649,1.36135494709
-8.29920281831e-07,4.49534013569e-07,1.0,0.227362468839,0.0512136332691,1.35425984859
-8.29920281831e-07,4.49534013569e-07,1.0,0.219272986054,0.0504355207086,1.34904539585
-8.29920281831e-07,4.49534013569e-07,1.0,0.213395908475,0.0495426058769,1.34923148155
-8.29920281831e-07,4.49534013569e-07,1.0,0.200338304043,0.0477655157447,1.34329676628
-8.29920281831e-07,4.49534013569e-07,1.0,0.188540428877,0.0458302684128,1.33278298378
-8.29920281831e-07,4.49534013569e-07,1.0,0.18271227181,0.0438681170344,1.33264052868
-8.29920281831e-07,4.49534013569e-07,1.0,0.181083783507,0.0426323153079,1.33493185043
-8.29920281831e-07,4.49534013569e-07,1.0,0.175307631493,0.0404636599123,1.33345031738
-8.29920281831e-07,4.49534013569e-07,1.0,0.170973777771,0.0383473187685,1.33152270317
-8.29920281831e-07,4.49534013569e-07,1.0,0.167761862278,0.0350718423724,1.33953118324
-8.29920281831e-07,4.49534013569e-07,1.0,0.16484361887,0.0328459329903,1.33919811249
-8.29920281831e-07,4.49534013569e-07,1.0,0.161163330078,0.0303509868681,1.33280932903
-8.29920281831e-07,4.49534013569e-07,1.0,0.162463188171,0.0291546378285,1.34128546715
-8.29920281831e-07,4.49534013569e-07,1.0,0.161515906453,0.0265513956547,1.34453880787
-8.29920281831e-07,4.49534013569e-07,1.0,0.162027180195,0.0257905013859,1.34780919552
-8.29920281831e-07,4.49534013569e-07,1.0,0.163373142481,0.0226139482111,1.35310542583
-8.29920281831e-07,4.49534013569e-07,1.0,0.163365989923,0.0211365539581,1.35163187981
-8.29920281831e-07,4.49534013569e-07,1.0,0.163351684809,0.018181765452,1.34574174881
-8.29920281831e-07,4.49534013569e-07,1.0,0.165719285607,0.017979612574,1.35726559162
-8.29920281831e-07,4.49534013569e-07,1.0,0.168555602431,0.0158184319735,1.36244738102
-8.29920281831e-07,4.49534013569e-07,1.0,0.169623658061,0.0149615099654,1.36363613605
-8.29920281831e-07,4.49534013569e-07,1.0,0.172466143966,0.0127308135852,1.36604404449
-8.29920281831e-07,4.49534013569e-07,1.0,0.173722743988,0.0118434680626,1.36700439453
-8.29920281831e-07,4.49534013569e-07,1.0,0.177911624312,0.00911396648735,1.3691368103
-8.29920281831e-07,4.49534013569e-07,1.0,0.182478770614,0.00665278546512,1.3696141243
-8.29920281831e-07,4.49534013569e-07,1.0,0.18596726656,0.00507343932986,1.36853682995
-8.29920281831e-07,4.49534013569e-07,1.0,0.187114417553,0.00458949385211,1.36849284172
-8.29920281831e-07,4.49534013569e-07,1.0,0.196156233549,0.00183872622438,1.36283552647
-8.29920281831e-07,4.49534013569e-07,1.0,0.199457392097,0.00120766332839,1.36014580727
-8.29920281831e-07,4.49534013569e-07,1.0,0.203352823853,0.000681584409904,1.35561871529
-8.29920281831e-07,4.49534013569e-07,1.0,0.209936708212,0.00107034726534,1.34610831738
-8.29920281831e-07,4.49534013569e-07,1.0,0.210368484259,0.00128455553204,1.34602415562
-8.29920281831e-07,4.49534013569e-07,1.0,0.212432175875,0.00210898648947,1.3421216011
-8.29920281831e-07,4.49534013569e-07,1.0,0.214064598083,0.0025448477827,1.33197939396
-8.29920281831e-07,4.49534013569e-07,1.0,0.215249419212,0.00495770340785,1.33867871761
-8.29920281831e-07,4.49534013569e-07,1.0,0.215494468808,0.00545743945986,1.33887195587
-8.29920281831e-07,4.49534013569e-07,1.0,0.216297179461,0.00685910880566,1.33840203285
-8.29920281831e-07,4.49534013569e-07,1.0,0.216392546892,0.00742761883885,1.33854818344
-8.29920281831e-07,4.49534013569e-07,1.0,0.216592118144,0.00908682495356,1.33850002289
-8.29920281831e-07,4.49534013569e-07,1.0,0.216695129871,0.00955300964415,1.33898973465
-8.29920281831e-07,4.49534013569e-07,1.0,0.216715812683,0.0116090932861,1.33864426613
-8.29920281831e-07,4.49534013569e-07,1.0,0.216422781348,0.0129753416404,1.33682215214
-8.29920281831e-07,4.49534013569e-07,0.999230921268,0.207664981484,0.0243699550629,1.33633732796
-8.29920281831e-07,4.49534013569e-07,0.999012053013,0.206909909844,0.0249235089868,1.33581793308
-8.29920281831e-07,4.49534013569e-07,0.998444676399,0.205002948642,0.0260851774365,1.33420050144
-8.29920281831e-07,4.49534013569e-07,0.998087227345,0.204101353884,0.0267363116145,1.33034431934
-8.29920281831e-07,4.49534013569e-07,0.995375216007,0.19923441112,0.0287906508893,1.32721459866
-8.29920281831e-07,4.49534013569e-07,0.991812348366,0.195346429944,0.0298423375934,1.32413256168
-8.29920281831e-07,4.49534013569e-07,0.988130569458,0.1921479702,0.0302497018129,1.32116782665
-8.29920281831e-07,4.49534013569e-07,0.985127329826,0.1898252666,0.0303901508451,1.3169426918
-8.29920281831e-07,4.49534013569e-07,0.983448445797,0.189023867249,0.0303746890277,1.31713855267
-8.29920281831e-07,4.49534013569e-07,0.977648079395,0.186034411192,0.0303323157132,1.31200146675
-8.29920281831e-07,4.49534013569e-07,0.973115205765,0.18330475688,0.0301052350551,1.30935370922
-8.29920281831e-07,4.49534013569e-07,0.970632195473,0.182043597102,0.0300652254373,1.3044244051
-8.29920281831e-07,4.49534013569e-07,0.965234696865,0.179627209902,0.0297092869878,1.30320167542
-8.29920281831e-07,4.49534013569e-07,0.962304890156,0.178876072168,0.029553251341,1.30243861675
-8.29920281831e-07,4.49534013569e-07,0.952589571476,0.175884872675,0.0287788901478,1.296626091
-8.29920281831e-07,4.49534013569e-07,0.945315122604,0.173776656389,0.0281417835504,1.291441679
-8.29920281831e-07,4.49534013569e-07,0.941419661045,0.172664731741,0.0278549827635,1.28593838215
-8.29920281831e-07,4.49534013569e-07,0.928747832775,0.170156240463,0.0270111970603,1.28142666817
-8.29920281831e-07,4.49534013569e-07,0.919461965561,0.168138742447,0.0260867625475,1.27539026737
-8.29920281831e-07,4.49534013569e-07,0.914512932301,0.167400464416,0.0258017648011,1.27318155766
-8.29920281831e-07,4.49534013569e-07,0.904227077961,0.165194794536,0.0250706002116,1.26525986195
-8.29920281831e-07,4.49534013569e-07,0.898754417896,0.16453538835,0.0247182901949,1.26272130013
-8.29920281831e-07,4.49534013569e-07,0.849293887615,0.157579109073,0.0214897543192,1.2253177166
-8.29920281831e-07,4.49534013569e-07,0.842296302319,0.156583115458,0.0210684984922,1.21665894985
-8.29920281831e-07,4.49534013569e-07,0.828003942966,0.155365526676,0.0203344058245,1.20837342739
-8.29920281831e-07,4.49534013569e-07,0.820519685745,0.154727637768,0.0201800744981,1.2036716938
-8.29920281831e-07,4.49534013569e-07,0.805318176746,0.153486952186,0.0195740442723,1.19091773033
-8.29920281831e-07,4.49534013569e-07,0.797388970852,0.152857482433,0.0192368868738,1.18543016911
-8.29920224987e-07,4.49534013569e-07,0.772954404354,0.150775820017,0.0182727891952,1.16543698311
-8.29920224987e-07,4.49534013569e-07,0.756067931652,0.14934130013,0.0178198218346,1.15039694309
-8.29920224987e-07,4.49534013569e-07,0.747340619564,0.148687154055,0.0175272002816,1.14323580265
-8.29920224987e-07,4.49534013569e-07,0.729709684849,0.147204324603,0.0170654151589,1.12492036819
-8.29920224987e-07,4.49534013569e-07,0.720627069473,0.14674115181,0.0168413296342,1.11833798885
-8.29920224987e-07,4.49534013569e-07,0.70233309269,0.145430773497,0.0163653772324,1.09893369675
-8.29920224987e-07,4.49534013569e-07,0.692954599857,0.145106598735,0.0161627717316,1.09141802788
-8.29920224987e-07,4.49534013569e-07,0.674079358578,0.143844664097,0.0158417318016,1.06949937344
-8.29920224987e-07,4.49534013569e-07,0.664421081543,0.143367245793,0.0157646778971,1.06201279163
-8.29920224987e-07,4.49534013569e-07,0.645089685917,0.142121717334,0.0157579779625,1.0391920805
-8.29920224987e-07,4.49534013569e-07,0.635278582573,0.141653478146,0.01573545672,1.03141224384
-8.29920168144e-07,4.49534013569e-07,0.61549025774,0.140538424253,0.0157122053206,1.00738668442
-8.29920168144e-07,4.49534013569e-07,0.595503091812,0.13971939683,0.0157295688987,0.991298317909
-8.29920168144e-07,4.49534013569e-07,0.565248250961,0.138478204608,0.0155540434644,0.958205759525
-8.29920168144e-07,4.49534013569e-07,0.555109024048,0.137787297368,0.0157265141606,0.942807435989
-8.299201113e-07,4.49534041991e-07,0.524642527103,0.136784762144,0.0158983338624,0.9081376791
-8.299201113e-07,4.49534041991e-07,0.504338562489,0.136210128665,0.0159949287772,0.887519240379
-8.299201113e-07,4.49534041991e-07,0.494204223156,0.13585563004,0.0160423982888,0.873055696487
-8.299201113e-07,4.49534041991e-07,0.463958054781,0.135114043951,0.0163999963552,0.841442525387
