0.0,0.0,0.0,-0.0124077182263,-0.021546728909,0.14838218689
0.0,0.0,0.0,-0.0124115208164,-0.0215480756015,0.148363381624
0.0,0.0,0.0,-0.012424997054,-0.0215483754873,0.148362711072
0.0,0.0,0.0,-0.0124504668638,-0.0215555969626,0.148357018828
0.0,0.0,0.0,-0.0124190896749,-0.021546792239,0.148385077715
0.0,0.0,0.0,-0.0124134477228,-0.0215466544032,0.148389548063
0.0,0.0,0.0,-0.0124099543318,-0.0215465445071,0.148385778069
0.0,0.0,0.0,-0.012407570146,-0.0215472709388,0.148384481668
0.0,0.0,0.0,-0.0124202920124,-0.0215535853058,0.148370295763
0.0,0.0,0.0,-0.0124076548964,-0.0215503629297,0.148362323642
0.0,0.0,0.0,-0.0124118681997,-0.0215548779815,0.148364529014
0.0,0.0,0.0,-0.0124007193372,-0.0215620324016,0.148408874869
0.0,0.0,0.0,-0.0123990839347,-0.0215602051467,0.148417249322
0.0,0.0,0.0,-0.0123917926103,-0.0215441454202,0.148394018412
0.0,0.0,0.0,-0.0123926736414,-0.0215445067734,0.148392155766
0.0,0.0,0.0,-0.0124151408672,-0.0215481929481,0.148385241628
0.0,0.0,0.0,-0.0124038206413,-0.0215444583446,0.14840914309
0.0,0.0,0.0,-0.0124292308465,-0.021550167352,0.148406416178
0.0,0.0,0.0,-0.0124071361497,-0.0215372350067,0.148409768939
0.0,0.0,0.0,-0.012405693531,-0.0215369481593,0.14840452373
0.0,0.0,0.0,-0.0124015165493,-0.0215451307595,0.148393973708
0.0,0.0,0.0,-0.0124298725277,-0.0215460825711,0.148340702057
0.0,0.0,0.0,-0.0126445787027,-0.0216519180685,0.148089110851
0.0,0.0,0.0,-0.012633045204,-0.021651500836,0.148073777556
0.0,0.0,0.0,-0.012622024864,-0.0216495580971,0.148073062301
0.0,0.0,0.0,-0.0126184672117,-0.0216500237584,0.148073911667
0.0,0.0,0.0,-0.0126163130626,-0.0216489303857,0.148080453277
0.0,0.0,0.0,-0.0126225072891,-0.0216479469091,0.148099631071
0.0,0.0,0.0,-0.0126201240346,-0.0216461326927,0.148110419512
0.0,0.0,0.0,-0.0126434527338,-0.0216528829187,0.148136481643
0.0,0.0,0.0,-0.0123808896169,-0.0215394068509,0.14843903482
0.0,0.0,0.0,-0.0123781347647,-0.0215392671525,0.148442983627
0.0,0.0,0.0,-0.0123885143548,-0.0215338952839,0.148445934057
0.0,0.0,0.0,-0.0124213509262,-0.0215329118073,0.148432269692
0.0,0.0,0.0,-0.012394352816,-0.0215311273932,0.148414313793
0.0,0.0,0.0,-0.0123847397044,-0.0215397179127,0.14840324223
0.0,0.0,0.0,-0.0123826386407,-0.0215450450778,0.148397639394
0.0,0.0,0.0,-0.0123962480575,-0.0215536020696,0.148394882679
0.0,0.0,0.0,-0.0123922722414,-0.0215499699116,0.148394718766
0.0,0.0,0.0,-0.0124014019966,-0.0215407740325,0.148356676102
0.0,0.0,0.0,-0.012410976924,-0.021542429924,0.148371607065
0.0,0.0,0.0,-0.0124033279717,-0.0215414129198,0.148377686739
0.0,0.0,0.0,-0.0124162733555,-0.0215461663902,0.148386880755
0.0,0.0,0.0,-0.0124026080593,-0.0215430185199,0.148386463523
0.0,0.0,0.0,-0.0124118784443,-0.0215394254774,0.148410245776
0.0,0.0,0.0,-0.0124193904921,-0.0215411931276,0.148390218616
0.0,0.0,0.0,-0.012409533374,-0.0215407572687,0.148390173912
0.0,0.0,0.0,-0.012404281646,-0.0215421114117,0.148395210505
0.0,0.0,0.0,-0.012416549027,-0.021547883749,0.148385509849
0.0,0.0,0.0,-0.0127162402496,-0.0216457974166,0.148256570101
0.0,0.0,0.0,-0.0124099487439,-0.0215531475842,0.14836537838
0.0,0.0,0.0,-0.0124310925603,-0.0215599741787,0.148360773921
0.0,0.0,0.0,-0.0123982354999,-0.0215507578105,0.148401126266
0.0,0.0,0.0,-0.0123875439167,-0.0215467661619,0.148403152823
0.0,0.0,0.0,-0.0124041130766,-0.0215503834188,0.148400783539
0.0,0.0,0.0,-0.0123934652656,-0.0215486418456,0.148398518562
0.0,0.0,0.0,-0.0124130202457,-0.0215520299971,0.148392811418
0.0,0.0,0.0,-0.0123954769224,-0.0215474832803,0.148394435644
0.0,0.0,0.0,-0.0124160312116,-0.0215515773743,0.148387670517
0.0,0.0,0.0,-0.0124421855435,-0.0215576533228,0.148380219936
0.0,0.0,0.0,-0.0124729163945,-0.0215652696788,0.148372471333
0.0,0.0,0.0,-0.0125084668398,-0.0215737745166,0.14836396277
0.0,0.0,0.0,-0.0124006681144,-0.0215520635247,0.148397564888
0.0,0.0,0.0,-0.0123835746199,-0.0215437095612,0.148397177458
0.0,0.0,0.0,-0.0123950326815,-0.0215487983078,0.148392885923
0.0,0.0,0.0,-0.0123893739656,-0.0215469989926,0.148384347558
0.0,0.0,0.0,-0.0123909786344,-0.0215484593064,0.148386359215
0.0,0.0,0.0,-0.0123914722353,-0.0215492863208,0.148392572999
0.0,0.0,0.0,-0.0124121569097,-0.0215572472662,0.148390337825
-0.0123762311414,-0.0215442702174,0.148389562964,-0.0123869236559,-0.0215498209,0.148384600878
-0.0123762311414,-0.0215442702174,0.148389801383,-0.012384686619,-0.0215505827218,0.148389056325
-0.0123762311414,-0.0215442702174,0.148390859365,-0.0123872747645,-0.0215516481549,0.148384824395
-0.0123762311414,-0.0215442702174,0.148393690586,-0.012404630892,-0.0215579085052,0.148378893733
-0.0123762311414,-0.0215442702174,0.148399636149,-0.0124021610245,-0.0215530563146,0.148373618722
-0.0123762311414,-0.0215442702174,0.148410335183,-0.0123958922923,-0.0215506162494,0.148374527693
-0.0123762311414,-0.0215442702174,0.148427754641,-0.0124147031456,-0.02155524306,0.148366361856
-0.0123762311414,-0.0215442702174,0.148454159498,-0.0124051133171,-0.021551663056,0.148370474577
-0.0123762311414,-0.0215442702174,0.148544192314,-0.0124181667343,-0.0215510111302,0.148376569152
-0.0123762311414,-0.0215442702174,0.148703351617,-0.0124147152528,-0.0215460024774,0.148389369249
-0.0123762311414,-0.0215442702174,0.148958101869,-0.0123962843791,-0.0215473789722,0.148399487138
-0.0123762311414,-0.0215442702174,0.149336710572,-0.0124050807208,-0.0215536337346,0.148394316435
-0.0123762311414,-0.0215442702174,0.149582341313,-0.0123875355348,-0.0215428695083,0.1484002918
-0.0123762311414,-0.0215442702174,0.150206178427,-0.0124102979898,-0.0215588007122,0.14840272069
-0.0123762311414,-0.0215442702174,0.150592714548,-0.0123895015568,-0.0215443186462,0.14839977026
-0.0123762311414,-0.0215442702174,0.152101665735,-0.0124270096421,-0.0215865522623,0.14845611155
-0.0123762311414,-0.0215442702174,0.154224961996,-0.0123664885759,-0.0215836279094,0.148709133267
-0.0123762311414,-0.0215442702174,0.156039193273,-0.0124690718949,-0.0215070974082,0.149130403996
-0.0123762311414,-0.0215442702174,0.157078489661,-0.0124114863575,-0.0213881488889,0.149036020041
-0.0123762311414,-0.0215442702174,0.159442663193,-0.0124529525638,-0.0211605262011,0.149521365762
-0.0123762311414,-0.0215442702174,0.160775139928,-0.0125616295263,-0.0210798103362,0.149775445461
-0.0123762311414,-0.0215442702174,0.165421634912,-0.0129508422688,-0.0206347275525,0.152053922415
-0.0123762311414,-0.0215442702174,0.169096380472,-0.01303632278,-0.0202160645276,0.154903963208
-0.0123762311414,-0.0215442702174,0.17554217577,-0.01349892281,-0.019318157807,0.163159161806
-0.0123762311414,-0.0215442702174,0.177952617407,-0.0137753970921,-0.0187496896833,0.167820930481
-0.0123762311414,-0.0215442702174,0.18318143487,-0.0141995968297,-0.0181023441255,0.175373598933
-0.0123762311414,-0.0215442702174,0.186005324125,-0.0145297339186,-0.0177567899227,0.180009692907
-0.0123762311414,-0.0215442702174,0.192084088922,-0.0156330987811,-0.0166302230209,0.18889708817
-0.0123762311414,-0.0215442702174,0.202307119966,-0.0169830322266,-0.0149527732283,0.206712663174
-0.0123762311414,-0.0215442702174,0.206015795469,-0.0182176195085,-0.0140821579844,0.214458152652
-0.0123762311414,-0.0215442702174,0.218061700463,-0.0204456746578,-0.0119504686445,0.234934970737
-0.0123762311414,-0.0215442702174,0.226868957281,-0.0218306556344,-0.0108246607706,0.246074572206
-0.0123762311414,-0.0215442702174,0.231512546539,-0.0230421647429,-0.0101704224944,0.254644572735
-0.0123762311414,-0.0215442702174,0.241250053048,-0.0248356703669,-0.00916221644729,0.26765397191
-0.0123762311414,-0.0215442702174,0.246355384588,-0.0262260120362,-0.00839220080525,0.276953935623
-0.0123762311414,-0.0215442702174,0.257032394409,-0.0286542084068,-0.0073418118991,0.294560372829
-0.0123762311414,-0.0215442702174,0.262600451708,-0.0296302847564,-0.00690040038899,0.299995690584
-0.0123762311414,-0.0215442702174,0.274196833372,-0.031110253185,-0.00583201413974,0.311498522758
-0.0123762311414,-0.0215442702174,0.280220329762,-0.0319222137332,-0.00498926173896,0.318099319935
-0.0123762311414,-0.0215442702174,0.29271236062,-0.0339094549417,-0.00390978809446,0.333187103271
-0.0123762311414,-0.0215442702174,0.2991771698,-0.0353742614388,-0.0032825700473,0.345124483109
-0.0123762302101,-0.0215442702174,0.312530010939,-0.0374272167683,-0.00228725699708,0.360853284597
-0.0123762302101,-0.0215442702174,0.319414526224,-0.0389536134899,-0.00190937682055,0.37124606967
-0.0123762302101,-0.0215442702174,0.333587795496,-0.0412340462208,-0.00144955632277,0.387026667595
-0.0123762302101,-0.0215442702174,0.34086945653,-0.0423471406102,-0.00127268780489,0.393719822168
-0.0123762302101,-0.0215442702174,0.355808675289,-0.0449672453105,-0.000961482466664,0.40954709053
-0.0123762302101,-0.0215442683548,0.379105895758,-0.0486730001867,-0.00249221804552,0.433496505022
-0.0123762302101,-0.0215442683548,0.38709706068,-0.0505599603057,-0.000885603250936,0.446116447449
-0.0123762302101,-0.0215442683548,0.403379946947,-0.0531394854188,-0.000202217503102,0.46258276701
-0.0123762302101,-0.0215442683548,0.411680907011,-0.0550312660635,0.000534287595656,0.476426512003
-0.0123762302101,-0.0215442683548,0.428520768881,-0.0580332577229,0.000955336436164,0.495195657015
-0.0123762302101,-0.0215442683548,0.437086492777,-0.0599969960749,0.00107144610956,0.507350504398
-0.0123762292787,-0.0215442683548,0.454410612583,-0.0643463358283,0.00150113052223,0.531466722488
-0.0123762292787,-0.0215442683548,0.480922520161,-0.0682189241052,0.00113115168642,0.552472114563
-0.0123762292787,-0.0215442683548,0.489883929491,-0.0697875022888,0.00101537338924,0.560415863991
-0.0123762292787,-0.0215442683548,0.50791913271,-0.0731434747577,0.000909123395104,0.578110992908
-0.0123762292787,-0.0215442683548,0.517024457455,-0.0750815942883,0.000597357808147,0.591111123562
-0.0123762283474,-0.0215442683548,0.544465363026,-0.0803832635283,8.84290057002e-05,0.621838390827
-0.0123762283474,-0.0215442683548,0.562810242176,-0.0838016420603,-0.000457782211015,0.640762925148
-0.0123762283474,-0.0215442683548,0.572013199329,-0.0853103175759,-0.000873472657986,0.649929761887
-0.0123762283474,-0.0215442664921,0.599607825279,-0.0904553458095,-0.0023491224274,0.675886809826
-0.0123762274161,-0.0215442664921,0.617940723896,-0.0949688479304,-0.00356220523827,0.696926414967
-0.0123762274161,-0.0215442664921,0.62707054615,-0.0970391258597,-0.00427830638364,0.706781625748
-0.0123762274161,-0.0215442664921,0.654257118702,-0.101932898164,-0.00534179806709,0.728964984417
-0.0123762264848,-0.0215442664921,0.6721585989,-0.107400648296,-0.00631445879117,0.755885779858
-0.0123762255535,-0.0215442664921,0.707237780094,-0.112783335149,-0.0077703082934,0.782518982887
-0.0123762255535,-0.0215442664921,0.724328994751,-0.116603001952,-0.00959210470319,0.801387190819
-0.0123762255535,-0.0215442646295,0.732752919197,-0.117875188589,-0.0101616336033,0.806948006153
-0.0123762246221,-0.0215442646295,0.757470667362,-0.122859671712,-0.0121737122536,0.828147470951
-0.0123762236908,-0.0215442646295,0.773440063,-0.126478672028,-0.013468567282,0.842535257339
-0.0123762227595,-0.0215442646295,0.788969099522,-0.129310280085,-0.014654353261,0.854109168053
-0.0123762227595,-0.0215442646295,0.796557068825,-0.130884900689,-0.0149611430243,0.859819591045
-0.0123762218282,-0.0215442646295,0.811366140842,-0.133799403906,-0.0163264516741,0.87204939127
-0.0123762218282,-0.0215442646295,0.818579733372,-0.135194644332,-0.0170027967542,0.878060042858
-0.0123762208968,-0.0215442627668,0.832613050938,-0.138999998569,-0.0179985854775,0.895855426788
-0.0123762208968,-0.0215442627668,0.839425444603,-0.140816822648,-0.0187174286693,0.903659522533
-0.0123762199655,-0.0215442627668,0.852631032467,-0.143426865339,-0.0199681986123,0.91489136219
-0.0123762199655,-0.0215442627668,0.85901850462,-0.144183024764,-0.0204262267798,0.917703390121
-0.0123762190342,-0.0215442627668,0.871354818344,-0.147303119302,-0.0217823833227,0.928898751736
-0.0123762181029,-0.0215442627668,0.877299904823,-0.147992447019,-0.0225019361824,0.93038392067
-0.0123762171715,-0.0215442609042,0.888735413551,-0.150733947754,-0.0241120737046,0.93966293335
-0.0123762171715,-0.0215442609042,0.894223451614,-0.151355922222,-0.0244870949537,0.942109882832
-0.0123762162402,-0.0215442609042,0.90473729372,-0.15379409492,-0.0257122032344,0.951477110386
-0.0123762153089,-0.0215442609042,0.909760355949,-0.154446229339,-0.0261432919651,0.95400673151
-0.0123762143776,-0.0215442609042,0.919339537621,-0.15609946847,-0.0276048518717,0.962224304676
-0.0123762134463,-0.0215442609042,0.923895120621,-0.156524956226,-0.028130415827,0.964963257313
-0.0123762125149,-0.0215442590415,0.932538151741,-0.157772511244,-0.0294954627752,0.97128623724
-0.0123762125149,-0.0215442590415,0.936628520489,-0.158452704549,-0.0303509738296,0.974020779133
-0.0123762106523,-0.0215442590415,0.944342970848,-0.159934714437,-0.031933516264,0.979009985924
-0.0123762087896,-0.0215442590415,0.954778194427,-0.16247189045,-0.0344827696681,0.985231280327
-0.0123762078583,-0.0215442571789,0.95796006918,-0.162807971239,-0.0348981805146,0.986153244972
-0.012376206927,-0.0215442571789,0.963886976242,-0.163916021585,-0.0362905934453,0.98990881443
-0.0123762059957,-0.0215442571789,0.966636657715,-0.164149999619,-0.0364829190075,0.991231501102
-0.012376204133,-0.0215442571789,0.971721768379,-0.164951145649,-0.0375342033803,0.994342327118
-0.0123762032017,-0.0215442571789,0.974061310291,-0.164981305599,-0.0379502885044,0.996090233326
-0.0123762022704,-0.0215442553163,0.978350460529,-0.165416792035,-0.0390487499535,0.998963356018
-0.0123761994764,-0.0215442553163,0.983856022358,-0.16631500423,-0.0416224636137,1.00256097317
-0.0123761985451,-0.0215442553163,0.985457181931,-0.166695475578,-0.04244434461,1.00339758396
-0.0123761966825,-0.0215442553163,0.988327622414,-0.167102381587,-0.0434131845832,1.00332248211
-0.0123761957511,-0.0215442553163,0.98960596323,-0.167413473129,-0.044017534703,1.00347697735
-0.0123761920258,-0.0215442534536,0.992860913277,-0.168059304357,-0.0455726832151,1.00252437592
-0.0123761901632,-0.0215442534536,0.99458616972,-0.16813890636,-0.0466402061284,1.00250291824
-0.0123761892319,-0.0215442534536,0.995327472687,-0.168113410473,-0.0469561889768,1.00273263454
-0.0123761855066,-0.021544251591,0.997123658657,-0.168203383684,-0.0485298335552,1.0033531189
-0.0123761827126,-0.021544251591,0.998008072376,-0.168220609426,-0.0500032268465,1.00320839882
-0.0123761817813,-0.021544251591,0.998366117477,-0.168210059404,-0.0504595376551,1.00277578831
-0.0123761789873,-0.021544251591,0.998940706253,-0.16838042438,-0.0520276911557,1.00141441822
-0.0123761771247,-0.021544251591,0.999164581299,-0.16845716536,-0.0523965954781,1.00074577332
-0.0123761743307,-0.0215442497283,0.99950838089,-0.16852542758,-0.0535517670214,0.998766541481
-0.0123761733994,-0.0215442497283,0.999633491039,-0.168359741569,-0.0542992353439,0.997794926167
-0.0123761696741,-0.0215442497283,0.999814033508,-0.168276757002,-0.0549506098032,0.996821522713
-0.0123761650175,-0.0215442497283,0.999948561192,-0.168076604605,-0.0558509379625,0.996564745903
-0.0123761631548,-0.0215442497283,0.99997061491,-0.167988315225,-0.0562001205981,0.997117638588
-0.0123761603609,-0.0215442478657,0.999991714954,-0.16782836616,-0.0574704296887,0.99749994278
-0.0123761584982,-0.0215442478657,0.999996721745,-0.167817592621,-0.0578851923347,0.997426271439
-0.0123761547729,-0.0215442478657,1.00000095367,-0.167797908187,-0.0593589693308,0.996537685394
-0.0123761529103,-0.0215442478657,1.00000202656,-0.167869448662,-0.0598031431437,0.996006131172
-0.012376151979,-0.0215442478657,0.999997854233,-0.168144136667,-0.0607375055552,0.99507945776
-0.012376151979,-0.0215442478657,0.999997854233,-0.168469414115,-0.0611919760704,0.994696974754
-0.012376151979,-0.0215442478657,0.999997854233,-0.169079050422,-0.0623904205859,0.994019329548
-0.012376151979,-0.0215442478657,0.999997854233,-0.16836167872,-0.0625122785568,0.994610607624
-0.012376151979,-0.0215442478657,0.999997854233,-0.168189063668,-0.0635782927275,0.995930671692
-0.012376151979,-0.0215442478657,0.999997854233,-0.168155044317,-0.0639872699976,0.996444404125
-0.012376151979,-0.0215442478657,0.999997854233,-0.168216943741,-0.0653721094131,0.997945904732
-0.012376151979,-0.0215442478657,0.999997854233,-0.168504148722,-0.0673071220517,0.999249696732
-0.012376151979,-0.0215442478657,0.999997854233,-0.168781712651,-0.0680349692702,0.999650597572
-0.012376151979,-0.0215442478657,0.999997854233,-0.169166788459,-0.0691747143865,0.998994290829
-0.012376151979,-0.0215442478657,0.999997854233,-0.169467464089,-0.0697416514158,0.998865485191
-0.012376151979,-0.0215442478657,0.999997854233,-0.169986262918,-0.070601709187,0.998896181583
-0.012376151979,-0.0215442478657,0.999997854233,-0.170818611979,-0.0717765241861,1.0007390976
-0.012376151979,-0.0215442478657,0.999997854233,-0.171039029956,-0.0720399469137,1.00143885612
-0.012376151979,-0.0215442478657,0.999997854233,-0.171760886908,-0.0732559710741,1.00344419479
-0.012376151979,-0.0215442478657,0.999997854233,-0.171948388219,-0.0737164542079,1.00416254997
-0.012376151979,-0.0215442478657,0.999997854233,-0.172785669565,-0.0751807391644,1.00586140156
-0.012376151979,-0.0215442478657,0.999997854233,-0.174523234367,-0.0776079818606,1.00665843487
-0.012376151979,-0.0215442478657,0.999997854233,-0.175834521651,-0.0785615071654,1.00633394718
-0.012376151979,-0.0215442478657,0.999997854233,-0.176320403814,-0.0788564011455,1.00622951984
-0.012376151979,-0.0215442478657,0.999997854233,-0.177462503314,-0.0796824470162,1.00642836094
-0.012376151979,-0.0215442478657,0.999997854233,-0.177930235863,-0.0798736512661,1.00690722466
-0.012376151979,-0.0215442478657,0.999997854233,-0.179116040468,-0.0803698524833,1.00886845589
-0.012376151979,-0.0215442478657,0.999997854233,-0.180922657251,-0.0816192254424,1.01130080223
-0.012376151979,-0.0215442478657,0.999997854233,-0.181761354208,-0.0820692032576,1.01205635071
-0.012376151979,-0.0215442478657,0.999997854233,-0.182837039232,-0.0833887159824,1.01232349873
-0.012376151979,-0.0215442478657,0.999997854233,-0.18356347084,-0.083890363574,1.01253724098
-0.012376151979,-0.0215442478657,0.999997854233,-0.184991970658,-0.0849379003048,1.01139008999
-0.012376151979,-0.0215442478657,0.999997854233,-0.185389831662,-0.0851708129048,1.01122522354
-0.012376151979,-0.0215442478657,0.999997854233,-0.186939284205,-0.0859704837203,1.01085269451
-0.012376151979,-0.0215442478657,0.999997854233,-0.187331989408,-0.0861703082919,1.01099443436
-0.012376151979,-0.0215442478657,0.999997854233,-0.189238071442,-0.0871335491538,1.01218116283
0.0,0.0,1.0,-0.190528422594,-0.0879316031933,1.01372718811
0.0,0.0,1.0,-0.191634476185,-0.0885444581509,1.01466500759
0.0,0.0,1.0,-0.192721188068,-0.0891795232892,1.01489472389
0.0,0.0,1.0,-0.193747162819,-0.0897681340575,1.01466667652
0.0,0.0,1.0,-0.194823250175,-0.0903588011861,1.01411771774
0.0,0.0,1.0,-0.195979371667,-0.0908103063703,1.01350593567
0.0,0.0,1.0,-0.197085544467,-0.0911050364375,1.0132278204
0.0,0.0,1.0,-0.199193760753,-0.0916893780231,1.01365029812
0.0,0.0,1.0,-0.199898302555,-0.0918970704079,1.01418805122
0.0,0.0,1.0,-0.200690537691,-0.0922067165375,1.01494216919
0.0,0.0,1.0,-0.201492905617,-0.092598348856,1.0158251524
0.0,0.0,1.0,-0.202351108193,-0.0928552672267,1.01651203632
0.0,0.0,1.0,-0.203374102712,-0.0933603495359,1.016715765
0.0,0.0,1.0,-0.204367265105,-0.0938912183046,1.01619756222
0.0,0.0,1.0,-0.206171572208,-0.0944367721677,1.01497483253
0.0,0.0,1.0,-0.207265660167,-0.0946285352111,1.0143955946
0.0,0.0,1.0,-0.207755044103,-0.094761826098,1.01400852203
0.0,0.0,1.0,-0.208551079035,-0.0947177857161,1.01436805725
0.0,0.0,1.0,-0.208907306194,-0.0944674387574,1.0150359869
0.0,0.0,1.0,-0.210014343262,-0.0943955928087,1.01605319977
0.0,0.0,1.0,-0.210825264454,-0.0944332778454,1.01683819294
0.0,0.0,1.0,-0.212194085121,-0.094449184835,1.01793861389
0.0,0.0,1.0,-0.2134141922,-0.094985589385,1.01796257496
0.0,0.0,1.0,-0.214940041304,-0.095324344933,1.01602959633
0.0,0.0,1.0,-0.216099709272,-0.0955566838384,1.01493549347
0.0,0.0,1.0,-0.216761931777,-0.0951653346419,1.01443171501
0.0,0.0,1.0,-0.217832803726,-0.0949013903737,1.0135923624
0.0,0.0,1.0,-0.21844778955,-0.0944331362844,1.01385378838
0.0,0.0,1.0,-0.219067886472,-0.0940245985985,1.01353406906
0.0,0.0,1.0,-0.219953209162,-0.0937444418669,1.01496422291
0.0,0.0,1.0,-0.220908626914,-0.093367561698,1.01582956314
0.0,0.0,1.0,-0.22142624855,-0.0934573188424,1.0159457922
0.0,0.0,1.0,-0.222376540303,-0.09364156425,1.01587045193
0.0,0.0,1.0,-0.222878292203,-0.0936885848641,1.01535928249
0.0,0.0,1.0,-0.224109649658,-0.0937742888927,1.01377785206
0.0,0.0,1.0,-0.224933326244,-0.0934251323342,1.0124771595
0.0,0.0,1.0,-0.22600017488,-0.093061119318,1.01101970673
0.0,0.0,1.0,-0.226290732622,-0.0928630903363,1.01064586639
0.0,0.0,1.0,-0.2271848768,-0.0920087993145,1.00971508026
0.0,0.0,1.0,-0.227566301823,-0.0916398540139,1.00935232639
0.0,0.0,1.0,-0.228056564927,-0.0912671238184,1.01037323475
0.0,0.0,1.0,-0.228805407882,-0.0908573418856,1.01056981087
0.0,0.0,1.0,-0.229333341122,-0.0908724442124,1.01021194458
0.0,0.0,1.0,-0.230387210846,-0.0904535800219,1.0100376606
0.0,0.0,1.0,-0.231243118644,-0.0901551321149,1.00640916824
0.0,0.0,1.0,-0.231536373496,-0.0897746607661,1.00451588631
0.0,0.0,1.0,-0.232064694166,-0.0888506248593,1.00461018085
0.0,0.0,1.0,-0.232305556536,-0.0881477668881,1.00466680527
0.0,0.0,1.0,-0.232335865498,-0.0876063406467,1.00509083271
0.0,0.0,1.0,-0.232775524259,-0.0867562666535,1.00512492657
0.0,0.0,1.0,-0.233018159866,-0.0864661857486,1.00449955463
0.0,0.0,1.0,-0.233041375875,-0.0862952619791,1.00339651108
0.0,0.0,1.0,-0.233244210482,-0.0865845754743,1.00204312801
0.0,0.0,1.0,-0.233216181397,-0.0856087505817,1.0012794733
0.0,0.0,1.0,-0.232970714569,-0.0851362273097,1.00018179417
0.0,0.0,1.0,-0.232725799084,-0.0843406841159,1.00029754639
0.0,0.0,1.0,-0.23213969171,-0.083483479917,0.999983131886
0.0,0.0,1.0,-0.232135117054,-0.0829088017344,1.00033581257
0.0,0.0,1.0,-0.231663689017,-0.0822420716286,1.00071620941
0.0,0.0,1.0,-0.231469228864,-0.0816887393594,1.00110185146
0.0,0.0,1.0,-0.231123402715,-0.0812051072717,1.0001500845
0.0,0.0,1.0,-0.230970039964,-0.0812579840422,0.999809443951
0.0,0.0,1.0,-0.230629310012,-0.0809806659818,0.998319745064
0.0,0.0,1.0,-0.230243697762,-0.0811420679092,0.997750997543
0.0,0.0,1.0,-0.229953855276,-0.0795585662127,0.997633695602
0.0,0.0,1.0,-0.229638367891,-0.0792392864823,0.997340857983
0.0,0.0,1.0,-0.22920024395,-0.0781125202775,0.997918665409
0.0,0.0,1.0,-0.228995040059,-0.0778242126107,0.998180568218
0.0,0.0,1.0,-0.227884843946,-0.0771055072546,0.999344706535
0.0,0.0,1.0,-0.227520406246,-0.076496809721,1.00034177303
0.0,0.0,1.0,-0.227525413036,-0.076145902276,1.00076651573
0.0,0.0,1.0,-0.226403146982,-0.0767882689834,0.998120307922
0.0,0.0,1.0,-0.226153045893,-0.0767362937331,0.997575819492
0.0,0.0,1.0,-0.225340157747,-0.0760241672397,0.996521890163
0.0,0.0,1.0,-0.224224716425,-0.0752197653055,0.995851814747
0.0,0.0,1.0,-0.222897306085,-0.0745899751782,0.997174084187
0.0,0.0,1.0,-0.222554057837,-0.0745994821191,0.997698068619
0.0,0.0,1.0,-0.221617937088,-0.0746377259493,0.998608052731
0.0,0.0,1.0,-0.221405953169,-0.0746942907572,0.998651683331
0.0,0.0,1.0,-0.220238238573,-0.0746293738484,0.998938798904
0.0,0.0,1.0,-0.219489783049,-0.0747948288918,0.998718142509
0.0,0.0,1.0,-0.219150200486,-0.0748545229435,0.998507559299
0.0,0.0,1.0,-0.218420282006,-0.0753959268332,0.998027980328
0.0,0.0,1.0,-0.219157680869,-0.0746468305588,0.995002865791
0.0,0.0,1.0,-0.218860849738,-0.0746354609728,0.994587779045
0.0,0.0,1.0,-0.218020647764,-0.0744646713138,0.995582044125
0.0,0.0,1.0,-0.217868164182,-0.0745037049055,0.995877206326
0.0,0.0,1.0,-0.217585667968,-0.0747906118631,0.995850145817
0.0,0.0,1.0,-0.217623114586,-0.0749219655991,0.9955509305
0.0,0.0,1.0,-0.217289328575,-0.0750092789531,0.993417978287
0.0,0.0,1.0,-0.217266991735,-0.074855722487,0.992033362389
0.0,0.0,1.0,-0.217258751392,-0.0748136490583,0.991271495819
0.0,0.0,1.0,-0.216829419136,-0.0744177177548,0.991011619568
0.0,0.0,1.0,-0.216678366065,-0.0742520615458,0.991014182568
0.0,0.0,1.0,-0.216357976198,-0.0740245133638,0.99105399847
0.0,0.0,1.0,-0.216083228588,-0.0740435495973,0.991360902786
0.0,0.0,1.0,-0.215825408697,-0.0739883035421,0.991822600365
0.0,0.0,1.0,-0.215514421463,-0.0745604559779,0.990421652794
0.0,0.0,1.0,-0.21545727551,-0.0746287927032,0.989810287952
0.0,0.0,1.0,-0.215578198433,-0.0743517652154,0.98825776577
0.0,0.0,1.0,-0.215487137437,-0.0744123235345,0.98771160841
0.0,0.0,1.0,-0.215478047729,-0.0741656422615,0.986802995205
0.0,0.0,1.0,-0.215238004923,-0.0741346925497,0.986663281918
0.0,0.0,1.0,-0.214892506599,-0.0739652812481,0.986543715
0.0,0.0,1.0,-0.214849188924,-0.074098572135,0.987127184868
0.0,0.0,1.0,-0.214583903551,-0.07435477525,0.988253474236
0.0,0.0,1.0,-0.214410558343,-0.0748414099216,0.98851698637
0.0,0.0,1.0,-0.21440847218,-0.0750155672431,0.988364458084
0.0,0.0,1.0,-0.21444453299,-0.0753491222858,0.987557470798
0.0,0.0,1.0,-0.214498594403,-0.0752776190639,0.98700106144
0.0,0.0,1.0,-0.214779242873,-0.0752417445183,0.986048698425
0.0,0.0,1.0,-0.214842751622,-0.075260810554,0.98590439558
0.0,0.0,1.0,-0.215041488409,-0.0751707777381,0.985855400562
0.0,0.0,1.0,-0.215100809932,-0.0752026587725,0.987514019012
0.0,0.0,1.0,-0.215080305934,-0.0752765759826,0.988026916981
0.0,0.0,1.0,-0.215278625488,-0.0757210999727,0.989154398441
0.0,0.0,1.0,-0.216038420796,-0.076338455081,0.989880800247
0.0,0.0,1.0,-0.216003477573,-0.0766487568617,0.989159047604
0.0,0.0,1.0,-0.216429248452,-0.077139236033,0.988031685352
0.0,0.0,1.0,-0.217152893543,-0.0775586217642,0.987067222595
0.0,0.0,1.0,-0.217170745134,-0.0773054808378,0.987180233002
0.0,0.0,1.0,-0.217499092221,-0.0771713256836,0.987770736217
0.0,0.0,1.0,-0.217893481255,-0.0772916600108,0.98889786005
0.0,0.0,1.0,-0.218032866716,-0.0774670168757,0.989262461662
0.0,0.0,1.0,-0.21841648221,-0.0778383016586,0.989753246307
0.0,0.0,1.0,-0.2188244313,-0.0784233957529,0.989485502243
0.0,0.0,1.0,-0.219345584512,-0.0793332532048,0.989223778248
0.0,0.0,1.0,-0.219894722104,-0.0793584957719,0.988346278667
0.0,0.0,1.0,-0.220876425505,-0.0796339139342,0.987319111824
0.0,0.0,1.0,-0.221158206463,-0.0797009691596,0.987079739571
0.0,0.0,1.0,-0.221768543124,-0.0799728557467,0.986646831036
0.0,0.0,1.0,-0.222061857581,-0.0798907652497,0.986899375916
0.0,0.0,1.0,-0.222624614835,-0.0799927636981,0.987496674061
0.0,0.0,1.0,-0.222754910588,-0.0801026076078,0.987940847874
0.0,0.0,1.0,-0.223718032241,-0.0812245085835,0.989140629768
0.0,0.0,1.0,-0.224505081773,-0.0817793607712,0.988215386868
0.0,0.0,1.0,-0.225096851587,-0.0821160152555,0.987944126129
0.0,0.0,1.0,-0.225815936923,-0.0824891924858,0.986760914326
0.0,0.0,1.0,-0.225917041302,-0.0825144797564,0.986292302608
0.0,0.0,1.0,-0.226350426674,-0.0828974097967,0.985450387001
0.0,0.0,1.0,-0.226673290133,-0.0828197449446,0.985062777996
0.0,0.0,1.0,-0.22745397687,-0.0828557386994,0.98529869318
0.0,0.0,1.0,-0.227983757854,-0.082940749824,0.985395669937
0.0,0.0,1.0,-0.2285990417,-0.0830502361059,0.985987663269
0.0,0.0,1.0,-0.228687480092,-0.0832759141922,0.986436605453
0.0,0.0,1.0,-0.229794159532,-0.0843229666352,0.985713839531
0.0,0.0,1.0,-0.230130732059,-0.0844312608242,0.985354840755
-2.58007570864e-08,1.58271991069e-08,1.0,-0.231816887856,-0.0850001499057,0.983347952366
-6.36810000287e-08,3.90766388136e-08,1.0,-0.232442319393,-0.0853548869491,0.982544779778
-3.89343171037e-07,2.3934714477e-07,1.0,-0.232816949487,-0.0856151729822,0.982077598572
-7.10755102773e-07,4.3719455789e-07,1.0,-0.233188271523,-0.0850699990988,0.983225762844
-7.79366018833e-07,4.79308198464e-07,1.0,-0.233655124903,-0.0852547809482,0.984126091003
-8.60922853008e-07,5.29389183157e-07,1.0,-0.234337508678,-0.0855355858803,0.98453104496
-1.3511682937e-06,8.31045838368e-07,1.0,-0.234512895346,-0.0860674008727,0.983671605587
-1.82535154636e-06,1.12312670808e-06,1.0,-0.234930798411,-0.0863171070814,0.982496380806
-1.13866517495e-05,7.03260320734e-06,1.0,-0.236018538475,-0.0863004922867,0.980124294758
-3.62471691915e-05,2.24740797421e-05,1.0,-0.236373916268,-0.0861117839813,0.979925870895
-5.92096293985e-05,3.67814827769e-05,1.0,-0.236653327942,-0.0860292837024,0.980106532574
-0.000136888556881,8.53580932016e-05,1.0,-0.237003922462,-0.0860231891274,0.98050558567
-0.000196600027266,0.000122823010315,1.0,-0.237279891968,-0.0860197246075,0.980969548225
-0.000371777947294,0.00023314365535,1.0,-0.237693980336,-0.0860944837332,0.981339395046
-0.000493447994813,0.000310033647111,1.0,-0.238114207983,-0.0861103013158,0.980945825577
-0.000822022964712,0.000518468616065,1.0,-0.238777801394,-0.0861942991614,0.980448067188
-0.0010361445602,0.000654791889247,1.0,-0.239538237453,-0.0861091166735,0.979429066181
-0.00158304732759,0.00100434944034,1.0,-0.240309521556,-0.0858450680971,0.978327095509
-0.00192411453463,0.00122316996567,1.0,-0.241153344512,-0.0854667648673,0.977281868458
-0.00276212533936,0.00176299700979,1.0,-0.242100805044,-0.0849123522639,0.976531624794
-0.00326790288091,0.0020900934469,1.0,-0.243042945862,-0.084197871387,0.976308107376
-0.00447481451556,0.00287390942685,1.0,-0.244201168418,-0.0834598988295,0.976453542709
-0.00518522132188,0.00333717884496,1.0,-0.245430499315,-0.0827663764358,0.976654827595
-0.00684222066775,0.00442246906459,1.0,-0.247274637222,-0.0815944075584,0.977224469185
-0.00779830757529,0.0050513856113,1.0,-0.248392269015,-0.0810081511736,0.977319121361
-0.00998826511204,0.00649853097275,1.0,-0.25021931529,-0.0802133381367,0.97690141201
-0.0112307155505,0.00732327764854,1.0,-0.251453906298,-0.0795242041349,0.976710736752
-0.0140342675149,0.00919319689274,1.0,-0.254141271114,-0.0782434567809,0.97503298521
-0.0156035777181,0.0102448863909,1.0,-0.256567358971,-0.0768407955766,0.973882436752
-0.0191004630178,0.0126001425087,1.0,-0.259328722954,-0.0748670846224,0.97266882658
-0.0210348945111,0.0139095857739,1.0,-0.262148469687,-0.0727822333574,0.971989691257
-0.025297479704,0.0168102625757,1.0,-0.265472769737,-0.0705162063241,0.971637010574
-0.0327290445566,0.0219137724489,1.0,-0.274652838707,-0.0639312267303,0.971536636353
-0.0354966670275,0.0238284319639,1.0,-0.277704417706,-0.0616852603853,0.97161591053
-0.0414839573205,0.0279949922115,1.0,-0.280712902546,-0.0597281493247,0.972396254539
-0.044708814472,0.0302525795996,1.0,-0.285448282957,-0.0567011795938,0.972168266773
-0.0516350641847,0.0351318567991,1.0,-0.291215240955,-0.0529331564903,0.971684336662
-0.0553405508399,0.0377588421106,1.0,-0.294488042593,-0.0507825165987,0.971392452717
-0.0632414743304,0.0433976724744,1.0,-0.30072298646,-0.0464316867292,0.970039844513
-0.0810392796993,0.056280836463,1.0,-0.318177014589,-0.0333978682756,0.968815267086
-0.0909408479929,0.0635539442301,1.0,-0.327453881502,-0.0266029909253,0.968290507793
-0.0961406081915,0.0674032345414,1.0,-0.332428365946,-0.022423280403,0.969177246094
-0.107039488852,0.0755379721522,1.0,-0.340358376503,-0.0163562726229,0.969797968864
-0.112731605768,0.0798222646117,1.0,-0.348675042391,-0.0102013265714,0.970120608807
-0.124598175287,0.0888332352042,1.0,-0.358479887247,-0.00306402659044,0.970497131348
-0.143561631441,0.103458628058,1.0,-0.374645143747,0.00886972714216,0.969694554806
-0.150181189179,0.108630336821,1.0,-0.380195617676,0.0132161742076,0.969381451607
-0.170875936747,0.12502707541,1.0,-0.395758718252,0.0259034391493,0.968675613403
-0.185324400663,0.136686787009,1.0,-0.406819075346,0.0352851338685,0.967972576618
-0.192730411887,0.142733544111,1.0,-0.413943350315,0.0408422760665,0.969357073307
-0.207874283195,0.155251711607,1.0,-0.429006814957,0.053574539721,0.970966160297
-0.215596631169,0.161717325449,1.0,-0.438412308693,0.0615777522326,0.972374141216
-0.231317266822,0.175059348345,1.0,-0.450606882572,0.0720997601748,0.974047660828
-0.255473136902,0.196060478687,1.0,-0.470918893814,0.0890053510666,0.974878549576
-0.263644754887,0.203311890364,1.0,-0.48046040535,0.097149990499,0.974770903587
-0.28012406826,0.218179360032,1.0,-0.494649201632,0.109638333321,0.97486358881
-0.2884144485,0.22578920424,1.0,-0.502942621708,0.117562331259,0.975494801998
-0.305045187473,0.241338193417,1.0,-0.516805708408,0.130550935864,0.976247370243
-0.313370168209,0.249273180962,1.0,-0.524385213852,0.138363242149,0.977401018143
-0.3382589221,0.273664683104,1.0,-0.543794870377,0.157914787531,0.979689657688
-0.354679703712,0.290372163057,1.0,-0.555665373802,0.170503854752,0.981615126133
-0.362812995911,0.298851579428,1.0,-0.565501868725,0.18134072423,0.983232557774
-0.378865510225,0.316030085087,1.0,-0.576581597328,0.193742752075,0.984720051289
-0.386767566204,0.324723422527,1.0,-0.58327126503,0.201634839177,0.985203385353
-0.402266532183,0.342288583517,1.0,-0.59310990572,0.213372811675,0.98547154665
-0.409846514463,0.351154536009,1.0,-0.597247540951,0.218760326505,0.985259652138
-0.424612343311,0.369022905827,1.0,-0.608892321587,0.233666345477,0.984938323498
-0.431781888008,0.378019452095,1.0,-0.615778625011,0.243221491575,0.985027372837
-0.452317237854,0.405193179846,1.0,-0.628861784935,0.263363957405,0.985509932041
-0.465111136436,0.423418909311,1.0,-0.637346625328,0.277830481529,0.987474739552
-0.482799470425,0.450839608908,1.0,-0.650081455708,0.301788777113,0.989540934563
-0.488263964653,0.459982335567,1.0,-0.653926730156,0.310443967581,0.990049540997
-0.503278672695,0.487376570702,1.0,-0.663365960121,0.332058668137,0.989520013332
-0.512076675892,0.505566239357,1.0,-0.668310165405,0.345398157835,0.988950192928
-0.523355960846,0.532675743103,1.0,-0.674953937531,0.370119094849,0.987016499043
-0.526585876942,0.541650533676,1.0,-0.675054490566,0.375424295664,0.987360596657
-0.532226383686,0.559481024742,1.0,-0.676555216312,0.387533724308,0.987095415592
-0.534631788731,0.568333923817,1.0,-0.676206469536,0.394401282072,0.987713575363
-0.538600444794,0.585907042027,1.0,-0.67604970932,0.406053155661,0.987989723682
-0.540157616138,0.594614565372,1.0,-0.67552626133,0.41295465827,0.987879753113
-0.542410850525,0.611868202686,1.0,-0.6748290658,0.423102855682,0.987126231194
-0.543103992939,0.620408833027,1.0,-0.673337101936,0.430806308985,0.986177265644
-0.543618440628,0.637298822403,1.0,-0.671034812927,0.44161644578,0.984907209873
-0.543439090252,0.645646572113,1.0,-0.66899061203,0.448552787304,0.983938276768
-0.542207419872,0.662129580975,1.0,-0.664284169674,0.460845381021,0.982218325138
-0.541155874729,0.670263767242,1.0,-0.661642372608,0.466714024544,0.982100725174
-0.538186848164,0.686300694942,1.0,-0.656660914421,0.476761817932,0.981207370758
-0.536271452904,0.694202721119,1.0,-0.654294788837,0.480565279722,0.981266379356
-0.531589388847,0.709758520126,1.0,-0.647105038166,0.491460293531,0.981763780117
-0.528827309608,0.717408895493,1.0,-0.642001092434,0.497755676508,0.981674134731
-0.522470355034,0.732455253601,1.0,-0.633925974369,0.507614910603,0.98174059391
-0.496996074915,0.775399386883,1.0,-0.605711460114,0.53670924902,0.978033483028
-0.491853684187,0.782228291035,1.0,-0.599259853363,0.542051076889,0.977593660355
-0.480851203203,0.795580685139,1.0,-0.585508823395,0.552983164787,0.976182937622
-0.474990338087,0.802114963531,1.0,-0.581354320049,0.55624127388,0.976770162582
-0.462607800961,0.814860105515,1.0,-0.571823239326,0.563019812107,0.977021336555
-0.456080585718,0.821086645126,1.0,-0.563827097416,0.56830483675,0.978125452995
-0.442407876253,0.833219349384,1.0,-0.548976898193,0.577962756157,0.979197561741
-0.435266584158,0.839131236076,1.0,-0.543788850307,0.581034123898,0.979347169399
-0.420412987471,0.850635945797,1.0,-0.529721021652,0.589333355427,0.979838192463
-0.412710487843,0.8562297225,1.0,-0.524809837341,0.592631518841,0.978604733944
-0.388586908579,0.872363686562,1.0,-0.505250573158,0.603419542313,0.977941870689
-0.371722787619,0.882576167583,1.0,-0.492312461138,0.610123574734,0.977611839771
-0.363064259291,0.887524724007,1.0,-0.484247863293,0.614425003529,0.978061497211
-0.345385223627,0.897072017193,1.0,-0.46748894453,0.622709274292,0.978038370609
-0.327213585377,0.906180918217,1.0,-0.454519331455,0.628893435001,0.979084610939
-0.317965388298,0.910566747189,1.0,-0.44696700573,0.632405102253,0.97945690155
-0.289635628462,0.923050284386,1.0,-0.424236059189,0.641900837421,0.981753528118
-0.270333200693,0.930803775787,1.0,-0.410745590925,0.647221386433,0.981106877327
-0.260573506355,0.934508860111,1.0,-0.406625032425,0.648954033852,0.980709016323
-0.240870714188,0.941571295261,1.0,-0.391021996737,0.655358016491,0.979879498482
-0.230939120054,0.94492739439,1.0,-0.382971763611,0.658762812614,0.979496181011
-0.210951253772,0.951283574104,1.0,-0.373679488897,0.662209928036,0.979056179523
-0.200898036361,0.954284727573,1.0,-0.367482692003,0.664400935173,0.979174733162
-0.180706724524,0.959927141666,1.0,-0.351451814175,0.670288562775,0.979941368103
-0.150293633342,0.967477202415,1.0,-0.331318587065,0.676501691341,0.981950342655
-0.140134185553,0.969748973846,1.0,-0.326968252659,0.677819669247,0.982372999191
-0.119819283485,0.973918199539,1.0,-0.313151240349,0.681764304638,0.983035206795
-0.109668463469,0.975814938545,1.0,-0.309521853924,0.682648837566,0.982664048672
-0.0793027952313,0.980741977692,1.0,-0.291105866432,0.68752270937,0.981045246124
-0.0591635555029,0.983383893967,1.0,-0.277269244194,0.691034436226,0.979175329208
-0.049144577235,0.984508752823,1.0,-0.273246228695,0.692024409771,0.978666186333
-0.0291937999427,0.986366093159,1.0,-0.262768298388,0.693837046623,0.977675616741
-0.0192799046636,0.987095892429,1.0,-0.256782919168,0.694503009319,0.977118074894
0.000425035104854,0.988155424595,1.0,-0.244111701846,0.697564840317,0.977644026279
0.0102028045803,0.988483428955,1.0,-0.238236144185,0.698437809944,0.977450072765
0.0296068787575,0.988733053207,1.0,-0.227405846119,0.700353085995,0.978365600109
0.0864072665572,0.986188650131,1.0,-0.200993180275,0.702658593655,0.974733769894
0.0956424921751,0.985279321671,1.0,-0.196303069592,0.703094422817,0.973684847355
0.113902851939,0.983040511608,1.0,-0.186598584056,0.703425228596,0.971634328365
0.122924536467,0.981710374355,1.0,-0.183729141951,0.703474283218,0.97112184763
0.140735939145,0.978628277779,1.0,-0.172888070345,0.70308470726,0.970287322998
0.14952608943,0.97687548399,1.0,-0.169847741723,0.702932775021,0.970391571522
0.166864842176,0.972946226597,1.0,-0.160420939326,0.701992928982,0.970155775547
0.175407528877,0.970770657063,1.0,-0.157545045018,0.701453149319,0.969907045364
0.200533896685,0.963395833969,1.0,-0.145034894347,0.698920726776,0.969238102436
0.216848641634,0.95777618885,1.0,-0.135836839676,0.696237027645,0.96708792448
0.224873736501,0.954755604267,1.0,-0.133109718561,0.695361673832,0.966295182705
0.240647822618,0.948297262192,1.0,-0.12488989532,0.692364573479,0.964397251606
0.248394802213,0.944860577583,1.0,-0.122645974159,0.691599309444,0.963877677917
0.271074682474,0.933722615242,1.0,-0.112379536033,0.687362492085,0.962616562843
0.292880833149,0.921363532543,1.0,-0.10225186497,0.682264924049,0.96254080534
0.306922197342,0.912454366684,1.0,-0.0932600498199,0.676883637905,0.962879836559
0.313782215118,0.907807528973,1.0,-0.0905977189541,0.674957573414,0.962748467922
0.327192991972,0.898123502731,1.0,-0.0827684104443,0.669024586678,0.961746037006
0.333740741014,0.893088757992,1.0,-0.0803016573191,0.667069792747,0.961150527
0.346505850554,0.882646739483,1.0,-0.0731796473265,0.661020994186,0.959401786327
0.364811629057,0.866070330143,1.0,-0.0637412369251,0.651967287064,0.95780479908
0.370682924986,0.860307574272,1.0,-0.061531715095,0.649769246578,0.957647144794
0.38206616044,0.848440468311,1.0,-0.0543620474637,0.642186522484,0.95748513937
0.387576758862,0.842337727547,1.0,-0.0522848591208,0.639899194241,0.957764744759
0.398222833872,0.829808592796,1.0,-0.0456719920039,0.631748616695,0.958384394646
0.403356701136,0.823384046555,1.0,-0.0438087284565,0.629159033298,0.958730995655
0.413232952356,0.810230791569,1.0,-0.0394870750606,0.622745752335,0.959336400032
0.417973518372,0.803504168987,1.0,-0.0371421799064,0.619069457054,0.959722578526
0.427046507597,0.789767622948,1.0,-0.032741162926,0.611111819744,0.960147440434
0.431375235319,0.78276258707,1.0,-0.0300304908305,0.607011198997,0.958178579807
0.439612537622,0.768483400345,1.0,-0.0246876869351,0.596543669701,0.956603765488
0.443514168262,0.761219799519,1.0,-0.0223552491516,0.591277837753,0.956091880798
0.450879901648,0.746446251869,1.0,-0.0178491175175,0.582165241241,0.955868065357
0.454337388277,0.738947331905,1.0,-0.0162918474525,0.578920841217,0.95596665144
0.460796564817,0.723729968071,1.0,-0.0122056612745,0.569131016731,0.956429123878
0.463794440031,0.716017067432,1.0,-0.0108922831714,0.56588447094,0.957145035267
0.469314366579,0.700405359268,1.0,-0.00804417952895,0.557848572731,0.958333551884
0.471835017204,0.692506194115,1.0,-0.00656660366803,0.553472578526,0.959034979343
0.476386010647,0.676544547081,1.0,-0.00385903147981,0.543560147285,0.959075987339
0.478413850069,0.668484687805,1.0,-0.00255330838263,0.538772702217,0.959198176861
0.481964558363,0.652227342129,1.0,0.000601095031016,0.523954868317,0.957430839539
0.483484953642,0.644032537937,1.0,0.00131271139253,0.52017724514,0.957005023956
0.486007153988,0.627531170845,1.0,0.00372737809084,0.507493436337,0.956209599972
0.487006604671,0.619227230549,1.0,0.00427625468001,0.503654956818,0.956051766872
0.488940954208,0.594146430492,1.0,0.00617696437985,0.48777782917,0.956658661366
0.48933199048,0.577311754227,1.0,0.00733453268185,0.476499408484,0.957291543484
0.489254593849,0.568866670132,1.0,0.00728473858908,0.472414940596,0.958000004292
0.488549083471,0.551941335201,1.0,0.00720835849643,0.459669262171,0.959116458893
0.487919062376,0.543463289738,1.0,0.00700149824843,0.455453455448,0.959235548973
0.486101090908,0.526496231556,1.0,0.00628976058215,0.44517275691,0.959110081196
0.481969952583,0.501051008701,1.0,0.00476576015353,0.427136600018,0.957270979881
0.480215996504,0.49257811904,1.0,0.00400777766481,0.421160191298,0.956712663174
0.473821222782,0.467229872942,1.0,0.00230728834867,0.406508207321,0.955383658409
0.468613892794,0.450414210558,1.0,-0.00073220388731,0.393053621054,0.955900549889
0.465725779533,0.442033290863,1.0,-0.00222162948921,0.386495560408,0.955774307251
0.459385037422,0.425345361233,1.0,-0.00495580583811,0.375897467136,0.95744395256
0.455932021141,0.417039006948,1.0,-0.00596453761682,0.372559338808,0.958200156689
0.448465913534,0.400516301394,1.0,-0.00974630657583,0.360592573881,0.958846867085
0.444454550743,0.392304062843,1.0,-0.0113108949736,0.356499582529,0.958688795567
0.435874432325,0.375975489616,1.0,-0.014893963933,0.346418380737,0.958106100559
0.431309252977,0.367865234613,1.0,-0.0168126896024,0.341513425112,0.957785367966
0.421636283398,0.351762413979,1.0,-0.023437064141,0.327313005924,0.956494867802
0.416531294584,0.34377220273,1.0,-0.0261676385999,0.320838451385,0.956016123295
0.405785650015,0.327910155058,1.0,-0.0319390781224,0.310117989779,0.956609129906
0.400150150061,0.320043236017,1.0,-0.0340111255646,0.306345641613,0.956888616085
0.388367503881,0.304447561502,1.0,-0.0402019247413,0.295259267092,0.957981109619
0.382219672203,0.296714067459,1.0,-0.0422725826502,0.29174503684,0.958516836166
0.36942845583,0.281387269497,1.0,-0.0499166287482,0.279431521893,0.959811449051
0.349030315876,0.258743613958,1.0,-0.0622489638627,0.260692507029,0.960955023766
0.341917306185,0.25128826499,1.0,-0.0632436722517,0.258983075619,0.959605038166
0.327241122723,0.2365206182,1.0,-0.0710182636976,0.24821588397,0.95835340023
0.319680899382,0.229205131531,1.0,-0.0752204507589,0.242768004537,0.95792132616
0.30413711071,0.214715123177,1.0,-0.0836978554726,0.231991171837,0.957069814205
0.296147614717,0.207528620958,1.0,-0.085743509233,0.229260727763,0.957780122757
0.271425873041,0.186265602708,1.0,-0.0992506965995,0.212652266026,0.958668231964
0.254329919815,0.172308951616,1.0,-0.10876198113,0.201444908977,0.959755063057
0.245595112443,0.165382906795,1.0,-0.113691180944,0.195922791958,0.960433542728
0.227821752429,0.151670277119,1.0,-0.12118576467,0.187775343657,0.961261808872
0.218770742416,0.144865468144,1.0,-0.124644182622,0.184188678861,0.961077988148
0.200377643108,0.131365910172,1.0,-0.133006334305,0.175245985389,0.960870027542
0.191040441394,0.12466583401,1.0,-0.138535439968,0.169543221593,0.960224628448
0.172117188573,0.111365713179,1.0,-0.147146955132,0.160349518061,0.959654450417
0.162532627583,0.104757450521,1.0,-0.152529403567,0.154940918088,0.959797859192
0.143151164055,0.0916242152452,1.0,-0.163411289454,0.14369609952,0.960216403008
0.113605961204,0.0720992982388,1.0,-0.176905855536,0.129988223314,0.961418449879
0.0836080387235,0.052742831409,1.0,-0.19324529171,0.112524658442,0.963500738144
0.0735290721059,0.0463185869157,1.0,-0.196982458234,0.108444169164,0.963753044605
0.0532864294946,0.0335041880608,1.0,-0.208701342344,0.0960783213377,0.963785886765
0.0431324504316,0.0271101407707,1.0,-0.214454367757,0.0898168385029,0.96375054121
0.0227755028754,0.0143337585032,1.0,-0.223147779703,0.0804946199059,0.963069200516
-0.00780235510319,-0.00482499180362,1.0,-0.239248082042,0.0633192658424,0.963030517101
-0.0383144915104,-0.0240216460079,1.0,-0.251863598824,0.049267385155,0.964413940907
-0.0585597120225,-0.0368659421802,1.0,-0.261553704739,0.0379891842604,0.965868651867
-0.0686350315809,-0.0433042757213,1.0,-0.26623621583,0.0324605554342,0.96663248539
-0.088680319488,-0.0562290772796,1.0,-0.276149153709,0.0201603267342,0.968291163445
-0.1476316154,-0.0954829826951,1.0,-0.304273217916,-0.0172327477485,0.968174159527
-0.157240256667,-0.102110877633,1.0,-0.310391247272,-0.0254379417747,0.967853307724
-0.176230370998,-0.115448564291,1.0,-0.318205952644,-0.0361456759274,0.967724084854
-0.185607641935,-0.122163295746,1.0,-0.325218230486,-0.0463052019477,0.968262970448
-0.20410014689,-0.135684907436,1.0,-0.331964164972,-0.0566291920841,0.968888759613
-0.213207960129,-0.142493799329,1.0,-0.338168382645,-0.0664384439588,0.96977943182
-0.231135472655,-0.156217738986,1.0,-0.344734758139,-0.0772338956594,0.970683515072
-0.239948034286,-0.163134515285,1.0,-0.348825454712,-0.0839565992355,0.971199512482
-0.257246732712,-0.177076101303,1.0,-0.356070935726,-0.0965914055705,0.971717178822
-0.265729516745,-0.184104949236,1.0,-0.362478494644,-0.107970058918,0.971411764622
-0.282336264849,-0.198273390532,1.0,-0.369484215975,-0.120774030685,0.970923423767
-0.306325614452,-0.219828695059,1.0,-0.379052639008,-0.139497742057,0.969436407089
-0.314064055681,-0.227095261216,1.0,-0.383604347706,-0.148623391986,0.968970954418
-0.329132735729,-0.241747513413,1.0,-0.389793664217,-0.162031576037,0.968485176563
-0.336460590363,-0.249136164784,1.0,-0.393297255039,-0.170023038983,0.968669176102
-0.357579678297,-0.271542936563,1.0,-0.402435332537,-0.192065834999,0.969606161118
-0.377357333899,-0.294310808182,1.0,-0.411067962646,-0.215355396271,0.970548927784
-0.389767736197,-0.309684067965,1.0,-0.415687799454,-0.228208586574,0.970344662666
-0.39573597908,-0.317429274321,1.0,-0.418255627155,-0.235650777817,0.970196843147
-0.407184869051,-0.333027541637,1.0,-0.423116713762,-0.250373631716,0.968975245953
-0.412664294243,-0.340882152319,1.0,-0.425429403782,-0.257722377777,0.968516647816
-0.423120856285,-0.356691718102,1.0,-0.43044346571,-0.274101674557,0.967374563217
-0.437532454729,-0.380648195744,1.0,-0.436378806829,-0.296763271093,0.966759562492
-0.441992849112,-0.388696342707,1.0,-0.438688665628,-0.307012557983,0.96712833643
-0.450391113758,-0.40487959981,1.0,-0.442677557468,-0.324050873518,0.96735149622
-0.454323202372,-0.413005441427,1.0,-0.44388756156,-0.331867724657,0.967805922031
-0.461653649807,-0.429328203201,1.0,-0.447008103132,-0.348535507917,0.968398213387
-0.46505010128,-0.437522172928,1.0,-0.448306709528,-0.356366485357,0.967943310738
-0.471302360296,-0.453970611095,1.0,-0.45049020648,-0.369480013847,0.966914892197
-0.479314804077,-0.478763222694,1.0,-0.454040557146,-0.393219321966,0.965088486671
-0.481618911028,-0.487053066492,1.0,-0.455009222031,-0.401166141033,0.964402079582
-0.485672533512,-0.50365537405,1.0,-0.456798672676,-0.417656749487,0.963821411133
-0.487421989441,-0.511967182159,1.0,-0.457462161779,-0.425742149353,0.963422119617
-0.49036309123,-0.528595685959,1.0,-0.458568483591,-0.442383140326,0.96366417408
-0.493378847837,-0.553529381752,1.0,-0.459420740604,-0.466925829649,0.964336693287
-0.494790732861,-0.586665093899,1.0,-0.46011736989,-0.500285446644,0.963478624821
-0.493896812201,-0.611351013184,1.0,-0.459766387939,-0.528440773487,0.960916757584
-0.492375016212,-0.627700150013,1.0,-0.458955228329,-0.543499827385,0.959799289703
-0.491338133812,-0.635830640793,1.0,-0.458357572556,-0.553126633167,0.959671854973
-0.487128436565,-0.660035252571,1.0,-0.456617176533,-0.573268771172,0.9596824646
-0.483413994312,-0.675984740257,1.0,-0.455150425434,-0.587654054165,0.95975458622
-0.476497411728,-0.699578166008,1.0,-0.45143327117,-0.612741589546,0.961136043072
-0.47383633256,-0.70734667778,1.0,-0.450241774321,-0.619804620743,0.961208581924
-0.467989385128,-0.722718477249,1.0,-0.447629511356,-0.636385083199,0.960901737213
-0.457922101021,-0.745333492756,1.0,-0.442235797644,-0.663708508015,0.959330022335
-0.454225420952,-0.752744138241,1.0,-0.440983057022,-0.670682251453,0.958818614483
-0.446331441402,-0.767354369164,1.0,-0.437924623489,-0.684571266174,0.958167791367
-0.442135691643,-0.774551689625,1.0,-0.436097413301,-0.69216054678,0.957786440849
-0.433257877827,-0.78871268034,1.0,-0.432247668505,-0.706885278225,0.957182466984
-0.418746054173,-0.809341013432,1.0,-0.426018536091,-0.725458800793,0.959884762764
-0.41359680891,-0.816044270992,1.0,-0.424071907997,-0.731051325798,0.96041816473
-0.402844667435,-0.829173386097,1.0,-0.419711858034,-0.743633210659,0.961373150349
-0.397243618965,-0.835596978664,1.0,-0.415935188532,-0.755186736584,0.96029728651
-0.385606110096,-0.848145604134,1.0,-0.411241799593,-0.767831206322,0.959712862968
-0.379573941231,-0.854266226292,1.0,-0.408140689135,-0.775367498398,0.959046840668
-0.367086350918,-0.866195857525,1.0,-0.403269261122,-0.787222862244,0.958400547504
-0.347349703312,-0.883260607719,1.0,-0.395499378443,-0.803498208523,0.958000659943
-0.340504646301,-0.888725340366,1.0,-0.392832636833,-0.808111011982,0.95835852623
-0.326447814703,-0.899292528629,1.0,-0.386792004108,-0.818620800972,0.958911716938
-0.319224387407,-0.904403269291,1.0,-0.382840573788,-0.825282275677,0.959401845932
-0.304449915886,-0.914234399796,1.0,-0.377112448215,-0.834308087826,0.960244715214
-0.296875298023,-0.918970167637,1.0,-0.37305226922,-0.840921521187,0.960381090641
-0.281417071819,-0.928039848804,1.0,-0.366965591908,-0.850423753262,0.960487604141
-0.257429808378,-0.940656721592,1.0,-0.357331454754,-0.8638215065,0.959147572517
-0.249223604798,-0.944596171379,1.0,-0.352987140417,-0.869388520718,0.958608686924
-0.232549250126,-0.95204937458,1.0,-0.346350371838,-0.877637267113,0.958067655563
-0.224057257175,-0.955573320389,1.0,-0.342063456774,-0.881999373436,0.958237469196
-0.20684234798,-0.962182819843,1.0,-0.334899991751,-0.888628482819,0.9582208395
-0.198105096817,-0.96527415514,1.0,-0.330487340689,-0.892863214016,0.958973824978
-0.180384233594,-0.971024036407,1.0,-0.322897285223,-0.899028420448,0.960068166256
-0.153252348304,-0.978545308113,1.0,-0.308489054441,-0.910305559635,0.962387561798
-0.144068598747,-0.980755865574,1.0,-0.305347174406,-0.912718772888,0.961757540703
-0.125515684485,-0.984726369381,1.0,-0.298679351807,-0.917604863644,0.961513876915
-0.116145141423,-0.986486434937,1.0,-0.293740689754,-0.920546710491,0.960790991783
-0.0972560346127,-0.989549040794,1.0,-0.286335349083,-0.925063431263,0.959991574287
-0.0876994356513,-0.990856945515,1.0,-0.281364440918,-0.927314639091,0.959815621376
-0.0589017532766,-0.993845999241,1.0,-0.268522620201,-0.932781755924,0.95985263586
-0.0394973829389,-0.995075166225,1.0,-0.257740408182,-0.936602950096,0.959928929806
-0.0101642617956,-0.995769381523,1.0,-0.244667202234,-0.938950240612,0.962894022465
0.00950117316097,-0.995466470718,1.0,-0.238328054547,-0.940125048161,0.963751494884
0.0390890166163,-0.993868529797,1.0,-0.224891811609,-0.942272126675,0.963001847267
0.0489601492882,-0.993032693863,1.0,-0.221391901374,-0.942694783211,0.962612509727
0.0687014833093,-0.990908622742,1.0,-0.211564272642,-0.943220555782,0.961695849895
0.0982492342591,-0.986601412296,1.0,-0.197454109788,-0.942641496658,0.960958003998
0.10806735605,-0.984869360924,1.0,-0.194186910987,-0.942235350609,0.960974872112
0.127628654242,-0.980966806412,1.0,-0.184573769569,-0.940683960915,0.961616873741
0.13736794889,-0.978797376156,1.0,-0.181047707796,-0.940139710903,0.962098896503
0.156737059355,-0.974028885365,1.0,-0.171567127109,-0.938143372536,0.9632152915
0.166359066963,-0.971431970596,1.0,-0.168758630753,-0.937406241894,0.963497877121
0.185465559363,-0.965816497803,1.0,-0.157085701823,-0.934378087521,0.964307785034
0.194941997528,-0.962800204754,1.0,-0.154184937477,-0.933569729328,0.964218139648
0.213713809848,-0.956358969212,1.0,-0.144987538457,-0.931015431881,0.964187145233
0.223001033068,-0.952936708927,1.0,-0.142016336322,-0.929577291012,0.963340759277
0.241364732385,-0.945693016052,1.0,-0.131866872311,-0.924799025059,0.962120890617
0.250432908535,-0.941874265671,1.0,-0.128717899323,-0.923294961452,0.961944162846
0.277125120163,-0.929650127888,1.0,-0.11613497138,-0.916917920113,0.9617177248
0.302954733372,-0.916309356689,1.0,-0.104106716812,-0.909927427769,0.962989866734
0.319646328688,-0.906810224056,1.0,-0.0963509604335,-0.904897212982,0.964073359966
0.32781663537,-0.901886403561,1.0,-0.0924546420574,-0.902175605297,0.964620769024
0.343794673681,-0.891692280769,1.0,-0.0833370313048,-0.896167576313,0.963762700558
0.351593881845,-0.886425018311,1.0,-0.079342186451,-0.893328607082,0.963749110699
0.366785883904,-0.875562131405,1.0,-0.0713622495532,-0.887631356716,0.96357446909
0.374173313379,-0.869967639446,1.0,-0.0689855962992,-0.885280668736,0.96182256937
0.388504743576,-0.858464896679,1.0,-0.0602879300714,-0.87728613615,0.96069329977
0.395440846682,-0.852560043335,1.0,-0.0577743798494,-0.874831557274,0.960368096828
0.408841729164,-0.840444743633,1.0,-0.0496740564704,-0.866705715656,0.960412979126
0.427693247795,-0.821544408798,1.0,-0.0400333851576,-0.856142580509,0.961144924164
0.43362647295,-0.81505972147,1.0,-0.0381279364228,-0.853748857975,0.961229205132
0.444949030876,-0.801820516586,1.0,-0.0324614793062,-0.846556127071,0.961854100227
0.450333446264,-0.795066893101,1.0,-0.0296827740967,-0.843121945858,0.961639285088
0.460525304079,-0.781308412552,1.0,-0.0232078582048,-0.833564698696,0.960255622864
0.465326458216,-0.774307191372,1.0,-0.0214338954538,-0.830733716488,0.959785103798
0.47432756424,-0.760064959526,1.0,-0.0164050478488,-0.822879552841,0.959006905556
0.486280798912,-0.738132596016,1.0,-0.00974909961224,-0.811808764935,0.957869946957
0.496308326721,-0.715574622154,1.0,-0.00417042709887,-0.796808063984,0.958110570908
0.499213606119,-0.707922339439,1.0,-0.00302369054407,-0.793169140816,0.958392322063
0.506586968899,-0.684603631496,1.0,0.000472770538181,-0.779492139816,0.959165215492
0.511915206909,-0.660781562328,1.0,0.00316552631557,-0.765032529831,0.95914119482
0.515166521072,-0.636513590813,1.0,0.00438126688823,-0.752977609634,0.956901729107
0.516170799732,-0.620117425919,1.0,0.00485948612913,-0.742537081242,0.955420732498
0.516323029995,-0.611862063408,1.0,0.00495600281283,-0.737415969372,0.954729616642
0.515927910805,-0.595238745213,1.0,0.00467857765034,-0.727626979351,0.95434653759
0.515381395817,-0.586881756783,1.0,0.00422335229814,-0.724282383919,0.954630792141
0.513593196869,-0.57007920742,1.0,0.00304220546968,-0.712615966797,0.955376803875
0.512353658676,-0.561641693115,1.0,0.00225415150635,-0.708941996098,0.955591857433
0.509188771248,-0.54469949007,1.0,0.000177257214091,-0.696791231632,0.956198751926
0.507266283035,-0.536199748516,1.0,-0.00112052739132,-0.690628230572,0.956415355206
0.502751886845,-0.519161880016,1.0,-0.00348791270517,-0.68277156353,0.955996930599
0.500163197517,-0.510625481606,1.0,-0.00518155191094,-0.677553415298,0.955856859684
0.494337260723,-0.49353697896,1.0,-0.00879670679569,-0.667010724545,0.953610062599
0.49110430479,-0.484986722469,1.0,-0.0100649194792,-0.663598120213,0.953043043613
0.484015911818,-0.467893868685,1.0,-0.0144262779504,-0.652267158031,0.951845288277
0.480167359114,-0.459356486797,1.0,-0.0160649642348,-0.648328840733,0.951587021351
0.471875011921,-0.442303329706,1.0,-0.0212378650904,-0.636718332767,0.951359689236
0.458018034697,-0.416837751865,1.0,-0.0284555889666,-0.621746063232,0.95196723938
0.453039109707,-0.40839189291,1.0,-0.0303905121982,-0.618268966675,0.95217949152
0.437079101801,-0.383204340935,1.0,-0.0386739745736,-0.603109776974,0.952246069908
0.425646275282,-0.36657834053,1.0,-0.0453597083688,-0.591828167439,0.95100569725
0.419708907604,-0.358324021101,1.0,-0.0475983172655,-0.587983310223,0.950597822666
0.407416731119,-0.341940790415,1.0,-0.0534347854555,-0.578489422798,0.949600756168
0.40107139945,-0.333814531565,1.0,-0.0562226809561,-0.573536336422,0.949174940586
0.381340742111,-0.30976614356,1.0,-0.0645208805799,-0.55911719799,0.948571026325
0.367662221193,-0.294023811817,1.0,-0.0703205093741,-0.54986256361,0.948659718037
0.36068457365,-0.286247014999,1.0,-0.073140360415,-0.5452491045,0.948665618896
0.324708789587,-0.248439848423,1.0,-0.0913214161992,-0.518812596798,0.949735820293
0.302507519722,-0.226712688804,1.0,-0.101375982165,-0.504790067673,0.948341369629
0.295045405626,-0.219643443823,1.0,-0.105235740542,-0.499581068754,0.947856962681
0.28007787466,-0.205785229802,1.0,-0.110711753368,-0.490501403809,0.947276711464
0.257620602846,-0.18572884798,1.0,-0.118805408478,-0.47758936882,0.947315752506
0.250150889158,-0.179237946868,1.0,-0.120912730694,-0.47401663661,0.947560429573
0.235322237015,-0.166599363089,1.0,-0.126100346446,-0.464980483055,0.948496103287
0.227948457003,-0.160431310534,1.0,-0.127932950854,-0.46202725172,0.948762238026
0.213372573256,-0.148454606533,1.0,-0.132420107722,-0.454346954823,0.949698746204
0.184958696365,-0.125877335668,1.0,-0.140528991818,-0.438258320093,0.948033869267
0.171227961779,-0.115307278931,1.0,-0.144066482782,-0.430682063103,0.946921169758
0.164498150349,-0.110203281045,1.0,-0.14602522552,-0.426516711712,0.946216464043
0.151354715228,-0.100376024842,1.0,-0.149495363235,-0.418736338615,0.944844663143
0.144943654537,-0.09564858675,1.0,-0.149519711733,-0.415984034538,0.946339190006
0.132453143597,-0.0865595936775,1.0,-0.151062309742,-0.41018524766,0.946324884892
0.114708229899,-0.0739164799452,1.0,-0.152802884579,-0.399190098047,0.948396623135
0.109055124223,-0.0699538290501,1.0,-0.15298011899,-0.396774172783,0.948518455029
0.0981652215123,-0.0624079927802,1.0,-0.153891056776,-0.390337318182,0.949351251125
0.0929385721684,-0.0588270798326,1.0,-0.15342952311,-0.388560175896,0.948042988777
0.0829284191132,-0.0520426332951,1.0,-0.153394296765,-0.383794605732,0.947374641895
0.0781439244747,-0.0488341413438,1.0,-0.153022989631,-0.380727529526,0.946746170521
0.069055557251,-0.0428008362651,1.0,-0.152405127883,-0.376208692789,0.94572687149
0.0647366642952,-0.039962220937,1.0,-0.151359602809,-0.373196929693,0.94590318203
0.0565871186554,-0.03465648368,1.0,-0.149741858244,-0.368422746658,0.945710778236
0.0527429431677,-0.0321770533919,1.0,-0.148689642549,-0.365900754929,0.945554196835
0.0455380268395,-0.0275713801384,1.0,-0.146283656359,-0.361027181149,0.945540845394
0.0421665981412,-0.0254350993782,1.0,-0.144337430596,-0.358738422394,0.946673870087
0.0359004698694,-0.0214979238808,1.0,-0.140822306275,-0.353383541107,0.947559893131
0.0329956188798,-0.0196878127754,1.0,-0.139613568783,-0.352372795343,0.947135865688
0.0276393741369,-0.0163765475154,1.0,-0.136606484652,-0.348974794149,0.946899354458
0.0251826215535,-0.0148696219549,1.0,-0.13482812047,-0.346906960011,0.945892095566
0.0207015257329,-0.0121414363384,1.0,-0.130879715085,-0.34209087491,0.944792449474
0.0150081720203,-0.00871638953686,1.0,-0.12602096796,-0.337455272675,0.943903326988
0.010463767685,-0.00602006725967,1.0,-0.121910616755,-0.333054333925,0.943554222584
0.0091849192977,-0.00526811508462,1.0,-0.116700910032,-0.329848766327,0.944903612137
0.00695462012663,-0.0039649521932,1.0,-0.11290679872,-0.327080279589,0.946161806583
0.00512736523524,-0.00290610943921,1.0,-0.107279717922,-0.32321164012,0.947502970695
0.00435284757987,-0.0024600145407,1.0,-0.104735828936,-0.32121643424,0.948063254356
0.00165581027977,-0.000922874896787,1.0,-0.0956642180681,-0.314226984978,0.946117043495
0.00131425680593,-0.000730546133127,1.0,-0.0934913605452,-0.312365621328,0.9456153512
0.00078670878429,-0.00043498762534,1.0,-0.0909586921334,-0.30924603343,0.945092082024
0.000590190989897,-0.000325471395627,1.0,-0.0891018211842,-0.307443916798,0.944806277752
0.000306738103973,-0.000168286074768,1.0,-0.0864530876279,-0.303559601307,0.945404231548
0.000210344587686,-0.000115073264169,1.0,-0.085029348731,-0.301565825939,0.945565879345
8.57928607729e-05,-4.67156532977e-05,1.0,-0.0828356742859,-0.297767370939,0.94705337286
4.96913053212e-05,-2.69543943432e-05,1.0,-0.0818539038301,-0.29573777318,0.947578191757
4.15814020016e-06,-2.24481095756e-06,1.0,-0.0794719532132,-0.28976520896,0.948945462704
-4.69268798042e-07,2.18190308487e-07,1.0,-0.0788069441915,-0.286972105503,0.947329223156
-5.08420612277e-07,2.7927498536e-07,1.0,-0.0783340632915,-0.284945040941,0.94693428278
-5.65574623579e-07,2.87925558951e-07,1.0,-0.0780478864908,-0.280216813087,0.945691287518
-5.65574623579e-07,2.87925558951e-07,1.0,-0.0779471844435,-0.27786898613,0.945103824139
-5.65574623579e-07,2.87925558951e-07,1.0,-0.0781232863665,-0.272547483444,0.944846451283
-5.65574623579e-07,2.87925558951e-07,1.0,-0.0782136321068,-0.269813418388,0.944614768028
-5.65574623579e-07,2.87925558951e-07,1.0,-0.0790421143174,-0.266154795885,0.945548534393
-5.65574623579e-07,2.87925558951e-07,1.0,-0.0808373093605,-0.259310781956,0.94688051939
-5.65574623579e-07,2.87925558951e-07,1.0,-0.0814702957869,-0.257173240185,0.947292923927
-5.65574623579e-07,2.87925558951e-07,1.0,-0.0837133973837,-0.251940518618,0.947152614594
-5.65574623579e-07,2.87925558951e-07,1.0,-0.0847551599145,-0.249477684498,0.947149455547
-5.65574623579e-07,2.87925558951e-07,1.0,-0.086778908968,-0.245152533054,0.945394277573
-5.65574623579e-07,2.87925558951e-07,1.0,-0.0880517140031,-0.242610394955,0.944849550724
-5.65574623579e-07,2.87925558951e-07,1.0,-0.0910963118076,-0.237361758947,0.943816423416
-5.65574623579e-07,2.87925558951e-07,1.0,-0.0947540402412,-0.230847597122,0.943639397621
-5.65574623579e-07,2.87925558951e-07,1.0,-0.0989844128489,-0.223971843719,0.944544136524
-5.65574623579e-07,2.87925558951e-07,1.0,-0.100401885808,-0.221770972013,0.944999217987
-5.65574623579e-07,2.87925558951e-07,1.0,-0.103494614363,-0.217081174254,0.945743501186
-5.65574623579e-07,2.87925558951e-07,1.0,-0.105154030025,-0.215011715889,0.946132421494
-5.65574623579e-07,2.87925558951e-07,1.0,-0.109329350293,-0.209800481796,0.945234835148
-5.65574623579e-07,2.87925558951e-07,1.0,-0.11557263881,-0.201773956418,0.94319331646
-5.65574623579e-07,2.87925558951e-07,1.0,-0.121088013053,-0.194561943412,0.942144870758
-5.65574623579e-07,2.87925558951e-07,1.0,-0.121830828488,-0.193678662181,0.942285835743
-5.65574623579e-07,2.87925558951e-07,1.0,-0.127360671759,-0.186565369368,0.941817939281
-5.65574623579e-07,2.87925558951e-07,1.0,-0.130029737949,-0.183191269636,0.941594541073
-5.65574623579e-07,2.87925558951e-07,1.0,-0.131675794721,-0.181922957301,0.94356739521
-5.65574623579e-07,2.87925558951e-07,1.0,-0.137332066894,-0.176054239273,0.944593667984
-5.65574623579e-07,2.87925558951e-07,1.0,-0.139530867338,-0.173821493983,0.94483757019
-5.65574623579e-07,2.87925558951e-07,1.0,-0.142692536116,-0.170904815197,0.943554103374
-5.65574623579e-07,2.87925558951e-07,1.0,-0.144799545407,-0.168847218156,0.943190872669
-5.65574623579e-07,2.87925558951e-07,1.0,-0.148758798838,-0.164754807949,0.942004442215
-5.65574623579e-07,2.87925558951e-07,1.0,-0.150881767273,-0.162615999579,0.941428184509
-5.65574623579e-07,2.87925558951e-07,1.0,-0.153567969799,-0.159685850143,0.941872596741
-5.65574623579e-07,2.87925558951e-07,1.0,-0.155054420233,-0.157902151346,0.941742777824
-5.65574623579e-07,2.87925558951e-07,1.0,-0.158981457353,-0.153876394033,0.942923426628
-5.65574623579e-07,2.87925558951e-07,1.0,-0.163614019752,-0.149355471134,0.944453299046
-5.65574623579e-07,2.87925558951e-07,1.0,-0.165387839079,-0.147728651762,0.944875299931
-5.65574623579e-07,2.87925558951e-07,1.0,-0.169533580542,-0.144070744514,0.945204734802
-5.65574623579e-07,2.87925558951e-07,1.0,-0.17105768621,-0.142981544137,0.945093214512
-5.65574623579e-07,2.87925558951e-07,1.0,-0.174978241324,-0.139844149351,0.944011986256
-5.65574623579e-07,2.87925558951e-07,1.0,-0.176193356514,-0.138666763902,0.943584680557
-5.65574623579e-07,2.87925558951e-07,1.0,-0.178704127669,-0.136249557137,0.942944169044
-5.65574623579e-07,2.87925558951e-07,1.0,-0.180892974138,-0.13427233696,0.94284516573
-5.65574623579e-07,2.87925558951e-07,1.0,-0.184195637703,-0.131409004331,0.942184686661
-5.65574623579e-07,2.87925558951e-07,1.0,-0.185707658529,-0.129551813006,0.943186402321
-5.65574623579e-07,2.87925558951e-07,1.0,-0.189119011164,-0.126013085246,0.944465398788
-5.65574623579e-07,2.87925558951e-07,1.0,-0.190048471093,-0.125087335706,0.945045828819
-5.65574623579e-07,2.87925558951e-07,1.0,-0.193399757147,-0.12199023366,0.946136891842
-5.65574623579e-07,2.87925558951e-07,1.0,-0.194585055113,-0.121121905744,0.946343302727
-5.65574623579e-07,2.87925558951e-07,1.0,-0.198012799025,-0.118397459388,0.945958971977
-5.65574623579e-07,2.87925558951e-07,1.0,-0.203783899546,-0.113203071058,0.94405913353
-5.65574623579e-07,2.87925558951e-07,1.0,-0.206301167607,-0.110474795103,0.943736612797
-5.65574623579e-07,2.87925558951e-07,1.0,-0.207181975245,-0.109688021243,0.943713903427
-5.65574623579e-07,2.87925558951e-07,1.0,-0.209800928831,-0.106768071651,0.94433838129
-5.65574623579e-07,2.87925558951e-07,1.0,-0.209800928831,-0.106768071651,0.94433838129
-5.65574623579e-07,2.87925558951e-07,1.0,-0.210601657629,-0.105796091259,0.944784641266
-5.65574623579e-07,2.87925558951e-07,1.0,-0.212835296988,-0.103358641267,0.945913434029
-5.65574623579e-07,2.87925558951e-07,1.0,-0.21401232481,-0.102135121822,0.946483612061
-5.65574623579e-07,2.87925558951e-07,1.0,-0.216130763292,-0.100353643298,0.946982860565
-5.65574623579e-07,2.87925558951e-07,1.0,-0.21880479157,-0.0981167033315,0.945883691311
-5.65574623579e-07,2.87925558951e-07,1.0,-0.219426468015,-0.0975398048759,0.945384681225
-5.65574623579e-07,2.87925558951e-07,1.0,-0.222192779183,-0.0943535491824,0.944035589695
-5.65574623579e-07,2.87925558951e-07,1.0,-0.223389282823,-0.0930264741182,0.943422973156
-5.65574623579e-07,2.87925558951e-07,1.0,-0.224273234606,-0.0921420678496,0.943165779114
-5.65574623579e-07,2.87925558951e-07,1.0,-0.225017413497,-0.0908748805523,0.943629026413
-5.65574623579e-07,2.87925558951e-07,1.0,-0.226334005594,-0.0888722613454,0.944641113281
-5.65574623579e-07,2.87925558951e-07,1.0,-0.226822912693,-0.0881399810314,0.945091426373
-5.65574623579e-07,2.87925558951e-07,1.0,-0.228408232331,-0.085843488574,0.946461617947
-5.65574623579e-07,2.87925558951e-07,1.0,-0.229813367128,-0.0842030644417,0.946636259556
-5.65574623579e-07,2.87925558951e-07,1.0,-0.230235680938,-0.0836782604456,0.946306884289
-5.65574623579e-07,2.87925558951e-07,1.0,-0.231456160545,-0.0821295008063,0.945248484612
-5.65574623579e-07,2.87925558951e-07,1.0,-0.231763407588,-0.0814793556929,0.944882571697
-5.65574623579e-07,2.87925558951e-07,1.0,-0.232454031706,-0.0802630707622,0.944169640541
-5.65574623579e-07,2.87925558951e-07,1.0,-0.232709854841,-0.0797113254666,0.943730473518
-5.65574623579e-07,2.87925558951e-07,1.0,-0.234190702438,-0.0770358145237,0.944368600845
-5.65574623579e-07,2.87925558951e-07,1.0,-0.23449164629,-0.0760678201914,0.944401502609
-5.65574623579e-07,2.87925558951e-07,1.0,-0.235332742333,-0.0741787776351,0.945842564106
-5.65574623579e-07,2.87925558951e-07,1.0,-0.235687166452,-0.0732304379344,0.946342051029
-5.65574623579e-07,2.87925558951e-07,1.0,-0.236001625657,-0.0724702998996,0.946978986263
-5.65574623579e-07,2.87925558951e-07,1.0,-0.236286520958,-0.0718939825892,0.947372019291
-5.65574623579e-07,2.87925558951e-07,1.0,-0.2367477566,-0.0710978806019,0.947161197662
-5.65574623579e-07,2.87925558951e-07,1.0,-0.237303957343,-0.0706390291452,0.946266293526
-5.65574623579e-07,2.87925558951e-07,1.0,-0.237915307283,-0.0699520930648,0.945404171944
-5.65574623579e-07,2.87925558951e-07,1.0,-0.238666385412,-0.0676520466805,0.944324195385
-5.65574623579e-07,2.87925558951e-07,1.0,-0.238997414708,-0.0662435740232,0.944776535034
-5.65574623579e-07,2.87925558951e-07,1.0,-0.239321559668,-0.065474525094,0.944888651371
-5.65574623579e-07,2.87925558951e-07,1.0,-0.239425882697,-0.0638004764915,0.946123301983
-5.65574623579e-07,2.87925558951e-07,1.0,-0.239408001304,-0.0632315129042,0.946556329727
-5.65574623579e-07,2.87925558951e-07,1.0,-0.239524751902,-0.0628674030304,0.946765124798
-5.65574623579e-07,2.87925558951e-07,1.0,-0.239646539092,-0.0624607428908,0.946034491062
-5.65574623579e-07,2.87925558951e-07,1.0,-0.239731788635,-0.0615789964795,0.944546222687
-5.65574623579e-07,2.87925558951e-07,1.0,-0.239966571331,-0.0600091442466,0.943640232086
-5.65574623579e-07,2.87925558951e-07,1.0,-0.240078553557,-0.0594038888812,0.943213522434
-5.65574623579e-07,2.87925558951e-07,1.0,-0.239836275578,-0.0589483454823,0.943845808506
-5.65574623579e-07,2.87925558951e-07,1.0,-0.23981384933,-0.0585586726665,0.943900287151
-5.65574623579e-07,2.87925558951e-07,1.0,-0.239387094975,-0.0583725571632,0.944704592228
-5.65574623579e-07,2.87925558951e-07,1.0,-0.238576814532,-0.0584474056959,0.944037437439
-5.65574623579e-07,2.87925558951e-07,1.0,-0.23853674531,-0.0583477057517,0.943208158016
-5.65574623579e-07,2.87925558951e-07,1.0,-0.238532915711,-0.0582284964621,0.942556142807
-5.65574623579e-07,2.87925558951e-07,1.0,-0.238478660583,-0.0580459423363,0.942226350307
-5.65574623579e-07,2.87925558951e-07,1.0,-0.238486677408,-0.0579468905926,0.942179977894
-5.65574623579e-07,2.87925558951e-07,1.0,-0.238445013762,-0.0577615909278,0.942508876324
-5.65574623579e-07,2.87925558951e-07,1.0,-0.238238885999,-0.0577036216855,0.943202376366
-5.65574623579e-07,2.87925558951e-07,1.0,-0.23806424439,-0.057697173208,0.943973243237
-5.65574623579e-07,2.87925558951e-07,1.0,-0.237985149026,-0.0578995980322,0.944371879101
-5.65574623579e-07,2.87925558951e-07,1.0,-0.237957701087,-0.0582431405783,0.944349646568
-5.65574623579e-07,2.87925558951e-07,1.0,-0.238019034266,-0.0585315711796,0.943916201591
-5.65574623579e-07,2.87925558951e-07,1.0,-0.237914070487,-0.058852262795,0.943267583847
-5.65574623579e-07,2.87925558951e-07,1.0,-0.237906739116,-0.0589505322278,0.942632675171
-5.65574623579e-07,2.87925558951e-07,1.0,-0.238219499588,-0.058887809515,0.941803693771
-5.65574623579e-07,2.87925558951e-07,1.0,-0.238316997886,-0.0588417388499,0.941370069981
-5.65574623579e-07,2.87925558951e-07,1.0,-0.238275885582,-0.0591351129115,0.941487669945
-5.65574623579e-07,2.87925558951e-07,1.0,-0.238347157836,-0.0591695196927,0.941761493683
-5.65574623579e-07,2.87925558951e-07,1.0,-0.238628968596,-0.0589959844947,0.942049026489
-5.65574623579e-07,2.87925558951e-07,1.0,-0.23837454617,-0.0592827387154,0.942743659019
-5.65574623579e-07,2.87925558951e-07,0.99999910593,-0.238116398454,-0.0601161010563,0.943646550179
-5.65574623579e-07,2.87925558951e-07,0.999939322472,-0.238144397736,-0.0615412406623,0.942667603493
-5.65574623579e-07,2.87925558951e-07,0.999901890755,-0.238191053271,-0.061952766031,0.942529320717
-5.65574623579e-07,2.87925558951e-07,0.999779701233,-0.238510265946,-0.062444485724,0.941331326962
-5.65574623579e-07,2.87925558951e-07,0.999688208103,-0.238565683365,-0.0622888952494,0.940958142281
-5.65574623579e-07,2.87925558951e-07,0.999426305294,-0.238476797938,-0.0620109252632,0.941155254841
-5.65574623579e-07,2.87925558951e-07,0.999247968197,-0.238433733582,-0.0619933791459,0.941432058811
-5.65574623579e-07,2.87925558951e-07,0.998775720596,-0.238362520933,-0.0618937052786,0.941945433617
-5.65574623579e-07,2.87925558951e-07,0.998472988605,-0.238364264369,-0.0618929639459,0.942316055298
-5.65574623579e-07,2.87925558951e-07,0.997711956501,-0.238427892327,-0.0620066225529,0.942501604557
-5.65574623579e-07,2.87925558951e-07,0.996111452579,-0.238501399755,-0.0625684261322,0.940785169601
-5.65574623579e-07,2.87925558951e-07,0.995436787605,-0.238546311855,-0.0626635998487,0.93961083889
-5.65574623579e-07,2.87925558951e-07,0.993846774101,-0.238782167435,-0.0626784935594,0.93784224987
-5.65574623579e-07,2.87925558951e-07,0.992921888828,-0.238893195987,-0.0625289082527,0.936219036579
-5.65574623579e-07,2.87925558951e-07,0.990789592266,-0.23889991641,-0.062380310148,0.934653759003
-5.65574623579e-07,2.87925558951e-07,0.989572107792,-0.238823324442,-0.0621676407754,0.933598816395
-5.65574623579e-07,2.87925558951e-07,0.981804490089,-0.238295763731,-0.0615773051977,0.930840075016
-5.65574623579e-07,2.87925558951e-07,0.979884982109,-0.238171905279,-0.061804395169,0.929607212543
-5.65574623579e-07,2.87925558951e-07,0.975647449493,-0.23806682229,-0.061902936548,0.926859021187
-5.65574623579e-07,2.87925558951e-07,0.973321974277,-0.238018095493,-0.0619363225996,0.925705194473
-5.65574623579e-07,2.87925558951e-07,0.968242168427,-0.237988829613,-0.0621876753867,0.920525848866
-5.65574623579e-07,2.87925558951e-07,0.965481638908,-0.238049149513,-0.0622368305922,0.916895270348
-5.65574623579e-07,2.87925558951e-07,0.959501206875,-0.237626120448,-0.0621477998793,0.910329341888
-5.65574623579e-07,2.87925558951e-07,0.949350237846,-0.237169995904,-0.0613420531154,0.900724053383
-5.65574623579e-07,2.87925558951e-07,0.945643484592,-0.2372033149,-0.0612462833524,0.900812923908
-5.65574623579e-07,2.87925558951e-07,0.937731325626,-0.236502081156,-0.0608065985143,0.894456803799
-5.65574623579e-07,2.87925558951e-07,0.933521091938,-0.23600025475,-0.0607232898474,0.890618145466
-5.65574623579e-07,2.87925558951e-07,0.924596130848,-0.23519551754,-0.0606985464692,0.883745491505
-5.65574623579e-07,2.87925558951e-07,0.919878065586,-0.234996780753,-0.0607473626733,0.87896502018
-5.65574623579e-07,2.87925558951e-07,0.909922301769,-0.234535053372,-0.0609242580831,0.87038064003
-5.65574623579e-07,2.87925558951e-07,0.904685854912,-0.234433531761,-0.0609895214438,0.867224872112
-5.65574623579e-07,2.87925558951e-07,0.887947618961,-0.233328580856,-0.0613143369555,0.849657654762
-5.65574623579e-07,2.87925558951e-07,0.875932514668,-0.232147201896,-0.0618253871799,0.837548613548
-5.65574623579e-07,2.87925558951e-07,0.869669735432,-0.232129916549,-0.0596467517316,0.829829514027
-5.65574623579e-07,2.87925558951e-07,0.856644868851,-0.231434106827,-0.0590286254883,0.818479537964
-5.65574623579e-07,2.87925558951e-07,0.849878191948,-0.230574920774,-0.0585224255919,0.811714589596
-5.65574623579e-07,2.87925558951e-07,0.835877537727,-0.22953735292,-0.0579227842391,0.800136983395
-5.65574623579e-07,2.87925558951e-07,0.828629016876,-0.228749752045,-0.0580099821091,0.792527139187
-5.65574623579e-07,2.87925558951e-07,0.813690006733,-0.22766597569,-0.0578797385097,0.779931843281
-5.65574623579e-07,2.87925558951e-07,0.805978953838,-0.227055981755,-0.057797729969,0.772714078426
-5.65574623579e-07,2.87925558951e-07,0.782008171082,-0.225613862276,-0.0573062673211,0.745391249657
-5.65574623579e-07,2.87925558951e-07,0.76534229517,-0.224506482482,-0.0571633316576,0.729383826256
-5.65574623579e-07,2.87925558951e-07,0.75681167841,-0.223769292235,-0.0565465949476,0.719197690487
-5.65574623579e-07,2.87925558951e-07,0.739374995232,-0.222659230232,-0.0558930933475,0.704585850239
-5.65574623579e-07,2.87925558951e-07,0.730477333069,-0.221810251474,-0.0556250438094,0.69588547945
-5.65574623579e-07,2.87925558951e-07,0.712349116802,-0.220469579101,-0.0548841767013,0.679513037205
-5.65574623579e-07,2.87925558951e-07,0.684402406216,-0.21771325171,-0.0539365448058,0.650145292282
-5.65574623579e-07,2.87925558951e-07,0.674901127815,-0.21672898531,-0.0537663288414,0.635866880417
-5.65574623579e-07,2.87925558951e-07,0.655658006668,-0.215692430735,-0.0535625964403,0.619782328606
-5.65574623579e-07,2.87925558951e-07,0.645923256874,-0.21503674984,-0.0532662309706,0.607503533363
-5.65574623579e-07,2.87925558951e-07,0.626261770725,-0.214410245419,-0.053136844188,0.589590787888
-5.65574623579e-07,2.87925558951e-07,0.616342544556,-0.213942095637,-0.052967403084,0.582297086716
-5.65574623579e-07,2.87925558951e-07,0.596363008022,-0.212853908539,-0.0525277704,0.561429619789
-5.65574623579e-07,2.87925558951e-07,0.586310267448,-0.211625635624,-0.0517873577774,0.547473788261
-5.65574623579e-07,2.87925558951e-07,0.555985987186,-0.209156453609,-0.0506471060216,0.51589435339
-5.65574623579e-07,2.87925558951e-07,0.535682618618,-0.208207249641,-0.050224557519,0.498246341944
-5.65574623579e-07,2.87925530529e-07,0.525517106056,-0.207381755114,-0.0500702410936,0.490987986326
