0.0,0.0,0.0,-0.0604096055031,-0.171488776803,0.142141342163
0.0,0.0,0.0,-0.0603929422796,-0.171586796641,0.142172396183
0.0,0.0,0.0,-0.0604277774692,-0.171568349004,0.142171666026
0.0,0.0,0.0,-0.0603927858174,-0.17163656652,0.14219905436
0.0,0.0,0.0,-0.0603142566979,-0.171672582626,0.142238289118
0.0,0.0,0.0,-0.0602240040898,-0.171698153019,0.142304852605
0.0,0.0,0.0,-0.0601687692106,-0.171723783016,0.142353877425
0.0,0.0,0.0,-0.0601737126708,-0.17170239985,0.142357692122
0.0,0.0,0.0,-0.0601723603904,-0.171719804406,0.142358377576
0.0,0.0,0.0,-0.0601867586374,-0.171662569046,0.142313346267
0.0,0.0,0.0,-0.0601991899312,-0.171669185162,0.142293959856
0.0,0.0,0.0,-0.0602761618793,-0.171520113945,0.142207816243
0.0,0.0,0.0,-0.0603029057384,-0.171507999301,0.142174556851
0.0,0.0,0.0,-0.060311242938,-0.171472340822,0.142148017883
0.0,0.0,0.0,-0.0603265576065,-0.171480074525,0.14212526381
0.0,0.0,0.0,-0.0603215843439,-0.171453505754,0.142143934965
0.0,0.0,0.0,-0.0603286698461,-0.171466335654,0.142138049006
0.0,0.0,0.0,-0.0603255927563,-0.171441748738,0.142168939114
0.0,0.0,0.0,-0.0603309907019,-0.171459242702,0.142169594765
0.0,0.0,0.0,-0.0603387355804,-0.171469524503,0.142158299685
0.0,0.0,0.0,-0.0603493340313,-0.171499148011,0.142151802778
0.0,0.0,0.0,-0.0603206530213,-0.171495452523,0.142195567489
0.0,0.0,0.0,-0.0603121295571,-0.171482801437,0.142203465104
0.0,0.0,0.0,-0.0603167824447,-0.171477586031,0.142222210765
0.0,0.0,0.0,-0.0603277087212,-0.171470716596,0.142209649086
0.0,0.0,0.0,-0.0603515841067,-0.171511441469,0.142186880112
0.0,0.0,0.0,-0.060331504792,-0.171476617455,0.142209500074
0.0,0.0,0.0,-0.0603309124708,-0.17149963975,0.142212718725
0.0,0.0,0.0,-0.0603082962334,-0.171483665705,0.142229288816
0.0,0.0,0.0,-0.0603631138802,-0.171528667212,0.142207160592
0.0,0.0,0.0,-0.0603108257055,-0.17151543498,0.142186924815
0.0,0.0,0.0,-0.060311704874,-0.171490967274,0.142185255885
0.0,0.0,0.0,-0.0603128261864,-0.171490475535,0.142185553908
0.0,0.0,0.0,-0.0603030361235,-0.171464964747,0.142175301909
0.0,0.0,0.0,-0.0603031590581,-0.171477839351,0.142168983817
0.0,0.0,0.0,-0.0603075549006,-0.17148180306,0.142165616155
0.0,0.0,0.0,-0.0603251717985,-0.17152261734,0.142156556249
0.0,0.0,0.0,-0.0604639388621,-0.171539902687,0.142086029053
0.0,0.0,0.0,-0.0604894272983,-0.171575278044,0.142052575946
0.0,0.0,0.0,-0.0603876300156,-0.171536207199,0.142175137997
0.0,0.0,0.0,-0.0603705719113,-0.171530902386,0.142176553607
0.0,0.0,0.0,-0.0603211633861,-0.17151170969,0.142223447561
0.0,0.0,0.0,-0.0603134781122,-0.171503007412,0.142228022218
0.0,0.0,0.0,-0.0603341236711,-0.171519696712,0.142182484269
0.0,0.0,0.0,-0.0603445693851,-0.171521961689,0.142169564962
0.0,0.0,0.0,-0.06033404544,-0.171510666609,0.142191588879
0.0,0.0,0.0,-0.0603292509913,-0.171506777406,0.142195895314
0.0,0.0,0.0,-0.0604694932699,-0.171544477344,0.142088249326
0.0,0.0,0.0,-0.0604327917099,-0.171538621187,0.142092496157
0.0,0.0,0.0,-0.0603790991008,-0.171511560678,0.142150238156
0.0,0.0,0.0,-0.0603547468781,-0.17150592804,0.142165571451
0.0,0.0,0.0,-0.0603295639157,-0.171484619379,0.142188355327
0.0,0.0,0.0,-0.0603216812015,-0.171485438943,0.142196059227
0.0,0.0,0.0,-0.0603170357645,-0.171491965652,0.142192348838
0.0,0.0,0.0,-0.0601543001831,-0.171719551086,0.142323046923
0.0,0.0,0.0,-0.0603073760867,-0.171497896314,0.142226547003
0.0,0.0,0.0,-0.0603139922023,-0.171464234591,0.142214372754
0.0,0.0,0.0,-0.0603324584663,-0.17159755528,0.142192438245
0.0,0.0,0.0,-0.0603296048939,-0.171665295959,0.14218942821
0.0,0.0,0.0,-0.0603275299072,-0.171742469072,0.142186805606
0.0,0.0,0.0,-0.0602738857269,-0.171687141061,0.142227709293
0.0,0.0,0.0,-0.0602627024055,-0.171749383211,0.142231494188
0.0,0.0,0.0,-0.060253534466,-0.171821445227,0.142234966159
0.0,0.0,0.0,-0.0602951385081,-0.171570211649,0.142216175795
0.0,0.0,0.0,-0.0602160952985,-0.17165337503,0.142272353172
0.0,0.0,0.0,-0.0602001510561,-0.17171035707,0.142281845212
0.0,0.0,0.0,-0.0601843781769,-0.171776130795,0.142291337252
0.0,0.0,0.0,-0.0601795837283,-0.171719044447,0.142302960157
0.0,0.0,0.0,-0.0601710937917,-0.171769529581,0.142309635878
0.0,0.0,0.0,-0.0602640546858,-0.171590745449,0.14224730432
0.0,0.0,0.0,-0.0602844133973,-0.171594202518,0.142230898142
0.0,0.0,0.0,-0.0603206530213,-0.171522557735,0.142209127545
0.0,0.0,0.0,-0.0603453889489,-0.171526089311,0.142183676362
0.0,0.0,0.0,-0.0603724494576,-0.171537846327,0.142154708505
0.0,0.0,0.0,-0.0603634864092,-0.17149476707,0.142132505774
0.0,0.0,0.0,-0.060328297317,-0.171476826072,0.142151817679
-0.0603232756257,-0.171464040875,0.142165213823,-0.0603177510202,-0.171463340521,0.142177686095
-0.0603232756257,-0.171464040875,0.142165273428,-0.0603131465614,-0.171465829015,0.142183348536
-0.0603232756257,-0.171464040875,0.142165720463,-0.0603183694184,-0.17146666348,0.142196550965
-0.0603232756257,-0.171464040875,0.142167299986,-0.0604498423636,-0.171700656414,0.142330378294
-0.0603232756257,-0.171464040875,0.142171114683,-0.0607952550054,-0.171819403768,0.141836628318
-0.0603232756257,-0.171464040875,0.142178624868,-0.0608497187495,-0.171783536673,0.141809076071
-0.0603232756257,-0.171464040875,0.142212152481,-0.0610646419227,-0.171571463346,0.141716510057
-0.0603232756257,-0.171464040875,0.142242625356,-0.0610545240343,-0.171572268009,0.141747519374
-0.0603232756257,-0.171464040875,0.142344087362,-0.0611577965319,-0.171603247523,0.141727387905
-0.0603232756257,-0.171464040875,0.14242105186,-0.0611649751663,-0.171607494354,0.141727998853
-0.0603232756257,-0.171464040875,0.142643749714,-0.0612783953547,-0.172079399228,0.142232730985
-0.0603232756257,-0.171464040875,0.142796590924,-0.0614219494164,-0.172440826893,0.142650380731
-0.0603232756257,-0.171464040875,0.142991349101,-0.061499260366,-0.17184086144,0.143442213535
-0.0603232756257,-0.171464040875,0.143204122782,-0.0618257857859,-0.173300921917,0.144747540355
-0.0603232756257,-0.171464040875,0.143788918853,-0.0617855004966,-0.172983467579,0.148397907615
-0.0603232756257,-0.171464040875,0.144129857421,-0.0619409419596,-0.17411352694,0.150915578008
-0.0603232756257,-0.171464040875,0.145027860999,-0.0615989677608,-0.172908455133,0.156079813838
-0.0603232756257,-0.171464040875,0.145533412695,-0.0616270639002,-0.173537015915,0.159487873316
-0.0603232756257,-0.171464040875,0.146823406219,-0.0610794574022,-0.172356560826,0.166081532836
-0.0603232756257,-0.171464040875,0.147530838847,-0.0608587265015,-0.172331809998,0.170304179192
-0.0603232756257,-0.171464040875,0.149250179529,-0.0605181790888,-0.171957269311,0.175195083022
-0.0603232756257,-0.171464040875,0.150239214301,-0.0603623986244,-0.170840114355,0.1803573668
-0.0603232756257,-0.171464040875,0.152551442385,-0.0609164722264,-0.168581783772,0.18791526556
-0.0603232756257,-0.171464040875,0.153772562742,-0.0609704591334,-0.168336749077,0.192129984498
-0.0603232756257,-0.171464040875,0.158240735531,-0.0610433220863,-0.167946279049,0.203651815653
-0.0603232756257,-0.171464040875,0.16187530756,-0.0623868778348,-0.167208582163,0.20898193121
-0.0603232756257,-0.171464040875,0.163745567203,-0.0631679967046,-0.168991044164,0.212760224938
-0.0603232756257,-0.171464040875,0.168140634894,-0.0635325163603,-0.166687518358,0.21590615809
-0.0603232756257,-0.171464040875,0.170379728079,-0.0646032691002,-0.165794909,0.219101712108
-0.0603232756257,-0.171464040875,0.175592273474,-0.0657556504011,-0.165142938495,0.223522886634
-0.0603232756257,-0.171464040875,0.178224906325,-0.0666336864233,-0.164771705866,0.227440446615
-0.0603232756257,-0.171464040875,0.184162780643,-0.0675681307912,-0.164046272635,0.232372477651
-0.0603232756257,-0.171464040875,0.187349751592,-0.0685657411814,-0.162892609835,0.236227422953
-0.0603232756257,-0.171464040875,0.194433227181,-0.0691373422742,-0.161507055163,0.240410730243
-0.0603232756257,-0.171464040875,0.205727681518,-0.0707441046834,-0.159932658076,0.252308815718
-0.0603232756257,-0.171464040875,0.209649890661,-0.0714093595743,-0.16146196425,0.256817758083
-0.0603232756257,-0.171464040875,0.218649685383,-0.0724343806505,-0.162904620171,0.26239040494
-0.0603232756257,-0.171464040875,0.222891435027,-0.0731482431293,-0.164022505283,0.268965393305
-0.0603232756257,-0.171464040875,0.232527896762,-0.0735867023468,-0.164939209819,0.276454955339
-0.0603232756257,-0.171464040875,0.253614515066,-0.0751525089145,-0.16612842679,0.301630437374
-0.0603232756257,-0.171464040875,0.265106081963,-0.0758059471846,-0.16605001688,0.31082201004
-0.0603232756257,-0.171464040875,0.271071642637,-0.0758905112743,-0.165999531746,0.321398884058
-0.0603232756257,-0.171464040875,0.28346195817,-0.0775629356503,-0.166769728065,0.331847548485
-0.0603232756257,-0.171464040875,0.289883673191,-0.0781299322844,-0.167641565204,0.338459134102
-0.0603232756257,-0.171464040875,0.30315926671,-0.0797423645854,-0.171388506889,0.353551149368
-0.0603232756257,-0.171464040875,0.309999227524,-0.0805272087455,-0.174462139606,0.365211904049
-0.0603232756257,-0.171464040875,0.324135154486,-0.0803414732218,-0.178321167827,0.377720564604
-0.0603232756257,-0.171464040875,0.331352442503,-0.0797027572989,-0.181211218238,0.389595448971
-0.0603232756257,-0.171464025974,0.346241086721,-0.0800637304783,-0.184140220284,0.401640892029
-0.0603232756257,-0.171464025974,0.353871256113,-0.0805608481169,-0.186826437712,0.412646055222
-0.0603232756257,-0.171464025974,0.370073288679,-0.0810422003269,-0.189267739654,0.424963504076
-0.0603232756257,-0.171464025974,0.377465933561,-0.0822244808078,-0.191262960434,0.436774253845
-0.0603232719004,-0.171464025974,0.393747925758,-0.083287216723,-0.193656206131,0.448555439711
-0.0603232719004,-0.171464025974,0.419516921043,-0.0850196704268,-0.199964568019,0.47240498662
-0.0603232719004,-0.171464025974,0.427452266216,-0.0851168036461,-0.202693581581,0.484607040882
-0.0603232719004,-0.171464025974,0.445465624332,-0.0852179527283,-0.204439103603,0.496468275785
-0.0603232719004,-0.171464025974,0.453612029552,-0.0853323712945,-0.205713331699,0.508622944355
-0.0603232719004,-0.171464025974,0.472055196762,-0.0849882811308,-0.206988185644,0.520083129406
-0.0603232719004,-0.171464025974,0.480382293463,-0.0849400013685,-0.208289161325,0.532437086105
-0.0603232719004,-0.171464011073,0.507624149323,-0.0858816802502,-0.210476785898,0.557883441448
-0.0603232681751,-0.171464011073,0.526656210423,-0.0865619182587,-0.211821496487,0.57126134634
-0.0603232681751,-0.171464011073,0.535200536251,-0.0871558636427,-0.213623940945,0.58536529541
-0.0603232681751,-0.171464011073,0.554378807545,-0.0876551046968,-0.215553477407,0.599620580673
-0.0603232681751,-0.171464011073,0.562965810299,-0.0874295309186,-0.217511191964,0.61392480135
-0.0603232681751,-0.171464011073,0.590772032738,-0.0861679986119,-0.220834985375,0.642605543137
-0.0603232644498,-0.171463996172,0.609683036804,-0.0853538662195,-0.221855342388,0.656259417534
-0.0603232644498,-0.171463996172,0.618476271629,-0.08495118469,-0.223306253552,0.664748549461
-0.0603232644498,-0.171463996172,0.637231349945,-0.0846068933606,-0.224113240838,0.682391762733
-0.0603232644498,-0.171463996172,0.64592987299,-0.0845973938704,-0.225285544991,0.691414415836
-0.0603232644498,-0.171463981271,0.664432823658,-0.0853953436017,-0.226755425334,0.710099101067
-0.0603232607245,-0.171463981271,0.672993302345,-0.0858777463436,-0.228331685066,0.722041428089
-0.0603232607245,-0.171463981271,0.691147744656,-0.086220048368,-0.230128332973,0.738783597946
-0.0603232607245,-0.171463981271,0.699524462223,-0.0859285667539,-0.231487989426,0.749728560448
-0.0603232569993,-0.17146396637,0.717252075672,-0.0855150446296,-0.233664155006,0.765921115875
-0.0603232569993,-0.17146396637,0.725395679474,-0.0845279246569,-0.235053911805,0.779129385948
-0.060323253274,-0.17146396637,0.750478923321,-0.0826161280274,-0.237247288227,0.804230093956
-0.060323253274,-0.171463951468,0.767068326473,-0.0820411220193,-0.237651884556,0.816058635712
-0.060323253274,-0.171463951468,0.774653375149,-0.0819664523005,-0.238644048572,0.827717363834
-0.0603232495487,-0.171463936567,0.790563285351,-0.0823699906468,-0.238957747817,0.838902950287
-0.0603232495487,-0.171463936567,0.79780548811,-0.0827773958445,-0.240140378475,0.850205898285
-0.0603232458234,-0.171463936567,0.812958657742,-0.0835553705692,-0.240539699793,0.860510110855
-0.0603232458234,-0.171463921666,0.819851696491,-0.083525903523,-0.240814983845,0.870713889599
-0.0603232420981,-0.171463921666,0.834198772907,-0.0832013040781,-0.240636438131,0.879895567894
-0.0603232383728,-0.171463906765,0.840701282024,-0.0822716578841,-0.24063745141,0.889367222786
-0.0603232383728,-0.171463906765,0.853898823261,-0.0817426592112,-0.240674450994,0.900029420853
-0.0603232346475,-0.171463891864,0.860279977322,-0.081796169281,-0.240261361003,0.902344763279
-0.0603232309222,-0.171463876963,0.878533005714,-0.0814027413726,-0.238919883966,0.918533682823
-0.0603232271969,-0.171463876963,0.889962375164,-0.0822240412235,-0.238780602813,0.932898700237
-0.0603232197464,-0.17146384716,0.905891478062,-0.0835873708129,-0.240693464875,0.94813066721
-0.0603232197464,-0.17146384716,0.910926938057,-0.0836195573211,-0.240931198001,0.952124655247
-0.0603232122958,-0.171463832259,0.920431017876,-0.0835267826915,-0.2422824651,0.962789356709
-0.0603232048452,-0.171463802457,0.937654912472,-0.082320317626,-0.243753999472,0.97661870718
-0.0603231936693,-0.171463772655,0.948910057545,-0.0822911337018,-0.243715047836,0.986557304859
-0.060323189944,-0.171463757753,0.955626130104,-0.0835973471403,-0.244340777397,0.99428665638
-0.0603231862187,-0.171463757753,0.958801388741,-0.0839856266975,-0.24419374764,0.996891617775
-0.0603231787682,-0.171463727951,0.964642465115,-0.0851548835635,-0.244164809585,1.00377035141
-0.0603231750429,-0.171463727951,0.967363238335,-0.0852572917938,-0.244131043553,1.00579297543
-0.0603231675923,-0.171463698149,0.972385525703,-0.0851105153561,-0.244102492929,1.00956749916
-0.0603231564164,-0.171463668346,0.978922188282,-0.0839817225933,-0.243466258049,1.01624631882
-0.0603231526911,-0.171463653445,0.980846822262,-0.0827884152532,-0.244235172868,1.01809382439
-0.0603231452405,-0.171463638544,0.984336435795,-0.0813740342855,-0.246687456965,1.02153813839
-0.0603231340647,-0.171463608742,0.987366616726,-0.080807171762,-0.247007101774,1.02428615093
-0.0603231303394,-0.171463593841,0.988722801208,-0.080964833498,-0.248101636767,1.02635347843
-0.0603231228888,-0.171463578939,0.991124689579,-0.0814675018191,-0.24910132587,1.02874863148
-0.0603231154382,-0.171463564038,0.992183446884,-0.0821610316634,-0.251150131226,1.03138256073
-0.0603231005371,-0.171463519335,0.994828402996,-0.083250656724,-0.254053115845,1.03559350967
-0.0603230893612,-0.171463489532,0.996194779873,-0.0831799805164,-0.258171856403,1.03892040253
-0.0603230819106,-0.171463474631,0.996770203114,-0.0821800231934,-0.25599321723,1.03843927383
-0.0603230707347,-0.171463429928,0.997754871845,-0.0810455009341,-0.256176203489,1.03920400143
-0.0603230632842,-0.171463415027,0.998130142689,-0.0803307592869,-0.256107240915,1.03967857361
-0.0603230521083,-0.171463385224,0.998770773411,-0.0796212255955,-0.255172371864,1.03974032402
-0.0603230446577,-0.171463370323,0.999023795128,-0.0794010981917,-0.255300402641,1.0402071476
-0.0603230297565,-0.17146332562,0.999418079853,-0.0795404240489,-0.255478620529,1.04078269005
-0.060323022306,-0.171463310719,0.999558508396,-0.0797251984477,-0.256466299295,1.04183769226
-0.0603230074048,-0.171463266015,0.999767541885,-0.0799998864532,-0.258357107639,1.04321563244
-0.0603229999542,-0.171463251114,0.999839305878,-0.0800310447812,-0.25741904974,1.04330432415
-0.0603229850531,-0.17146320641,0.999933719635,-0.079784758389,-0.258001863956,1.04440629482
-0.0603229776025,-0.171463176608,0.99996137619,-0.0790206193924,-0.256558835506,1.04396104813
-0.060322958976,-0.171463131905,0.999991238117,-0.0779363662004,-0.256807714701,1.04450798035
-0.0603229478002,-0.171463117003,0.999996781349,-0.0770315825939,-0.25611397624,1.04424011707
-0.0603229291737,-0.1714630723,1.00000119209,-0.0760893821716,-0.256538540125,1.0448192358
-0.0603229217231,-0.171463042498,1.00000059605,-0.0759403035045,-0.257273614407,1.04484713078
-0.0603229105473,-0.171463012695,1.00000286102,-0.0759932249784,-0.259243458509,1.04578018188
-0.0603229105473,-0.171463012695,1.00000286102,-0.0771531015635,-0.261311531067,1.04755890369
-0.0603229105473,-0.171463012695,1.00000286102,-0.0778393000364,-0.260883510113,1.04826068878
-0.0603229105473,-0.171463012695,1.00000286102,-0.0779634043574,-0.261124402285,1.04950511456
-0.0603229105473,-0.171463012695,1.00000286102,-0.0778345987201,-0.261758804321,1.04973804951
-0.0603229105473,-0.171463012695,1.00000286102,-0.0772966444492,-0.263243764639,1.05052340031
-0.0603229105473,-0.171463012695,1.00000286102,-0.0763230919838,-0.266071140766,1.05193781853
-0.0603229105473,-0.171463012695,1.00000286102,-0.0770050957799,-0.270340979099,1.05365562439
-0.0603229105473,-0.171463012695,1.00000286102,-0.0784766599536,-0.271429598331,1.05432856083
-0.0603229105473,-0.171463012695,1.00000286102,-0.0798418074846,-0.274358272552,1.05572926998
-0.0603229105473,-0.171463012695,1.00000286102,-0.0815463289618,-0.277835339308,1.05787730217
-0.0603229105473,-0.171463012695,1.00000286102,-0.0816195085645,-0.277750074863,1.05800080299
-0.0603229105473,-0.171463012695,1.00000286102,-0.0815889760852,-0.279658734798,1.05876970291
-0.0603229105473,-0.171463012695,1.00000286102,-0.0812410786748,-0.281512886286,1.05937385559
-0.0603229105473,-0.171463012695,1.00000286102,-0.0811692327261,-0.283108144999,1.05974829197
-0.0603229105473,-0.171463012695,1.00000286102,-0.081283941865,-0.284745842218,1.06013154984
-0.0603229105473,-0.171463012695,1.00000286102,-0.0813701301813,-0.286541700363,1.06056010723
-0.0603229105473,-0.171463012695,1.00000286102,-0.0820684283972,-0.288292557001,1.06117355824
-0.0603229105473,-0.171463012695,1.00000286102,-0.0839916691184,-0.291027843952,1.0611833334
-0.0603229105473,-0.171463012695,1.00000286102,-0.0846995636821,-0.29184499383,1.06081473827
-0.0603229105473,-0.171463012695,1.00000286102,-0.0850077345967,-0.292710453272,1.0606944561
-0.0603229105473,-0.171463012695,1.00000286102,-0.0849457830191,-0.293890744448,1.06079530716
-0.0603229105473,-0.171463012695,1.00000286102,-0.0845884010196,-0.294241130352,1.06055283546
-0.0603229105473,-0.171463012695,1.00000286102,-0.0829806253314,-0.29563254118,1.05935239792
-0.0603229105473,-0.171463012695,1.00000286102,-0.0830794647336,-0.296313196421,1.05891275406
-0.0603229105473,-0.171463012695,1.00000286102,-0.0823701545596,-0.298004984856,1.05866658688
-0.0603229105473,-0.171463012695,1.00000286102,-0.0826333463192,-0.299272626638,1.05874633789
-0.0603229105473,-0.171463012695,1.00000286102,-0.0847289115191,-0.30241894722,1.06009674072
-0.0603229105473,-0.171463012695,1.00000286102,-0.0858562812209,-0.305450886488,1.06131792068
-0.0603229105473,-0.171463012695,1.00000286102,-0.0857168734074,-0.304632663727,1.06118893623
-0.0603229105473,-0.171463012695,1.00000286102,-0.0858796909451,-0.305991292,1.0618314743
-0.0603229105473,-0.171463012695,1.00000286102,-0.0855087414384,-0.305595815182,1.06177043915
0.0,0.0,1.0,-0.0851181074977,-0.307169497013,1.06220912933
0.0,0.0,1.0,-0.0840452536941,-0.307729542255,1.06291687489
0.0,0.0,1.0,-0.0838740840554,-0.308739483356,1.06347215176
0.0,0.0,1.0,-0.0835778340697,-0.308168649673,1.06423926353
0.0,0.0,1.0,-0.0846389979124,-0.30799639225,1.0653963089
0.0,0.0,1.0,-0.0850072354078,-0.307838380337,1.06572425365
0.0,0.0,1.0,-0.0851101502776,-0.3073130548,1.06685340405
0.0,0.0,1.0,-0.0850129127502,-0.3064866364,1.06736242771
0.0,0.0,1.0,-0.0833566561341,-0.304540425539,1.06806302071
0.0,0.0,1.0,-0.0824817344546,-0.302862226963,1.0685223341
0.0,0.0,1.0,-0.080349996686,-0.299924552441,1.06874752045
0.0,0.0,1.0,-0.0789163410664,-0.298137515783,1.06903421879
0.0,0.0,1.0,-0.0769302919507,-0.292970597744,1.06903386116
0.0,0.0,1.0,-0.0767026618123,-0.291750133038,1.06913256645
0.0,0.0,1.0,-0.0750963911414,-0.28711014986,1.0704485178
0.0,0.0,1.0,-0.0745811983943,-0.285680502653,1.07131278515
0.0,0.0,1.0,-0.071305423975,-0.27940762043,1.07304394245
0.0,0.0,1.0,-0.0688729509711,-0.275048106909,1.07359993458
0.0,0.0,1.0,-0.0669785141945,-0.271686881781,1.07376253605
0.0,0.0,1.0,-0.0646987110376,-0.266738057137,1.07375872135
0.0,0.0,1.0,-0.0630005672574,-0.262700259686,1.07367992401
0.0,0.0,1.0,-0.06139318645,-0.258160740137,1.0738543272
0.0,0.0,1.0,-0.0598947145045,-0.254532754421,1.07429635525
0.0,0.0,1.0,-0.0587540529668,-0.250987350941,1.07415759563
0.0,0.0,1.0,-0.0563444644213,-0.244538247585,1.07417607307
0.0,0.0,1.0,-0.0549418143928,-0.2432500422,1.07459831238
0.0,0.0,1.0,-0.0521807670593,-0.239703714848,1.07526624203
0.0,0.0,1.0,-0.0504007413983,-0.235740885139,1.07452583313
0.0,0.0,1.0,-0.047740701586,-0.231768772006,1.07434308529
0.0,0.0,1.0,-0.044223383069,-0.221454456449,1.07235634327
0.0,0.0,1.0,-0.0432232320309,-0.217373475432,1.07166910172
0.0,0.0,1.0,-0.0420023016632,-0.214087769389,1.07095777988
0.0,0.0,1.0,-0.0405508205295,-0.210653707385,1.07081019878
0.0,0.0,1.0,-0.0394378490746,-0.210717394948,1.07083141804
0.0,0.0,1.0,-0.0375161878765,-0.208941310644,1.07119333744
0.0,0.0,1.0,-0.0373409725726,-0.208324313164,1.07103252411
0.0,0.0,1.0,-0.0355545431376,-0.204555153847,1.07072520256
0.0,0.0,1.0,-0.0351391583681,-0.203305125237,1.07033836842
0.0,0.0,1.0,-0.0340327546,-0.198319867253,1.06958758831
0.0,0.0,1.0,-0.0337849594653,-0.196974292397,1.06953585148
0.0,0.0,1.0,-0.0341190211475,-0.192515060306,1.06915950775
0.0,0.0,1.0,-0.0340842679143,-0.19103717804,1.06915891171
0.0,0.0,1.0,-0.0343150533736,-0.189366966486,1.06954562664
0.0,0.0,1.0,-0.0338751338422,-0.188664764166,1.06995713711
0.0,0.0,1.0,-0.0334199965,-0.187408596277,1.06970894337
0.0,0.0,1.0,-0.0329816527665,-0.186512008309,1.07024717331
0.0,0.0,1.0,-0.0317023172975,-0.184808090329,1.06922960281
0.0,0.0,1.0,-0.0310867540538,-0.183811724186,1.06906330585
0.0,0.0,1.0,-0.0297264531255,-0.182211115956,1.06802403927
0.0,0.0,1.0,-0.0312887281179,-0.180878534913,1.06759095192
0.0,0.0,1.0,-0.0314660482109,-0.181556358933,1.06732177734
0.0,0.0,1.0,-0.033716339618,-0.181965872645,1.06781208515
0.0,0.0,1.0,-0.0342692621052,-0.182143598795,1.06800162792
0.0,0.0,1.0,-0.0355113483965,-0.183662265539,1.06902444363
0.0,0.0,1.0,-0.0348861292005,-0.183562189341,1.06958591938
0.0,0.0,1.0,-0.0346624813974,-0.183586969972,1.06970453262
0.0,0.0,1.0,-0.0345444083214,-0.18404302001,1.07060730457
0.0,0.0,1.0,-0.0350743196905,-0.181919366121,1.07005310059
0.0,0.0,1.0,-0.0356449186802,-0.181500256062,1.07050228119
0.0,0.0,1.0,-0.037248943001,-0.181101933122,1.07065439224
0.0,0.0,1.0,-0.0395086631179,-0.183213934302,1.07232797146
0.0,0.0,1.0,-0.0400106497109,-0.185616210103,1.07341992855
0.0,0.0,1.0,-0.0400739759207,-0.188858538866,1.07500422001
0.0,0.0,1.0,-0.0392893068492,-0.187571376562,1.07442605495
0.0,0.0,1.0,-0.0386762358248,-0.188177421689,1.07465183735
0.0,0.0,1.0,-0.0375954546034,-0.186873048544,1.07413065434
0.0,0.0,1.0,-0.038124114275,-0.185189574957,1.07345366478
0.0,0.0,1.0,-0.0386460311711,-0.183858588338,1.07300424576
0.0,0.0,1.0,-0.0396980568767,-0.183548629284,1.07287824154
0.0,0.0,1.0,-0.0402697063982,-0.183530002832,1.07308447361
0.0,0.0,1.0,-0.0405891649425,-0.182860791683,1.07286369801
0.0,0.0,1.0,-0.0402279235423,-0.182800233364,1.07292830944
0.0,0.0,1.0,-0.0386815518141,-0.18185134232,1.07191073895
0.0,0.0,1.0,-0.0378643199801,-0.181750357151,1.07177472115
0.0,0.0,1.0,-0.0350178666413,-0.180319473147,1.07030165195
0.0,0.0,1.0,-0.0345387868583,-0.179918140173,1.07012200356
0.0,0.0,1.0,-0.0332541018724,-0.179329991341,1.06981480122
0.0,0.0,1.0,-0.0337347798049,-0.17867206037,1.06959795952
0.0,0.0,1.0,-0.0342398509383,-0.179301783442,1.07017076015
0.0,0.0,1.0,-0.0348694771528,-0.1785569489,1.0698993206
0.0,0.0,1.0,-0.0356091968715,-0.178094699979,1.07021856308
0.0,0.0,1.0,-0.0352916270494,-0.177613198757,1.06961071491
0.0,0.0,1.0,-0.0349856652319,-0.176387295127,1.06947755814
0.0,0.0,1.0,-0.0334477499127,-0.176267668605,1.068816185
0.0,0.0,1.0,-0.0321395769715,-0.175464913249,1.06844067574
0.0,0.0,1.0,-0.0308881998062,-0.174799054861,1.06754863262
0.0,0.0,1.0,-0.0304203256965,-0.174575284123,1.06705796719
0.0,0.0,1.0,-0.0304863695055,-0.175483226776,1.06656932831
0.0,0.0,1.0,-0.0305104777217,-0.175333544612,1.06639742851
0.0,0.0,1.0,-0.0314997211099,-0.175707370043,1.06607711315
0.0,0.0,1.0,-0.0315586328506,-0.176042869687,1.06619107723
0.0,0.0,1.0,-0.030339224264,-0.178670689464,1.06656312943
0.0,0.0,1.0,-0.0283734072,-0.17875829339,1.06654858589
0.0,0.0,1.0,-0.0274144802243,-0.178865551949,1.06649291515
0.0,0.0,1.0,-0.0274144802243,-0.178865551949,1.06649291515
0.0,0.0,1.0,-0.025374289602,-0.178662642837,1.06630265713
0.0,0.0,1.0,-0.0250719953328,-0.178652524948,1.06630241871
0.0,0.0,1.0,-0.0248925574124,-0.178262621164,1.06662034988
0.0,0.0,1.0,-0.0250657126307,-0.178457334638,1.06716823578
0.0,0.0,1.0,-0.0259041879326,-0.180665373802,1.06900668144
0.0,0.0,1.0,-0.0261807441711,-0.181732416153,1.06990551949
0.0,0.0,1.0,-0.0267302710563,-0.184911936522,1.07251632214
0.0,0.0,1.0,-0.0266256537288,-0.185572907329,1.07324588299
0.0,0.0,1.0,-0.0266256537288,-0.185572907329,1.07324588299
0.0,0.0,1.0,-0.0260034836829,-0.185948312283,1.07395076752
0.0,0.0,1.0,-0.0256776623428,-0.186104804277,1.07416975498
0.0,0.0,1.0,-0.0252950526774,-0.186779871583,1.07472753525
0.0,0.0,1.0,-0.0252096708864,-0.186894983053,1.074868083
0.0,0.0,1.0,-0.0255847349763,-0.187179028988,1.07506966591
0.0,0.0,1.0,-0.0259415898472,-0.187072351575,1.07500696182
0.0,0.0,1.0,-0.0273715574294,-0.188360646367,1.07561159134
0.0,0.0,1.0,-0.0291299242526,-0.190766498446,1.07644414902
0.0,0.0,1.0,-0.0293152593076,-0.190957441926,1.07656240463
0.0,0.0,1.0,-0.0291584692895,-0.191117197275,1.07595312595
0.0,0.0,1.0,-0.0288968402892,-0.19080491364,1.07568120956
0.0,0.0,1.0,-0.0282476674765,-0.188906744123,1.07435393333
0.0,0.0,1.0,-0.0286932196468,-0.184679016471,1.0721334219
0.0,0.0,1.0,-0.0289812218398,-0.183572873473,1.07167685032
0.0,0.0,1.0,-0.0302165281028,-0.1819075495,1.07077908516
0.0,0.0,1.0,-0.0308498740196,-0.181238889694,1.07026052475
0.0,0.0,1.0,-0.0309350769967,-0.181460604072,1.07027792931
0.0,0.0,1.0,-0.0304113756865,-0.182182520628,1.07014548779
0.0,0.0,1.0,-0.0294449459761,-0.1813788414,1.06925559044
0.0,0.0,1.0,-0.0291368626058,-0.180952072144,1.06915271282
0.0,0.0,1.0,-0.028095940128,-0.179854631424,1.06828594208
0.0,0.0,1.0,-0.0280074011534,-0.179372414947,1.06801974773
0.0,0.0,1.0,-0.0287214685231,-0.178876206279,1.06765878201
0.0,0.0,1.0,-0.02912450023,-0.180378839374,1.06791257858
0.0,0.0,1.0,-0.0290619954467,-0.181218951941,1.06821858883
0.0,0.0,1.0,-0.0284171774983,-0.183604121208,1.0689893961
0.0,0.0,1.0,-0.028066765517,-0.184221684933,1.06929063797
0.0,0.0,1.0,-0.0247227735817,-0.187764793634,1.0699763298
0.0,0.0,1.0,-0.0235800165683,-0.18854637444,1.06997168064
0.0,0.0,1.0,-0.0235864315182,-0.188472151756,1.06991350651
0.0,0.0,1.0,-0.025996895507,-0.189902454615,1.06996488571
0.0,0.0,1.0,-0.0269906297326,-0.191847443581,1.07074224949
0.0,0.0,1.0,-0.0271458681673,-0.192284464836,1.07111799717
0.0,0.0,1.0,-0.0266825836152,-0.19224794209,1.07109773159
0.0,0.0,1.0,-0.0256514623761,-0.191432744265,1.07022035122
0.0,0.0,1.0,-0.0254267193377,-0.191171571612,1.06989312172
0.0,0.0,1.0,-0.0253922659904,-0.188033789396,1.06848144531
0.0,0.0,1.0,-0.0271658413112,-0.185540661216,1.06758487225
0.0,0.0,1.0,-0.0272897277027,-0.185446083546,1.06752991676
0.0,0.0,1.0,-0.0294985342771,-0.184761703014,1.0675714016
0.0,0.0,1.0,-0.0301822610199,-0.18493129313,1.06754267216
0.0,0.0,1.0,-0.0306090619415,-0.185049459338,1.06781697273
0.0,0.0,1.0,-0.0294576194137,-0.182913675904,1.06652522087
0.0,0.0,1.0,-0.0292451139539,-0.182313919067,1.06663990021
0.0,0.0,1.0,-0.0293201059103,-0.180335789919,1.06594109535
0.0,0.0,1.0,-0.0292495843023,-0.179696053267,1.06585478783
0.0,0.0,1.0,-0.0302338767797,-0.179057180882,1.06566417217
0.0,0.0,1.0,-0.0313756428659,-0.179510951042,1.06599676609
-2.74344369444e-08,1.682971984e-08,1.0,-0.0340825468302,-0.180762320757,1.06681931019
-5.90391060484e-08,3.62211167726e-08,1.0,-0.0341955386102,-0.18179166317,1.06771862507
-7.37741956414e-08,4.52578561294e-08,1.0,-0.0329953730106,-0.181664809585,1.06769311428
-1.01061488067e-07,6.19967863713e-08,1.0,-0.0321871899068,-0.181114688516,1.06743848324
-1.30260332298e-07,7.99098529569e-08,1.0,-0.0331672132015,-0.182231083512,1.0683760643
-4.27617715104e-06,2.63766946773e-06,1.0,-0.0353084392846,-0.188027560711,1.07101881504
-1.98028010345e-05,1.22610545077e-05,1.0,-0.033234782517,-0.189207300544,1.07111608982
-3.45293010469e-05,2.14162810153e-05,1.0,-0.0323878005147,-0.19080683589,1.07203710079
-9.19190861168e-05,5.72249664401e-05,1.0,-0.0305632911623,-0.190615907311,1.07140755653
-0.00013504945673,8.422404062e-05,1.0,-0.0298434719443,-0.191354140639,1.07181477547
-0.000275853206404,0.000172691899934,1.0,-0.029813747853,-0.190577566624,1.07089662552
-0.000369707442587,0.000231862650253,1.0,-0.029637100175,-0.190044254065,1.07045185566
-0.000647464767098,0.000407638639444,1.0,-0.0307957306504,-0.190540850163,1.07038617134
-0.00129812513478,0.000822054978926,1.0,-0.0313842706382,-0.192675948143,1.07088363171
-0.00158023566473,0.00100258958992,1.0,-0.0316116884351,-0.193077981472,1.07111024857
-0.002331282245,0.00148514704779,1.0,-0.0307105127722,-0.192530855536,1.07052648067
-0.00275891693309,0.0017609752249,1.0,-0.0305700432509,-0.193498209119,1.07118141651
-0.00386080727912,0.00247466261499,1.0,-0.02991794236,-0.191880747676,1.06999397278
-0.00447082752362,0.0028713720385,1.0,-0.029834067449,-0.191887751222,1.07015264034
-0.00596762169152,0.00384891335852,1.0,-0.0300182886422,-0.190589994192,1.06942391396
-0.00683722784743,0.00441925833002,1.0,-0.0310363080353,-0.189649522305,1.06937229633
-0.00883959792554,0.00573846325278,1.0,-0.0334145911038,-0.188986003399,1.06927466393
-0.00998247414827,0.00649477308616,1.0,-0.0354272648692,-0.188334107399,1.06944513321
-0.0125717455521,0.00821632146835,1.0,-0.0403030216694,-0.18654216826,1.06976544857
-0.0140279503539,0.00918905716389,1.0,-0.0416971109807,-0.185726195574,1.06951594353
-0.0172840729356,0.0113748796284,1.0,-0.0453590117395,-0.181672781706,1.06894421577
-0.0190926734358,0.0125949792564,1.0,-0.0466313101351,-0.180122852325,1.06853508949
-0.0231863036752,0.0153711717576,1.0,-0.0510260798037,-0.174215123057,1.06704080105
-0.0252875182778,0.0168035775423,1.0,-0.053876273334,-0.171216353774,1.0667078495
-0.0302132945508,0.0201799534261,1.0,-0.0603634752333,-0.166732922196,1.06651890278
-0.0327175222337,0.0219059363008,1.0,-0.0644135400653,-0.163704201579,1.06666266918
-0.0385359972715,0.0259395223111,1.0,-0.0725968182087,-0.159992530942,1.06695735455
-0.0414725877345,0.0279871895909,1.0,-0.0788871571422,-0.157124340534,1.06700265408
-0.0516236200929,0.0351239182055,1.0,-0.0926701352,-0.15105804801,1.06878530979
-0.0593741424382,0.0406314395368,1.0,-0.0999726653099,-0.145403683186,1.06981503963
-0.0632247328758,0.0433858372271,1.0,-0.105512373149,-0.140590116382,1.07015705109
-0.0721131414175,0.0497888550162,1.0,-0.109542161226,-0.137102469802,1.07022666931
-0.0763208419085,0.0528415441513,1.0,-0.115975864232,-0.132355168462,1.07050013542
-0.0862473845482,0.0600972734392,1.0,-0.122199952602,-0.128607839346,1.07117187977
-0.101490460336,0.0713852420449,1.0,-0.14166149497,-0.119152039289,1.07434880733
-0.107020512223,0.0755239501595,1.0,-0.146065428853,-0.116482630372,1.07496666908
-0.118564479053,0.0842383056879,1.0,-0.157266512513,-0.109817542136,1.07693004608
-0.124576553702,0.088816948235,1.0,-0.161916106939,-0.107402846217,1.07764875889
-0.137065947056,0.0984176024795,1.0,-0.173318430781,-0.0998157635331,1.07857322693
-0.143537268043,0.103439897299,1.0,-0.177561402321,-0.0963474065065,1.07860767841
-0.156916677952,0.11392891407,1.0,-0.19180393219,-0.0845756828785,1.07847452164
-0.163815513253,0.11939381808,1.0,-0.196766749024,-0.0800283104181,1.07815873623
-0.178010061383,0.13076223433,1.0,-0.212070778012,-0.0691208690405,1.07866752148
-0.185305729508,0.136671945453,1.0,-0.219946607947,-0.0641147866845,1.0795519352
-0.20785190165,0.155233427882,1.0,-0.24365451932,-0.0454618297517,1.07986176014
-0.215573966503,0.161698669195,1.0,-0.255139827728,-0.0346631668508,1.07940173149
-0.231294170022,0.175039932132,1.0,-0.265876203775,-0.0244147069752,1.08003973961
-0.239278078079,0.181911721826,1.0,-0.276547014713,-0.0133159551769,1.07828044891
-0.255446314812,0.196037247777,1.0,-0.28703352809,-0.00311468774453,1.07778954506
-0.263616204262,0.203286856413,1.0,-0.297432512045,0.00829525385052,1.07669198513
-0.280095279217,0.218153581023,1.0,-0.307777196169,0.0181864202023,1.07621824741
-0.288385599852,0.225763037801,1.0,-0.319405078888,0.0298206955194,1.07477045059
-0.313341200352,0.249245941639,1.0,-0.342227607965,0.0523899868131,1.07292127609
-0.338225394487,0.27363178134,1.0,-0.361308783293,0.0729755163193,1.07088303566
-0.354651272297,0.290343463421,1.0,-0.376540958881,0.0917840898037,1.06916821003
-0.378831744194,0.315993994474,1.0,-0.395049959421,0.117251619697,1.06677699089
-0.394564628601,0.333471119404,1.0,-0.410155236721,0.140717923641,1.06487643719
-0.409811556339,0.351114034653,1.0,-0.418995201588,0.154045045376,1.06461334229
-0.417264848948,0.360027998686,1.0,-0.422230511904,0.158278986812,1.0644980669
-0.431778848171,0.378016710281,1.0,-0.431886404753,0.169650763273,1.06484675407
-0.452315598726,0.405192166567,1.0,-0.447134643793,0.1909429878,1.06639540195
-0.471191257238,0.432517528534,1.0,-0.459324598312,0.212758183479,1.06818771362
-0.47709017992,0.441658526659,1.0,-0.461085647345,0.217150703073,1.06821513176
-0.488244742155,0.459951341152,1.0,-0.466388314962,0.232071608305,1.06805729866
-0.493484705687,0.469091594219,1.0,-0.467756837606,0.237822905183,1.06783330441
-0.503257274628,0.487336874008,1.0,-0.473941117525,0.257104963064,1.06775391102
-0.507783830166,0.496444940567,1.0,-0.47479391098,0.260948330164,1.06779491901
-0.516079723835,0.514592528343,1.0,-0.479436308146,0.274812728167,1.06919050217
-0.519845545292,0.523639023304,1.0,-0.48080483079,0.279223591089,1.06967222691
-0.526570558548,0.541609764099,1.0,-0.484374970198,0.29152867198,1.07166922092
-0.534621357918,0.568298816681,1.0,-0.486752390862,0.309967398643,1.07365751266
-0.536750197411,0.57711827755,1.0,-0.48673966527,0.315136253834,1.07403516769
-0.540152132511,0.594590127468,1.0,-0.486025363207,0.326933294535,1.07493257523
-0.541423678398,0.603245437145,1.0,-0.485832452774,0.338972300291,1.07444226742
-0.543100655079,0.620381593704,1.0,-0.485117077827,0.351061552763,1.07452690601
-0.543504059315,0.628854036331,1.0,-0.483729928732,0.361515283585,1.07493185997
-0.543438494205,0.645618259907,1.0,-0.482413083315,0.371578276157,1.07530581951
-0.542969226837,0.653892457485,1.0,-0.48228174448,0.382475107908,1.07571721077
-0.54115909338,0.670229911804,1.0,-0.479660153389,0.392391979694,1.07686388493
-0.536278545856,0.694168329239,1.0,-0.474155694246,0.411067515612,1.07678067684
-0.534078717232,0.701992571354,1.0,-0.472256839275,0.416058540344,1.07631158829
-0.528836846352,0.717378497124,1.0,-0.468362122774,0.425504297018,1.07617068291
-0.518896639347,0.739812970161,1.0,-0.455312073231,0.45369052887,1.07233655453
-0.515038311481,0.74711817503,1.0,-0.453126609325,0.458192169666,1.07164347172
-0.50654232502,0.761430025101,1.0,-0.445728629827,0.473067045212,1.07057547569
-0.501904010773,0.768449485302,1.0,-0.443101644516,0.47863021493,1.07017421722
-0.491876393557,0.782195866108,1.0,-0.435210257769,0.494680076838,1.06844878197
-0.48649340868,0.788924574852,1.0,-0.430407613516,0.502840936184,1.06771194935
-0.474746525288,0.802376449108,1.0,-0.421980232,0.516305565834,1.06628239155
-0.468935012817,0.808510303497,1.0,-0.416798889637,0.523439824581,1.06561684608
-0.455806195736,0.821339249611,1.0,-0.403924554586,0.537970721722,1.06394767761
-0.434964448214,0.839373230934,1.0,-0.387899279594,0.554819822311,1.06245923042
-0.427960336208,0.844913363457,1.0,-0.38221091032,0.560698986053,1.06211853027
-0.412388473749,0.856456339359,1.0,-0.372484624386,0.570620119572,1.0622010231
-0.404864341021,0.861693322659,1.0,-0.366963654757,0.57546287775,1.06259655952
-0.388244658709,0.872577011585,1.0,-0.356298685074,0.58557677269,1.06350040436
-0.38025957346,0.877503812313,1.0,-0.347542673349,0.592601895332,1.06468832493
-0.362716019154,0.887717962265,1.0,-0.337548166513,0.600183486938,1.06572449207
-0.354327708483,0.892330527306,1.0,-0.328125,0.606806457043,1.06649398804
-0.335979312658,0.901869237423,1.0,-0.316456049681,0.614549279213,1.06720590591
-0.327247440815,0.906162679195,1.0,-0.305920630693,0.620996177197,1.06726825237
-0.308633089066,0.914831101894,1.0,-0.291376829147,0.628649950027,1.06833672523
-0.299203306437,0.918986320496,1.0,-0.283302932978,0.633975684643,1.06712329388
-0.279619723558,0.927143990993,1.0,-0.270513802767,0.641468584538,1.06685721874
-0.270367234945,0.930788874626,1.0,-0.259605228901,0.647069275379,1.06638300419
-0.250789046288,0.938082873821,1.0,-0.246340051293,0.652509152889,1.0666321516
-0.240909218788,0.9415563941,1.0,-0.239005073905,0.657364308834,1.06633865833
-0.220552772284,0.948294103146,1.0,-0.227214708924,0.662869155407,1.06686222553
-0.210990279913,0.951270103455,1.0,-0.216489627957,0.66691160202,1.06708490849
-0.190398171544,0.957280993462,1.0,-0.204258322716,0.671497523785,1.06740534306
-0.160473018885,0.965074181557,1.0,-0.180134013295,0.681548535824,1.0667989254
-0.150329232216,0.967467546463,1.0,-0.168495088816,0.687101602554,1.06569433212
-0.130016759038,0.97188615799,1.0,-0.151249706745,0.693714737892,1.06483602524
-0.119856834412,0.973909556866,1.0,-0.142443299294,0.697997510433,1.06386077404
-0.0995721668005,0.977576434612,1.0,-0.127346381545,0.702921032906,1.06345391273
-0.0894456803799,0.979220151901,1.0,-0.123143702745,0.704103887081,1.06317162514
-0.0692630782723,0.982120871544,1.0,-0.101932033896,0.708347082138,1.06346786022
-0.0592025965452,0.983377993107,1.0,-0.0988032370806,0.710235714912,1.06327581406
-0.0391917079687,0.98549836874,1.0,-0.0770430266857,0.71455258131,1.06369972229
-0.0291902273893,0.986365139484,1.0,-0.0720405131578,0.715063095093,1.06346094608
-0.00944490823895,0.987689316273,1.0,-0.0550350360572,0.717772305012,1.06424736977
0.019892025739,0.988674581051,1.0,-0.0305492915213,0.721113801003,1.06389927864
0.029634559527,0.988731980324,1.0,-0.0212297812104,0.724241435528,1.06235086918
0.048750191927,0.988436818123,1.0,-0.00631626974791,0.726796627045,1.06209540367
0.0583166405559,0.988080143929,1.0,0.00216650404036,0.729769349098,1.06123507023
0.0770634710789,0.98696064949,1.0,0.0161338690668,0.731204330921,1.06075167656
0.0864339843392,0.986185312271,1.0,0.0223273746669,0.731701076031,1.06056904793
0.104773491621,0.984233438969,1.0,0.0355330482125,0.72993016243,1.06006813049
0.131834357977,0.980244934559,1.0,0.0561700314283,0.723362624645,1.05974912643
0.140761435032,0.978622674942,1.0,0.065005607903,0.719890892506,1.05975365639
0.158199340105,0.974989116192,1.0,0.0762578397989,0.714782774448,1.05998647213
0.17537304759,0.970779120922,1.0,0.0987852141261,0.70484739542,1.06008028984
0.18383385241,0.968462586403,1.0,0.105742961168,0.704426407814,1.05876779556
0.200498923659,0.96340662241,1.0,0.119915813208,0.697462618351,1.0589492321
0.225200220942,0.954628586769,1.0,0.137886658311,0.692034244537,1.05792021751
0.248372644186,0.944870352745,1.0,0.158452630043,0.679571449757,1.05793452263
0.256021738052,0.941298246384,1.0,0.164021536708,0.675006330013,1.05856525898
0.271384000778,0.933558881283,1.0,0.173428848386,0.668782353401,1.05927407742
0.278416365385,0.929751336575,1.0,0.182736933231,0.663198947906,1.05980813503
0.299926996231,0.916991055012,1.0,0.202365875244,0.650971591473,1.06020283699
0.314071714878,0.907607078552,1.0,0.211764231324,0.645449399948,1.05994796753
0.32052141428,0.903043448925,1.0,0.220864191651,0.638848721981,1.05990862846
0.333717316389,0.893107354641,1.0,0.2309307307,0.627772331238,1.06060135365
0.340156674385,0.887947738171,1.0,0.23411001265,0.625756025314,1.06082749367
0.352700442076,0.877260625362,1.0,0.247803792357,0.609964251518,1.06177222729
0.358802944422,0.871735394001,1.0,0.249354511499,0.609296262264,1.06163907051
0.370662152767,0.86032897234,1.0,0.262691527605,0.593071758747,1.06254732609
0.376414328814,0.854452550411,1.0,0.266573190689,0.590092480183,1.06205868721
0.387560516596,0.842356860638,1.0,0.275541335344,0.580112874508,1.06290113926
0.392946749926,0.836146295071,1.0,0.282675892115,0.574849665165,1.06244969368
0.403337776661,0.823409199715,1.0,0.292726576328,0.565882325172,1.06338572502
0.40834197402,0.816883385181,1.0,0.301816523075,0.559081912041,1.06266915798
0.417956233025,0.80353051424,1.0,0.309852838516,0.552362918854,1.06275236607
0.422561615705,0.796709477901,1.0,0.316405177116,0.546907901764,1.06018877029
0.431360423565,0.78278875351,1.0,0.324293494225,0.538652598858,1.05873930454
0.435550034046,0.775694012642,1.0,0.324951738119,0.535991251469,1.05769050121
0.443500995636,0.761246919632,1.0,0.330622881651,0.527546226978,1.05626392365
0.447257786989,0.753901124001,1.0,0.332459181547,0.521332383156,1.05614459515
0.457632362843,0.731403589249,1.0,0.340066432953,0.50237762928,1.05493032932
0.463788181543,0.716036915779,1.0,0.345181703568,0.490253984928,1.05474579334
0.466624885798,0.70827126503,1.0,0.34943947196,0.483360886574,1.05407118797
0.471827715635,0.692534208298,1.0,0.353693574667,0.473724216223,1.05386197567
0.476383179426,0.676560521126,1.0,0.360793471336,0.455901861191,1.05423951149
0.478408366442,0.66851323843,1.0,0.36113679409,0.450687557459,1.05337429047
0.483480751514,0.644064724445,1.0,0.362987369299,0.427882701159,1.05319881439
0.486004590988,0.627562105656,1.0,0.363829433918,0.412563115358,1.05408489704
0.487004548311,0.619259893894,1.0,0.36453589797,0.405320674181,1.05375730991
0.488474011421,0.602566480637,1.0,0.366011142731,0.391010671854,1.05425512791
0.488941013813,0.594181001186,1.0,0.367232531309,0.382938653231,1.05375599861
0.489334046841,0.576963841915,1.0,0.369011431932,0.370389282703,1.05378651619
0.489256948233,0.568901479244,1.0,0.370219320059,0.360253721476,1.05373322964
0.488552987576,0.551976263523,1.0,0.371334552765,0.348355144262,1.05414962769
0.487067610025,0.534632980824,1.0,0.371139883995,0.335381656885,1.05354487896
0.486107409,0.526531219482,1.0,0.369786530733,0.325983226299,1.05365157127
0.48347607255,0.509179651737,1.0,0.366964161396,0.313372969627,1.05380499363
0.48197799921,0.501082658768,1.0,0.363865584135,0.302000284195,1.0536929369
0.476152867079,0.475700050592,1.0,0.357049226761,0.278338581324,1.05442607403
0.471322238445,0.458839178085,1.0,0.353616625071,0.265943497419,1.05532228947
0.465601205826,0.441678494215,1.0,0.350967913866,0.251372724771,1.05556261539
0.462664037943,0.433709651232,1.0,0.348888069391,0.244368284941,1.055975914
0.455786347389,0.416693896055,1.0,0.345634311438,0.230167716742,1.05519175529
0.452309131622,0.408795237541,1.0,0.34265857935,0.221111834049,1.05540084839
0.440273106098,0.384149581194,1.0,0.334548413754,0.203139364719,1.05558311939
0.431118428707,0.367530107498,1.0,0.326882004738,0.191045030951,1.05602645874
0.426585227251,0.359827488661,1.0,0.322741538286,0.183424070477,1.0563287735
0.416317224503,0.343440413475,1.0,0.314586788416,0.169484168291,1.05725991726
0.411271035671,0.335852742195,1.0,0.309886813164,0.160173252225,1.05807566643
0.399915337563,0.319718301296,1.0,0.300828814507,0.141253128648,1.05941236019
0.394370853901,0.312255263329,1.0,0.296199589968,0.132496953011,1.06007254124
0.381965011358,0.296396136284,1.0,0.288660913706,0.116950072348,1.06068778038
0.375933855772,0.289057701826,1.0,0.284120351076,0.108533084393,1.06148350239
0.362511068583,0.273478090763,1.0,0.275244295597,0.0945142358541,1.06202197075
0.356018215418,0.266275256872,1.0,0.270169347525,0.0870188325644,1.06257283688
0.341621905565,0.250980347395,1.0,0.255746513605,0.06983679533,1.06345427036
0.334686547518,0.243911445141,1.0,0.249171838164,0.0618257895112,1.06392991543
0.319367229939,0.228903010488,1.0,0.235809907317,0.0468904264271,1.06564879417
0.312015146017,0.221968397498,1.0,0.228787884116,0.0382111035287,1.06672465801
0.295823007822,0.207237660885,1.0,0.214577168226,0.0223650876433,1.06842315197
0.288076430559,0.200429901481,1.0,0.207269266248,0.0134515278041,1.06979465485
0.271082431078,0.185977250338,1.0,0.193944096565,0.000522676273249,1.0701713562
0.262975424528,0.179295063019,1.0,0.186764627695,-0.00665029231459,1.07080805302
0.245237275958,0.165099605918,1.0,0.173776775599,-0.0190704185516,1.07075476646
0.236806735396,0.158539384604,1.0,0.166546478868,-0.0266889221966,1.07143616676
0.21839992702,0.144586846232,1.0,0.15122179687,-0.0383529923856,1.07081019878
0.209662556648,0.138125881553,1.0,0.143329888582,-0.0460008755326,1.07134997845
0.190658211708,0.124391406775,1.0,0.128327518702,-0.0550237447023,1.07097899914
0.181654557586,0.118022561073,1.0,0.119451440871,-0.0624279379845,1.07146537304
0.162567690015,0.104779347777,1.0,0.10100055486,-0.0751600712538,1.07193493843
0.132949963212,0.084819316864,1.0,0.0743636861444,-0.0927557051182,1.07139694691
0.123552009463,0.0786113515496,1.0,0.0655097365379,-0.0988918989897,1.07165718079
0.10369335115,0.0656564757228,1.0,0.0481038577855,-0.109873898327,1.0706217289
0.0936932638288,0.0592052824795,1.0,0.0420073419809,-0.113309882581,1.0701559782
0.0735735595226,0.0463448129594,1.0,0.0174014847726,-0.127373591065,1.06843709946
0.0634655430913,0.0399329476058,1.0,0.0140179507434,-0.128604784608,1.06772458553
0.0427141934633,0.0268451217562,1.0,-0.00669709546492,-0.139784097672,1.06659603119
0.0330008119345,0.0207438860089,1.0,-0.0167755726725,-0.146789669991,1.06645393372
0.0125838117674,0.00794654153287,1.0,-0.0442049093544,-0.164150685072,1.06689190865
0.00242568808608,0.00158334267326,1.0,-0.0485111922026,-0.166165351868,1.06664204597
-0.0179922040552,-0.0112228123471,1.0,-0.0646645203233,-0.176346927881,1.06713962555
-0.0281265322119,-0.0175972133875,1.0,-0.069582015276,-0.179427832365,1.06731915474
-0.0484581701458,-0.0304453466088,1.0,-0.0857722759247,-0.188703492284,1.06691968441
-0.0786370337009,-0.0497345998883,1.0,-0.106939770281,-0.202704936266,1.06626796722
-0.0886555537581,-0.0562150850892,1.0,-0.110749267042,-0.204630538821,1.06577467918
-0.108579397202,-0.0692465156317,1.0,-0.129371494055,-0.216441377997,1.06472110748
-0.118384666741,-0.075740031898,1.0,-0.136759534478,-0.222883448005,1.06476902962
-0.137914702296,-0.0888571590185,1.0,-0.151434987783,-0.234571546316,1.06423890591
-0.147605776787,-0.0954674035311,1.0,-0.159986630082,-0.243812948465,1.06444144249
-0.176203295588,-0.115431472659,1.0,-0.181806847453,-0.266794621944,1.06485438347
-0.19487516582,-0.128893330693,1.0,-0.194217696786,-0.281082302332,1.06555175781
-0.204075530171,-0.135668873787,1.0,-0.201817661524,-0.28944554925,1.06543827057
-0.23992779851,-0.163120806217,1.0,-0.228750020266,-0.320224434137,1.06488442421
-0.248620629311,-0.17006342113,1.0,-0.233315363526,-0.325324863195,1.06458485126
-0.266075700521,-0.184397056699,1.0,-0.246691316366,-0.342116683722,1.06408154964
-0.274062156677,-0.191146031022,1.0,-0.253450870514,-0.351019203663,1.06393837929
-0.290794670582,-0.205719172955,1.0,-0.266914367676,-0.369848430157,1.06419682503
-0.298426538706,-0.212578549981,1.0,-0.274705201387,-0.381318002939,1.06451952457
-0.314380586147,-0.227398648858,1.0,-0.286577790976,-0.397691369057,1.0645468235
-0.321638971567,-0.234376594424,1.0,-0.294330239296,-0.409317672253,1.06511259079
-0.33643373847,-0.249111443758,1.0,-0.306195795536,-0.424870759249,1.06492722034
-0.343620091677,-0.25654065609,1.0,-0.30826407671,-0.427458792925,1.06469190121
-0.357856929302,-0.271852076054,1.0,-0.320578932762,-0.443234562874,1.06428408623
-0.364307999611,-0.279076993465,1.0,-0.326709777117,-0.452582657337,1.06457448006
-0.37732988596,-0.294280827045,1.0,-0.338921606541,-0.46980702877,1.06487941742
-0.383614450693,-0.301948040724,1.0,-0.343561142683,-0.476866096258,1.06517779827
-0.395985305309,-0.317761451006,1.0,-0.354602396488,-0.492815226316,1.06508541107
-0.401531428099,-0.325199157,1.0,-0.36063554883,-0.502908587456,1.06572473049
-0.412647008896,-0.340860366821,1.0,-0.370879769325,-0.518741130829,1.06573534012
-0.417962670326,-0.348752707243,1.0,-0.374310493469,-0.523361027241,1.06534445286
-0.42809343338,-0.364645779133,1.0,-0.384831786156,-0.538061857224,1.06434118748
-0.43288898468,-0.372616708279,1.0,-0.388202995062,-0.543013930321,1.06408715248
-0.441998809576,-0.388711363077,1.0,-0.397451817989,-0.558559834957,1.06387770176
-0.446267396212,-0.39675500989,1.0,-0.401327043772,-0.564501881599,1.06362330914
-0.454311162233,-0.412984460592,1.0,-0.410256624222,-0.58055716753,1.06342172623
-0.458067566156,-0.421137571335,1.0,-0.412944018841,-0.585440337658,1.06337559223
-0.465056777,-0.437543779612,1.0,-0.420224130154,-0.600946128368,1.06181669235
-0.468259781599,-0.445724099874,1.0,-0.422347426414,-0.605976462364,1.06139111519
-0.474149465561,-0.462206870317,1.0,-0.428690463305,-0.62000900507,1.05963087082
-0.476814687252,-0.470451951027,1.0,-0.430004149675,-0.624108433723,1.05919623375
-0.481609165668,-0.487023681402,1.0,-0.436894178391,-0.638002038002,1.05642986298
-0.483728289604,-0.495317906141,1.0,-0.438508868217,-0.642292320728,1.05550503731
-0.487413614988,-0.511934459209,1.0,-0.443803906441,-0.658362984657,1.0534350872
-0.488977581263,-0.520246446133,1.0,-0.44473773241,-0.661827385426,1.05290651321
-0.491548508406,-0.536877274513,1.0,-0.448903739452,-0.67970508337,1.05180716515
-0.494008213282,-0.561807334423,1.0,-0.450815856457,-0.702914297581,1.05129289627
-0.494454801083,-0.570097446442,1.0,-0.45101416111,-0.709143519402,1.05089426041
-0.494789153337,-0.586639046669,1.0,-0.450543880463,-0.721393048763,1.05114233494
-0.494677573442,-0.594878017902,1.0,-0.450312018394,-0.734390676022,1.05037403107
-0.493897616863,-0.61131721735,1.0,-0.448945015669,-0.748529136181,1.05041968822
-0.49322745204,-0.61952996254,1.0,-0.448673427105,-0.755792915821,1.0501909256
-0.491340428591,-0.635803461075,1.0,-0.448102176189,-0.772834002972,1.05072140694
-0.490117251873,-0.643925428391,1.0,-0.447547018528,-0.778354883194,1.05087947845
-0.487132638693,-0.660008430481,1.0,-0.44545596838,-0.796336054802,1.05203998089
-0.485365629196,-0.668006598949,1.0,-0.443997681141,-0.803160250187,1.05252790451
-0.481294542551,-0.683863639832,1.0,-0.439833670855,-0.8211196661,1.05375516415
-0.478986501694,-0.691738784313,1.0,-0.437803983688,-0.82827860117,1.05402350426
-0.471006393433,-0.715040683746,1.0,-0.429731458426,-0.853478372097,1.05520439148
-0.464809447527,-0.730305969715,1.0,-0.424003630877,-0.872413873672,1.05612945557
-0.461457073689,-0.73783749342,1.0,-0.422577083111,-0.877392888069,1.05636847019
-0.454231053591,-0.75273090601,1.0,-0.415304690599,-0.901610314846,1.05860888958
-0.450371384621,-0.760064661503,1.0,-0.414052069187,-0.906275868416,1.05914330482
-0.442134052515,-0.774552702904,1.0,-0.405703663826,-0.931998550892,1.06184160709
-0.437789618969,-0.781650662422,1.0,-0.405978500843,-0.930413067341,1.06154513359
-0.428564846516,-0.795691132545,1.0,-0.397621482611,-0.947934389114,1.06326794624
-0.423728793859,-0.802564740181,1.0,-0.395601242781,-0.951175808907,1.06333756447
-0.413584083319,-0.816059470177,1.0,-0.385781258345,-0.967353641987,1.06363749504
-0.408259093761,-0.822699546814,1.0,-0.381867676973,-0.97254627943,1.06355810165
-0.397229939699,-0.835611522198,1.0,-0.372708022594,-0.984788239002,1.06317710876
-0.385321199894,-0.848439633846,1.0,-0.365914255381,-0.992888510227,1.06225168705
-0.36710318923,-0.866179943085,1.0,-0.353360682726,-1.00949418545,1.06279778481
-0.36065992713,-0.87197804451,1.0,-0.350438445807,-1.01306164265,1.06306791306
-0.34736508131,-0.883247792721,1.0,-0.34084752202,-1.02476608753,1.06391143799
-0.340526998043,-0.888707578182,1.0,-0.33710283041,-1.02918720245,1.06438732147
-0.326466917992,-0.899278640747,1.0,-0.325324088335,-1.03946232796,1.06496441364
-0.319253623486,-0.904382884502,1.0,-0.32061034441,-1.04284822941,1.06479585171
-0.296903043985,-0.918953180313,1.0,-0.3016038239,-1.05517172813,1.0636613369
-0.257458031178,-0.940643072128,1.0,-0.265288263559,-1.07573103905,1.06154406071
-0.240965589881,-0.948378026485,1.0,-0.256547570229,-1.0808044672,1.06157362461
-0.232575282454,-0.952038645744,1.0,-0.250711083412,-1.08461797237,1.06175017357
-0.206867560744,-0.962174117565,1.0,-0.22980388999,-1.09597468376,1.06222295761
-0.189307704568,-0.968214690685,1.0,-0.21945759654,-1.10012698174,1.06251347065
-0.180411919951,-0.971016168594,1.0,-0.213096365333,-1.10196232796,1.06246221066
-0.162399142981,-0.97617816925,1.0,-0.197952672839,-1.1063092947,1.06233215332
-0.153287783265,-0.978537082672,1.0,-0.188156366348,-1.10918056965,1.06260740757
-0.134860411286,-0.982808947563,1.0,-0.168535083532,-1.11460757256,1.06343388557
-0.125553682446,-0.984719634056,1.0,-0.16340534389,-1.11631584167,1.06379652023
-0.106766961515,-0.988087952137,1.0,-0.145087733865,-1.12355625629,1.06545877457
-0.0972928851843,-0.989544570446,1.0,-0.140576258302,-1.12559378147,1.0661649704
-0.0781984180212,-0.992000520229,1.0,-0.121286995709,-1.13484036922,1.06930100918
-0.0685822889209,-0.992999374866,1.0,-0.115673445165,-1.13725578785,1.06996870041
-0.0199985373765,-0.99569183588,1.0,-0.0698998495936,-1.1547883749,1.07632911205
-0.0101588396356,-0.995770454407,1.0,-0.0629375427961,-1.15601313114,1.07646524906
0.0489960871637,-0.9930306077,1.0,-0.0124239139259,-1.16108131409,1.07936453819
0.0686669498682,-0.990914165974,1.0,0.00587900402024,-1.16091299057,1.07987475395
0.0785984620452,-0.989618122578,1.0,0.0120461313054,-1.16089820862,1.0800075531
0.0982148498297,-0.986608564854,1.0,0.0300163347274,-1.16020214558,1.08042824268
0.108099266887,-0.984864830971,1.0,0.036736138165,-1.15933835506,1.08026313782
0.127594530582,-0.980975568295,1.0,0.0563963279128,-1.15663254261,1.07879400253
0.147476837039,-0.976386070251,1.0,0.0743155926466,-1.15220141411,1.07632291317
0.156703338027,-0.974039196968,1.0,0.0850223377347,-1.14924871922,1.07577204704
0.17590560019,-0.968704819679,1.0,0.102334417403,-1.14247953892,1.07297253609
0.185434192419,-0.965827822685,1.0,0.107911854982,-1.14058768749,1.07234227657
0.204326048493,-0.959660351276,1.0,0.125588968396,-1.13392794132,1.07088875771
0.213683068752,-0.956371665001,1.0,0.130432963371,-1.13212835789,1.07071876526
0.241336509585,-0.945706427097,1.0,0.151058286428,-1.12532639503,1.07093322277
0.259389013052,-0.937941551208,1.0,0.168740749359,-1.11860954762,1.07158362865
0.277106434107,-0.929661095142,1.0,0.178187280893,-1.11488568783,1.07238793373
0.30292698741,-0.916326522827,1.0,0.208116188645,-1.10135006905,1.07280659676
0.31132760644,-0.911637544632,1.0,0.213462039828,-1.09850955009,1.07307767868
0.327791661024,-0.901903808117,1.0,0.228751808405,-1.09115076065,1.0744535923
0.33585113287,-0.896859109402,1.0,0.233578160405,-1.08909058571,1.07526910305
0.351568669081,-0.886444568634,1.0,0.248099803925,-1.08195829391,1.07656264305
0.367099732161,-0.875331103802,1.0,0.259189069271,-1.07595956326,1.07767701149
0.388482034206,-0.858486354351,1.0,0.279035747051,-1.06529188156,1.08090889454
0.395421296358,-0.852579534054,1.0,0.283445686102,-1.0629119873,1.08221209049
0.408820658922,-0.84046715498,1.0,0.297025442123,-1.0522339344,1.08358979225
0.415274292231,-0.834263861179,1.0,0.301229804754,-1.04815590382,1.08352959156
0.427671611309,-0.821570336819,1.0,0.313354104757,-1.03450942039,1.08281230927
0.433643877506,-0.815043151379,1.0,0.319178044796,-1.02822601795,1.08346247673
0.439361542463,-0.808508574963,1.0,0.325807005167,-1.01908326149,1.08209276199
0.450338125229,-0.795064032078,1.0,0.332039654255,-1.01141571999,1.08189833164
0.455517083406,-0.788245022297,1.0,0.336684286594,-1.00272965431,1.08041119576
0.469921439886,-0.767239809036,1.0,0.34781229496,-0.987340509892,1.07989573479
0.478510528803,-0.752851128578,1.0,0.35566598177,-0.977479159832,1.07956528664
0.482500225306,-0.745532810688,1.0,0.357933729887,-0.97369915247,1.07895636559
0.493178516626,-0.723176896572,1.0,0.367199927568,-0.955600380898,1.07659888268
0.499206066132,-0.707948625088,1.0,0.373425602913,-0.939118683338,1.07451152802
0.501892149448,-0.700226843357,1.0,0.374757498503,-0.934233903885,1.07383453846
0.506581664085,-0.684630513191,1.0,0.378726571798,-0.919387042522,1.07312333584
0.508587419987,-0.676743626595,1.0,0.380859583616,-0.911628901958,1.07302927971
0.510365188122,-0.668799877167,1.0,0.38072270155,-0.908237278461,1.07275533676
0.513228535652,-0.652766942978,1.0,0.383699655533,-0.894407570362,1.07268738747
0.514313817024,-0.644672870636,1.0,0.384525507689,-0.889727413654,1.07263350487
0.515785157681,-0.628365397453,1.0,0.387726306915,-0.875288128853,1.07276785374
0.516171276569,-0.620155036449,1.0,0.388591319323,-0.870626449585,1.07280218601
0.516244530678,-0.60360532999,1.0,0.390432327986,-0.856328487396,1.07330024242
0.515384972095,-0.586907088757,1.0,0.390913933516,-0.845591723919,1.07418382168
0.514608323574,-0.578530669212,1.0,0.390375107527,-0.842917501926,1.07386410236
0.510891795158,-0.553209245205,1.0,0.38704892993,-0.823216378689,1.07588577271
0.507271885872,-0.536217272282,1.0,0.384580522776,-0.813337564468,1.07727837563
0.505129635334,-0.527717590332,1.0,0.38304027915,-0.804926216602,1.07900428772
0.500171661377,-0.510647952557,1.0,0.381024897099,-0.795193314552,1.07934224606
0.497369408607,-0.502114295959,1.0,0.378448992968,-0.785225868225,1.07990646362
0.491113007069,-0.48500597477,1.0,0.375635057688,-0.774437963963,1.07955634594
0.487677574158,-0.476471096277,1.0,0.372476130724,-0.763059556484,1.0793710947
0.480181932449,-0.459385573864,1.0,0.36824581027,-0.751767933369,1.07894146442
0.476137071848,-0.450859934092,1.0,0.36355394125,-0.740909516811,1.07922565937
0.467462331057,-0.433834969997,1.0,0.35866060853,-0.730781435966,1.07932150364
0.462837457657,-0.425336182117,1.0,0.351157277822,-0.718670904636,1.0797522068
0.453058362007,-0.408422291279,1.0,0.342344880104,-0.705122292042,1.08154714108
0.447902292013,-0.399993151426,1.0,0.339527606964,-0.701085746288,1.08205711842
0.437102198601,-0.383237570524,1.0,0.33065778017,-0.686423480511,1.08286082745
0.425241082907,-0.366005986929,1.0,0.325416922569,-0.677352428436,1.08282077312
0.407151669264,-0.341595947742,1.0,0.312547594309,-0.655929923058,1.0829975605
0.401098996401,-0.333848357201,1.0,0.305466800928,-0.644321799278,1.08281767368
0.381368398666,-0.309797763824,1.0,0.288856595755,-0.621754705906,1.08148694038
0.367369413376,-0.293693333864,1.0,0.280071884394,-0.610167264938,1.08094012737
0.360713303089,-0.286277920008,1.0,0.271582275629,-0.599069774151,1.08089017868
0.346196323633,-0.27058789134,1.0,0.26341766119,-0.587747752666,1.08079600334
0.339318454266,-0.26336696744,1.0,0.255198210478,-0.576171457767,1.08031535149
0.324411392212,-0.248140826821,1.0,0.246812850237,-0.562214136124,1.07945728302
0.317379415035,-0.241145461798,1.0,0.241996720433,-0.554756343365,1.07941520214
0.295080214739,-0.219675630331,1.0,0.224929898977,-0.524721264839,1.07647001743
0.2797729671,-0.205506682396,1.0,0.21202929318,-0.507387876511,1.07450461388
0.272618919611,-0.19902934134,1.0,0.206100985408,-0.500376582146,1.07420814037
0.250191360712,-0.179272457957,1.0,0.185300648212,-0.476613909006,1.07203722
0.23502317071,-0.166347384453,1.0,0.177941471338,-0.468419462442,1.07168138027
0.227989777923,-0.160465314984,1.0,0.170429319143,-0.460857093334,1.0708886385
0.213079497218,-0.148216322064,1.0,0.163543179631,-0.452710092068,1.06993699074
0.206195935607,-0.142658501863,1.0,0.156452983618,-0.44432118535,1.06968808174
0.191664665937,-0.131117910147,1.0,0.150010570884,-0.43583086133,1.06836378574
0.184985846281,-0.125898167491,1.0,0.143018528819,-0.426695466042,1.06683087349
0.170951187611,-0.115096144378,1.0,0.136168673635,-0.418839365244,1.06564354897
0.164526835084,-0.110224716365,1.0,0.12926697731,-0.411123394966,1.06426954269
0.151373818517,-0.100389972329,1.0,0.122831955552,-0.404672503471,1.06298279762
0.144966155291,-0.0956648886204,1.0,0.115380592644,-0.397922128439,1.06226587296
0.132497280836,-0.0865912511945,1.0,0.10735463351,-0.39139649272,1.06170785427
0.114731967449,-0.0739330276847,1.0,0.0980995371938,-0.384074360132,1.06093788147
0.109076187015,-0.0699683874846,1.0,0.0960408002138,-0.381665498018,1.06070458889
0.0981883332133,-0.0624237805605,1.0,0.090406127274,-0.374859392643,1.05993974209
0.0829478800297,-0.0520556122065,1.0,0.0823824331164,-0.366278111935,1.06016778946
0.07816914469,-0.0488509312272,1.0,0.0798984616995,-0.364873439074,1.06068146229
0.068876773119,-0.0426829345524,1.0,0.0743571817875,-0.360063076019,1.0608317852
0.0647603794932,-0.0399777069688,1.0,0.0700503215194,-0.358100712299,1.06164693832
0.0564292408526,-0.0345543026924,1.0,0.065822571516,-0.356144547462,1.06231629848
0.045398786664,-0.0274828691036,1.0,0.0598881579936,-0.351775825024,1.06438744068
0.0421841219068,-0.0254461616278,1.0,0.0582277178764,-0.350329041481,1.06549668312
0.0357797071338,-0.021422477439,1.0,0.0551242493093,-0.344903320074,1.06536448002
0.0330081507564,-0.01969560422,1.0,0.0535569302738,-0.343373268843,1.06626188755
0.0275376327336,-0.0163139812648,1.0,0.0496929176152,-0.337737351656,1.06539785862
0.0251934379339,-0.0148762753233,1.0,0.0470114089549,-0.334936320782,1.06523001194
0.0206164680421,-0.0120899500325,1.0,0.0438705906272,-0.332425743341,1.06578326225
0.0186779499054,-0.0109185716137,1.0,0.0412947423756,-0.3310777843,1.06656181812
0.0149393752217,-0.00867534056306,1.0,0.0383676365018,-0.3299895823,1.06698858738
0.0133782150224,-0.00774522032589,1.0,0.0365370362997,-0.32864266634,1.06740427017
0.0104675022885,-0.00602226797491,1.0,0.034793548286,-0.327057629824,1.06817936897
0.00599851133302,-0.00340992491692,1.0,0.0329257175326,-0.3187109828,1.06553423405
0.00435760384426,-0.00246279058047,1.0,0.0321077406406,-0.315715491772,1.0654001236
0.00366807030514,-0.00206721201539,1.0,0.0309011656791,-0.312083989382,1.06388282776
0.00250191148371,-0.00140199286398,1.0,0.0288743376732,-0.308345496655,1.06285071373
0.00205956096761,-0.00115115614608,1.0,0.0266323145479,-0.305881202221,1.06246364117
0.00131731911097,-0.000732329965103,1.0,0.0238957703114,-0.302682846785,1.06185770035
0.00102907954715,-0.000570611213334,1.0,0.0225365106016,-0.301879435778,1.06221115589
0.000584596826229,-0.000322473613778,1.0,0.0208555720747,-0.299913197756,1.06185936928
0.000434078392573,-0.00023885803239,1.0,0.0202871356159,-0.298646986485,1.06161427498
0.000208507190109,-0.00011422856187,1.0,0.0204475242645,-0.297249615192,1.0614221096
0.00013991376909,-7.64850774431e-05,1.0,0.020667867735,-0.295638799667,1.06108677387
5.00983223901e-05,-2.73110090347e-05,1.0,0.0206969995052,-0.293296903372,1.06048130989
2.780466275e-05,-1.51816748257e-05,1.0,0.0198144074529,-0.291327595711,1.06038117409
5.82853499509e-06,-3.28886517309e-06,1.0,0.0188200101256,-0.289256066084,1.06028318405
2.36020059674e-06,-1.41076691307e-06,1.0,0.0166081115603,-0.288225352764,1.06077861786
9.81966422842e-07,-6.94426546488e-07,1.0,0.0145277017727,-0.2869361341,1.06172525883
1.08342908334e-06,-7.27009989987e-07,1.0,0.0118914432824,-0.286940664053,1.062967062
1.08342908334e-06,-7.27009989987e-07,1.0,0.00955304410309,-0.28684669733,1.06468057632
1.08342908334e-06,-7.27009989987e-07,1.0,0.00797977112234,-0.286256372929,1.06521213055
1.08342908334e-06,-7.27009989987e-07,1.0,0.00612192088738,-0.285792797804,1.06688117981
1.08342908334e-06,-7.27009989987e-07,1.0,0.00449404027313,-0.282380491495,1.06755936146
1.08342908334e-06,-7.27009989987e-07,1.0,0.00322303012945,-0.281854301691,1.06788492203
1.08342908334e-06,-7.27009989987e-07,1.0,0.00130880414508,-0.280651628971,1.06849789619
1.08342908334e-06,-7.27009989987e-07,1.0,-0.000881012296304,-0.280509352684,1.0690151453
1.08342908334e-06,-7.27009989987e-07,1.0,-0.00472178962082,-0.280840992928,1.07004880905
1.08342908334e-06,-7.27009989987e-07,1.0,-0.00572300935164,-0.280940920115,1.07033908367
1.08342908334e-06,-7.27009989987e-07,1.0,-0.0109451171011,-0.280002355576,1.07175135612
1.08342908334e-06,-7.27009989987e-07,1.0,-0.0133536821231,-0.278647601604,1.07181870937
1.08342908334e-06,-7.27009989987e-07,1.0,-0.0133165447041,-0.277256727219,1.07110702991
1.08342908334e-06,-7.27009989987e-07,1.0,-0.0145788919181,-0.275652706623,1.07078838348
1.08342908334e-06,-7.27009989987e-07,1.0,-0.014950806275,-0.273329764605,1.06977796555
1.08342908334e-06,-7.27009989987e-07,1.0,-0.0155190173537,-0.270031690598,1.06873476505
1.08342908334e-06,-7.27009989987e-07,1.0,-0.015983344987,-0.267731070518,1.06837117672
1.08342908334e-06,-7.27009989987e-07,1.0,-0.0171380005777,-0.267192155123,1.06800210476
1.08342908334e-06,-7.27009989987e-07,1.0,-0.0174841936678,-0.267460823059,1.06797754765
1.08342908334e-06,-7.27009989987e-07,1.0,-0.0170897990465,-0.265560001135,1.06698584557
1.08342908334e-06,-7.27009989987e-07,1.0,-0.0168062094599,-0.264773219824,1.06658291817
1.08342908334e-06,-7.27009989987e-07,1.0,-0.014852299355,-0.260917335749,1.0653860569
1.08342908334e-06,-7.27009989987e-07,1.0,-0.0140699539334,-0.258927732706,1.06465160847
1.08342908334e-06,-7.27009989987e-07,1.0,-0.013367170468,-0.256254374981,1.06399965286
1.08342908334e-06,-7.27009989987e-07,1.0,-0.0130371386185,-0.255020469427,1.06359231472
1.08342908334e-06,-7.27009989987e-07,1.0,-0.0131394369528,-0.253518283367,1.06409263611
1.08342908334e-06,-7.27009989987e-07,1.0,-0.0132495872676,-0.253221541643,1.06451582909
1.08342908334e-06,-7.27009989987e-07,1.0,-0.0133716212586,-0.253918856382,1.06584072113
1.08342908334e-06,-7.27009989987e-07,1.0,-0.0122182164341,-0.252444475889,1.06682014465
1.08342908334e-06,-7.27009989987e-07,1.0,-0.0109357349575,-0.252188801765,1.06756448746
1.08342908334e-06,-7.27009989987e-07,1.0,-0.0101497238502,-0.25203821063,1.06825184822
1.08342908334e-06,-7.27009989987e-07,1.0,-0.00882197357714,-0.250147730112,1.06764161587
1.08342908334e-06,-7.27009989987e-07,1.0,-0.00788888521492,-0.248800039291,1.06778728962
1.08342908334e-06,-7.27009989987e-07,1.0,-0.00739176431671,-0.247571691871,1.06807303429
1.08342908334e-06,-7.27009989987e-07,1.0,-0.00747099192813,-0.245813593268,1.06805825233
1.08342908334e-06,-7.27009989987e-07,1.0,-0.00766296871006,-0.244571149349,1.06821274757
1.08342908334e-06,-7.27009989987e-07,1.0,-0.00802504271269,-0.242652699351,1.06816935539
1.08342908334e-06,-7.27009989987e-07,1.0,-0.00821097195148,-0.240676894784,1.06754767895
1.08342908334e-06,-7.27009989987e-07,1.0,-0.00792128872126,-0.237954497337,1.06695306301
1.08342908334e-06,-7.27009989987e-07,1.0,-0.00697636464611,-0.236099168658,1.06623339653
1.08342908334e-06,-7.27009989987e-07,1.0,-0.00559901632369,-0.233701720834,1.06494629383
1.08342908334e-06,-7.27009989987e-07,1.0,-0.00457116030157,-0.231641590595,1.06388318539
1.08342908334e-06,-7.27009989987e-07,1.0,-0.00445494800806,-0.229707345366,1.06316721439
1.08342908334e-06,-7.27009989987e-07,1.0,-0.00429822970182,-0.229124322534,1.0630531311
1.08342908334e-06,-7.27009989987e-07,1.0,-0.00585407903418,-0.228375673294,1.06315493584
1.08342908334e-06,-7.27009989987e-07,1.0,-0.00886475481093,-0.224890992045,1.06421208382
1.08342908334e-06,-7.27009989987e-07,1.0,-0.00907874945551,-0.223241850734,1.06410431862
1.08342908334e-06,-7.27009989987e-07,1.0,-0.00899247452617,-0.221617266536,1.06385457516
1.08342908334e-06,-7.27009989987e-07,1.0,-0.0090856673196,-0.220397695899,1.06397926807
1.08342908334e-06,-7.27009989987e-07,1.0,-0.00917401816696,-0.21788585186,1.06297147274
1.08342908334e-06,-7.27009989987e-07,1.0,-0.00958993844688,-0.218213841319,1.06279087067
1.08342908334e-06,-7.27009989987e-07,1.0,-0.0107048023492,-0.217890247703,1.0629645586
1.08342908334e-06,-7.27009989987e-07,1.0,-0.0120340334252,-0.218126773834,1.06340789795
1.08342908334e-06,-7.27009989987e-07,1.0,-0.0145178306848,-0.219050690532,1.06442558765
1.08342908334e-06,-7.27009989987e-07,1.0,-0.0165774840862,-0.220614373684,1.06525981426
1.08342908334e-06,-7.27009989987e-07,1.0,-0.0192455444485,-0.221526250243,1.06623005867
1.08342908334e-06,-7.27009989987e-07,1.0,-0.0200881008059,-0.222444191575,1.06721317768
1.08342908334e-06,-7.27009989987e-07,1.0,-0.0213986244053,-0.222622185946,1.06790113449
1.08342908334e-06,-7.27009989987e-07,1.0,-0.0224841013551,-0.221798509359,1.06803977489
1.08342908334e-06,-7.27009989987e-07,1.0,-0.0224841013551,-0.221798509359,1.06803977489
1.08342908334e-06,-7.27009989987e-07,1.0,-0.0226033106446,-0.221679478884,1.06800615788
1.08342908334e-06,-7.27009989987e-07,1.0,-0.0236490238458,-0.221962749958,1.06778299809
1.08342908334e-06,-7.27009989987e-07,1.0,-0.02393899858,-0.222234576941,1.06785476208
1.08342908334e-06,-7.27009989987e-07,1.0,-0.0252466052771,-0.223248258233,1.06823897362
1.08342908334e-06,-7.27009989987e-07,1.0,-0.0262175090611,-0.224191173911,1.06882047653
1.08342908334e-06,-7.27009989987e-07,1.0,-0.0275288987905,-0.225878641009,1.06983172894
1.08342908334e-06,-7.27009989987e-07,1.0,-0.0283604599535,-0.228062897921,1.07078337669
1.08342908334e-06,-7.27009989987e-07,1.0,-0.0289357379079,-0.229980513453,1.07197034359
1.08342908334e-06,-7.27009989987e-07,1.0,-0.028664894402,-0.23079149425,1.07227516174
1.08342908334e-06,-7.27009989987e-07,1.0,-0.0283664241433,-0.231210887432,1.07299435139
1.08342908334e-06,-7.27009989987e-07,1.0,-0.0278065893799,-0.230580538511,1.07228243351
1.08342908334e-06,-7.27009989987e-07,1.0,-0.0275736432523,-0.230360284448,1.07227671146
1.08342908334e-06,-7.27009989987e-07,1.0,-0.027315473184,-0.228461518884,1.07130658627
1.08342908334e-06,-7.27009989987e-07,1.0,-0.0269784349948,-0.227371349931,1.07071983814
1.08342908334e-06,-7.27009989987e-07,1.0,-0.0277737658471,-0.225695684552,1.07005476952
1.08342908334e-06,-7.27009989987e-07,1.0,-0.0277878921479,-0.22625105083,1.0700340271
1.08342908334e-06,-7.27009989987e-07,1.0,-0.0280554834753,-0.225861161947,1.07006108761
1.08342908334e-06,-7.27009989987e-07,1.0,-0.0280519351363,-0.225899204612,1.07019174099
1.08342908334e-06,-7.27009989987e-07,1.0,-0.0269156098366,-0.227054193616,1.07071077824
1.08342908334e-06,-7.27009989987e-07,1.0,-0.0262920949608,-0.22655415535,1.07019412518
1.08342908334e-06,-7.27009989987e-07,1.0,-0.0251582693309,-0.226470917463,1.07042908669
1.08342908334e-06,-7.27009989987e-07,1.0,-0.0239404011518,-0.22484254837,1.06944596767
1.08342908334e-06,-7.27009989987e-07,1.0,-0.0229082535952,-0.222747832537,1.06900084019
1.08342908334e-06,-7.27009989987e-07,1.0,-0.022977180779,-0.220766723156,1.06787586212
1.08342908334e-06,-7.27009989987e-07,1.0,-0.022926973179,-0.218913376331,1.06725466251
1.08342908334e-06,-7.27009989987e-07,1.0,-0.0237860567868,-0.217453122139,1.0673943758
1.08342908334e-06,-7.27009989987e-07,1.0,-0.0242297742516,-0.217139482498,1.06727921963
1.08342908334e-06,-7.27009989987e-07,1.0,-0.0244363266975,-0.216689124703,1.06772899628
1.08342908334e-06,-7.27009989987e-07,1.0,-0.0232350286096,-0.216210976243,1.06760561466
1.08342908334e-06,-7.27009989987e-07,1.0,-0.0218787975609,-0.21399268508,1.0664358139
1.08342908334e-06,-7.27009989987e-07,1.0,-0.0206311754882,-0.212569177151,1.06594610214
1.08342908334e-06,-7.27009989987e-07,1.0,-0.0202415734529,-0.21056997776,1.0649702549
1.08342908334e-06,-7.27009989987e-07,1.0,-0.0201930850744,-0.208979099989,1.06458628178
1.08342908334e-06,-7.27009989987e-07,1.0,-0.0213848277926,-0.207486525178,1.06407570839
1.08342908334e-06,-7.27009989987e-07,1.0,-0.0222738236189,-0.206806689501,1.06383943558
1.08342908334e-06,-7.27009989987e-07,1.0,-0.0255049318075,-0.203442871571,1.06295716763
1.08342908334e-06,-7.27009989987e-07,1.0,-0.0260376203805,-0.202767968178,1.06299698353
1.08342908334e-06,-7.27009989987e-07,1.0,-0.0259769205004,-0.200958862901,1.0623691082
1.08342908334e-06,-7.27009989987e-07,1.0,-0.0252617709339,-0.200420036912,1.06247711182
1.08342908334e-06,-7.27009989987e-07,1.0,-0.0245162211359,-0.198842331767,1.06206560135
1.08342908334e-06,-7.27009989987e-07,1.0,-0.0240146778524,-0.198498740792,1.06235253811
1.08342908334e-06,-7.27009989987e-07,1.0,-0.0240179747343,-0.196405649185,1.06237137318
1.08342908334e-06,-7.27009989987e-07,1.0,-0.0243183001876,-0.196248963475,1.06250083447
1.08342908334e-06,-7.27009989987e-07,1.0,-0.0263173896819,-0.196054071188,1.06386959553
1.08342908334e-06,-7.27009989987e-07,1.0,-0.0273253470659,-0.196164250374,1.06402862072
1.08342908334e-06,-7.27009989987e-07,1.0,-0.0297967027873,-0.196581736207,1.06545066833
1.08342908334e-06,-7.27009989987e-07,1.0,-0.0300245210528,-0.196529179811,1.06571865082
1.08342908334e-06,-7.27009989987e-07,1.0,-0.0309050586075,-0.196686595678,1.06624913216
1.08342908334e-06,-7.27009989987e-07,1.0,-0.0302075818181,-0.195786371827,1.06552016735
1.08342908334e-06,-7.27009989987e-07,1.0,-0.029170576483,-0.195816904306,1.06515669823
1.08342908334e-06,-7.27009989987e-07,1.0,-0.0288967434317,-0.197200983763,1.0654283762
1.08342908334e-06,-7.27009989987e-07,1.0,-0.0289477705956,-0.196696951985,1.06524085999
1.08342908334e-06,-7.27009989987e-07,1.0,-0.0291805453598,-0.197372958064,1.06552898884
1.08342908334e-06,-7.27009989987e-07,1.0,-0.0298464372754,-0.197420284152,1.06521117687
1.08342908334e-06,-7.27009989987e-07,1.0,-0.0298023186624,-0.198516100645,1.06552159786
1.08342908334e-06,-7.27009989987e-07,1.0,-0.0296882838011,-0.198223546147,1.0651640892
1.08342908334e-06,-7.27009989987e-07,1.0,-0.02916033566,-0.19689103961,1.06411933899
1.08342908334e-06,-7.27009989987e-07,1.0,-0.028516728431,-0.196068644524,1.06320416927
1.08342908334e-06,-7.27009989987e-07,1.0,-0.0268128030002,-0.195083141327,1.06200456619
1.08342908334e-06,-7.27009989987e-07,1.0,-0.0266380012035,-0.194749459624,1.06185269356
1.08342908334e-06,-7.27009989987e-07,0.999906003475,-0.0264551341534,-0.196356639266,1.0628464222
1.08342908334e-06,-7.27009989987e-07,0.999787092209,-0.0256255660206,-0.196193173528,1.06357908249
1.08342908334e-06,-7.27009989987e-07,0.999697804451,-0.0252713691443,-0.195991024375,1.06345999241
1.08342908334e-06,-7.27009989987e-07,0.99944126606,-0.0231481771916,-0.194276839495,1.06321597099
1.08342908334e-06,-7.27009989987e-07,0.999266147614,-0.0227170437574,-0.193639293313,1.06291615963
1.08342908334e-06,-7.27009989987e-07,0.998801589012,-0.0211003273726,-0.193094164133,1.06273853779
1.08342908334e-06,-7.27009989987e-07,0.998502731323,-0.0208536777645,-0.19380107522,1.06273198128
1.08342908334e-06,-7.27009989987e-07,0.997751891613,-0.0205269083381,-0.194787621498,1.06258702278
1.08342908334e-06,-7.27009989987e-07,0.997289776802,-0.0204973835498,-0.195037513971,1.06250917912
1.08342908334e-06,-7.27009989987e-07,0.995501160622,-0.0202939156443,-0.198253244162,1.06281387806
1.08342908334e-06,-7.27009989987e-07,0.990895569324,-0.0197150111198,-0.197767034173,1.05955708027
1.08342908334e-06,-7.27009989987e-07,0.989681243896,-0.019602779299,-0.19698973,1.0582190752
1.08342908334e-06,-7.27009989987e-07,0.986950874329,-0.0197152905166,-0.194945245981,1.05458378792
1.08342908334e-06,-7.27009989987e-07,0.985414981842,-0.0200374741107,-0.193832054734,1.05285334587
1.08342908334e-06,-7.27009989987e-07,0.981976866722,-0.0208786744624,-0.192584380507,1.048630476
1.08342908334e-06,-7.27009989987e-07,0.980064153671,-0.0215350333601,-0.192229300737,1.04719412327
1.08342908334e-06,-7.27009989987e-07,0.973546504974,-0.0232531335205,-0.191618427634,1.04061377048
1.08342908334e-06,-7.27009989987e-07,0.968493998051,-0.0231818053871,-0.192220687866,1.03571534157
1.08342908334e-06,-7.27009989987e-07,0.96574485302,-0.0230835024267,-0.192292824388,1.03368413448
1.08342908334e-06,-7.27009989987e-07,0.949690997601,-0.0217726044357,-0.186967507005,1.01550590992
1.08342908334e-06,-7.27009989987e-07,0.945993125439,-0.0218763537705,-0.186071485281,1.01238691807
1.08342908334e-06,-7.27009989987e-07,0.938117384911,-0.0231889896095,-0.18358528614,1.00247907639
1.08342908334e-06,-7.27009989987e-07,0.933925449848,-0.0234985910356,-0.183082431555,1.00044775009
1.08342908334e-06,-7.27009989987e-07,0.925032675266,-0.0250021647662,-0.181204974651,0.988513946533
1.08342908334e-06,-7.27009989987e-07,0.91545432806,-0.0257394742221,-0.180601596832,0.97878485918
1.08342908334e-06,-7.27009989987e-07,0.910407543182,-0.0255875810981,-0.180727913976,0.975279271603
1.08342908334e-06,-7.27009989987e-07,0.899795770645,-0.0245433673263,-0.179763823748,0.961723566055
1.08342908334e-06,-7.27009989987e-07,0.894232034683,-0.0241832379252,-0.179516896605,0.957584440708
1.08342908334e-06,-7.27009989987e-07,0.88259023428,-0.0225567165762,-0.179041102529,0.94359266758
1.08342908334e-06,-7.27009989987e-07,0.86384677887,-0.0211279410869,-0.175848245621,0.923172771931
1.08342908334e-06,-7.27009989987e-07,0.850513994694,-0.0218515861779,-0.174404919147,0.90941119194
1.08342908334e-06,-7.27009989987e-07,0.843606173992,-0.0220112781972,-0.173964515328,0.904440820217
1.08342908334e-06,-7.27009989987e-07,0.829309284687,-0.0223354864866,-0.172747790813,0.883537650108
1.08342908334e-06,-7.27009989987e-07,0.821924865246,-0.0226009115577,-0.172796681523,0.878705739975
1.08342908334e-06,-7.27009989987e-07,0.80670017004,-0.0218934416771,-0.172111809254,0.863223493099
1.08342908334e-06,-7.27009989987e-07,0.798864245415,-0.0216015670449,-0.172105327249,0.859083116055
1.08342908334e-06,-7.27009989987e-07,0.782764315605,-0.0200306791812,-0.172382056713,0.841107189655
1.08342908334e-06,-7.27009989987e-07,0.774507284164,-0.0195349007845,-0.172485113144,0.836167275906
1.08342908334e-06,-7.27009989987e-07,0.748946130276,-0.0172355212271,-0.17230387032,0.811956167221
1.08342908334e-06,-7.27009989987e-07,0.712761342525,-0.0167921874672,-0.173400089145,0.778954982758
1.08342908334e-06,-7.27009989987e-07,0.703989744186,-0.0166088435799,-0.174624308944,0.769496798515
1.08342908334e-06,-7.27009989987e-07,0.68528175354,-0.0168466493487,-0.174636214972,0.750121772289
1.08342908334e-06,-7.27009989987e-07,0.675784707069,-0.016741650179,-0.173970982432,0.743463039398
1.08342908334e-06,-7.2701004683e-07,0.656567335129,-0.0163319520652,-0.172825783491,0.721817672253
1.08342908334e-06,-7.2701004683e-07,0.646839141846,-0.016111318022,-0.171909436584,0.715018153191
1.08342908334e-06,-7.2701004683e-07,0.627189338207,-0.0153714939952,-0.169827535748,0.691021740437
1.08342908334e-06,-7.2701004683e-07,0.596804380417,-0.0147545095533,-0.167765125632,0.669331848621
1.08342908334e-06,-7.2701004683e-07,0.587256491184,-0.0145017709583,-0.167892560363,0.655596196651
1.08342908334e-06,-7.2701004683e-07,0.567065298557,-0.014705886133,-0.167681708932,0.629676043987
1.08342908334e-06,-7.2701004683e-07,0.55693513155,-0.0149670122191,-0.167519330978,0.623679339886
1.08342908334e-06,-7.2701004683e-07,0.536633551121,-0.0156252179295,-0.168504536152,0.60029476881
1.08342908334e-06,-7.2701004683e-07,0.515844106674,-0.0159141495824,-0.166987910867,0.583227038383
1.08342908334e-06,-7.2701004683e-07,0.506166875362,-0.0162679962814,-0.167445227504,0.571768283844
1.08342908334e-06,-7.2701004683e-07,0.485907942057,-0.0172168835998,-0.165825977921,0.55719435215
1.08342908334e-06,-7.2701004683e-07,0.475808352232,-0.0177057031542,-0.165977165103,0.54864937067
