0.0,0.0,0.0,-0.0504741594195,-0.118279375136,0.16063734889
0.0,0.0,0.0,-0.0504823960364,-0.11827442795,0.160685643554
0.0,0.0,0.0,-0.0504851303995,-0.118273817003,0.160688757896
0.0,0.0,0.0,-0.0504871867597,-0.118278674781,0.160690113902
0.0,0.0,0.0,-0.0504855550826,-0.11828007549,0.160683557391
0.0,0.0,0.0,-0.0504722967744,-0.118272468448,0.160671293736
0.0,0.0,0.0,-0.0504732131958,-0.118271686137,0.160672843456
0.0,0.0,0.0,-0.0504716970026,-0.118276335299,0.160707190633
0.0,0.0,0.0,-0.0504751950502,-0.118276759982,0.160719841719
0.0,0.0,0.0,-0.0504733137786,-0.118270814419,0.16073384881
0.0,0.0,0.0,-0.0504749007523,-0.118272542953,0.16072897613
0.0,0.0,0.0,-0.050474435091,-0.118273690343,0.160699665546
0.0,0.0,0.0,-0.0504732578993,-0.118274264038,0.160686418414
0.0,0.0,0.0,-0.0504710786045,-0.118278548121,0.16067352891
0.0,0.0,0.0,-0.0504708960652,-0.118281714618,0.160677522421
0.0,0.0,0.0,-0.0504750087857,-0.118277356029,0.160658031702
0.0,0.0,0.0,-0.0504760183394,-0.118274815381,0.160651266575
0.0,0.0,0.0,-0.0504796169698,-0.118275843561,0.160633742809
0.0,0.0,0.0,-0.0504830107093,-0.11827673018,0.160631999373
0.0,0.0,0.0,-0.0504896752536,-0.11827685684,0.16063991189
0.0,0.0,0.0,-0.0504915378988,-0.118279509246,0.160640507936
0.0,0.0,0.0,-0.0504849404097,-0.118282809854,0.160643488169
0.0,0.0,0.0,-0.0504814609885,-0.118283510208,0.160644873977
0.0,0.0,0.0,-0.0504834987223,-0.118289224803,0.160644724965
0.0,0.0,0.0,-0.0504884496331,-0.118289664388,0.160679832101
0.0,0.0,0.0,-0.0504877716303,-0.118276908994,0.16067430377
0.0,0.0,0.0,-0.0504869073629,-0.118275433779,0.160674154758
0.0,0.0,0.0,-0.0504777319729,-0.118277929723,0.160683915019
0.0,0.0,0.0,-0.0504752025008,-0.118280284107,0.160685643554
0.0,0.0,0.0,-0.0504801757634,-0.118290573359,0.160686373711
0.0,0.0,0.0,-0.0504846982658,-0.11829225719,0.160685420036
0.0,0.0,0.0,-0.0504879429936,-0.118294358253,0.16066712141
0.0,0.0,0.0,-0.050488486886,-0.118290580809,0.160665214062
0.0,0.0,0.0,-0.0504857562482,-0.118278212845,0.160653918982
0.0,0.0,0.0,-0.0504881292582,-0.118277989328,0.160657450557
0.0,0.0,0.0,-0.0504832156003,-0.11828263849,0.160671055317
0.0,0.0,0.0,-0.0504858680069,-0.118281885982,0.160672649741
0.0,0.0,0.0,-0.0504883825779,-0.118281148374,0.160680577159
0.0,0.0,0.0,-0.0504864268005,-0.118281923234,0.160687014461
0.0,0.0,0.0,-0.050487793982,-0.118274390697,0.16068829596
0.0,0.0,0.0,-0.0504880137742,-0.118272185326,0.160687834024
0.0,0.0,0.0,-0.050483558327,-0.118273429573,0.160686358809
0.0,0.0,0.0,-0.0504818893969,-0.118273496628,0.16068328917
0.0,0.0,0.0,-0.0504889301956,-0.118290379643,0.160671234131
0.0,0.0,0.0,-0.0504889599979,-0.118291758001,0.160675466061
0.0,0.0,0.0,-0.0504871681333,-0.118296302855,0.160672008991
0.0,0.0,0.0,-0.0504796281457,-0.118299677968,0.160671725869
0.0,0.0,0.0,-0.0504798144102,-0.118293516338,0.160680606961
0.0,0.0,0.0,-0.0504797250032,-0.118291802704,0.160682201385
0.0,0.0,0.0,-0.0504794530571,-0.118288710713,0.160689771175
0.0,0.0,0.0,-0.0504794791341,-0.118285380304,0.160689532757
0.0,0.0,0.0,-0.0504728592932,-0.118282191455,0.160703510046
0.0,0.0,0.0,-0.0504757873714,-0.118291415274,0.160691604018
0.0,0.0,0.0,-0.0504777468741,-0.118291988969,0.160694822669
0.0,0.0,0.0,-0.0504792965949,-0.118289284408,0.160690233111
0.0,0.0,0.0,-0.0504790954292,-0.11828828603,0.160686567426
0.0,0.0,0.0,-0.0504813715816,-0.118289023638,0.160689771175
0.0,0.0,0.0,-0.0504752285779,-0.118285447359,0.160686925054
0.0,0.0,0.0,-0.050465863198,-0.118280939758,0.160682067275
0.0,0.0,0.0,-0.0504538677633,-0.118276320398,0.16067455709
0.0,0.0,0.0,-0.0504394099116,-0.118271671236,0.160665377975
0.0,0.0,0.0,-0.0504222810268,-0.118266485631,0.160656109452
0.0,0.0,0.0,-0.0503550507128,-0.118237197399,0.160624012351
0.0,0.0,0.0,-0.0504776351154,-0.11828904599,0.160691440105
0.0,0.0,0.0,-0.0504850074649,-0.118282839656,0.160644844174
0.0,0.0,0.0,-0.0504886209965,-0.118281722069,0.160646155477
0.0,0.0,0.0,-0.0504877455533,-0.118276946247,0.160632878542
0.0,0.0,0.0,-0.0504896640778,-0.118274606764,0.160623207688
0.0,0.0,0.0,-0.0504853390157,-0.118269979954,0.160609394312
0.0,0.0,0.0,-0.0504870191216,-0.118272691965,0.160614147782
0.0,0.0,0.0,-0.0504905693233,-0.118277847767,0.160622030497
0.0,0.0,0.0,-0.0504856966436,-0.118274733424,0.160613760352
0.0,0.0,0.0,-0.0504890419543,-0.118285633624,0.16062708199
0.0,0.0,0.0,-0.0504846982658,-0.118283048272,0.160619795322
0.0,0.0,0.0,-0.0504863485694,-0.118283092976,0.160626530647
0.0,0.0,0.0,-0.0504882708192,-0.118286520243,0.160652577877
-0.0504882708192,-0.118286520243,0.160652592778,-0.0504885837436,-0.118283949792,0.160672664642
-0.0504882708192,-0.118286520243,0.160652816296,-0.0504880957305,-0.11828186363,0.160679638386
-0.0504882708192,-0.118286520243,0.160656630993,-0.0504869185388,-0.118280470371,0.16070048511
-0.0504882708192,-0.118286520243,0.160662457347,-0.0504842326045,-0.118290618062,0.160710453987
-0.0504882708192,-0.118286520243,0.1606900841,-0.0504667982459,-0.118327327073,0.160750567913
-0.0504882708192,-0.118286520243,0.160804569721,-0.0503501482308,-0.118294924498,0.160686403513
-0.0504882708192,-0.118286520243,0.160961151123,-0.0503697171807,-0.118276573718,0.160697892308
-0.0504882708192,-0.118286520243,0.161072939634,-0.050503898412,-0.118329353631,0.16081802547
-0.0504882708192,-0.118286520243,0.161380931735,-0.0506806708872,-0.118382543325,0.160827219486
-0.0504882708192,-0.118286520243,0.1615845263,-0.0506389625371,-0.118291564286,0.160945892334
-0.0504882708192,-0.118286520243,0.16211026907,-0.050665486604,-0.118090778589,0.161433890462
-0.0504882708192,-0.118286520243,0.162440478802,-0.0508080720901,-0.117739893496,0.161682143807
-0.0504882708192,-0.118286520243,0.163256242871,-0.0510493591428,-0.117504939437,0.161492824554
-0.0504882708192,-0.118286520243,0.163750126958,-0.0512451007962,-0.117317028344,0.161669939756
-0.0504882708192,-0.118286520243,0.164931222796,-0.051555197686,-0.117582038045,0.162373319268
-0.0504882708192,-0.118286520243,0.165626868606,-0.0517190396786,-0.117906466126,0.163193747401
-0.0504882708192,-0.118286520243,0.167249813676,-0.0521137788892,-0.118595272303,0.164597600698
-0.0504882708192,-0.118286520243,0.170325085521,-0.0527292154729,-0.11927933991,0.169108241796
-0.0504882708192,-0.118286520243,0.171537518501,-0.0529696233571,-0.119809411466,0.171565115452
-0.0504882708192,-0.118286520243,0.174266695976,-0.0533322878182,-0.120366297662,0.174785539508
-0.0504882708192,-0.118286520243,0.17579126358,-0.0538062527776,-0.121119782329,0.177789270878
-0.0504882708192,-0.118286520243,0.179178014398,-0.0544430911541,-0.122045136988,0.181785956025
-0.0504882708192,-0.118286520243,0.18104763329,-0.0549365319312,-0.122944511473,0.185658633709
-0.0504882708192,-0.118286520243,0.187398165464,-0.0564494617283,-0.124540925026,0.193769335747
-0.0504882708192,-0.118286520243,0.192280545831,-0.0574083961546,-0.125411212444,0.198347896338
-0.0504882708192,-0.118286520243,0.194924354553,-0.0583553351462,-0.126194566488,0.202508956194
-0.0504882708192,-0.118286520243,0.200629800558,-0.0592711903155,-0.127295687795,0.207739025354
-0.0504882708192,-0.118286520243,0.203695505857,-0.0602560453117,-0.128368765116,0.212133869529
-0.0504882708192,-0.118286520243,0.210263684392,-0.0612096861005,-0.129555538297,0.217603266239
-0.0504882708192,-0.118286520243,0.213769212365,-0.0620010979474,-0.130653992295,0.222487717867
-0.0504882708192,-0.118286520243,0.221227154136,-0.0628990083933,-0.131791561842,0.228345289826
-0.0504882708192,-0.118286520243,0.225182771683,-0.0634870454669,-0.132691919804,0.232932165265
-0.0504882708192,-0.118286520243,0.233553469181,-0.0644452944398,-0.133978247643,0.239031940699
-0.0504882708192,-0.118286520243,0.237969368696,-0.0652649924159,-0.135031655431,0.244025498629
-0.0504882708192,-0.118286520243,0.247262433171,-0.066227607429,-0.136647582054,0.251128345728
-0.0504882708192,-0.118286520243,0.252139568329,-0.0668762773275,-0.137968927622,0.256322056055
-0.0504882708192,-0.118286520243,0.262356072664,-0.0676107108593,-0.139649227262,0.263585835695
-0.0504882708192,-0.118286520243,0.267692327499,-0.068264901638,-0.14082492888,0.269285947084
-0.0504882708192,-0.118286520243,0.278819143772,-0.0692732781172,-0.142420098186,0.277333647013
-0.0504882708192,-0.118286520243,0.284606963396,-0.0700070634484,-0.143780738115,0.283668398857
-0.0504882708192,-0.118286520243,0.29662540555,-0.0708288401365,-0.145475178957,0.292129278183
-0.0504882708192,-0.118286520243,0.30285218358,-0.0715662762523,-0.14687885344,0.298754513264
-0.0504882708192,-0.118286520243,0.315732389688,-0.072678424418,-0.148685216904,0.308117955923
-0.0504882708192,-0.118286520243,0.322381496429,-0.0734438821673,-0.150045409799,0.315154314041
-0.0504882708192,-0.118286520243,0.336083561182,-0.0745381265879,-0.151588395238,0.324647068977
-0.0504882708192,-0.118286520243,0.34313249588,-0.0751531198621,-0.152806922793,0.332296818495
-0.0504882708192,-0.118286520243,0.357608914375,-0.0763826817274,-0.154584556818,0.346969783306
-0.0504882708192,-0.118286520243,0.365031480789,-0.0769461840391,-0.15573759377,0.354741990566
-0.0504882708192,-0.118286520243,0.380225658417,-0.0768986195326,-0.157895386219,0.362219840288
-0.0504882708192,-0.118286520243,0.387991577387,-0.0771102905273,-0.15940323472,0.368951141834
-0.0504882708192,-0.118286520243,0.403839349747,-0.0777585655451,-0.161817491055,0.383119255304
-0.0504882708192,-0.118286520243,0.411916285753,-0.0779967159033,-0.163778662682,0.39047947526
-0.0504882708192,-0.118286527693,0.428344011307,-0.0791980326176,-0.165695011616,0.404097259045
-0.0504882708192,-0.118286527693,0.436690837145,-0.0796390250325,-0.167305380106,0.411323606968
-0.0504882708192,-0.118286527693,0.453626602888,-0.0809186473489,-0.168601647019,0.42350435257
-0.0504882708192,-0.118286527693,0.462205559015,-0.0817590206861,-0.169615834951,0.431620240211
-0.0504882670939,-0.118286527693,0.488332659006,-0.0834758281708,-0.172179833055,0.452015280724
-0.0504882670939,-0.118286527693,0.497155219316,-0.0841555967927,-0.173507109284,0.460469573736
-0.0504882670939,-0.118286527693,0.514940440655,-0.0856270939112,-0.176090046763,0.474872469902
-0.0504882670939,-0.118286527693,0.523892641068,-0.0865334868431,-0.176909998059,0.483678877354
-0.0504882670939,-0.118286527693,0.541889131069,-0.0881134867668,-0.178466469049,0.498560845852
-0.0504882670939,-0.118286527693,0.559976458549,-0.089752830565,-0.180142521858,0.514361083508
-0.0504882670939,-0.118286527693,0.587182939053,-0.0923047587276,-0.182644829154,0.538416683674
-0.0504882670939,-0.118286527693,0.596251428127,-0.0930611118674,-0.183584466577,0.546705305576
-0.0504882670939,-0.118286527693,0.614354133606,-0.0954110100865,-0.184506118298,0.562714934349
-0.0504882670939,-0.118286527693,0.623377919197,-0.0963277667761,-0.184945598245,0.570759057999
-0.0504882670939,-0.118286527693,0.641345620155,-0.09858006984,-0.186376184225,0.588031351566
-0.0504882670939,-0.118286527693,0.650278091431,-0.0997911989689,-0.187268897891,0.596648991108
-0.0504882633686,-0.118286527693,0.668016850948,-0.101873584092,-0.18828099966,0.614136397839
-0.0504882633686,-0.118286527693,0.676811814308,-0.102704748511,-0.189029797912,0.623430907726
-0.0504882633686,-0.118286527693,0.694230377674,-0.10506157577,-0.189809277654,0.639644026756
-0.0504882633686,-0.118286527693,0.702842950821,-0.105996213853,-0.190190628171,0.648333191872
-0.0504882633686,-0.118286535144,0.719854831696,-0.108598954976,-0.191231697798,0.664189696312
-0.0504882633686,-0.118286535144,0.728239119053,-0.109847694635,-0.191925808787,0.672234475613
-0.0504882633686,-0.118286535144,0.744757771492,-0.112323857844,-0.193032309413,0.688198685646
-0.0504882596433,-0.118286535144,0.752879083157,-0.113827966154,-0.194160103798,0.695930182934
-0.0504882596433,-0.118286535144,0.768827557564,-0.116310440004,-0.194289758801,0.71467757225
-0.0504882596433,-0.118286535144,0.7766456604,-0.116851270199,-0.19414922595,0.719567358494
-0.0504882596433,-0.118286535144,0.791951775551,-0.11896238476,-0.195055678487,0.738392293453
-0.0504882596433,-0.118286535144,0.799431562424,-0.119572065771,-0.195330753922,0.743454039097
-0.050488255918,-0.118286535144,0.814031660557,-0.121971592307,-0.195799127221,0.761080861092
-0.050488255918,-0.118286535144,0.821143269539,-0.122565664351,-0.196141973138,0.765632748604
-0.050488255918,-0.118286535144,0.834975302219,-0.124748155475,-0.196381002665,0.779906094074
-0.050488255918,-0.118286535144,0.841690838337,-0.125730335712,-0.196183681488,0.786929607391
-0.0504882521927,-0.118286535144,0.854707419872,-0.127293273807,-0.196819916368,0.800048232079
-0.0504882521927,-0.118286535144,0.861004650593,-0.127987727523,-0.197326093912,0.807222604752
-0.0504882521927,-0.118286535144,0.873165428638,-0.129364728928,-0.197715938091,0.819967627525
-0.0504882521927,-0.118286535144,0.879026114941,-0.129800081253,-0.197935044765,0.826307237148
-0.0504882484674,-0.118286535144,0.890299260616,-0.131222695112,-0.198048174381,0.840454936028
-0.0504882484674,-0.118286535144,0.895709514618,-0.131695464253,-0.198313131928,0.844354808331
-0.0504882484674,-0.118286535144,0.906073749065,-0.13350918889,-0.198563992977,0.856115818024
-0.0504882447422,-0.118286535144,0.91102617979,-0.13389877975,-0.198400750756,0.859975337982
-0.0504882447422,-0.118286535144,0.920469939709,-0.135636359453,-0.198477566242,0.871683299541
-0.0504882447422,-0.118286535144,0.924961328506,-0.136155709624,-0.198458269238,0.874684274197
-0.0504882410169,-0.118286535144,0.933483242989,-0.137507468462,-0.198126733303,0.885280430317
-0.0504882372916,-0.118286535144,0.945118606091,-0.1389567554,-0.198190137744,0.897359251976
-0.0504882372916,-0.118286535144,0.948695719242,-0.139107391238,-0.198195502162,0.900138437748
-0.0504882335663,-0.118286535144,0.955407381058,-0.139835119247,-0.197897061706,0.908124446869
-0.0504882335663,-0.118286535144,0.958543479443,-0.140059217811,-0.197792813182,0.91005808115
-0.050488229841,-0.118286535144,0.964386940002,-0.140710130334,-0.197380200028,0.917251288891
-0.050488229841,-0.118286535144,0.967097640038,-0.140920683742,-0.197667181492,0.919390916824
-0.0504882261157,-0.118286535144,0.9744181633,-0.141885533929,-0.197930172086,0.927052080631
-0.0504882223904,-0.118286535144,0.97864741087,-0.142153471708,-0.198024302721,0.932908475399
-0.0504882223904,-0.118286535144,0.980576753616,-0.142397835851,-0.198103249073,0.933940052986
-0.0504882186651,-0.118286535144,0.984075963497,-0.143034502864,-0.197519287467,0.938189685345
-0.0504882186651,-0.118286535144,0.985654473305,-0.143005236983,-0.197493329644,0.939961671829
-0.0504882149398,-0.118286535144,0.988485991955,-0.143540456891,-0.196820005774,0.943782627583
-0.0504882112145,-0.118286527693,0.991979002953,-0.144055128098,-0.196128115058,0.948196589947
-0.0504882074893,-0.118286527693,0.992956995964,-0.144149139524,-0.19602368772,0.949056386948
-0.050488203764,-0.118286527693,0.994658529758,-0.144321084023,-0.195726275444,0.9517172575
-0.050488203764,-0.118286527693,0.995390832424,-0.144428491592,-0.195565149188,0.952302515507
-0.0504882000387,-0.118286527693,0.996638596058,-0.144454807043,-0.195142135024,0.954427659512
-0.0504881963134,-0.118286527693,0.997162461281,-0.144434064627,-0.194791510701,0.955081224442
-0.0504881925881,-0.118286520243,0.998033046722,-0.14440561831,-0.194161474705,0.95661085844
-0.0504881888628,-0.118286520243,0.998387396336,-0.144395753741,-0.194173038006,0.956903815269
-0.0504881851375,-0.118286520243,0.998954296112,-0.144163504243,-0.194194033742,0.957524120808
-0.0504881851375,-0.118286520243,0.999176025391,-0.143996417522,-0.194374769926,0.957651972771
-0.0504881776869,-0.118286512792,0.999517023563,-0.143226280808,-0.194678157568,0.958136618137
-0.0504881776869,-0.118286512792,0.999638974667,-0.143022373319,-0.1948710531,0.958338558674
-0.0504881739616,-0.118286512792,0.99981802702,-0.142632946372,-0.194724828005,0.959381520748
-0.0504881702363,-0.118286512792,0.999874711037,-0.14255400002,-0.194510266185,0.959882557392
-0.0504881665111,-0.118286505342,0.999950706959,-0.14206263423,-0.194110408425,0.96115976572
-0.0504881627858,-0.118286505342,0.999972701073,-0.141892120242,-0.193827494979,0.961524128914
-0.0504881553352,-0.118286497891,0.999992728233,-0.14140842855,-0.193013995886,0.961764395237
-0.0504881553352,-0.118286497891,0.999998033047,-0.141271427274,-0.192855581641,0.961632847786
-0.0504881478846,-0.11828649044,1.00000023842,-0.140678450465,-0.192492559552,0.961489379406
-0.0504881441593,-0.11828649044,0.999999940395,-0.140486568213,-0.192482292652,0.961403608322
-0.0504881441593,-0.11828649044,1.00000047684,-0.13952216506,-0.192386746407,0.961597979069
-0.0504881441593,-0.11828649044,1.00000047684,-0.139296084642,-0.192359119654,0.961764633656
-0.0504881441593,-0.11828649044,1.00000047684,-0.138492867351,-0.192865684628,0.962104082108
-0.0504881441593,-0.11828649044,1.00000047684,-0.138235852122,-0.192860156298,0.962507426739
-0.0504881441593,-0.11828649044,1.00000047684,-0.137146353722,-0.192397266626,0.963292062283
-0.0504881441593,-0.11828649044,1.00000047684,-0.136872604489,-0.191895663738,0.96339827776
-0.0504881441593,-0.11828649044,1.00000047684,-0.135955378413,-0.191740781069,0.963954091072
-0.0504881441593,-0.11828649044,1.00000047684,-0.135699898005,-0.19200065732,0.964102387428
-0.0504881441593,-0.11828649044,1.00000047684,-0.134628102183,-0.193353563547,0.965060830116
-0.0504881441593,-0.11828649044,1.00000047684,-0.134125262499,-0.19371420145,0.96545702219
-0.0504881441593,-0.11828649044,1.00000047684,-0.132467627525,-0.194446966052,0.966717243195
-0.0504881441593,-0.11828649044,1.00000047684,-0.13186481595,-0.194441542029,0.967129945755
-0.0504881441593,-0.11828649044,1.00000047684,-0.13000279665,-0.194676950574,0.967653155327
-0.0504881441593,-0.11828649044,1.00000047684,-0.127913877368,-0.196139484644,0.96810567379
-0.0504881441593,-0.11828649044,1.00000047684,-0.127552613616,-0.196605682373,0.968223512173
-0.0504881441593,-0.11828649044,1.00000047684,-0.126310005784,-0.198044911027,0.968890309334
-0.0504881441593,-0.11828649044,1.00000047684,-0.125938728452,-0.198473528028,0.96914100647
-0.0504881441593,-0.11828649044,1.00000047684,-0.125104621053,-0.199486732483,0.969949960709
-0.0504881441593,-0.11828649044,1.00000047684,-0.124793969095,-0.199760749936,0.970393657684
-0.0504881441593,-0.11828649044,1.00000047684,-0.123086899519,-0.20075327158,0.972518622875
-0.0504881441593,-0.11828649044,1.00000047684,-0.121603436768,-0.201692998409,0.973835885525
-0.0504881441593,-0.11828649044,1.00000047684,-0.121152944863,-0.20208735764,0.97384250164
-0.0504881441593,-0.11828649044,1.00000047684,-0.119780056179,-0.203070938587,0.974201798439
-0.0504881441593,-0.11828649044,1.00000047684,-0.119363985956,-0.20354321599,0.974263548851
-0.0504881441593,-0.11828649044,1.00000047684,-0.118276357651,-0.204762935638,0.974452078342
-0.0504881441593,-0.11828649044,1.00000047684,-0.116804353893,-0.206274524331,0.975086212158
-0.0504881441593,-0.11828649044,1.00000047684,-0.116407260299,-0.206699475646,0.975216329098
-0.0504881441593,-0.11828649044,1.00000047684,-0.115228027105,-0.207838669419,0.975738823414
-0.0504881441593,-0.11828649044,1.00000047684,-0.114916175604,-0.20818670094,0.975686371326
-0.0504881441593,-0.11828649044,1.00000047684,-0.113625951111,-0.209309384227,0.976453781128
-0.0504881441593,-0.11828649044,1.00000047684,-0.113188922405,-0.209586516023,0.976614415646
-0.0504881441593,-0.11828649044,1.00000047684,-0.111938655376,-0.210672751069,0.976625025272
-0.0504881441593,-0.11828649044,1.00000047684,-0.11164405942,-0.211215868592,0.976513803005
-0.0504881441593,-0.11828649044,1.00000047684,-0.110792212188,-0.21260227263,0.976082503796
-0.0504881441593,-0.11828649044,1.00000047684,-0.110599592328,-0.213082283735,0.97590559721
0.0,0.0,1.0,-0.109929762781,-0.215430930257,0.976322650909
0.0,0.0,1.0,-0.109737403691,-0.215897679329,0.976428210735
0.0,0.0,1.0,-0.108939640224,-0.216811925173,0.976912498474
0.0,0.0,1.0,-0.108526624739,-0.216946557164,0.977082192898
0.0,0.0,1.0,-0.107619099319,-0.218016773462,0.976850807667
0.0,0.0,1.0,-0.107329286635,-0.2183278054,0.976814627647
0.0,0.0,1.0,-0.106543034315,-0.219408214092,0.976376354694
0.0,0.0,1.0,-0.106269076467,-0.219804897904,0.976276040077
0.0,0.0,1.0,-0.10533054173,-0.221113786101,0.976518750191
0.0,0.0,1.0,-0.10501921922,-0.221498206258,0.976647675037
0.0,0.0,1.0,-0.103799834847,-0.222228437662,0.976633906364
0.0,0.0,1.0,-0.103388749063,-0.222170203924,0.97654825449
0.0,0.0,1.0,-0.102292850614,-0.221751794219,0.976202070713
0.0,0.0,1.0,-0.101866967976,-0.221515387297,0.976205945015
0.0,0.0,1.0,-0.100669890642,-0.220795705914,0.976003050804
0.0,0.0,1.0,-0.0986351817846,-0.219765871763,0.975456178188
0.0,0.0,1.0,-0.0973348096013,-0.219504401088,0.975178480148
0.0,0.0,1.0,-0.0965285524726,-0.218675985932,0.975127518177
0.0,0.0,1.0,-0.0952268838882,-0.218302130699,0.974803447723
0.0,0.0,1.0,-0.094384983182,-0.217231705785,0.974523544312
0.0,0.0,1.0,-0.0931026414037,-0.216426670551,0.974183917046
0.0,0.0,1.0,-0.0909090042114,-0.214657604694,0.973775029182
0.0,0.0,1.0,-0.0902627706528,-0.213984161615,0.97364372015
0.0,0.0,1.0,-0.088547565043,-0.212561771274,0.974346518517
0.0,0.0,1.0,-0.0875429958105,-0.211356148124,0.974494576454
0.0,0.0,1.0,-0.0858425050974,-0.209832087159,0.974961817265
0.0,0.0,1.0,-0.0850370451808,-0.209033086896,0.974619626999
0.0,0.0,1.0,-0.0834224894643,-0.207233682275,0.9751085639
0.0,0.0,1.0,-0.0826266556978,-0.206190645695,0.975256443024
0.0,0.0,1.0,-0.0801797732711,-0.202863022685,0.97639387846
0.0,0.0,1.0,-0.0783529952168,-0.200434565544,0.977043628693
0.0,0.0,1.0,-0.0774764940143,-0.199100613594,0.977348029613
0.0,0.0,1.0,-0.0758030563593,-0.196581289172,0.97797948122
0.0,0.0,1.0,-0.0748121216893,-0.195013672113,0.978229403496
0.0,0.0,1.0,-0.0733057036996,-0.192135244608,0.978987634182
0.0,0.0,1.0,-0.0722947046161,-0.190609902143,0.979908943176
0.0,0.0,1.0,-0.0706760138273,-0.187251836061,0.98088401556
0.0,0.0,1.0,-0.0695010945201,-0.185629636049,0.982104897499
0.0,0.0,1.0,-0.0682841315866,-0.182274445891,0.981945157051
0.0,0.0,1.0,-0.0668982714415,-0.179700985551,0.982102096081
0.0,0.0,1.0,-0.0657552778721,-0.175559639931,0.981519937515
0.0,0.0,1.0,-0.0651392489672,-0.173498541117,0.981597959995
0.0,0.0,1.0,-0.0645063966513,-0.171252161264,0.981605172157
0.0,0.0,1.0,-0.063869535923,-0.16879825294,0.981465756893
0.0,0.0,1.0,-0.0633077025414,-0.166308179498,0.981416642666
0.0,0.0,1.0,-0.0629135891795,-0.163688018918,0.981554985046
0.0,0.0,1.0,-0.062592163682,-0.161418452859,0.981512844563
0.0,0.0,1.0,-0.0620824918151,-0.158979415894,0.981728613377
0.0,0.0,1.0,-0.0615117289126,-0.156568571925,0.982157826424
0.0,0.0,1.0,-0.0608893111348,-0.154124110937,0.982043385506
0.0,0.0,1.0,-0.0603924877942,-0.151497125626,0.981963455677
0.0,0.0,1.0,-0.0588789284229,-0.144587174058,0.981352508068
0.0,0.0,1.0,-0.0585545115173,-0.142507240176,0.981256365776
0.0,0.0,1.0,-0.0584605298936,-0.140613347292,0.981210291386
0.0,0.0,1.0,-0.0583118051291,-0.138298392296,0.981660544872
0.0,0.0,1.0,-0.0581955835223,-0.135667443275,0.981971681118
0.0,0.0,1.0,-0.0581439360976,-0.133086681366,0.981711685658
0.0,0.0,1.0,-0.0582556203008,-0.127893075347,0.98159301281
0.0,0.0,1.0,-0.058241032064,-0.125618427992,0.981299340725
0.0,0.0,1.0,-0.0583146177232,-0.123233653605,0.981888055801
0.0,0.0,1.0,-0.0583367310464,-0.121165774763,0.981911301613
0.0,0.0,1.0,-0.0585465542972,-0.119164824486,0.981806337833
0.0,0.0,1.0,-0.0586240999401,-0.117116160691,0.982007920742
0.0,0.0,1.0,-0.058683000505,-0.114854581654,0.981580018997
0.0,0.0,1.0,-0.0589172057807,-0.112850673497,0.981130361557
0.0,0.0,1.0,-0.0590737052262,-0.110884875059,0.981216669083
0.0,0.0,1.0,-0.0594592019916,-0.109664201736,0.981070160866
0.0,0.0,1.0,-0.0596991553903,-0.108074404299,0.981172084808
0.0,0.0,1.0,-0.0599153079093,-0.106582701206,0.981525361538
0.0,0.0,1.0,-0.0603352189064,-0.105258397758,0.981035768986
0.0,0.0,1.0,-0.0606137774885,-0.103825971484,0.981089532375
0.0,0.0,1.0,-0.0609620288014,-0.102492026985,0.981171548367
0.0,0.0,1.0,-0.0613928213716,-0.101115830243,0.980998277664
0.0,0.0,1.0,-0.0616751946509,-0.0996730998158,0.981405973434
0.0,0.0,1.0,-0.0619759485126,-0.0980636999011,0.981454133987
0.0,0.0,1.0,-0.0623514764011,-0.0964766591787,0.981278121471
0.0,0.0,1.0,-0.0626934915781,-0.0948773473501,0.981550574303
0.0,0.0,1.0,-0.0630274042487,-0.0935439988971,0.981317341328
0.0,0.0,1.0,-0.0636842995882,-0.0913399532437,0.981393396854
0.0,0.0,1.0,-0.0640116333961,-0.0900205597281,0.981105923653
0.0,0.0,1.0,-0.0643119290471,-0.0888160616159,0.980868339539
0.0,0.0,1.0,-0.0646245628595,-0.0871287435293,0.98081612587
0.0,0.0,1.0,-0.0650212466717,-0.0840306207538,0.980241596699
0.0,0.0,1.0,-0.065391600132,-0.0831177979708,0.980220854282
0.0,0.0,1.0,-0.0656781718135,-0.0820819661021,0.980130314827
0.0,0.0,1.0,-0.065845258534,-0.0809080302715,0.980228662491
0.0,0.0,1.0,-0.0658359974623,-0.0794191434979,0.98050403595
0.0,0.0,1.0,-0.0659203603864,-0.0781109631062,0.980286538601
0.0,0.0,1.0,-0.0659675821662,-0.0761203095317,0.980255424976
0.0,0.0,1.0,-0.065996684134,-0.0753816142678,0.979907155037
0.0,0.0,1.0,-0.0659314841032,-0.0746142566204,0.979912161827
0.0,0.0,1.0,-0.0657555237412,-0.0746193155646,0.980037987232
0.0,0.0,1.0,-0.0656683370471,-0.0737016871572,0.979625225067
0.0,0.0,1.0,-0.0654694288969,-0.0735788866878,0.979761779308
0.0,0.0,1.0,-0.0655320510268,-0.072086520493,0.97931522131
0.0,0.0,1.0,-0.0649424567819,-0.0714190304279,0.979355275631
0.0,0.0,1.0,-0.065142698586,-0.0701659172773,0.979065299034
0.0,0.0,1.0,-0.0643538162112,-0.0687863230705,0.97853064537
0.0,0.0,1.0,-0.0647361129522,-0.0684068351984,0.978232800961
0.0,0.0,1.0,-0.0644150078297,-0.0680191889405,0.976945698261
0.0,0.0,1.0,-0.0648043304682,-0.0675161555409,0.977067530155
0.0,0.0,1.0,-0.0653267428279,-0.0670511499047,0.976038098335
0.0,0.0,1.0,-0.0653113946319,-0.066520139575,0.976832270622
0.0,0.0,1.0,-0.0660032853484,-0.0658758804202,0.977517664433
0.0,0.0,1.0,-0.0656641349196,-0.0655150339007,0.977715075016
0.0,0.0,1.0,-0.0655385032296,-0.0647841542959,0.979264736176
0.0,0.0,1.0,-0.0655175447464,-0.0646309703588,0.978364229202
0.0,0.0,1.0,-0.0651016235352,-0.0636914223433,0.979000926018
0.0,0.0,1.0,-0.0653853788972,-0.0638290122151,0.978227317333
0.0,0.0,1.0,-0.0652931705117,-0.0633442103863,0.977929294109
0.0,0.0,1.0,-0.0656671524048,-0.0634413063526,0.977677762508
0.0,0.0,1.0,-0.0656811073422,-0.062691628933,0.977348029613
0.0,0.0,1.0,-0.0659681111574,-0.0631107911468,0.976970493793
0.0,0.0,1.0,-0.0660709068179,-0.0629072636366,0.977199316025
0.0,0.0,1.0,-0.0664248168468,-0.0632568374276,0.976821064949
0.0,0.0,1.0,-0.0668688192964,-0.063390687108,0.976873338223
0.0,0.0,1.0,-0.0670460388064,-0.0635746121407,0.97666656971
0.0,0.0,1.0,-0.0673265755177,-0.0638963952661,0.976235210896
0.0,0.0,1.0,-0.0675188228488,-0.0640962123871,0.975953042507
0.0,0.0,1.0,-0.0676692798734,-0.0651730149984,0.975066542625
0.0,0.0,1.0,-0.0685891807079,-0.065479695797,0.97422003746
0.0,0.0,1.0,-0.0685997903347,-0.065448269248,0.972969174385
0.0,0.0,1.0,-0.069009795785,-0.0656777173281,0.973564863205
0.0,0.0,1.0,-0.0692643672228,-0.0662137120962,0.973429560661
0.0,0.0,1.0,-0.0694951415062,-0.0663397163153,0.973714470863
0.0,0.0,1.0,-0.0697984173894,-0.0664580091834,0.974224328995
0.0,0.0,1.0,-0.0697274729609,-0.0656135901809,0.974460065365
0.0,0.0,1.0,-0.0699167996645,-0.0665340125561,0.974943876266
0.0,0.0,1.0,-0.0699817985296,-0.0663929879665,0.97544336319
0.0,0.0,1.0,-0.070076815784,-0.0673149749637,0.9755615592
0.0,0.0,1.0,-0.0699482709169,-0.0677196532488,0.975937664509
0.0,0.0,1.0,-0.0701580271125,-0.0692882761359,0.976196110249
0.0,0.0,1.0,-0.0702471807599,-0.069485604763,0.976629137993
0.0,0.0,1.0,-0.0705552846193,-0.0700545981526,0.976972877979
0.0,0.0,1.0,-0.0704493820667,-0.0701185390353,0.977192997932
0.0,0.0,1.0,-0.0706724599004,-0.0698965415359,0.976815342903
0.0,0.0,1.0,-0.0703146010637,-0.0707135349512,0.977372527122
0.0,0.0,1.0,-0.0708841234446,-0.0711392462254,0.976706206799
0.0,0.0,1.0,-0.0702277198434,-0.0716949403286,0.977565467358
0.0,0.0,1.0,-0.0702610909939,-0.0726956427097,0.97728651762
0.0,0.0,1.0,-0.0695496499538,-0.0728460624814,0.978174328804
0.0,0.0,1.0,-0.068770416081,-0.0730065703392,0.978151142597
0.0,0.0,1.0,-0.0684651359916,-0.0729302987456,0.978665471077
0.0,0.0,1.0,-0.0678099542856,-0.0729635953903,0.978636920452
0.0,0.0,1.0,-0.0677057877183,-0.0734293535352,0.979675471783
0.0,0.0,1.0,-0.0675819888711,-0.0743552669883,0.979384720325
0.0,0.0,1.0,-0.0670822560787,-0.07416138798,0.980585515499
0.0,0.0,1.0,-0.0667531192303,-0.0734720379114,0.981411159039
0.0,0.0,1.0,-0.0660427436233,-0.0737063139677,0.982082307339
0.0,0.0,1.0,-0.0653013437986,-0.0730865523219,0.982853531837
0.0,0.0,1.0,-0.0646742582321,-0.0736946165562,0.983381330967
0.0,0.0,1.0,-0.0637454837561,-0.073535874486,0.983776926994
0.0,0.0,1.0,-0.0633613243699,-0.0739990398288,0.984404563904
-6.71437216937e-09,4.11763956265e-09,1.0,-0.0624848306179,-0.0739504471421,0.984928965569
-1.34199407142e-08,8.23115353654e-09,1.0,-0.0622846111655,-0.0745040923357,0.98497492075
-5.58357413638e-08,3.42574040246e-08,1.0,-0.0612444616854,-0.0748875662684,0.985488295555
-6.96450115356e-08,4.27264303937e-08,1.0,-0.0606513172388,-0.075029283762,0.985587954521
-1.00199123665e-07,6.14712689639e-08,1.0,-0.0593905746937,-0.0746530964971,0.986219227314
-1.30624400185e-07,8.01368642556e-08,1.0,-0.0590423084795,-0.0745232999325,0.985788583755
-1.61027656986e-07,9.87890302895e-08,1.0,-0.0587218478322,-0.0743167847395,0.985008299351
-2.46317625852e-07,1.51159824213e-07,1.0,-0.0584990866482,-0.0735934078693,0.984377205372
-7.34426578219e-07,4.51499857945e-07,1.0,-0.0584259815514,-0.0732306241989,0.984040975571
-5.73979014007e-06,3.54259896085e-06,1.0,-0.0582173354924,-0.0724723562598,0.983635902405
-1.23711697597e-05,7.64963897382e-06,1.0,-0.058204382658,-0.0719488486648,0.983394920826
-4.12256667914e-05,2.55849608948e-05,1.0,-0.0581603571773,-0.0713731721044,0.982610344887
-6.7155873694e-05,4.17536793975e-05,1.0,-0.0580572038889,-0.0705772191286,0.982343733311
-0.000153120607138,9.55526265898e-05,1.0,-0.0582507699728,-0.0699511915445,0.981479346752
-0.000218279077671,0.000136466915137,1.0,-0.0581534765661,-0.0692462846637,0.981087744236
-0.000407363579143,0.000255638820818,1.0,-0.0585476197302,-0.0686359331012,0.980445384979
-0.000537615269423,0.000338017969625,1.0,-0.0586176663637,-0.0682440176606,0.980029463768
-0.000886736845132,0.000559666950721,1.0,-0.059163775295,-0.0675777345896,0.978964030743
-0.00111300940625,0.000703845638782,1.0,-0.0598971322179,-0.0672575309873,0.978093266487
-0.00168825115543,0.00107182620559,1.0,-0.0602600052953,-0.0661445707083,0.977863848209
-0.00204541068524,0.00130116834771,1.0,-0.0608165301383,-0.0656941980124,0.977782189846
-0.00291996146552,0.00186502747238,1.0,-0.0612950213253,-0.0642612874508,0.977559566498
-0.00344618246891,0.00220564845949,1.0,-0.0616822764277,-0.0633869767189,0.97762209177
-0.00469880923629,0.00301989726722,1.0,-0.0629324987531,-0.061761431396,0.976948678493
-0.00543371587992,0.00349959079176,1.0,-0.0637589097023,-0.0605262108147,0.977040171623
-0.0071446695365,0.00462128780782,1.0,-0.0654837563634,-0.0590403005481,0.976301372051
-0.00812994875014,0.00527003780007,1.0,-0.0665074512362,-0.0578487031162,0.976099908352
-0.0103829018772,0.00676029408351,1.0,-0.0685884878039,-0.0560472458601,0.975494980812
-0.0116594135761,0.00760851195082,1.0,-0.0697406157851,-0.0547064580023,0.975008130074
-0.0145352641121,0.00952865928411,1.0,-0.0723455399275,-0.0525971874595,0.974753916264
-0.0161430314183,0.0106072789058,1.0,-0.0737764537334,-0.0514112114906,0.974569320679
-0.026048136875,0.0173232741654,1.0,-0.0830351561308,-0.044272556901,0.974073588848
-0.0284292325377,0.0189541559666,1.0,-0.0853499174118,-0.0427987426519,0.974443852901
-0.033620044589,0.0225294884294,1.0,-0.0902150347829,-0.0386841446161,0.973735392094
-0.0364366732538,0.0244805142283,1.0,-0.0931093543768,-0.0366594195366,0.974181771278
-0.0425246730447,0.0287226848304,1.0,-0.0987064987421,-0.032400611788,0.973181784153
-0.0458010882139,0.0310194548219,1.0,-0.102055840194,-0.0298393294215,0.973116517067
-0.0528339780867,0.0359807275236,1.0,-0.108193129301,-0.0249012392014,0.972636401653
-0.0565922856331,0.0386489741504,1.0,-0.111619643867,-0.0223108734936,0.972447395325
-0.0646023973823,0.0443741902709,1.0,-0.119063995779,-0.0165258925408,0.972074210644
-0.077863253653,0.0539639927447,1.0,-0.131330922246,-0.00729567464441,0.971367657185
-0.082618124783,0.0574357435107,1.0,-0.135603636503,-0.00399427302182,0.971339583397
-0.0926313847303,0.0648033842444,1.0,-0.144742041826,0.00309885456227,0.970749735832
-0.0978867039084,0.0687006637454,1.0,-0.149597123265,0.00679318560287,0.970575749874
-0.108889169991,0.0769277065992,1.0,-0.159466162324,0.0149322608486,0.970723450184
-0.114635430276,0.0812609419227,1.0,-0.164335176349,0.0194165669382,0.971415042877
-0.132827609777,0.0951460301876,1.0,-0.180887967348,0.0319367460907,0.971214771271
-0.145718187094,0.105139940977,1.0,-0.192635923624,0.0406199768186,0.970439255238
-0.152386337519,0.110361218452,1.0,-0.198450893164,0.0447568446398,0.970077335835
-0.166135668755,0.121240533888,1.0,-0.211176231503,0.0547954067588,0.970426440239
-0.17321318388,0.126901447773,1.0,-0.217683508992,0.0594044625759,0.970538258553
-0.187741026282,0.138654887676,1.0,-0.230969727039,0.0703347325325,0.97102278471
-0.195186108351,0.144749611616,1.0,-0.23774291575,0.0758387893438,0.972385823727
-0.210396334529,0.157357439399,1.0,-0.251310765743,0.0871742889285,0.971594333649
-0.218151524663,0.163869425654,1.0,-0.25842499733,0.0933149158955,0.972060441971
-0.233929648995,0.177300944924,1.0,-0.27344802022,0.10573579371,0.97246748209
-0.24193495512,0.184213384986,1.0,-0.278702557087,0.110091879964,0.972244024277
-0.258147567511,0.1984256953,1.0,-0.294361174107,0.123799793422,0.972736895084
-0.266337186098,0.205718755722,1.0,-0.299566507339,0.128620460629,0.972633242607
-0.282842516899,0.220665246248,1.0,-0.31547704339,0.142712786794,0.971996366978
-0.291140735149,0.228312209249,1.0,-0.320681601763,0.147214338183,0.972175776958
-0.316101670265,0.251900583506,1.0,-0.341552495956,0.166220679879,0.972758769989
-0.332706063986,0.268131107092,1.0,-0.356824070215,0.181571140885,0.973614633083
-0.340970367193,0.276388287544,1.0,-0.36205264926,0.186643704772,0.973666846752
-0.357362478971,0.293154090643,1.0,-0.377153098583,0.20142455399,0.974274873734
-0.365470141172,0.301654040813,1.0,-0.385215580463,0.208762302995,0.974674403667
-0.381470948458,0.318878889084,1.0,-0.398230522871,0.223072424531,0.975534975529
-0.389342069626,0.327593177557,1.0,-0.40219643712,0.227988049388,0.975763678551
-0.404769450426,0.345195651054,1.0,-0.414964467287,0.242796719074,0.976397275925
-0.412307173014,0.354076206684,1.0,-0.41910430789,0.247424677014,0.976296305656
-0.426983565092,0.371974408627,1.0,-0.43140026927,0.262136697769,0.976999998093
-0.434101492167,0.380980968475,1.0,-0.435179710388,0.267212301493,0.977077066898
-0.447852283716,0.399088054895,1.0,-0.446658223867,0.282415270805,0.976697444916
-0.454467535019,0.408179283142,1.0,-0.450106650591,0.287748724222,0.976951658726
-0.473176211119,0.435556799173,1.0,-0.4635643363,0.308102875948,0.977494239807
-0.484615772963,0.453839331865,1.0,-0.471979737282,0.323290526867,0.978291869164
-0.490007728338,0.462982863188,1.0,-0.47437658906,0.328233152628,0.978461682796
-0.504789471626,0.490366607904,1.0,-0.483356446028,0.34814247489,0.978649795055
-0.513423085213,0.50854319334,1.0,-0.488457381725,0.362427681684,0.978808045387
-0.517358958721,0.517598927021,1.0,-0.490011781454,0.367255061865,0.978561937809
-0.524443030357,0.53562104702,1.0,-0.493627399206,0.381182253361,0.978776454926
-0.527583837509,0.544582545757,1.0,-0.494670689106,0.385768294334,0.97864729166
-0.53304541111,0.562391936779,1.0,-0.496984750032,0.399707823992,0.97864896059
-0.539147257805,0.588801443577,1.0,-0.497832357883,0.417993575335,0.978986084461
-0.540604889393,0.597461283207,1.0,-0.497855633497,0.422347903252,0.978703200817
-0.542671620846,0.614710330963,1.0,-0.498107165098,0.436217844486,0.976906657219
-0.54326659441,0.623197972775,1.0,-0.497798889875,0.44059753418,0.976375162601
-0.543590068817,0.640047073364,1.0,-0.495996326208,0.453695684671,0.976041436195
-0.543315172195,0.648369133472,1.0,-0.49544981122,0.458203703165,0.975486576557
-0.541892230511,0.664809942245,1.0,-0.491783797741,0.470979213715,0.975059390068
-0.540745973587,0.672916412354,1.0,-0.490358948708,0.47497677803,0.974605798721
-0.537587285042,0.688905417919,1.0,-0.485882014036,0.486783981323,0.973072230816
-0.535578966141,0.696777939796,1.0,-0.484113395214,0.490975260735,0.972747325897
-0.530710458755,0.712282121181,1.0,-0.477900087833,0.503367960453,0.971968531609
-0.527855634689,0.719907224178,1.0,-0.475789397955,0.507154285908,0.971895456314
-0.521320164204,0.734891355038,1.0,-0.468442618847,0.518745362759,0.972181737423
-0.517645180225,0.742248833179,1.0,-0.465865463018,0.522490382195,0.972227036953
-0.509494781494,0.756693124771,1.0,-0.45744985342,0.533657371998,0.971935093403
-0.505027592182,0.763775885105,1.0,-0.454749107361,0.537028431892,0.971796512604
-0.495332300663,0.77765250206,1.0,-0.445386826992,0.548301041126,0.971804916859
-0.490112364292,0.784445405006,1.0,-0.44211640954,0.551591515541,0.971827745438
-0.478951662779,0.797735273838,1.0,-0.431549042463,0.562552630901,0.972880542278
-0.473020970821,0.80423027277,1.0,-0.428196400404,0.566041409969,0.972972750664
-0.460485607386,0.816915929317,1.0,-0.41732698679,0.576622366905,0.973785042763
-0.453892141581,0.823104977608,1.0,-0.413563340902,0.58016616106,0.973921775818
-0.440081119537,0.835172772408,1.0,-0.402203381062,0.590028703213,0.973932623863
-0.432878375053,0.841047883034,1.0,-0.397989928722,0.593307375908,0.973888754845
-0.417902618647,0.852482914925,1.0,-0.386195898056,0.602926313877,0.974555850029
-0.410142183304,0.858041584492,1.0,-0.381757497787,0.606526613235,0.974950134754
-0.394114732742,0.868834137917,1.0,-0.369063436985,0.616767942905,0.975631415844
-0.385859459639,0.874068081379,1.0,-0.364306539297,0.620452702045,0.976165771484
-0.368899166584,0.884208858013,1.0,-0.351073473692,0.629872560501,0.977211177349
-0.360204309225,0.88911652565,1.0,-0.347123920918,0.632665932178,0.977620899677
-0.342432290316,0.89859688282,1.0,-0.334502130747,0.641338050365,0.978732705116
-0.33336353302,0.903171420097,1.0,-0.329983443022,0.644512176514,0.97872954607
-0.314900994301,0.911983132362,1.0,-0.316904455423,0.653335034847,0.979580581188
-0.286484509706,0.924354255199,1.0,-0.299639165401,0.665057003498,0.980451345444
-0.276843637228,0.928251385689,1.0,-0.295187979937,0.668070375919,0.980732858181
-0.257352352142,0.9356995821,1.0,-0.282238274813,0.67696928978,0.981568753719
-0.247510120273,0.939250826836,1.0,-0.277862161398,0.679883599281,0.981813669205
-0.227653697133,0.946006834507,1.0,-0.264965742826,0.688446819782,0.982863664627
-0.217679589987,0.949200868607,1.0,-0.260671705008,0.691226124763,0.983068287373
-0.187497720122,0.958084762096,1.0,-0.243458002806,0.702250182629,0.983708739281
-0.167250931263,0.963405370712,1.0,-0.230844274163,0.710299432278,0.984419167042
-0.157107740641,0.965882122517,1.0,-0.226327180862,0.713148534298,0.984510600567
-0.136787384748,0.970468699932,1.0,-0.213935360312,0.72082644701,0.985207259655
-0.126626998186,0.972575128078,1.0,-0.20961278677,0.723506391048,0.985554456711
-0.106335125864,0.976409316063,1.0,-0.197338163853,0.730403482914,0.986205816269
-0.0961922332644,0.978139042854,1.0,-0.19323335588,0.732775509357,0.986329734325
-0.0759907662868,0.981209874153,1.0,-0.181182101369,0.739725291729,0.986585021019
-0.0458568148315,0.984848916531,1.0,-0.164962500334,0.748387336731,0.986653625965
-0.0358652248979,0.985801160336,1.0,-0.160827621818,0.750445187092,0.986633598804
-0.0160280913115,0.987305760384,1.0,-0.149151876569,0.75662779808,0.986464262009
-0.00615802919492,0.987859010696,1.0,-0.144972771406,0.758657217026,0.986723184586
0.0134080033749,0.988560736179,1.0,-0.133587405086,0.763900399208,0.986550569534
0.0231194701046,0.988708913326,1.0,-0.129742339253,0.765560030937,0.986153185368
0.0423770658672,0.988596320152,1.0,-0.118662536144,0.770490527153,0.985976159573
0.0519183911383,0.988334476948,1.0,-0.114805907011,0.772238790989,0.985664486885
0.0708166882396,0.987396776676,1.0,-0.103838786483,0.776568889618,0.985144376755
0.0801675915718,0.986720085144,1.0,-0.0999880358577,0.778060913086,0.985234439373
0.0986649766564,0.984948813915,1.0,-0.0891108065844,0.781909942627,0.985117733479
0.107807762921,0.983853459358,1.0,-0.0852547883987,0.783143341541,0.984955072403
0.125874564052,0.981241464615,1.0,-0.0746074169874,0.785793781281,0.984325766563
0.134793654084,0.97972458601,1.0,-0.0710606127977,0.78625279665,0.983879804611
0.152397364378,0.976267933846,1.0,-0.0607076883316,0.787186145782,0.983458459377
0.161109223962,0.974320948124,1.0,-0.0571325793862,0.787408411503,0.983539760113
0.178202673793,0.970022678375,1.0,-0.0467866435647,0.788544535637,0.982789218426
0.203236311674,0.96251142025,1.0,-0.0327450335026,0.788550972939,0.981593191624
0.227488338947,0.9537332654,1.0,-0.0185178630054,0.787984549999,0.981025099754
0.235391244292,0.950527906418,1.0,-0.014989066869,0.787539124489,0.980651795864
0.250921428204,0.943700253963,1.0,-0.00458268821239,0.78568738699,0.980210602283
0.266074955463,0.936321377754,1.0,0.00413540611044,0.783615708351,0.979420423508
0.288079559803,0.924233019352,1.0,0.0181733593345,0.779131948948,0.978401243687
0.295215785503,0.919936001301,1.0,0.0233534164727,0.776823699474,0.978326201439
0.309184789658,0.910943865776,1.0,0.0321325808764,0.773703873158,0.977973282337
0.316015988588,0.906250834465,1.0,0.0374686829746,0.771670043468,0.977868318558
0.329359591007,0.896480858326,1.0,0.0460857450962,0.767393946648,0.977220356464
0.335870504379,0.891405701637,1.0,0.051319308579,0.764506518841,0.976812422276
0.35474255681,0.875436484814,1.0,0.0655892938375,0.756282925606,0.976586341858
0.366755723953,0.864188313484,1.0,0.0743389874697,0.750837504864,0.976409375668
0.372588306665,0.858387470245,1.0,0.0795369744301,0.746989548206,0.976300299168
0.383892297745,0.846446037292,1.0,0.0881262049079,0.740955114365,0.975959539413
0.389361381531,0.840308308601,1.0,0.0933742597699,0.737015902996,0.976068437099
0.399925768375,0.827707707882,1.0,0.101851440966,0.730421185493,0.97586607933
0.405017346144,0.821249067783,1.0,0.107089005411,0.726004242897,0.975856363773
0.414806336164,0.808031201363,1.0,0.113300487399,0.720455288887,0.975703597069
0.419501036406,0.801275372505,1.0,0.119793213904,0.714255571365,0.975495934486
0.428484946489,0.787476241589,1.0,0.126204818487,0.708139359951,0.975266933441
0.432768583298,0.780440509319,1.0,0.132524564862,0.701846182346,0.975491523743
0.440910607576,0.766107678413,1.0,0.138535141945,0.695750951767,0.975513517857
0.444765210152,0.758815765381,1.0,0.144323483109,0.689070343971,0.974999368191
0.452032148838,0.743993878365,1.0,0.149712219834,0.682536840439,0.975411653519
0.455442011356,0.736466288567,1.0,0.155394583941,0.675355494022,0.975187420845
0.461801201105,0.721200048923,1.0,0.160552427173,0.668557465076,0.975523948669
0.464746445417,0.713468432426,1.0,0.165937304497,0.661477088928,0.976367115974
0.470162659883,0.697813272476,1.0,0.171117171645,0.654286146164,0.976759493351
0.472629606724,0.689896762371,1.0,0.17639836669,0.646430909634,0.977305233479
0.477072417736,0.67390024662,1.0,0.181374102831,0.638398230076,0.977835655212
0.47904536128,0.66582429409,1.0,0.186309307814,0.630309700966,0.977894723415
0.482485324144,0.649534583092,1.0,0.190752595663,0.622107923031,0.978407025337
0.483948409557,0.641331255436,1.0,0.195116534829,0.613444268703,0.978815853596
0.48635661602,0.624804735184,1.0,0.199226126075,0.604918897152,0.978801488876
0.487298041582,0.616492092609,1.0,0.203173428774,0.596080601215,0.978937804699
0.488649219275,0.599780499935,1.0,0.206833049655,0.587540984154,0.97898799181
0.489328324795,0.574537038803,1.0,0.213383078575,0.570291042328,0.97896450758
0.489190816879,0.566088795662,1.0,0.216082766652,0.561425864697,0.978899478912
0.488364070654,0.549154877663,1.0,0.218136146665,0.552964508533,0.978856146336
0.48767337203,0.540677964687,1.0,0.219942733645,0.544277012348,0.979103088379
0.485733121634,0.523710906506,1.0,0.221847936511,0.535876512527,0.980174899101
0.484482228756,0.515226006508,1.0,0.223648369312,0.526814222336,0.980657279491
0.479600697756,0.489797860384,1.0,0.225919604301,0.509157717228,0.981705188751
0.475402802229,0.472894698381,1.0,0.226639792323,0.500432729721,0.981557488441
0.473019242287,0.464461296797,1.0,0.227005377412,0.491272687912,0.981983840466
0.467686116695,0.447653263807,1.0,0.22701652348,0.482265144587,0.982083201408
0.464737027884,0.439282894135,1.0,0.226876169443,0.472851604223,0.981517970562
0.458272576332,0.422611534595,1.0,0.226215451956,0.463807940483,0.981505155563
0.454757869244,0.414314359426,1.0,0.225239858031,0.454464048147,0.981388688087
0.447169184685,0.397811770439,1.0,0.223865747452,0.445427298546,0.981318354607
0.434396773577,0.373306632042,1.0,0.220215022564,0.427177727222,0.981735706329
0.429771691561,0.365208625793,1.0,0.217854738235,0.417821496725,0.981526136398
0.419979244471,0.349130034447,1.0,0.215138375759,0.409040868282,0.981950521469
0.414814680815,0.341151684523,1.0,0.212037086487,0.399810373783,0.981523156166
0.403954386711,0.325318992138,1.0,0.208785921335,0.390724509954,0.981553435326
0.398264139891,0.317469418049,1.0,0.205145120621,0.381295830011,0.981787919998
0.386366039515,0.301898539066,1.0,0.201238960028,0.371973603964,0.981409132481
0.38016435504,0.294181466103,1.0,0.196794942021,0.362320899963,0.981351971626
0.367261439562,0.278880566359,1.0,0.192207455635,0.352561563253,0.981303393841
0.360573798418,0.271307677031,1.0,0.187227874994,0.342654824257,0.980719745159
0.339550793171,0.248850211501,1.0,0.17610900104,0.323151379824,0.980329275131
0.324777036905,0.234113171697,1.0,0.170448467135,0.313716888428,0.980219781399
0.31717094779,0.226814299822,1.0,0.164438515902,0.304267793894,0.980291485786
0.30153414607,0.212352871895,1.0,0.157988876104,0.294480890036,0.980210363865
0.293511301279,0.205190807581,1.0,0.151338040829,0.284501671791,0.979968249798
0.277068883181,0.190996959805,1.0,0.14418245852,0.274279981852,0.980044126511
0.268659442663,0.18396653235,1.0,0.136839479208,0.263902306557,0.980000555515
0.25147908926,0.170031756163,1.0,0.129590108991,0.254032582045,0.979796528816
0.242713987827,0.163124203682,1.0,0.121769197285,0.244146406651,0.9797924757
0.224860087037,0.149428874254,1.0,0.113848738372,0.23435766995,0.979357838631
0.215777650476,0.142637431622,1.0,0.10569229722,0.224022239447,0.979020535946
0.197322353721,0.129160657525,1.0,0.0974724143744,0.213778167963,0.979307591915
0.159368112683,0.102590806782,1.0,0.0717691779137,0.182112231851,0.979802310467
0.139941811562,0.0894743278623,1.0,0.0626732185483,0.171620875597,0.979652523994
0.110340774059,0.0699702650309,1.0,0.0443512424827,0.150744050741,0.979627430439
0.100370571017,0.0635080337524,1.0,0.0351894311607,0.140570268035,0.97888314724
0.080297164619,0.0506267510355,1.0,0.0228129774332,0.12732295692,0.97849136591
0.049955829978,0.0314027927816,1.0,0.0042734099552,0.106762133539,0.979795277119
0.0397919379175,0.0250082798302,1.0,-0.00306311715394,0.0990497544408,0.980460524559
0.0194277409464,0.0122339371592,1.0,-0.0147461900488,0.0868724659085,0.981905043125
0.00923512876034,0.00584901636466,1.0,-0.0226775947958,0.0783938392997,0.981205284595
-0.0111471721902,-0.00692522386089,1.0,-0.034377027303,0.0663160383701,0.981666505337
-0.0213293414563,-0.0133200995624,1.0,-0.042562417686,0.0574840530753,0.980762898922
-0.0416463688016,-0.0261302050203,1.0,-0.0546637997031,0.0447760559618,0.980094075203
-0.0517719648778,-0.0325489863753,1.0,-0.0628154724836,0.0359812229872,0.980427324772
-0.0719384029508,-0.0454250983894,1.0,-0.0750709995627,0.0225359685719,0.979320824146
-0.0819682851434,-0.0518845282495,1.0,-0.0830716788769,0.0138614317402,0.979787945747
-0.10190115124,-0.0648554340005,1.0,-0.0953019186854,-0.000288336013909,0.980514764786
-0.111795403063,-0.0713700130582,1.0,-0.10326167196,-0.00872787646949,0.980327367783
-0.131420016289,-0.0844661071897,1.0,-0.115798912942,-0.0232974272221,0.980465292931
-0.141140058637,-0.0910492092371,1.0,-0.123428232968,-0.0306587237865,0.980449438095
-0.160378754139,-0.104294776917,1.0,-0.135585978627,-0.0443017780781,0.980865836143
-0.16988748312,-0.110958516598,1.0,-0.143160432577,-0.0524147637188,0.980420947075
-0.188665792346,-0.12437517941,1.0,-0.155202567577,-0.0657619461417,0.981075406075
-0.197927683592,-0.131130322814,1.0,-0.162589907646,-0.0741960778832,0.980046510696
-0.216179862618,-0.144740745425,1.0,-0.174310460687,-0.0875578522682,0.979669988155
-0.225161075592,-0.151596620679,1.0,-0.181432262063,-0.095902889967,0.979424059391
-0.242819443345,-0.16541659832,1.0,-0.192847087979,-0.109158843756,0.978933990002
-0.251489639282,-0.172382265329,1.0,-0.199955135584,-0.117980383337,0.978455007076
-0.268487155437,-0.186421558261,1.0,-0.211409583688,-0.13209682703,0.977961063385
-0.276812970638,-0.19350039959,1.0,-0.218041524291,-0.140481516719,0.977535188198
-0.293099820614,-0.20777618885,1.0,-0.228931456804,-0.154724404216,0.976715326309
-0.301054775715,-0.214973911643,1.0,-0.235239312053,-0.162836626172,0.977190554142
-0.324133038521,-0.236810937524,1.0,-0.251283079386,-0.184587806463,0.976999044418
-0.338833510876,-0.25157135725,1.0,-0.26105132699,-0.197365641594,0.977372944355
-0.345972180367,-0.259014070034,1.0,-0.266543924809,-0.205945178866,0.976818144321
-0.359808802605,-0.274018019438,1.0,-0.275772541761,-0.218713670969,0.976701319218
-0.366504788399,-0.281581670046,1.0,-0.281111836433,-0.22745116055,0.976572334766
-0.379440903664,-0.296830773354,1.0,-0.289421886206,-0.240451931953,0.976903259754
-0.397659540176,-0.319982290268,1.0,-0.302539050579,-0.263025552034,0.97649782896
-0.403411000967,-0.327773779631,1.0,-0.307649612427,-0.272006243467,0.97524034977
-0.414425134659,-0.343469053507,1.0,-0.314915835857,-0.285716563463,0.974940061569
-0.419681370258,-0.351366579533,1.0,-0.319592475891,-0.294497787952,0.97451710701
-0.429690718651,-0.367265880108,1.0,-0.326461613178,-0.30805426836,0.973748505116
-0.43443992734,-0.375264018774,1.0,-0.330702334642,-0.31689837575,0.973335921764
-0.447645783424,-0.399430751801,1.0,-0.341057300568,-0.339748948812,0.972256422043
-0.455574125051,-0.415680140257,1.0,-0.346806406975,-0.353999733925,0.971357226372
-0.459270775318,-0.423839360476,1.0,-0.350542038679,-0.362816691399,0.971393048763
-0.466127663851,-0.440226197243,1.0,-0.355375081301,-0.375987708569,0.970517039299
-0.469287186861,-0.448453873396,1.0,-0.359225481749,-0.384288161993,0.970473766327
-0.475053429604,-0.46493935585,1.0,-0.364431083202,-0.39845085144,0.969463407993
-0.477666497231,-0.473216027021,1.0,-0.367290019989,-0.406726658344,0.96994125843
-0.482334256172,-0.489780545235,1.0,-0.371642440557,-0.420921087265,0.969663441181
-0.487954795361,-0.514700591564,1.0,-0.378426253796,-0.443415790796,0.969888746738
-0.489458829165,-0.523024499416,1.0,-0.380415856838,-0.451159358025,0.971123754978
-0.491903960705,-0.539643406868,1.0,-0.383235365152,-0.464191317558,0.97304970026
-0.492848962545,-0.54796308279,1.0,-0.384916484356,-0.471974521875,0.972829043865
-0.494176805019,-0.564554274082,1.0,-0.386860281229,-0.484718114138,0.974572241306
-0.494772732258,-0.589374542236,1.0,-0.390567213297,-0.505789160728,0.97487616539
-0.494599342346,-0.597617149353,1.0,-0.391710609198,-0.51481616497,0.974924683571
-0.493696123362,-0.6140422225,1.0,-0.39312979579,-0.52774554491,0.975266635418
-0.492966860533,-0.622221469879,1.0,-0.393791615963,-0.535975754261,0.975473940372
-0.490956008434,-0.638495028019,1.0,-0.394491970539,-0.549433290958,0.976472318172
-0.489675402641,-0.646586000919,1.0,-0.394971251488,-0.557613670826,0.975859224796
-0.486566692591,-0.662665486336,1.0,-0.395208209753,-0.570869445801,0.976264417171
-0.484740376472,-0.670647442341,1.0,-0.395242661238,-0.578448355198,0.97592651844
-0.480547726154,-0.686484754086,1.0,-0.394999444485,-0.591606855392,0.975398421288
-0.478182286024,-0.694338083267,1.0,-0.39434325695,-0.599477946758,0.975747704506
-0.472922325134,-0.709887742996,1.0,-0.393334716558,-0.61299175024,0.975523412228
-0.470028072596,-0.717584967613,1.0,-0.392235577106,-0.620755195618,0.975403726101
-0.463720232248,-0.732802450657,1.0,-0.390716999769,-0.633555591106,0.9750893116
-0.460307359695,-0.740322053432,1.0,-0.389001280069,-0.641358911991,0.975754380226
-0.452973693609,-0.755162835121,1.0,-0.386571347713,-0.653237164021,0.97625797987
-0.444970667362,-0.769726157188,1.0,-0.38334736228,-0.667242646217,0.976380228996
-0.440721988678,-0.776897370815,1.0,-0.381151169538,-0.673631906509,0.976614892483
-0.431736588478,-0.791009187698,1.0,-0.377561509609,-0.687802314758,0.976187944412
-0.427004039288,-0.797943413258,1.0,-0.375836074352,-0.694513678551,0.975809693336
-0.417067199945,-0.811557412148,1.0,-0.37136271596,-0.707389593124,0.97644329071
-0.411870598793,-0.818227291107,1.0,-0.369218379259,-0.713243126869,0.976956129074
-0.401020795107,-0.831293582916,1.0,-0.363434910774,-0.72660535574,0.9776288867
-0.39537140727,-0.837685286999,1.0,-0.360383778811,-0.732772231102,0.978254258633
-0.383639246225,-0.850167930126,1.0,-0.354541987181,-0.745610892773,0.978379607201
-0.377559602261,-0.856255590916,1.0,-0.3513648808,-0.751859724522,0.978745937347
-0.358491331339,-0.873878538609,1.0,-0.341533988714,-0.77047932148,0.978978812695
-0.345112204552,-0.885070741177,1.0,-0.334000766277,-0.78152936697,0.979641318321
-0.338229268789,-0.890493929386,1.0,-0.330235183239,-0.787320673466,0.979753911495
-0.324088424444,-0.900984704494,1.0,-0.3221129179,-0.798234403133,0.980220496655
-0.316833883524,-0.906049311161,1.0,-0.317685157061,-0.803570508957,0.980332195759
-0.301972955465,-0.915804922581,1.0,-0.309554308653,-0.814719617367,0.980320632458
-0.29437148571,-0.92049241066,1.0,-0.304812163115,-0.819984793663,0.980485498905
-0.278840392828,-0.929477632046,1.0,-0.296121180058,-0.830201148987,0.98087221384
-0.270913153887,-0.933773696423,1.0,-0.291202664375,-0.835093915462,0.980497777462
-0.25474897027,-0.94196420908,1.0,-0.281873255968,-0.844765663147,0.981245756149
-0.246518746018,-0.945854902267,1.0,-0.276886314154,-0.849137544632,0.981670558453
-0.229773327708,-0.953221321106,1.0,-0.266970872879,-0.858081042767,0.981693744659
-0.221263408661,-0.956694424152,1.0,-0.261736869812,-0.86194974184,0.981625437737
-0.203979000449,-0.963215470314,1.0,-0.251202732325,-0.870760679245,0.982169210911
-0.195213228464,-0.96625995636,1.0,-0.245815306902,-0.875004768372,0.982066333294
-0.177444815636,-0.971912920475,1.0,-0.235114708543,-0.882782936096,0.982866227627
-0.168445944786,-0.974520087242,1.0,-0.229554578662,-0.886693537235,0.983152866364
-0.15023984015,-0.979289233685,1.0,-0.218313187361,-0.893465638161,0.983195602894
-0.14103654027,-0.98145031929,1.0,-0.212581381202,-0.897228956223,0.983296453953
-0.122442021966,-0.985322296619,1.0,-0.200695872307,-0.903018712997,0.983779072762
-0.113058447838,-0.987031638622,1.0,-0.194700375199,-0.906365156174,0.983810782433
-0.0941317677498,-0.989995062351,1.0,-0.182460948825,-0.9114818573,0.984625101089
-0.0845928490162,-0.991248548031,1.0,-0.176286011934,-0.914230883121,0.984829843044
-0.0653865337372,-0.993296563625,1.0,-0.163843154907,-0.918634772301,0.985661566257
-0.0557235516608,-0.994090914726,1.0,-0.157515332103,-0.920842051506,0.986050367355
-0.0362937524915,-0.99521958828,1.0,-0.144810780883,-0.924635946751,0.986241817474
-0.00693234149367,-0.995762646198,1.0,-0.125621199608,-0.929499387741,0.986971259117
0.00289402785711,-0.995637357235,1.0,-0.119321361184,-0.931125342846,0.987290859222
0.0225911084563,-0.994928956032,1.0,-0.105923444033,-0.932989060879,0.987580537796
0.0324587337673,-0.99434620142,1.0,-0.0991029068828,-0.933742821217,0.987871646881
0.0522033050656,-0.992726325989,1.0,-0.0858538150787,-0.935134410858,0.988013982773
0.0620750635862,-0.991690039635,1.0,-0.0792655050755,-0.935637652874,0.988285124302
0.0916467383504,-0.987682819366,1.0,-0.0591527707875,-0.93646556139,0.988923370838
0.111288949847,-0.984269440174,1.0,-0.045825522393,-0.936222970486,0.989014148712
0.121074520051,-0.98234307766,1.0,-0.0390830077231,-0.935746908188,0.989185333252
0.14055930078,-0.978054881096,1.0,-0.0258928090334,-0.934829652309,0.988645017147
0.150250777602,-0.975695014,1.0,-0.0194586608559,-0.933641910553,0.988342881203
0.169514253736,-0.970548450947,1.0,-0.00602749269456,-0.932544350624,0.988991081715
0.179076462984,-0.967764496803,1.0,0.000580379215535,-0.931539177895,0.988917052746
0.198043704033,-0.961780548096,1.0,0.0141385206953,-0.929893910885,0.98937869072
0.207440644503,-0.958583056927,1.0,0.0209582280368,-0.928679943085,0.989610254765
0.226042628288,-0.951782822609,1.0,0.03519526124,-0.926147222519,0.989537358284
0.235237658024,-0.948183357716,1.0,0.0398862138391,-0.925067543983,0.989631772041
0.253396809101,-0.940592050552,1.0,0.0538646914065,-0.921580433846,0.989175617695
0.262352585793,-0.936603069305,1.0,0.0586391799152,-0.920272052288,0.98918390274
0.279997348785,-0.928244888783,1.0,0.0727699249983,-0.915634989738,0.989421188831
0.288676768541,-0.923880040646,1.0,0.0774220749736,-0.91407930851,0.989424049854
0.305731236935,-0.914781212807,1.0,0.0912947654724,-0.909729242325,0.988967776299
0.314095079899,-0.910052716732,1.0,0.0958346948028,-0.908007025719,0.989046812057
0.330476671457,-0.900244295597,1.0,0.109757572412,-0.902481019497,0.989793539047
0.338486015797,-0.895167589188,1.0,0.114286147058,-0.900440514088,0.989874243736
0.354134202003,-0.884667634964,1.0,0.127444311976,-0.894142687321,0.9903652668
0.361746817827,-0.879259943962,1.0,0.131476923823,-0.892066895962,0.990407466888
0.376566916704,-0.868110179901,1.0,0.143906846642,-0.885303735733,0.990024328232
0.38375878334,-0.862376570702,1.0,0.147956758738,-0.883011817932,0.990043699741
0.397688597441,-0.850597679615,1.0,0.159598007798,-0.875788986683,0.989499092102
0.404415845871,-0.844558000565,1.0,0.163360491395,-0.873370707035,0.989471435547
0.417378336191,-0.832184374332,1.0,0.174848407507,-0.86535012722,0.990005195141
0.423607110977,-0.825852632523,1.0,0.178495645523,-0.862652361393,0.989917635918
0.435536175966,-0.812912762165,1.0,0.188970804214,-0.853913187981,0.990173816681
0.441230475903,-0.806306898594,1.0,0.192251294851,-0.850997924805,0.990252554417
0.452061086893,-0.792832374573,1.0,0.201702177525,-0.842294216156,0.990142226219
0.457191616297,-0.78596585989,1.0,0.204656407237,-0.839317500591,0.99003380537
0.466862976551,-0.771988987923,1.0,0.212825641036,-0.830125629902,0.989396989346
0.471399456263,-0.764879643917,1.0,0.215429574251,-0.8269110322,0.98908418417
0.479855984449,-0.750433862209,1.0,0.222840070724,-0.817083358765,0.988717556
0.483771383762,-0.743099927902,1.0,0.225149661303,-0.81383818388,0.988557040691
0.490963578224,-0.728219628334,1.0,0.231397181749,-0.803846418858,0.987847447395
0.494236201048,-0.720675766468,1.0,0.23327383399,-0.800365746021,0.987574279308
0.500122070312,-0.705393373966,1.0,0.238463282585,-0.790213048458,0.986382722855
0.50273090601,-0.697660386562,1.0,0.239928334951,-0.78677380085,0.986062645912
0.50727558136,-0.682007610798,1.0,0.244144424796,-0.775894284248,0.985419154167
0.512374222279,-0.658147573471,1.0,0.248944804072,-0.760179162025,0.984191477299
0.513613700867,-0.650091171265,1.0,0.24986487627,-0.756455898285,0.983921706676
0.515399158001,-0.63380753994,1.0,0.25214445591,-0.745641648769,0.982932090759
0.515939056873,-0.625644624233,1.0,0.252816289663,-0.742104172707,0.982626140118
0.516323745251,-0.609141051769,1.0,0.254190355539,-0.731249034405,0.981297075748
0.51616615057,-0.600836515427,1.0,0.25445702672,-0.727772414684,0.98111474514
0.515152692795,-0.584128797054,1.0,0.254985779524,-0.715518712997,0.980862915516
0.514298260212,-0.575733482838,1.0,0.255040436983,-0.711116790771,0.980643033981
0.51035374403,-0.550394177437,1.0,0.254632562399,-0.693737268448,0.979904234409
0.506586670876,-0.533402442932,1.0,0.253313541412,-0.681316912174,0.979578733444
0.504367649555,-0.524886965752,1.0,0.252582252026,-0.677285790443,0.979388237
0.4992659688,-0.507817745209,1.0,0.250114142895,-0.664724290371,0.979246675968
0.496384263039,-0.49925917387,1.0,0.249070629478,-0.66044563055,0.979198217392
0.489997625351,-0.482177823782,1.0,0.24565987289,-0.647434175014,0.97865986824
0.486488342285,-0.473630547523,1.0,0.244479119778,-0.643351018429,0.978710532188
0.478859364986,-0.456550806761,1.0,0.240518152714,-0.630755007267,0.978763282299
0.47474694252,-0.448023617268,1.0,0.239051535726,-0.62583976984,0.978847324848
0.465943872929,-0.431004941463,1.0,0.234574273229,-0.612385928631,0.979208767414
0.461262404919,-0.422520458698,1.0,0.232951313257,-0.608339607716,0.97872453928
0.451364904642,-0.4056199193,1.0,0.227458044887,-0.596233069897,0.978947579861
0.446157872677,-0.397208541632,1.0,0.225498154759,-0.592258810997,0.979035198689
0.435247004032,-0.380467921495,1.0,0.219617560506,-0.579328656197,0.978833913803
0.429556101561,-0.372148394585,1.0,0.217517793179,-0.575089097023,0.978894710541
0.417729943991,-0.35562351346,1.0,0.210724011064,-0.56269210577,0.977848351002
0.411606252193,-0.347423881292,1.0,0.208287626505,-0.558846712112,0.977299392223
0.398965269327,-0.331161558628,1.0,0.20099504292,-0.546218156815,0.976581156254
0.392462819815,-0.323107749224,1.0,0.198560878634,-0.541909575462,0.976435720921
0.379123657942,-0.307166099548,1.0,0.19124007225,-0.529698550701,0.976333737373
0.372298806906,-0.299282461405,1.0,0.188531145453,-0.525117456913,0.976019263268
0.358377486467,-0.28370988369,1.0,0.180975034833,-0.512945652008,0.975871443748
0.351292103529,-0.276023626328,1.0,0.178426221013,-0.509117722511,0.97578561306
0.336912304163,-0.26087102294,1.0,0.170666739345,-0.497327953577,0.975304722786
0.314918577671,-0.23872409761,1.0,0.160026103258,-0.48184967041,0.975801825523
0.307502418756,-0.231507182121,1.0,0.157066613436,-0.477781534195,0.975970089436
0.292588979006,-0.217339798808,1.0,0.149238392711,-0.46647760272,0.976448118687
0.285107702017,-0.210395649076,1.0,0.146313220263,-0.462508678436,0.976315557957
0.27012476325,-0.196791827679,1.0,0.138538748026,-0.4515427351,0.976774513721
0.262638986111,-0.190138176084,1.0,0.13577349484,-0.447707802057,0.976788878441
0.240289375186,-0.170796975493,1.0,0.125549659133,-0.433054149151,0.976924061775
0.225549086928,-0.158440053463,1.0,0.118399269879,-0.422835886478,0.976094305515
0.218233183026,-0.152417078614,1.0,0.115931361914,-0.419214814901,0.9757117033
0.203813061118,-0.140748381615,1.0,0.109097160399,-0.409219622612,0.975793480873
0.196685358882,-0.135076463223,1.0,0.106740370393,-0.405714392662,0.975697100163
0.182679519057,-0.12410774827,1.0,0.100183129311,-0.396483391523,0.97615301609
0.175790309906,-0.118795618415,1.0,0.0980027616024,-0.393770217896,0.976371109486
0.162314414978,-0.108557514846,1.0,0.0918716043234,-0.38494810462,0.976161658764
0.142863303423,-0.0941235423088,1.0,0.0845078453422,-0.372238993645,0.976915597916
0.136600479484,-0.0895597040653,1.0,0.0829290300608,-0.369033515453,0.976922988892
0.12446333468,-0.0808280855417,1.0,0.0782808735967,-0.359923839569,0.977352678776
0.11857739836,-0.0766465440392,1.0,0.0766705349088,-0.356782913208,0.977233946323
0.107228428125,-0.0686799064279,1.0,0.0725173130631,-0.348649978638,0.976640045643
0.101759783924,-0.0648859068751,1.0,0.0711311846972,-0.345749646425,0.976609706879
0.0912549421191,-0.0576791279018,1.0,0.067479416728,-0.338113427162,0.976332724094
0.0862239003181,-0.0542654134333,1.0,0.0662826448679,-0.335546016693,0.975953221321
0.0766148045659,-0.0478133410215,1.0,0.0632709786296,-0.328420639038,0.976161539555
0.0720411241055,-0.0447738692164,1.0,0.0623288303614,-0.326080411673,0.976174771786
0.0633613318205,-0.0390620976686,1.0,0.0599073655903,-0.319555908442,0.975715339184
0.0592554472387,-0.0363863110542,1.0,0.0592185854912,-0.317266523838,0.975893974304
0.0515210181475,-0.0313921160996,1.0,0.0573816895485,-0.310591667891,0.975190341473
0.0478894039989,-0.029068434611,1.0,0.0568259991705,-0.307992458344,0.975002944469
0.0410989709198,-0.0247612129897,1.0,0.0558943003416,-0.301222324371,0.975747704506
0.0379370339215,-0.0227727461606,1.0,0.0556950829923,-0.299074172974,0.975816607475
0.0320768095553,-0.0191173702478,1.0,0.0551509670913,-0.293087720871,0.975685238838
0.0244094394147,-0.0143969869241,1.0,0.0546327643096,-0.28516921401,0.973888576031
0.0221444740891,-0.0130170071498,1.0,0.0546827428043,-0.283381581306,0.973809421062
0.0180333461612,-0.0105303283781,1.0,0.0548286624253,-0.278432935476,0.973201096058
0.0161798372865,-0.00941729079932,1.0,0.0548488236964,-0.276847660542,0.972876906395
0.012861520052,-0.00743830390275,1.0,0.0551742836833,-0.272049278021,0.972804963589
0.0100326417014,-0.00576626276597,1.0,0.0554142780602,-0.269039452076,0.972151815891
0.0087908571586,-0.00503716338426,1.0,0.0556251071393,-0.266293078661,0.972111940384
0.00662928074598,-0.0037759160623,1.0,0.056034181267,-0.263505607843,0.971413254738
0.00570016494021,-0.00323716830462,1.0,0.0563169904053,-0.26101899147,0.971082210541
0.0041187829338,-0.00232562585734,1.0,0.0565980002284,-0.25837752223,0.970687747002
0.0034567292314,-0.00194630702026,1.0,0.0565988011658,-0.25652474165,0.970444202423
0.00236218236387,-0.00132267712615,1.0,0.056812658906,-0.253848344088,0.970266222954
0.00191954243928,-0.00107187766116,1.0,0.0568839386106,-0.252305269241,0.97010576725
0.00121566851158,-0.000675252871588,1.0,0.0568104423583,-0.249259889126,0.969944298267
0.000535818981007,-0.000295342557365,1.0,0.0564340800047,-0.244095742702,0.969992637634
0.000388891756302,-0.000213850609725,1.0,0.056232906878,-0.242005214095,0.97004365921
0.000185688491911,-0.000101651945442,1.0,0.0558156035841,-0.238857299089,0.969066917896
0.000120468233945,-6.5849031671e-05,1.0,0.0551673099399,-0.235909804702,0.968744158745
4.23355741077e-05,-2.31210251513e-05,1.0,0.0544017888606,-0.233166113496,0.968778431416
2.21309364861e-05,-1.21286984722e-05,1.0,0.0533477514982,-0.230402067304,0.968342125416
4.31541047874e-06,-2.44134935201e-06,1.0,0.0519678555429,-0.227463126183,0.968784749508
1.76320065748e-06,-1.1047894759e-06,1.0,0.0504274107516,-0.224943816662,0.969208598137
1.03218758341e-06,-6.98162978097e-07,1.0,0.0487073436379,-0.222059980035,0.969382584095
1.06215793494e-06,-7.1395646728e-07,1.0,0.0469949953258,-0.219268292189,0.970043778419
1.06215793494e-06,-7.1395646728e-07,1.0,0.0451380424201,-0.21598020196,0.970247030258
1.06215793494e-06,-7.1395646728e-07,1.0,0.0429445430636,-0.212485387921,0.970547795296
1.06215793494e-06,-7.1395646728e-07,1.0,0.0406734980643,-0.208672448993,0.971495211124
1.06215793494e-06,-7.1395646728e-07,1.0,0.0380885004997,-0.204772293568,0.971708476543
1.06215793494e-06,-7.1395646728e-07,1.0,0.0357421226799,-0.201657503843,0.972695410252
1.06215793494e-06,-7.1395646728e-07,1.0,0.0305854864419,-0.195015728474,0.974237322807
1.06215793494e-06,-7.1395646728e-07,1.0,0.0279994606972,-0.191812977195,0.974862217903
1.06215793494e-06,-7.1395646728e-07,1.0,0.0253928657621,-0.188532918692,0.97570759058
1.06215793494e-06,-7.1395646728e-07,1.0,0.0228255242109,-0.184849604964,0.976268053055
1.06215793494e-06,-7.1395646728e-07,1.0,0.0201436374336,-0.18150562048,0.976496100426
1.06215793494e-06,-7.1395646728e-07,1.0,0.0174171552062,-0.17840757966,0.977760255337
1.06215793494e-06,-7.1395646728e-07,1.0,0.0146808549762,-0.175582423806,0.978495657444
1.06215793494e-06,-7.1395646728e-07,1.0,0.0117213027552,-0.17213909328,0.978671133518
1.06215793494e-06,-7.1395646728e-07,1.0,0.00898708216846,-0.169366151094,0.979375183582
1.06215793494e-06,-7.1395646728e-07,1.0,0.00600625853986,-0.166609451175,0.979178488255
1.06215793494e-06,-7.1395646728e-07,1.0,0.000186460078112,-0.161234512925,0.980557739735
1.06215793494e-06,-7.1395646728e-07,1.0,-0.00247925845906,-0.158307418227,0.980908751488
1.06215793494e-06,-7.1395646728e-07,1.0,-0.00504271127284,-0.155215665698,0.981434047222
1.06215793494e-06,-7.1395646728e-07,1.0,-0.00753224734217,-0.152072817087,0.981576263905
1.06215793494e-06,-7.1395646728e-07,1.0,-0.00984812993556,-0.149216353893,0.981314063072
1.06215793494e-06,-7.1395646728e-07,1.0,-0.0145453670993,-0.144285425544,0.981224775314
1.06215793494e-06,-7.1395646728e-07,1.0,-0.0167904235423,-0.142418295145,0.980915248394
1.06215793494e-06,-7.1395646728e-07,1.0,-0.019323412329,-0.140373378992,0.980394482613
1.06215793494e-06,-7.1395646728e-07,1.0,-0.0217669364065,-0.13814766705,0.980430603027
1.06215793494e-06,-7.1395646728e-07,1.0,-0.0240478292108,-0.13595713675,0.979919075966
1.06215793494e-06,-7.1395646728e-07,1.0,-0.0262061879039,-0.133522510529,0.980102062225
1.06215793494e-06,-7.1395646728e-07,1.0,-0.0281407162547,-0.131544157863,0.980640172958
1.06215793494e-06,-7.1395646728e-07,1.0,-0.0301265958697,-0.129492163658,0.980588436127
1.06215793494e-06,-7.1395646728e-07,1.0,-0.0339308865368,-0.12498062104,0.980932414532
1.06215793494e-06,-7.1395646728e-07,1.0,-0.035816565156,-0.12283603847,0.980271697044
1.06215793494e-06,-7.1395646728e-07,1.0,-0.0375428833067,-0.120922483504,0.980576455593
1.06215793494e-06,-7.1395646728e-07,1.0,-0.0394088812172,-0.118952907622,0.980613827705
1.06215793494e-06,-7.1395646728e-07,1.0,-0.0412702709436,-0.117143288255,0.980487465858
1.06215793494e-06,-7.1395646728e-07,1.0,-0.0430674105883,-0.115091353655,0.981111288071
1.06215793494e-06,-7.1395646728e-07,1.0,-0.0447911247611,-0.113105021417,0.981220781803
1.06215793494e-06,-7.1395646728e-07,1.0,-0.0464976131916,-0.11122699827,0.981232643127
1.06215793494e-06,-7.1395646728e-07,1.0,-0.048068434,-0.109442792833,0.981776177883
1.06215793494e-06,-7.1395646728e-07,1.0,-0.0495967976749,-0.107669264078,0.982581615448
1.06215793494e-06,-7.1395646728e-07,1.0,-0.0511222407222,-0.106023155153,0.982840716839
1.06215793494e-06,-7.1395646728e-07,1.0,-0.0527285076678,-0.104208961129,0.983151137829
1.06215793494e-06,-7.1395646728e-07,1.0,-0.0544780269265,-0.102488987148,0.982446551323
1.06215793494e-06,-7.1395646728e-07,1.0,-0.0560436137021,-0.100621528924,0.98163831234
1.06215793494e-06,-7.1395646728e-07,1.0,-0.0576003566384,-0.0988893136382,0.980961620808
1.06215793494e-06,-7.1395646728e-07,1.0,-0.0591885298491,-0.0971332862973,0.98026907444
1.06215793494e-06,-7.1395646728e-07,1.0,-0.0606783814728,-0.0955482646823,0.979771137238
1.06215793494e-06,-7.1395646728e-07,1.0,-0.0619496032596,-0.0940039232373,0.979506552219
1.06215793494e-06,-7.1395646728e-07,1.0,-0.063203714788,-0.0925050601363,0.978905856609
1.06215793494e-06,-7.1395646728e-07,1.0,-0.0644535198808,-0.0912036821246,0.978572428226
1.06215793494e-06,-7.1395646728e-07,1.0,-0.0657925307751,-0.0898683145642,0.97808599472
1.06215793494e-06,-7.1395646728e-07,1.0,-0.0668883621693,-0.0890977680683,0.977401673794
1.06215793494e-06,-7.1395646728e-07,1.0,-0.0680039748549,-0.0882179886103,0.977156341076
1.06215793494e-06,-7.1395646728e-07,1.0,-0.0689170062542,-0.087223097682,0.977100968361
1.06215793494e-06,-7.1395646728e-07,1.0,-0.0708498805761,-0.0847172886133,0.976826369762
1.06215793494e-06,-7.1395646728e-07,1.0,-0.0717485025525,-0.0835072919726,0.976681411266
1.06215793494e-06,-7.1395646728e-07,1.0,-0.0725743472576,-0.0829016938806,0.976263225079
1.06215793494e-06,-7.1395646728e-07,1.0,-0.0734567120671,-0.0825490131974,0.975768208504
1.06215793494e-06,-7.1395646728e-07,1.0,-0.0741260051727,-0.0821903944016,0.975587785244
1.06215793494e-06,-7.1395646728e-07,1.0,-0.0749578103423,-0.0816071927547,0.975175499916
1.06215793494e-06,-7.1395646728e-07,1.0,-0.0769204124808,-0.0809474885464,0.975413143635
1.06215793494e-06,-7.1395646728e-07,1.0,-0.077545247972,-0.0803823694587,0.974726438522
1.06215793494e-06,-7.1395646728e-07,1.0,-0.077545247972,-0.0803823694587,0.974726438522
1.06215793494e-06,-7.1395646728e-07,1.0,-0.0786143317819,-0.0800049751997,0.975340127945
1.06215793494e-06,-7.1395646728e-07,1.0,-0.0786143317819,-0.0800049751997,0.975340127945
1.06215793494e-06,-7.1395646728e-07,1.0,-0.0789182931185,-0.0795788615942,0.974719703197
1.06215793494e-06,-7.1395646728e-07,1.0,-0.0789182931185,-0.0795788615942,0.974719703197
1.06215793494e-06,-7.1395646728e-07,1.0,-0.0794356763363,-0.0796404033899,0.975302457809
1.06215793494e-06,-7.1395646728e-07,1.0,-0.0809671655297,-0.0783210918307,0.975148022175
1.06215793494e-06,-7.1395646728e-07,1.0,-0.0812206938863,-0.078018553555,0.973808288574
1.06215793494e-06,-7.1395646728e-07,1.0,-0.0817330032587,-0.0779397115111,0.973435223103
1.06215793494e-06,-7.1395646728e-07,1.0,-0.0820287466049,-0.077663294971,0.97245156765
1.06215793494e-06,-7.1395646728e-07,1.0,-0.0825149044394,-0.0777091905475,0.971722006798
1.06215793494e-06,-7.1395646728e-07,1.0,-0.0827451124787,-0.0774771347642,0.971327781677
1.06215793494e-06,-7.1395646728e-07,1.0,-0.0831084400415,-0.0769480317831,0.97055464983
1.06215793494e-06,-7.1395646728e-07,1.0,-0.0833131372929,-0.077083863318,0.970523059368
1.06215793494e-06,-7.1395646728e-07,1.0,-0.0834814757109,-0.0768958106637,0.970397591591
1.06215793494e-06,-7.1395646728e-07,1.0,-0.0839094296098,-0.0770822688937,0.969875097275
1.06215793494e-06,-7.1395646728e-07,1.0,-0.084477327764,-0.0772934034467,0.969457447529
1.06215793494e-06,-7.1395646728e-07,1.0,-0.0847653895617,-0.0771935358644,0.969253718853
1.06215793494e-06,-7.1395646728e-07,1.0,-0.0851718708873,-0.0768295899034,0.968977630138
1.06215793494e-06,-7.1395646728e-07,1.0,-0.0854695439339,-0.0770442411304,0.96880865097
1.06215793494e-06,-7.1395646728e-07,1.0,-0.0859899371862,-0.0763893723488,0.968274474144
1.06215793494e-06,-7.1395646728e-07,1.0,-0.0862077772617,-0.077009357512,0.968243300915
1.06215793494e-06,-7.1395646728e-07,1.0,-0.0865738615394,-0.0768233165145,0.967613279819
1.06215793494e-06,-7.1395646728e-07,1.0,-0.0868024230003,-0.0774675682187,0.968101620674
1.06215793494e-06,-7.1395646728e-07,1.0,-0.0871800705791,-0.0783973038197,0.96722984314
1.06215793494e-06,-7.1395646728e-07,1.0,-0.0874828919768,-0.0784775540233,0.968064904213
1.06215793494e-06,-7.1395646728e-07,1.0,-0.0878865867853,-0.0788912326097,0.968464493752
1.06215793494e-06,-7.1395646728e-07,1.0,-0.0881529152393,-0.0789428278804,0.969185650349
1.06215793494e-06,-7.1395646728e-07,1.0,-0.0883453860879,-0.0785489529371,0.970117032528
1.06215793494e-06,-7.1395646728e-07,1.0,-0.0888458117843,-0.0789173915982,0.970502853394
1.06215793494e-06,-7.1395646728e-07,1.0,-0.0894582569599,-0.0784866139293,0.970811605453
1.06215793494e-06,-7.1395646728e-07,1.0,-0.0897350460291,-0.0793126225471,0.971421897411
1.06215793494e-06,-7.1395646728e-07,1.0,-0.0901047065854,-0.0794826447964,0.972224235535
1.06215793494e-06,-7.1395646728e-07,1.0,-0.0904712229967,-0.0800788104534,0.972445309162
1.06215793494e-06,-7.1395646728e-07,1.0,-0.090858079493,-0.0794981718063,0.972739219666
1.06215793494e-06,-7.1395646728e-07,1.0,-0.0911291763186,-0.0803536400199,0.973610699177
1.06215793494e-06,-7.1395646728e-07,1.0,-0.09121504426,-0.0799579396844,0.974853634834
1.06215793494e-06,-7.1395646728e-07,1.0,-0.0919734239578,-0.0806696042418,0.976749420166
1.06215793494e-06,-7.1395646728e-07,1.0,-0.0924952179193,-0.0816908255219,0.976956784725
1.06215793494e-06,-7.1395646728e-07,1.0,-0.0927016288042,-0.0817856937647,0.978993952274
1.06215793494e-06,-7.1395646728e-07,1.0,-0.0933169126511,-0.0824549868703,0.978117287159
1.06215793494e-06,-7.1395646728e-07,1.0,-0.0934281796217,-0.0829429626465,0.978782951832
1.06215793494e-06,-7.1395646728e-07,1.0,-0.0941103324294,-0.0834955275059,0.978349506855
1.06215793494e-06,-7.1395646728e-07,1.0,-0.0948014110327,-0.0845153108239,0.978515625
1.06215793494e-06,-7.1395646728e-07,1.0,-0.0953484475613,-0.0845578312874,0.97827398777
1.06215793494e-06,-7.1395646728e-07,1.0,-0.0969999581575,-0.0847984924912,0.977608025074
1.06215793494e-06,-7.1395646728e-07,1.0,-0.0977224558592,-0.084254771471,0.977131128311
1.06215793494e-06,-7.1395646728e-07,1.0,-0.0981431305408,-0.0842401459813,0.977380156517
1.06215793494e-06,-7.1395646728e-07,1.0,-0.0986929312348,-0.0842281505466,0.977713167667
1.06215793494e-06,-7.1395646728e-07,1.0,-0.099590651691,-0.0841606780887,0.977476298809
1.06215793494e-06,-7.1395646728e-07,1.0,-0.100692525506,-0.0840452536941,0.977155745029
1.06215793494e-06,-7.1395646728e-07,1.0,-0.101237170398,-0.0837559178472,0.977307498455
1.06215793494e-06,-7.1395646728e-07,1.0,-0.102035097778,-0.0833325907588,0.977092146873
1.06215793494e-06,-7.1395646728e-07,1.0,-0.102619975805,-0.0831593126059,0.977509498596
1.06215793494e-06,-7.1395646728e-07,1.0,-0.103425174952,-0.083151973784,0.977642714977
1.06215793494e-06,-7.1395646728e-07,1.0,-0.104167789221,-0.0825347527862,0.977959930897
1.06215793494e-06,-7.1395646728e-07,1.0,-0.105244919658,-0.0821461454034,0.978251516819
1.06215793494e-06,-7.1395646728e-07,1.0,-0.105846256018,-0.0812823697925,0.97829580307
1.06215793494e-06,-7.1395646728e-07,1.0,-0.106726169586,-0.0801921486855,0.978728830814
1.06215793494e-06,-7.1395646728e-07,1.0,-0.107375606894,-0.0794621109962,0.978709042072
1.06215793494e-06,-7.1395646728e-07,1.0,-0.108099497855,-0.0777344703674,0.978996217251
1.06215793494e-06,-7.1395646728e-07,1.0,-0.108743473887,-0.0773210525513,0.979066371918
1.06215793494e-06,-7.1395646728e-07,1.0,-0.109486453235,-0.0754544436932,0.979479849339
1.06215793494e-06,-7.1395646728e-07,1.0,-0.110214009881,-0.0753573104739,0.979589283466
1.06215793494e-06,-7.1395646728e-07,0.999999284744,-0.111692987382,-0.0738735795021,0.980319201946
1.06215793494e-06,-7.1395646728e-07,0.999860167503,-0.115042179823,-0.0700389072299,0.980561554432
1.06215793494e-06,-7.1395646728e-07,0.99979352951,-0.115587882698,-0.0700196400285,0.980499565601
1.06215793494e-06,-7.1395646728e-07,0.999454259872,-0.116950981319,-0.0680696591735,0.979445576668
1.06215793494e-06,-7.1395646728e-07,0.999073445797,-0.117726176977,-0.0667061731219,0.979505956173
1.06215793494e-06,-7.1395646728e-07,0.998824179173,-0.118029385805,-0.0660427138209,0.979370176792
1.06215793494e-06,-7.1395646728e-07,0.998186171055,-0.118777215481,-0.0646353513002,0.978973448277
1.06215793494e-06,-7.1395646728e-07,0.997788131237,-0.119186475873,-0.0642116367817,0.978374123573
1.06215793494e-06,-7.1395646728e-07,0.996811211109,-0.119829788804,-0.0624064952135,0.977903842926
1.06215793494e-06,-7.1395646728e-07,0.994822263718,-0.120671235025,-0.060279186815,0.977149486542
1.06215793494e-06,-7.1395646728e-07,0.99400049448,-0.121139593422,-0.0595803819597,0.976364433765
1.06215793494e-06,-7.1395646728e-07,0.992090702057,-0.121481359005,-0.0579161532223,0.975405395031
1.06215793494e-06,-7.1395646728e-07,0.990993559361,-0.121535994112,-0.0569585897028,0.975335896015
1.06215793494e-06,-7.1395646728e-07,0.988490998745,-0.121852234006,-0.0556795597076,0.97362947464
1.06215793494e-06,-7.1395646728e-07,0.987076759338,-0.121892392635,-0.0547296181321,0.973165810108
1.06215793494e-06,-7.1395646728e-07,0.983900725842,-0.12199562788,-0.0536405295134,0.970723927021
1.06215793494e-06,-7.1395646728e-07,0.982130527496,-0.121734797955,-0.0533109456301,0.97055208683
1.06215793494e-06,-7.1395646728e-07,0.978205382824,-0.122035235167,-0.0520250983536,0.96643102169
1.06215793494e-06,-7.1395646728e-07,0.976043105125,-0.122022092342,-0.0515386722982,0.965065121651
1.06215793494e-06,-7.1395646728e-07,0.971300005913,-0.121913701296,-0.0502396412194,0.960801184177
1.06215793494e-06,-7.1395646728e-07,0.968713223934,-0.121921770275,-0.0495426692069,0.958572030067
1.06215793494e-06,-7.1395646728e-07,0.963092923164,-0.121628165245,-0.0484939143062,0.95345813036
1.06215793494e-06,-7.1395646728e-07,0.960053563118,-0.121452882886,-0.048040356487,0.950715124607
1.06215793494e-06,-7.1395646728e-07,0.953502774239,-0.121089018881,-0.0471799224615,0.944916248322
1.06215793494e-06,-7.1395646728e-07,0.94998729229,-0.121031939983,-0.0467521809042,0.941887378693
1.06215793494e-06,-7.1395646728e-07,0.942464530468,-0.120337150991,-0.0457195341587,0.935145378113
1.06215793494e-06,-7.1395646728e-07,0.938454568386,-0.120074726641,-0.0451382659376,0.931659281254
1.06215793494e-06,-7.1395646728e-07,0.929929256439,-0.119221650064,-0.0442602820694,0.923804163933
1.06215793494e-06,-7.1395646728e-07,0.925411701202,-0.118676953018,-0.0437307171524,0.919687509537
1.06215793494e-06,-7.1395646728e-07,0.915861666203,-0.118006668985,-0.0431012324989,0.910812139511
1.06215793494e-06,-7.1395646728e-07,0.910829007626,-0.117492541671,-0.0427974909544,0.906378626823
1.06215793494e-06,-7.1395646728e-07,0.900246620178,-0.116788983345,-0.041924353689,0.896371841431
1.06215793494e-06,-7.1395646728e-07,0.894697129726,-0.116377130151,-0.041656780988,0.891129016876
1.06215793494e-06,-7.1395646728e-07,0.883082270622,-0.115436941385,-0.0406243726611,0.880087554455
1.06215793494e-06,-7.1395646728e-07,0.877020835876,-0.115096323192,-0.0397715345025,0.874023139477
1.06215793494e-06,-7.1395646728e-07,0.864389240742,-0.11396034807,-0.0393803939223,0.862353444099
1.06215793494e-06,-7.1395646728e-07,0.857822954655,-0.113597780466,-0.0384974256158,0.85588145256
1.06215793494e-06,-7.1395646728e-07,0.844196438789,-0.112372614443,-0.0378748774529,0.843355417252
1.06215793494e-06,-7.1395646728e-07,0.837141394615,-0.111863419414,-0.0366948321462,0.837001025677
1.06215793494e-06,-7.1395646728e-07,0.822557926178,-0.110835008323,-0.0367088653147,0.82271617651
1.06215793494e-06,-7.1395646728e-07,0.8150344491,-0.110433064401,-0.0362372100353,0.815731525421
1.06215793494e-06,-7.1395646728e-07,0.775213778019,-0.107773281634,-0.0360607430339,0.776748001575
1.06215793494e-06,-7.1395646728e-07,0.766834139824,-0.107231974602,-0.0360176004469,0.768140614033
1.06215793494e-06,-7.1395646728e-07,0.749688565731,-0.106207109988,-0.0358769521117,0.751427352428
1.06215793494e-06,-7.1395646728e-07,0.740928947926,-0.105535745621,-0.0355948582292,0.742353916168
1.06215793494e-06,-7.1395646728e-07,0.723064422607,-0.104519695044,-0.0351536907256,0.724839627743
1.06215793494e-06,-7.1395646728e-07,0.713966727257,-0.103857003152,-0.0347803421319,0.715385496616
1.06215782125e-06,-7.1395646728e-07,0.686067402363,-0.101933404803,-0.0350465849042,0.687392830849
1.06215782125e-06,-7.1395646728e-07,0.66701477766,-0.101287633181,-0.034666787833,0.669080555439
1.06215782125e-06,-7.1395646728e-07,0.657367706299,-0.100593097508,-0.0349025130272,0.659364163876
1.06215782125e-06,-7.1395646728e-07,0.637856781483,-0.100044853985,-0.0347973071039,0.638020455837
1.06215782125e-06,-7.1395646728e-07,0.628005743027,-0.0997056812048,-0.03460540995,0.631216943264
1.06215782125e-06,-7.1395646728e-07,0.608132958412,-0.0988706424832,-0.0340589769185,0.608981013298
1.06215782125e-06,-7.1395646728e-07,0.578009486198,-0.0982064157724,-0.033718097955,0.57941609621
1.06215782125e-06,-7.1395646728e-07,0.547629833221,-0.0971491411328,-0.0324798375368,0.548627316952
1.06215782125e-06,-7.1395646728e-07,0.537474751472,-0.0968703404069,-0.0325006693602,0.541531324387
1.06215782125e-06,-7.1395646728e-07,0.517153322697,-0.0963895842433,-0.0326538905501,0.51750856638
1.06215782125e-06,-7.1395646728e-07,0.507004976273,-0.0961557179689,-0.0326844975352,0.509358227253
1.06215770757e-06,-7.1395646728e-07,0.486748546362,-0.0952886343002,-0.0318330638111,0.485652953386
1.06215770757e-06,-7.1395646728e-07,0.476656317711,-0.0951800942421,-0.0314685888588,0.477514714003
1.06215770757e-06,-7.1395646728e-07,0.456571102142,-0.0946447849274,-0.0311707146466,0.453508168459
1.06215770757e-06,-7.1395646728e-07,0.446589887142,-0.0944998189807,-0.0311667602509,0.446458131075
1.06215770757e-06,-7.1395646728e-07,0.426776736975,-0.0941069200635,-0.0311788320541,0.421814650297
