0.0,0.0,0.0,0.0301782283932,-0.0536773577332,0.140935406089
0.0,0.0,0.0,0.0301730223,-0.0536763928831,0.143558785319
0.0,0.0,0.0,0.0301729980856,-0.0536807142198,0.143428087234
0.0,0.0,0.0,0.0301729179919,-0.0536826662719,0.141088590026
0.0,0.0,0.0,0.0301725268364,-0.0536840260029,0.137498348951
0.0,0.0,0.0,0.0301759876311,-0.0536826886237,0.143344447017
0.0,0.0,0.0,0.0301754176617,-0.0536785162985,0.143364071846
0.0,0.0,0.0,0.030171232298,-0.053668603301,0.141030997038
0.0,0.0,0.0,0.0301703941077,-0.0536668151617,0.13743892312
0.0,0.0,0.0,0.0301747173071,-0.0536593571305,0.143291518092
0.0,0.0,0.0,0.0301782358438,-0.0536585077643,0.143610373139
0.0,0.0,0.0,0.0301798544824,-0.0536579787731,0.143471330404
0.0,0.0,0.0,0.0301789715886,-0.0536819584668,0.141481727362
0.0,0.0,0.0,0.030177295208,-0.0536901541054,0.133670195937
0.0,0.0,0.0,0.0301764570177,-0.0536942519248,0.128292918205
0.0,0.0,0.0,0.0301696304232,-0.0536781139672,0.13844487071
0.0,0.0,0.0,0.0301734860986,-0.05366788432,0.143727660179
0.0,0.0,0.0,0.0301813874394,-0.053663007915,0.14371471107
0.0,0.0,0.0,0.0301860067993,-0.0536597669125,0.137283876538
0.0,0.0,0.0,0.0301883164793,-0.0536581464112,0.132596969604
0.0,0.0,0.0,0.0301861520857,-0.0536572113633,0.13846540451
0.0,0.0,0.0,0.0301871486008,-0.053656000644,0.134446337819
0.0,0.0,0.0,0.0301780179143,-0.0536583960056,0.139146879315
0.0,0.0,0.0,0.0301780253649,-0.0536544620991,0.143977567554
0.0,0.0,0.0,0.0301777645946,-0.053651034832,0.137727320194
0.0,0.0,0.0,0.0301795601845,-0.0536547899246,0.143579185009
0.0,0.0,0.0,0.0301775913686,-0.053658336401,0.141243860126
0.0,0.0,0.0,0.0301779173315,-0.0536622554064,0.14260828495
0.0,0.0,0.0,0.0301776006818,-0.0536657199264,0.13566955924
0.0,0.0,0.0,0.0301792658865,-0.0536601021886,0.143865585327
0.0,0.0,0.0,0.0301777757704,-0.0536573454738,0.13775703311
0.0,0.0,0.0,0.0301776286215,-0.0536637157202,0.143358290195
0.0,0.0,0.0,0.0301761757582,-0.0536662116647,0.137057974935
0.0,0.0,0.0,0.0301773827523,-0.0536573380232,0.143406435847
0.0,0.0,0.0,0.030172938481,-0.05365473032,0.141516521573
0.0,0.0,0.0,0.0301701892167,-0.0536519140005,0.143921360373
0.0,0.0,0.0,0.0301670785993,-0.053647518158,0.137829959393
0.0,0.0,0.0,0.0301706790924,-0.0536478236318,0.143428951502
0.0,0.0,0.0,0.0301717035472,-0.0536461099982,0.137137487531
0.0,0.0,0.0,0.0301705244929,-0.0536560490727,0.143446981907
0.0,0.0,0.0,0.0302018523216,-0.0536584965885,0.142773270607
0.0,0.0,0.0,0.0302195101976,-0.0536621622741,0.141254216433
0.0,0.0,0.0,0.0302035976201,-0.0536694414914,0.141838297248
0.0,0.0,0.0,0.0301964394748,-0.0536698997021,0.134461790323
0.0,0.0,0.0,0.0301737487316,-0.0536569580436,0.14286570251
0.0,0.0,0.0,0.0302281249315,-0.0536686778069,0.141910523176
0.0,0.0,0.0,0.0302332751453,-0.0536667779088,0.138575583696
0.0,0.0,0.0,0.0302327759564,-0.0536646880209,0.140851259232
0.0,0.0,0.0,0.0302363149822,-0.0536628440022,0.137251406908
0.0,0.0,0.0,0.0302433930337,-0.0536591559649,0.127108693123
0.0,0.0,0.0,0.0302469320595,-0.0536573119462,0.120565839112
0.0,0.0,0.0,0.0302504710853,-0.0536554679275,0.113041982055
0.0,0.0,0.0,0.0301972180605,-0.0536706335843,0.141174092889
0.0,0.0,0.0,0.0301920678467,-0.0536714531481,0.137889459729
0.0,0.0,0.0,0.0302127022296,-0.0536718182266,0.139200225472
0.0,0.0,0.0,0.0302239097655,-0.053667742759,0.139502078295
0.0,0.0,0.0,0.030192265287,-0.0536759570241,0.131873428822
0.0,0.0,0.0,0.0301859136671,-0.0536780059338,0.119581952691
0.0,0.0,0.0,0.0301786419004,-0.0536788515747,0.139291241765
0.0,0.0,0.0,0.0301783904433,-0.0536799915135,0.141593649983
0.0,0.0,0.0,0.0301787126809,-0.0536754243076,0.142438784242
0.0,0.0,0.0,0.0301774740219,-0.0536745302379,0.139182329178
0.0,0.0,0.0,0.0301773436368,-0.0536719411612,0.140633270144
0.0,0.0,0.0,0.0301743559539,-0.0536681301892,0.142559885979
0.0,0.0,0.0,0.0301698297262,-0.0536627657712,0.130430191755
0.0,0.0,0.0,0.0301683209836,-0.0536609776318,0.12442497164
0.0,0.0,0.0,0.0301668122411,-0.0536591894925,0.117438741028
0.0,0.0,0.0,0.0301653034985,-0.0536574013531,0.109471514821
0.0,0.0,0.0,0.0301748625934,-0.0536614432931,0.143257170916
0.0,0.0,0.0,0.0301744714379,-0.0536595247686,0.140346184373
0.0,0.0,0.0,0.0301740802824,-0.0536576062441,0.136454194784
0.0,0.0,0.0,0.0301732979715,-0.0536537691951,0.125727191567
0.0,0.0,0.0,0.03020603396,-0.0536678507924,0.1407943964
0.0,0.0,0.0,0.0302117336541,-0.0536689311266,0.137269005179
0.0,0.0,0.0,0.0302174333483,-0.0536700114608,0.132762625813
0.0,0.0,0.0,0.0302231330425,-0.053671091795,0.1272752285
0.0,0.0,0.0,0.0301908869296,-0.0536806248128,0.140383630991
0.0,0.0,0.0,0.0301890242845,-0.053683064878,0.136670336127
0.0,0.0,0.0,0.0301784425974,-0.0536820888519,0.141756817698
0.0,0.0,0.0,0.0301749315113,-0.0536834485829,0.138372063637
0.0,0.0,0.0,0.0301714204252,-0.0536848083138,0.134006306529
0.0,0.0,0.0,0.0301727298647,-0.0536793097854,0.142114445567
0.0,0.0,0.0,0.0301706623286,-0.0536790676415,0.139023676515
0.0,0.0,0.0,0.0301722940058,-0.0536702275276,0.141714304686
0.0,0.0,0.0,0.0301728621125,-0.0536688938737,0.143317013979
0.0,0.0,0.0,0.0301722940058,-0.0536670871079,0.140508964658
0.0,0.0,0.0,0.030171725899,-0.0536652803421,0.136719927192
0.0,0.0,0.0,0.0301711577922,-0.0536634735763,0.13194988668
0.0,0.0,0.0,0.0301751643419,-0.0536718480289,0.142567440867
0.0301716662943,-0.0536619462073,0.143766731024,0.0301706884056,-0.0536610633135,0.143314391375
0.0301716662943,-0.0536619462073,0.143766760826,0.0301732905209,-0.0536567047238,0.142825901508
0.0301716662943,-0.0536619462073,0.143767103553,0.0301762316376,-0.0536550506949,0.142684325576
0.0301716662943,-0.0536619462073,0.143768444657,0.0301745459437,-0.0536521263421,0.139538437128
0.0301716662943,-0.0536619462073,0.143771767616,0.0301761180162,-0.0536530055106,0.140962362289
0.0301716662943,-0.0536619462073,0.143778607249,0.0301756970584,-0.0536573380232,0.142197698355
0.0301716662943,-0.0536619462073,0.143790572882,0.0301766991615,-0.0536613799632,0.142978936434
0.0301716662943,-0.0536619462073,0.143809571862,0.0301761198789,-0.0536689274013,0.142596930265
0.0301716662943,-0.0536619462073,0.143838211894,0.030174260959,-0.0536740757525,0.142800912261
0.0301716662943,-0.0536619462073,0.143878906965,0.0301878228784,-0.053676456213,0.1431658566
0.0301716662943,-0.0536619462073,0.143934488297,0.0301924888045,-0.053679510951,0.140371859074
0.0301716662943,-0.0536619462073,0.144007876515,0.030190942809,-0.053680408746,0.141977608204
0.0301716662943,-0.0536619462073,0.144102543592,0.0301931221038,-0.0536827370524,0.138820946217
0.0301716662943,-0.0536619462073,0.144222006202,0.0301953013986,-0.0536850653589,0.134683281183
0.0301716662943,-0.0536619462073,0.144370645285,0.0301829855889,-0.0536789298058,0.140913486481
0.0301716662943,-0.0536619462073,0.144550308585,0.0301816351712,-0.0536792464554,0.13755685091
0.0301716662943,-0.0536619462073,0.144763812423,0.0301783774048,-0.0536746159196,0.140769973397
0.0301716662943,-0.0536619462073,0.145022168756,0.0301778931171,-0.0536740832031,0.142366200686
0.0301716662943,-0.0536619462073,0.145319774747,0.0301739908755,-0.0536768957973,0.143160656095
0.0301716662943,-0.0536619462073,0.145664319396,0.030171411112,-0.0536763928831,0.142728030682
0.0301716662943,-0.0536619462073,0.146522521973,0.0301705598831,-0.0536808483303,0.143188714981
0.0301716662943,-0.0536619462073,0.147035449743,0.0301764663309,-0.0536768771708,0.142661303282
0.0301716662943,-0.0536619462073,0.14826823771,0.030174843967,-0.0536698438227,0.143140047789
0.0301716662943,-0.0536619462073,0.148992344737,0.0301750767976,-0.0536671057343,0.140348866582
0.0301716662943,-0.0536619462073,0.150686606765,0.0301745440811,-0.0536411367357,0.139001220465
0.0301716662943,-0.0536619462073,0.151653423905,0.0300715286285,-0.0535486899316,0.14148299396
0.0301716662943,-0.0536619462073,0.15272551775,0.0300047360361,-0.0534911938012,0.143409624696
0.0301716662943,-0.0536619462073,0.155130341649,0.0297359935939,-0.0534793995321,0.144783556461
0.0301716662943,-0.0536619462073,0.15650087595,0.02951519005,-0.053591568023,0.148300096393
0.0301716662943,-0.0536619462073,0.157961174846,0.0292458441108,-0.0537704639137,0.151986479759
0.0301716662943,-0.0536619462073,0.159534931183,0.0286369398236,-0.0541831068695,0.157851189375
0.0301716662943,-0.0536619462073,0.161241471767,0.0282039865851,-0.054451148957,0.162088900805
0.0301716662943,-0.0536619462073,0.163039088249,0.0276316553354,-0.0548406168818,0.167356982827
0.0301716662943,-0.0536619462073,0.167024582624,0.0257177352905,-0.0561907887459,0.179887622595
0.0301716662943,-0.0536619462073,0.169210061431,0.0249944329262,-0.0566886365414,0.182077273726
0.0301716662943,-0.0536619462073,0.171524882317,0.0242711305618,-0.0571864843369,0.183285906911
0.0301716662943,-0.0536619462073,0.173991054296,0.0235478281975,-0.0576843321323,0.18351355195
0.0301716662943,-0.0536619462073,0.176562935114,0.0228245258331,-0.0581821799278,0.182760193944
0.0301716662943,-0.0536619462073,0.179285496473,0.0185686051846,-0.062356647104,0.226839482784
0.0301716662943,-0.0536619462073,0.182151734829,0.0166903790087,-0.0639693364501,0.240120127797
0.0301716662943,-0.0536619462073,0.188320457935,0.0118129942566,-0.0683724656701,0.270530551672
0.0301716662943,-0.0536619462073,0.195081114769,0.00819666683674,-0.0719417929649,0.292367875576
0.0301716662943,-0.0536619462073,0.198686212301,0.00468499027193,-0.0752873420715,0.312205463648
0.0301716662943,-0.0536619462073,0.20636151731,0.000664658320602,-0.0792574137449,0.3337007761
0.0301716662943,-0.0536619462073,0.210424795747,-0.00157049181871,-0.0814075022936,0.343167722225
0.0301716662943,-0.0536619462073,0.219031840563,-0.00530057959259,-0.0863540247083,0.374031603336
0.0301716662943,-0.0536619462073,0.223566949368,-0.00813308916986,-0.0900687351823,0.392975568771
0.0301716662943,-0.0536619462073,0.233107969165,-0.0121315810829,-0.09513451159,0.416168630123
0.0301716662943,-0.0536619462073,0.238117709756,-0.0141678759828,-0.0983086526394,0.431961864233
0.0301716662943,-0.0536619462073,0.254072368145,-0.0187829360366,-0.105806328356,0.464670330286
0.0301716662943,-0.0536619462073,0.259740144014,-0.020461210981,-0.109223611653,0.480097919703
0.0301716662943,-0.0536619462073,0.27755638957,-0.02421807684,-0.118096590042,0.515928506851
0.0301716662943,-0.0536619462073,0.290122270584,-0.0260865688324,-0.125539645553,0.545704841614
0.0301716662943,-0.0536619462073,0.296703666449,-0.0264380648732,-0.128061756492,0.555558085442
0.0301716662943,-0.0536619462073,0.310130178928,-0.0273946411908,-0.135358199477,0.581885516644
0.0301716662943,-0.0536619462073,0.317126005888,-0.0281225908548,-0.139008760452,0.5926861763
0.0301716662943,-0.0536619462073,0.338776558638,-0.0270451754332,-0.146813601255,0.623076438904
0.0301716662943,-0.0536619462073,0.353796124458,-0.0254465863109,-0.153340578079,0.646648526192
0.0301716662943,-0.0536619462073,0.385357528925,-0.0211390610784,-0.16478523612,0.685264110565
0.0301716662943,-0.0536619462073,0.401819586754,-0.0183618236333,-0.168598666787,0.699155986309
0.0301716662943,-0.0536619462073,0.410132795572,-0.0149643067271,-0.171204015613,0.713616132736
0.0301716662943,-0.053661942482,0.435726553202,-0.00962445139885,-0.176710888743,0.734094798565
0.0301716662943,-0.053661942482,0.453236430883,-0.00614622002468,-0.180865630507,0.742765843868
0.0301716662943,-0.053661942482,0.46201479435,0.000268161064014,-0.182880833745,0.766532838345
0.0301716662943,-0.053661942482,0.488880485296,0.00848724879324,-0.187781870365,0.786366045475
0.0301716662943,-0.053661942482,0.507092237473,0.0150009086356,-0.18933300674,0.804483473301
0.0301716662943,-0.053661942482,0.516179978848,0.0201123114675,-0.189143225551,0.820292651653
0.0301716662943,-0.053661942482,0.54377913475,0.0310944542289,-0.189869940281,0.848195254803
0.0301716662943,-0.053661942482,0.562253057957,0.0377820730209,-0.190071091056,0.862627804279
0.0301716662943,-0.053661942482,0.590010523796,0.0482011437416,-0.18853752315,0.889279782772
0.0301716662943,-0.0536619387567,0.617672681808,0.0582957044244,-0.185147583485,0.91920286417
0.0301716662943,-0.0536619387567,0.62690103054,0.0602994933724,-0.184105098248,0.926127493382
0.0301716662943,-0.0536619387567,0.645087122917,0.0669294893742,-0.181025445461,0.94584196806
0.0301716662943,-0.0536619387567,0.654209673405,0.0686147138476,-0.179497644305,0.95409154892
0.0301716662943,-0.0536619387567,0.672111272812,0.0741592124104,-0.177063688636,0.963878929615
0.0301716662943,-0.0536619387567,0.681087911129,0.0772202014923,-0.172730997205,0.988996982574
0.0301716662943,-0.0536619350314,0.698647975922,0.0808073207736,-0.168738633394,1.00704503059
0.0301716662943,-0.0536619350314,0.707405507565,0.0821622610092,-0.165231704712,1.02502441406
0.030171668157,-0.0536619350314,0.724489092827,0.0866694897413,-0.160151451826,1.04300224781
0.030171668157,-0.0536619350314,0.733017802238,0.0858906805515,-0.156921356916,1.05990374088
0.030171668157,-0.0536619350314,0.749569356441,0.087551780045,-0.151918485761,1.0785702467
0.030171668157,-0.0536619313061,0.757745623589,0.0869459882379,-0.149109378457,1.09240603447
0.030171668157,-0.0536619313061,0.773744881153,0.0884781256318,-0.143064722419,1.11164414883
0.030171668157,-0.0536619313061,0.781602323055,0.0870800092816,-0.141051575541,1.12328147888
0.030171668157,-0.0536619275808,0.804423451424,0.0852701589465,-0.134945183992,1.14667403698
0.030171668157,-0.0536619275808,0.818994045258,0.08278003335,-0.129810318351,1.16754901409
0.030171668157,-0.0536619275808,0.826136827469,0.082115739584,-0.127284273505,1.1740796566
0.030171668157,-0.0536619238555,0.839914560318,0.0783780515194,-0.122965037823,1.19525396824
0.030171668157,-0.0536619238555,0.846604943275,0.0744780525565,-0.120405890048,1.21157026291
0.030171668157,-0.0536619238555,0.859488785267,0.07079385221,-0.116463728249,1.22709619999
0.030171668157,-0.0536619201303,0.865786850452,0.0677938014269,-0.114335790277,1.23900854588
0.030171668157,-0.0536619201303,0.877791702747,0.0634951516986,-0.111449144781,1.2531580925
0.0301716700196,-0.0536619126797,0.910247683525,0.0453911088407,-0.104276515543,1.30422687531
0.0301716700196,-0.0536619126797,0.915139973164,0.040526278317,-0.103709876537,1.31828629971
0.0301716700196,-0.0536619089544,0.928784787655,0.0299608409405,-0.102283217013,1.34290099144
0.0301716700196,-0.0536619052291,0.937063217163,0.0235886331648,-0.101597353816,1.35481393337
0.0301716700196,-0.0536619015038,0.941024363041,0.0196464899927,-0.101729281247,1.36385190487
0.0301716700196,-0.0536618977785,0.948380112648,0.0139291528612,-0.101847626269,1.37391841412
0.0301716700196,-0.0536618977785,0.951878547668,0.0114765921608,-0.102232187986,1.37940180302
0.0301716718823,-0.0536618940532,0.958336293697,0.00541466008872,-0.102197393775,1.38446235657
0.0301716718823,-0.0536618940532,0.961381852627,0.0010106980335,-0.103994853795,1.3986749649
0.0301716718823,-0.0536618866026,0.96959155798,-0.00805123336613,-0.106947883964,1.41706836224
0.0301716718823,-0.0536618828773,0.974363207817,-0.0137036656961,-0.108700722456,1.4242682457
0.0301716718823,-0.0536618791521,0.976570665836,-0.0168035868555,-0.110455498099,1.43141186237
0.0301716737449,-0.0536618754268,0.98056781292,-0.0218816604465,-0.112709611654,1.43738150597
0.0301716737449,-0.0536618642509,0.98716378212,-0.0294212140143,-0.118051752448,1.44992148876
0.0301716756076,-0.0536618605256,0.98978894949,-0.0334715992212,-0.121562741697,1.45445549488
0.0301716756076,-0.053661853075,0.992072999477,-0.0363860540092,-0.125660330057,1.46121549606
0.0301716756076,-0.053661853075,0.993007361889,-0.038127720356,-0.127386406064,1.46105694771
0.0301716774702,-0.0536618456244,0.99474465847,-0.0399442613125,-0.130761399865,1.46431851387
0.0301716774702,-0.0536618344486,0.99670958519,-0.0425423756242,-0.136403530836,1.46503376961
0.0301716793329,-0.0536618307233,0.997206270695,-0.0435373820364,-0.138255596161,1.46293962002
0.0301716793329,-0.0536618195474,0.998423099518,-0.0446045361459,-0.142821252346,1.45760035515
0.0301716811955,-0.0536618120968,0.998995661736,-0.042760591954,-0.147769421339,1.46182894707
0.0301716811955,-0.0536618083715,0.999201059341,-0.0427963361144,-0.149806112051,1.45832753181
0.0301716830581,-0.053661800921,0.999534726143,-0.0414832532406,-0.15390431881,1.45411527157
0.0301716830581,-0.0536617971957,0.999656975269,-0.0408046245575,-0.155209943652,1.45259582996
0.0301716849208,-0.0536617860198,0.999828577042,-0.0384026765823,-0.159024357796,1.44678246975
0.0301716849208,-0.0536617822945,0.999886274338,-0.0375295057893,-0.161095693707,1.4409173727
0.0301716867834,-0.0536617748439,0.999955832958,-0.0354985110462,-0.163154304028,1.43640196323
0.0301716867834,-0.0536617673934,0.999976396561,-0.0345816612244,-0.164795964956,1.42977643013
0.0301716886461,-0.0536617562175,0.999997258186,-0.0287621282041,-0.167763754725,1.42870557308
0.0301716905087,-0.0536617524922,1.00000071526,-0.0268952362239,-0.169559419155,1.42169559002
0.0301716905087,-0.0536617413163,1.0000026226,-0.0219108685851,-0.171500518918,1.41858720779
0.0301716923714,-0.0536617338657,1.00000095367,-0.0195812862366,-0.173109024763,1.41122972965
0.0301716923714,-0.0536617338657,1.00000035763,-0.0149221215397,-0.176326036453,1.39357185364
0.0301716923714,-0.0536617338657,1.00000035763,-0.0135873341933,-0.175084456801,1.40543687344
0.0301716923714,-0.0536617338657,1.00000035763,-0.00766185997054,-0.176207095385,1.40166163445
0.0301716923714,-0.0536617338657,1.00000035763,-0.000294569210382,-0.177577331662,1.39346718788
0.0301716923714,-0.0536617338657,1.00000035763,0.00144417700358,-0.177558735013,1.39399123192
0.0301716923714,-0.0536617338657,1.00000035763,0.00566642777994,-0.178016632795,1.38871753216
0.0301716923714,-0.0536617338657,1.00000035763,0.00848632398993,-0.17799808085,1.38974702358
0.0301716923714,-0.0536617338657,1.00000035763,0.0144576467574,-0.177981987596,1.3878865242
0.0301716923714,-0.0536617338657,1.00000035763,0.0161282345653,-0.17790107429,1.38757371902
0.0301716923714,-0.0536617338657,1.00000035763,0.0201866496354,-0.177808821201,1.38298034668
0.0301716923714,-0.0536617338657,1.00000035763,0.0271561332047,-0.177322924137,1.3742171526
0.0301716923714,-0.0536617338657,1.00000035763,0.0282192584127,-0.176460638642,1.38071322441
0.0301716923714,-0.0536617338657,1.00000035763,0.0319003872573,-0.17550997436,1.38126528263
0.0301716923714,-0.0536617338657,1.00000035763,0.0329843461514,-0.175014331937,1.38087582588
0.0301716923714,-0.0536617338657,1.00000035763,0.0352481864393,-0.174309015274,1.37734246254
0.0301716923714,-0.0536617338657,1.00000035763,0.0385985486209,-0.172510042787,1.37797474861
0.0301716923714,-0.0536617338657,1.00000035763,0.0390540808439,-0.171979919076,1.37763500214
0.0301716923714,-0.0536617338657,1.00000035763,0.0404335260391,-0.170605137944,1.37611544132
0.0301716923714,-0.0536617338657,1.00000035763,0.0413899943233,-0.169986516237,1.37201881409
0.0301716923714,-0.0536617338657,1.00000035763,0.0410879254341,-0.168838858604,1.37337374687
0.0301716923714,-0.0536617338657,1.00000035763,0.0407806970179,-0.168488711119,1.37337839603
0.0301716923714,-0.0536617338657,1.00000035763,0.0401788242161,-0.167413413525,1.37186741829
0.0301716923714,-0.0536617338657,1.00000035763,0.0397880449891,-0.16709060967,1.37132906914
0.0301716923714,-0.0536617338657,1.00000035763,0.039272878319,-0.166372612119,1.36729931831
0.0301716923714,-0.0536617338657,1.00000035763,0.0383092351258,-0.165970891714,1.3682667017
0.0301716923714,-0.0536617338657,1.00000035763,0.0361806750298,-0.165164366364,1.36744499207
0.0301716923714,-0.0536617338657,1.00000035763,0.0329680591822,-0.164193108678,1.36340546608
0.0301716923714,-0.0536617338657,1.00000035763,0.0318801663816,-0.164074376225,1.36379826069
0.0301716923714,-0.0536617338657,1.00000035763,0.0285770799965,-0.163698062301,1.36202669144
0.0301716923714,-0.0536617338657,1.00000035763,0.0272050555795,-0.163440272212,1.3576374054
0.0301716923714,-0.0536617338657,1.00000035763,0.0240399967879,-0.163309916854,1.35662591457
0.0301716923714,-0.0536617338657,1.00000035763,0.0228417720646,-0.16337890923,1.35835325718
0.0,0.0,1.0,0.0174118950963,-0.163374826312,1.35379588604
0.0,0.0,1.0,0.0113493874669,-0.163933083415,1.35482478142
0.0,0.0,1.0,0.00986601412296,-0.164093106985,1.35464084148
0.0,0.0,1.0,0.00527323363349,-0.164645418525,1.35331451893
0.0,0.0,1.0,0.0038239073474,-0.164849847555,1.35316860676
0.0,0.0,1.0,-0.000455761211924,-0.165457040071,1.35032773018
0.0,0.0,1.0,-0.0025390079245,-0.165716096759,1.3461073637
0.0,0.0,1.0,-0.00631820969284,-0.166430339217,1.35017156601
0.0,0.0,1.0,-0.00741912191734,-0.166643410921,1.3505449295
0.0,0.0,1.0,-0.0154718272388,-0.167969107628,1.33116173744
0.0,0.0,1.0,-0.0165455900133,-0.168125316501,1.34549736977
0.0,0.0,1.0,-0.0198163948953,-0.168581783772,1.34669661522
0.0,0.0,1.0,-0.0250751730055,-0.169356718659,1.33205187321
0.0,0.0,1.0,-0.0244357753545,-0.169221013784,1.34318804741
0.0,0.0,1.0,-0.0265065785497,-0.169180050492,1.34560453892
0.0,0.0,1.0,-0.0276965685189,-0.169046700001,1.34575653076
0.0,0.0,1.0,-0.0285391826183,-0.169038504362,1.34249663353
0.0,0.0,1.0,-0.0290080774575,-0.168132156134,1.34385740757
0.0,0.0,1.0,-0.0292803496122,-0.167993575335,1.34003937244
0.0,0.0,1.0,-0.0282355006784,-0.166880726814,1.34504055977
0.0,0.0,1.0,-0.0281714349985,-0.166533231735,1.34161055088
0.0,0.0,1.0,-0.026811093092,-0.165485024452,1.34438109398
0.0,0.0,1.0,-0.0264501869678,-0.165024355054,1.3408176899
0.0,0.0,1.0,-0.0257283747196,-0.164103016257,1.330747962
0.0,0.0,1.0,-0.024462569505,-0.163471341133,1.34099721909
0.0,0.0,1.0,-0.0231402181089,-0.162524834275,1.33995640278
0.0,0.0,1.0,-0.0225755386055,-0.162048816681,1.335678339
0.0,0.0,1.0,-0.0198072195053,-0.160085767508,1.33817887306
0.0,0.0,1.0,-0.0186290796846,-0.159276276827,1.33983850479
0.0,0.0,1.0,-0.0167835149914,-0.15789732337,1.33128762245
0.0,0.0,1.0,-0.0151070328429,-0.156734675169,1.33737194538
0.0,0.0,1.0,-0.0112670930102,-0.153995111585,1.33796584606
0.0,0.0,1.0,-0.00814626831561,-0.151666402817,1.33883881569
0.0,0.0,1.0,-0.00705113308504,-0.150815695524,1.33908128738
0.0,0.0,1.0,-0.00419189361855,-0.148539960384,1.33889496326
0.0,0.0,1.0,-0.00269892881624,-0.147377669811,1.33573818207
0.0,0.0,1.0,0.00104325998109,-0.144283011556,1.33497107029
0.0,0.0,1.0,0.00286627141759,-0.142590239644,1.33787405491
0.0,0.0,1.0,0.00555958272889,-0.140300527215,1.33026862144
0.0,0.0,1.0,0.00566426524892,-0.139933630824,1.3352240324
0.0,0.0,1.0,0.0062706284225,-0.139074698091,1.33805191517
0.0,0.0,1.0,0.00727267470211,-0.137871980667,1.33737313747
0.0,0.0,1.0,0.00822489522398,-0.136641129851,1.33648729324
0.0,0.0,1.0,0.00888260453939,-0.135882809758,1.33322703838
0.0,0.0,1.0,0.0093209836632,-0.134834378958,1.33528792858
0.0,0.0,1.0,0.00969383958727,-0.133147448301,1.33646285534
0.0,0.0,1.0,0.00970476400107,-0.132421329618,1.33570063114
0.0,0.0,1.0,0.00943806953728,-0.131803020835,1.33591032028
0.0,0.0,1.0,0.00911696068943,-0.131263181567,1.33516800404
0.0,0.0,1.0,0.00853142794222,-0.130844369531,1.33541107178
0.0,0.0,1.0,0.00833501666784,-0.130495682359,1.33246839046
0.0,0.0,1.0,0.0070958416909,-0.129761487246,1.3262540102
0.0,0.0,1.0,0.00288353813812,-0.130079105496,1.3297753334
0.0,0.0,1.0,0.0014235409908,-0.130251303315,1.33120572567
0.0,0.0,1.0,-0.000313864613418,-0.13062402606,1.33311069012
0.0,0.0,1.0,-0.00203200988472,-0.130972728133,1.33230769634
0.0,0.0,1.0,-0.00295925000682,-0.131232723594,1.33232283592
0.0,0.0,1.0,-0.00795312970877,-0.132648989558,1.33198952675
0.0,0.0,1.0,-0.00984511058778,-0.133304163814,1.33130991459
0.0,0.0,1.0,-0.0119175808504,-0.13398437202,1.33140945435
0.0,0.0,1.0,-0.013146107085,-0.134363904595,1.32843589783
0.0,0.0,1.0,-0.0156145952642,-0.13528354466,1.33024287224
0.0,0.0,1.0,-0.0173811186105,-0.135966092348,1.32961249352
0.0,0.0,1.0,-0.0194891914725,-0.136924192309,1.32934260368
0.0,0.0,1.0,-0.0211831498891,-0.137582272291,1.3282636404
0.0,0.0,1.0,-0.0246028471738,-0.139101877809,1.32527756691
0.0,0.0,1.0,-0.0260873734951,-0.139934554696,1.32619893551
0.0,0.0,1.0,-0.0275116432458,-0.140654832125,1.32503259182
0.0,0.0,1.0,-0.0290445461869,-0.141510829329,1.32348537445
0.0,0.0,1.0,-0.0301455110312,-0.142234534025,1.32272148132
0.0,0.0,1.0,-0.0312423761934,-0.142994403839,1.32157933712
0.0,0.0,1.0,-0.0320164188743,-0.143468260765,1.31811332703
0.0,0.0,1.0,-0.0323576666415,-0.144068330526,1.32116019726
0.0,0.0,1.0,-0.0330655574799,-0.145112842321,1.32020294666
0.0,0.0,1.0,-0.0332039147615,-0.145545452833,1.31929469109
0.0,0.0,1.0,-0.0331038869917,-0.146251440048,1.31699645519
0.0,0.0,1.0,-0.0325044244528,-0.146449059248,1.31830704212
0.0,0.0,1.0,-0.0323776900768,-0.146643891931,1.31532812119
0.0,0.0,1.0,-0.0321242213249,-0.147033557296,1.30642724037
0.0,0.0,1.0,-0.0282257981598,-0.146798595786,1.31718492508
0.0,0.0,1.0,-0.0268243122846,-0.146621525288,1.31730043888
0.0,0.0,1.0,-0.0268243122846,-0.146621525288,1.31730043888
0.0,0.0,1.0,-0.0257143359631,-0.146453529596,1.31676602364
0.0,0.0,1.0,-0.0241869688034,-0.146213874221,1.31398129463
0.0,0.0,1.0,-0.0200532339513,-0.145452544093,1.30197167397
0.0,0.0,1.0,-0.0181473381817,-0.145143344998,1.28829371929
0.0,0.0,1.0,-0.0171943902969,-0.144988745451,1.27998328209
0.0,0.0,1.0,-0.014539739117,-0.143429741263,1.31748700142
0.0,0.0,1.0,-0.0127189280465,-0.142854869366,1.31797862053
0.0,0.0,1.0,-0.0105974692851,-0.142128199339,1.31625056267
0.0,0.0,1.0,-0.00942382588983,-0.141749933362,1.31282532215
0.0,0.0,1.0,-0.00707654096186,-0.140993401408,1.30303192139
0.0,0.0,1.0,-0.00635322323069,-0.140234783292,1.32076156139
0.0,0.0,1.0,-0.00494653917849,-0.139478310943,1.32683074474
0.0,0.0,1.0,-0.00278854486533,-0.138177379966,1.33415079117
0.0,0.0,1.0,-0.00194865197409,-0.137632787228,1.33686709404
0.0,0.0,1.0,-0.000920193502679,-0.136904940009,1.34091103077
0.0,0.0,1.0,-0.000280570413452,-0.136411949992,1.34327411652
0.0,0.0,1.0,0.000576636521146,-0.135749205947,1.3460944891
0.0,0.0,1.0,0.000967995554674,-0.135317564011,1.34872329235
0.0,0.0,1.0,0.00134029379115,-0.134812310338,1.351957798
0.0,0.0,1.0,0.00158518529497,-0.134417131543,1.35340929031
0.0,0.0,1.0,0.00193339795806,-0.133590638638,1.35501992702
0.0,0.0,1.0,0.00191083096433,-0.133165046573,1.35612106323
0.0,0.0,1.0,0.00198997720145,-0.132908821106,1.35399794579
0.0,0.0,1.0,0.00156610668637,-0.132584661245,1.35739040375
0.0,0.0,1.0,0.00134406785946,-0.132324337959,1.35703909397
0.0,0.0,1.0,0.000902791856788,-0.132049933076,1.35671961308
0.0,0.0,1.0,0.000546589726582,-0.131863445044,1.35574674606
0.0,0.0,1.0,4.26846381743e-05,-0.131607145071,1.35239851475
0.0,0.0,1.0,-0.000199217072804,-0.13145083189,1.34843444824
0.0,0.0,1.0,-0.000909792841412,-0.131395235658,1.34826672077
0.0,0.0,1.0,-0.00149561406579,-0.131399795413,1.34960711002
0.0,0.0,1.0,-0.00246257148683,-0.13136292994,1.34951198101
0.0,0.0,1.0,-0.00320244138129,-0.131345197558,1.34776842594
0.0,0.0,1.0,-0.00467618880793,-0.131332948804,1.33874118328
0.0,0.0,1.0,-0.00603737169877,-0.131448492408,1.33787429333
0.0,0.0,1.0,-0.00822397973388,-0.131842344999,1.33896315098
0.0,0.0,1.0,-0.00915815774351,-0.132087334991,1.33770084381
0.0,0.0,1.0,-0.0104924449697,-0.132380411029,1.33656942844
0.0,0.0,1.0,-0.0114337150007,-0.1326623559,1.33531439304
0.0,0.0,1.0,-0.0128232082352,-0.133015394211,1.33327591419
0.0,0.0,1.0,-0.0138046443462,-0.133360385895,1.33300602436
0.0,0.0,1.0,-0.0151573466137,-0.133730173111,1.33005475998
0.0,0.0,1.0,-0.0160047970712,-0.133947253227,1.3310354948
0.0,0.0,1.0,-0.0182278156281,-0.134604603052,1.32884812355
0.0,0.0,1.0,-0.0193189289421,-0.134990766644,1.32794475555
0.0,0.0,1.0,-0.0200655255467,-0.135354295373,1.33131790161
0.0,0.0,1.0,-0.0215674508363,-0.135911896825,1.32444047928
0.0,0.0,1.0,-0.0218921583146,-0.136187359691,1.33057451248
0.0,0.0,1.0,-0.022844877094,-0.136674851179,1.32826638222
0.0,0.0,1.0,-0.0232730377465,-0.136973366141,1.32945811749
0.0,0.0,1.0,-0.0243778470904,-0.137624293566,1.32398581505
0.0,0.0,1.0,-0.0252595487982,-0.138107836246,1.31356823444
0.0,0.0,1.0,-0.0249283257872,-0.138264968991,1.32793533802
0.0,0.0,1.0,-0.0255327168852,-0.138721689582,1.32034993172
0.0,0.0,1.0,-0.0251494701952,-0.138839200139,1.33065474033
0.0,0.0,1.0,-0.0251333396882,-0.13935996592,1.32907605171
0.0,0.0,1.0,-0.0252393614501,-0.139729514718,1.32138371468
-1.71204095345e-09,1.04930941713e-09,1.0,-0.024279570207,-0.140089958906,1.33108758926
-8.71200569463e-08,5.34797166551e-08,1.0,-0.023263502866,-0.140274554491,1.33327531815
-1.98605135893e-07,1.21925140206e-07,1.0,-0.0221450719982,-0.140339940786,1.33328199387
-4.49800779734e-07,2.76293860679e-07,1.0,-0.0213654804975,-0.140413552523,1.32724761963
-1.94837548406e-06,1.1998224636e-06,1.0,-0.0207472648472,-0.140334144235,1.33332145214
-1.72903819475e-05,1.07009118437e-05,1.0,-0.0197767149657,-0.140344426036,1.32705879211
-3.78628501494e-05,2.34906929109e-05,1.0,-0.0191224496812,-0.140205770731,1.33294820786
-0.000126270373585,7.87229218986e-05,1.0,-0.018069203943,-0.140172347426,1.33080613613
-0.000206441312912,0.000129026142531,1.0,-0.0173355881125,-0.140009745955,1.33267998695
-0.000467986305011,0.000293954537483,1.0,-0.0162816159427,-0.139837831259,1.32982337475
-0.000668324704748,0.00042087136535,1.0,-0.0157129783183,-0.13975661993,1.32615244389
-0.0012382826535,0.000783816620242,1.0,-0.0145756937563,-0.139594197273,1.31586742401
-0.00163407763466,0.00103709264658,1.0,-0.0143017610535,-0.139320358634,1.32873427868
-0.00610881112516,0.0039413976483,1.0,-0.0137641187757,-0.138663098216,1.32526767254
-0.00864890776575,0.00561249768361,1.0,-0.0140855209902,-0.138511031866,1.32193183899
-0.010181710124,0.00662684906274,1.0,-0.0151526927948,-0.138471081853,1.32370424271
-0.0137617168948,0.00901098083705,1.0,-0.0163047704846,-0.138363972306,1.32041192055
-0.0158691424876,0.0104232802987,1.0,-0.0180321019143,-0.13839751482,1.32222759724
-0.0206752996892,0.0136659322307,1.0,-0.0201106090099,-0.138330757618,1.31511211395
-0.029658915475,0.0197986979038,1.0,-0.0238689817488,-0.138143748045,1.3087362051
-0.0331747569144,0.0222217421979,1.0,-0.0304756090045,-0.138101384044,1.3185210228
-0.0409279540181,0.0276068206877,1.0,-0.0355731919408,-0.137971565127,1.31601011753
-0.0498080141842,0.0338409505785,1.0,-0.0409890823066,-0.137792408466,1.31293344498
-0.054676476866,0.0372873656452,1.0,-0.0436383225024,-0.137706428766,1.30839157104
-0.0601138807833,0.0411596521735,1.0,-0.0521782413125,-0.137079313397,1.31836056709
-0.071026019752,0.0490023866296,1.0,-0.0617966428399,-0.136496379972,1.31248831749
-0.0904054716229,0.0631589740515,1.0,-0.0785133913159,-0.13446085155,1.31934738159
-0.104199364781,0.073409691453,1.0,-0.0884500667453,-0.132985427976,1.31967413425
-0.112152822316,0.0793857201934,1.0,-0.0966879725456,-0.131483003497,1.32240092754
-0.127599075437,0.0911293178797,1.0,-0.109112262726,-0.129621252418,1.31737864017
-0.181590303779,0.133656561375,1.0,-0.161785840988,-0.115454122424,1.32840430737
-0.211641281843,0.15839895606,1.0,-0.184909656644,-0.105944484472,1.337657094
-0.23256278038,0.176127374172,1.0,-0.205259874463,-0.0968036428094,1.34140968323
-0.243235751987,0.185342982411,1.0,-0.211648136377,-0.0935714915395,1.3429954052
-0.275907725096,0.214343756437,1.0,-0.242347151041,-0.0771514475346,1.34556698799
-0.298029839993,0.234731927514,1.0,-0.262668222189,-0.0670483857393,1.33999240398
-0.309124499559,0.245213791728,1.0,-0.265038847923,-0.0614432170987,1.35103595257
-0.331260740757,0.26669973135,1.0,-0.284631669521,-0.0447145476937,1.35628890991
-0.364052981138,0.300157755613,1.0,-0.309421688318,-0.0211283378303,1.35994768143
-0.374772280455,0.311591237783,1.0,-0.315058559179,-0.0148456310853,1.36093461514
-0.395757287741,0.334824711084,1.0,-0.332630366087,0.00610007764772,1.36260914803
-0.405967324972,0.346593916416,1.0,-0.337786018848,0.013164867647,1.36333501339
-0.425720900297,0.370400249958,1.0,-0.353935271502,0.036330871284,1.36408817768
-0.435211122036,0.382406115532,1.0,-0.358640402555,0.044112984091,1.36450064182
-0.453323423862,0.406587451696,1.0,-0.373145014048,0.0696881189942,1.36422419548
-0.461897522211,0.418732106686,1.0,-0.377190023661,0.0782974883914,1.3644554615
-0.485490471125,0.455297321081,1.0,-0.394604563713,0.111537903547,1.35761463642
-0.499257624149,0.479658126831,1.0,-0.406961798668,0.133640646935,1.3467540741
-0.505509972572,0.491809636354,1.0,-0.406823188066,0.151768237352,1.36083078384
-0.516690790653,0.516020476818,1.0,-0.414214164019,0.17851139605,1.35969233513
-0.52159178257,0.528053700924,1.0,-0.418874502182,0.191408649087,1.35541570187
-0.533431053162,0.563796937466,1.0,-0.428689748049,0.236489444971,1.35296773911
-0.540811002254,0.598837018013,1.0,-0.436067730188,0.286229461432,1.35317957401
-0.543183386326,0.621718764305,1.0,-0.439361900091,0.33815330267,1.36406338215
-0.543595910072,0.632992208004,1.0,-0.440282464027,0.351368844509,1.36543786526
-0.542868554592,0.655192911625,1.0,-0.443409949541,0.392537683249,1.36785721779
-0.537778735161,0.688086807728,1.0,-0.445589184761,0.434621989727,1.37152588367
-0.528197586536,0.7190361619,1.0,-0.447543442249,0.488103508949,1.37621510029
-0.524206340313,0.728623270988,1.0,-0.448303550482,0.50395655632,1.37477385998
-0.514140963554,0.748735964298,1.0,-0.448581069708,0.536011397839,1.37992787361
-0.496189683676,0.776495695114,1.0,-0.448862463236,0.601454436779,1.38509249687
-0.489265322685,0.785509824753,1.0,-0.44828826189,0.619610726833,1.38971054554
-0.473640859127,0.803567647934,1.0,-0.447330743074,0.642635405064,1.39534783363
-0.465868890285,0.811626791954,1.0,-0.446330666542,0.667160749435,1.39845621586
-0.44778868556,0.828577816486,1.0,-0.445198535919,0.692432463169,1.40166199207
-0.438960760832,0.836104214191,1.0,-0.443849444389,0.715807914734,1.40496373177
-0.386804133654,0.873479545116,1.0,-0.4381724298,0.776417672634,1.41355705261
-0.376102983952,0.879997193813,1.0,-0.437093734741,0.788839280605,1.41243028641
-0.352389842272,0.893372833729,1.0,-0.43304041028,0.808357059956,1.42037284374
-0.341000884771,0.899330317974,1.0,-0.431564301252,0.819440543652,1.41951596737
-0.315845191479,0.91154807806,1.0,-0.426573038101,0.838274598122,1.42609095573
-0.304020404816,0.916882872581,1.0,-0.4225499928,0.853101670742,1.42912173271
-0.278448849916,0.927612543106,1.0,-0.417859852314,0.870317935944,1.42980623245
-0.238657847047,0.94232916832,1.0,-0.409075766802,0.886929094791,1.4374320507
-0.198646903038,0.954937696457,1.0,-0.397853404284,0.903413295746,1.44246292114
-0.185891360044,0.958525419235,1.0,-0.391639888287,0.910127818584,1.44426894188
-0.158182621002,0.965625584126,1.0,-0.384600460529,0.915016055107,1.44723641872
-0.145315349102,0.968604564667,1.0,-0.377245008945,0.919437587261,1.44898843765
-0.117555081844,0.974350750446,1.0,-0.368619531393,0.923117637634,1.4510499239
-0.104719981551,0.976693153381,1.0,-0.359469562769,0.92510420084,1.45326769352
-0.0777287557721,0.9809653759,1.0,-0.34696033597,0.93069511652,1.44969129562
-0.0643115192652,0.982755482197,1.0,-0.340634167194,0.927576839924,1.45507955551
-0.0375930629671,0.985645711422,1.0,-0.330086141825,0.926655650139,1.45609819889
-0.0243589840829,0.986737072468,1.0,-0.320602059364,0.92410504818,1.45903122425
0.001934903441,0.988213658333,1.0,-0.30694693327,0.924147367477,1.45345377922
0.0149604659528,0.988593459129,1.0,-0.300119370222,0.924168527126,1.44919359684
0.0407073758543,0.988627910614,1.0,-0.284023940563,0.915877461433,1.45866572857
0.0534369833767,0.988279879093,1.0,-0.270499765873,0.91016215086,1.46306860447
0.0785426199436,0.986848056316,1.0,-0.254881381989,0.904630422592,1.46257245541
0.0909187123179,0.985761880875,1.0,-0.246723249555,0.902298390865,1.4591486454
0.115369640291,0.982833743095,1.0,-0.225422754884,0.893248021603,1.4624171257
0.127305686474,0.981008410454,1.0,-0.218979850411,0.890018224716,1.4655944109
0.150932714343,0.976579606533,1.0,-0.202439561486,0.883975505829,1.45836210251
0.162453025579,0.9740062356,1.0,-0.187021359801,0.876816749573,1.4656482935
0.185221895576,0.968066751957,1.0,-0.15516962111,0.863444387913,1.46538853645
0.196306675673,0.964741766453,1.0,-0.138279139996,0.855795800686,1.46933472157
0.228754416108,0.9532315135,1.0,-0.104022242129,0.84127086401,1.46752297878
0.249572649598,0.944321930408,1.0,-0.071380905807,0.827253758907,1.46479463577
0.259752213955,0.939489603043,1.0,-0.0546253733337,0.820177972317,1.4658819437
0.279621303082,0.929081618786,1.0,-0.0278903320432,0.808947265148,1.46245849133
0.28922355175,0.923557043076,1.0,-0.010569119826,0.801933765411,1.46470546722
0.307975381613,0.911753952503,1.0,0.021880634129,0.788425564766,1.45627653599
0.334736049175,0.892305135727,1.0,0.0605018734932,0.772853732109,1.45507502556
0.359801322222,0.870809912682,1.0,0.105476349592,0.754680514336,1.45040404797
0.367743611336,0.863222062588,1.0,0.124736122787,0.746911883354,1.45079016685
0.382926523685,0.847504496574,1.0,0.152919873595,0.735486507416,1.44476604462
0.390290528536,0.839240550995,1.0,0.171840056777,0.727735698223,1.44326770306
0.410818397999,0.813550770283,1.0,0.216245427728,0.709435164928,1.43787693977
0.423297196627,0.795592010021,1.0,0.24364374578,0.697982609272,1.43086755276
0.429256111383,0.786232888699,1.0,0.260530203581,0.690328836441,1.43032133579
0.445420116186,0.757540285587,1.0,0.302687764168,0.67082130909,1.42289626598
0.454867303371,0.737764000893,1.0,0.327741086483,0.658947885036,1.41550290585
0.459247916937,0.727542996407,1.0,0.342840582132,0.65071862936,1.4136146307
0.467066943645,0.707014620304,1.0,0.372031956911,0.636459410191,1.40071845055
0.470613211393,0.696409583092,1.0,0.379102379084,0.629526615143,1.40754795074
0.476717442274,0.67527961731,1.0,0.39943921566,0.617234885693,1.401237607
0.479371070862,0.664416193962,1.0,0.411029666662,0.608544647694,1.40010094643
0.483708292246,0.642748951912,1.0,0.427642613649,0.596322357655,1.39465606213
0.487943530083,0.609589397907,1.0,0.450946092606,0.574489295483,1.38912045956
0.488731563091,0.5983466506,1.0,0.462452709675,0.559858322144,1.38735437393
0.489333510399,0.575992643833,1.0,0.474798232317,0.545510113239,1.38274502754
0.489148944616,0.564643621445,1.0,0.482014596462,0.532232284546,1.38213682175
0.48780554533,0.542138516903,1.0,0.49021089077,0.518119573593,1.37790262699
0.486628711224,0.530751168728,1.0,0.489727765322,0.515305638313,1.37963461876
0.483304023743,0.508200705051,1.0,0.497181624174,0.495583146811,1.37461864948
0.481136471033,0.49690118432,1.0,0.4961566329,0.485607922077,1.37788510323
0.46910700202,0.451898872852,1.0,0.50065279007,0.445113033056,1.37037658691
0.465266555548,0.440745681524,1.0,0.502305328846,0.434145778418,1.36541152
0.456569761038,0.41853287816,1.0,0.493285059929,0.416450113058,1.37127816677
0.451717406511,0.407491207123,1.0,0.492267906666,0.405861645937,1.36769497395
0.440755277872,0.385069936514,1.0,0.4830930233,0.386848717928,1.36987614632
0.435190081596,0.374732524157,1.0,0.480320960283,0.376534730196,1.36666619778
0.422538638115,0.353205353022,1.0,0.468114286661,0.354748785496,1.36835587025
0.401180237532,0.32145690918,1.0,0.449604153633,0.322692155838,1.36625814438
0.393442153931,0.311029374599,1.0,0.443991482258,0.312161207199,1.36293911934
0.385331511497,0.300593495369,1.0,0.433168768883,0.299084722996,1.36609363556
0.359439879656,0.270045876503,1.0,0.407865792513,0.265722006559,1.36546850204
0.340816378593,0.250149965286,1.0,0.389390736818,0.240288347006,1.35858380795
0.33100104332,0.240227386355,1.0,0.37952169776,0.230970203876,1.36257648468
0.310788244009,0.220826908946,1.0,0.363499820232,0.213474318385,1.36172282696
0.278538376093,0.192240744829,1.0,0.327816456556,0.176872134209,1.35980522633
0.232429265976,0.155176743865,1.0,0.283140778542,0.135660216212,1.3654987812
0.20821928978,0.137067988515,1.0,0.260083913803,0.113157868385,1.35868287086
0.182781487703,0.118815295398,1.0,0.237799450755,0.0958102941513,1.3667165041
0.170657545328,0.110351979733,1.0,0.227070987225,0.086144991219,1.36405932903
0.144908264279,0.0928011238575,1.0,0.198304623365,0.0625346973538,1.36523616314
0.104842036963,0.0664004534483,1.0,0.162047952414,0.033553365618,1.3678650856
0.0921175181866,0.0581927001476,1.0,0.149395748973,0.0231567211449,1.36536407471
0.0652447938919,0.0410596467555,1.0,0.121423214674,0.00161425175611,1.36484849453
0.0517353899777,0.0325242877007,1.0,0.107190817595,-0.00972434598953,1.3611369133
0.0246070846915,0.0154797751456,1.0,0.0914739966393,-0.0215158574283,1.36079394817
0.0110214967281,0.00696802092716,1.0,0.0798953473568,-0.0306084807962,1.35624921322
-0.0167748536915,-0.0104580260813,1.0,0.0524514093995,-0.0490019693971,1.36518776417
-0.0297161471099,-0.0185985136777,1.0,0.0397496037185,-0.0583552978933,1.36214375496
-0.0573553144932,-0.0361005477607,1.0,0.0172965861857,-0.0742611065507,1.36131644249
-0.0701761767268,-0.0442942418158,1.0,0.00525647122413,-0.0829848051071,1.35765314102
-0.0974684357643,-0.0619540140033,1.0,-0.0166709516197,-0.0979013964534,1.35794878006
-0.136799961329,-0.0881012454629,1.0,-0.0509685054421,-0.121045738459,1.35619676113
-0.175100177526,-0.114647366107,1.0,-0.0841556712985,-0.142963469028,1.35086131096
-0.18702711165,-0.123189814389,1.0,-0.0954763442278,-0.150507554412,1.34674012661
-0.223588570952,-0.150388151407,1.0,-0.127439141273,-0.17071595788,1.34536623955
-0.258540302515,-0.17814168334,1.0,-0.16293695569,-0.192940458655,1.33847439289
-0.280836164951,-0.196972310543,1.0,-0.176863580942,-0.201447278261,1.33673262596
-0.291691571474,-0.206517964602,1.0,-0.187022969127,-0.207838386297,1.33130967617
-0.313147604465,-0.226228475571,1.0,-0.206280529499,-0.21910046041,1.34209620953
-0.322817921638,-0.235524788499,1.0,-0.216890901327,-0.225611224771,1.33892762661
-0.369734495878,-0.285307049751,1.0,-0.256775617599,-0.250111043453,1.33354747295
-0.39466676116,-0.316026479006,1.0,-0.289273023605,-0.2711776793,1.33926546574
-0.402415335178,-0.32640632987,1.0,-0.295652329922,-0.275304317474,1.34032845497
-0.417026519775,-0.347341865301,1.0,-0.315460771322,-0.288854777813,1.34236240387
-0.423887521029,-0.357901453972,1.0,-0.326063841581,-0.295907348394,1.33957612514
-0.442660450935,-0.389935046434,1.0,-0.344886064529,-0.310193389654,1.34637868404
-0.467722088099,-0.444316774607,1.0,-0.38695961237,-0.344957411289,1.35566353798
-0.471752136946,-0.455241173506,1.0,-0.391611039639,-0.349459946156,1.35780310631
-0.47888147831,-0.477281808853,1.0,-0.409011095762,-0.366058856249,1.3620673418
-0.481955468655,-0.488330423832,1.0,-0.418148636818,-0.374236613512,1.3606300354
-0.487131178379,-0.510530650616,1.0,-0.432377070189,-0.390464365482,1.3676712513
-0.489208102226,-0.521561861038,1.0,-0.436231166124,-0.395158201456,1.36947834492
-0.492393136024,-0.543744683266,1.0,-0.447392493486,-0.407881498337,1.37000846863
-0.493486851454,-0.554809331894,1.0,-0.454132735729,-0.415037482977,1.36763572693
-0.49468421936,-0.57697892189,1.0,-0.469286650419,-0.438133090734,1.378926754
-0.494783967733,-0.587936758995,1.0,-0.472978800535,-0.44398111105,1.3808671236
-0.493991285563,-0.609945714474,1.0,-0.483195245266,-0.458792954683,1.38124215603
-0.493107944727,-0.620790839195,1.0,-0.488779217005,-0.468715399504,1.3848798275
-0.490338295698,-0.642546534538,1.0,-0.500821709633,-0.486173003912,1.3803550005
-0.488481283188,-0.653236329556,1.0,-0.504594027996,-0.496672153473,1.3887566328
-0.483758956194,-0.674625515938,1.0,-0.516019284725,-0.522363245487,1.39484727383
-0.47432488203,-0.705958485603,1.0,-0.52802580595,-0.554000973701,1.40071976185
-0.470540940762,-0.716258168221,1.0,-0.533201575279,-0.565955281258,1.39942491055
-0.462022840977,-0.73659735918,1.0,-0.53900384903,-0.589678525925,1.40683972836
-0.457355588675,-0.746493577957,1.0,-0.540716350079,-0.597400963306,1.4086574316
-0.447039097548,-0.766102552414,1.0,-0.545918822289,-0.623066008091,1.41356539726
-0.441461741924,-0.775673747063,1.0,-0.547299563885,-0.63168990612,1.41525626183
-0.429397672415,-0.794475674629,1.0,-0.55030310154,-0.649857103825,1.4163107872
-0.401974350214,-0.830188214779,1.0,-0.554675102234,-0.70388674736,1.42380237579
-0.386658668518,-0.847051262856,1.0,-0.552117347717,-0.733052551746,1.43507897854
-0.378611505032,-0.855219662189,1.0,-0.552508354187,-0.74786221981,1.43464505672
-0.361782312393,-0.870984554291,1.0,-0.549507915974,-0.772353053093,1.44089281559
-0.353018045425,-0.878565371037,1.0,-0.547088384628,-0.781651556492,1.44468402863
-0.334769487381,-0.893139481544,1.0,-0.541443884373,-0.810149490833,1.45167469978
-0.295688569546,-0.919694304466,1.0,-0.529558777809,-0.859113097191,1.45940291882
-0.27492827177,-0.931621432304,1.0,-0.519007027149,-0.887844741344,1.46638596058
-0.264269053936,-0.937230706215,1.0,-0.514826238155,-0.898594737053,1.46829044819
-0.24240732193,-0.947730720043,1.0,-0.502968132496,-0.92686611414,1.47299230099
-0.231225550175,-0.95261079073,1.0,-0.498874306679,-0.935824334621,1.47434675694
-0.208382725716,-0.961620211601,1.0,-0.489458471537,-0.957073330879,1.47461736202
-0.196725308895,-0.965747058392,1.0,-0.48461291194,-0.969010949135,1.47244334221
-0.173034340143,-0.973211824894,1.0,-0.471645951271,-0.990979254246,1.47567093372
-0.160967811942,-0.976559758186,1.0,-0.46612522006,-1.00269913673,1.47272968292
-0.136472448707,-0.982461333275,1.0,-0.442804038525,-1.03346526623,1.4800850153
-0.124066568911,-0.985009849072,1.0,-0.436964899302,-1.04135501385,1.4804264307
-0.0989544466138,-0.989300608635,1.0,-0.418686032295,-1.06665623188,1.4781062603
-0.0862623527646,-0.99104064703,1.0,-0.412554472685,-1.07335913181,1.47855699062
-0.0606323927641,-0.993706882,1.0,-0.391028404236,-1.09734499454,1.47629773617
-0.0477092191577,-0.994631767273,1.0,-0.380957305431,-1.10982859135,1.47224545479
-0.0217143557966,-0.995662212372,1.0,-0.359323114157,-1.12917149067,1.47048485279
0.0175922755152,-0.995166242123,1.0,-0.329261958599,-1.15463364124,1.46344470978
0.0307606309652,-0.994457304478,1.0,-0.321826100349,-1.16038608551,1.46153259277
0.057060841471,-0.99223524332,1.0,-0.304091334343,-1.17449212074,1.45442140102
0.0702368021011,-0.990719377995,1.0,-0.292346894741,-1.18165123463,1.45245027542
0.0964857712388,-0.986897826195,1.0,-0.264250487089,-1.19826376438,1.44463586807
0.10960201174,-0.984586298466,1.0,-0.255323678255,-1.20293498039,1.44218182564
0.135621845722,-0.979198873043,1.0,-0.227494671941,-1.21618521214,1.43448269367
0.148587688804,-0.976110816002,1.0,-0.21800224483,-1.22016501427,1.43177103996
0.186957269907,-0.965353488922,1.0,-0.183401450515,-1.23322486877,1.42082512379
0.212033972144,-0.956962645054,1.0,-0.152433171868,-1.24156916142,1.41259241104
0.224541708827,-0.952355146408,1.0,-0.141757935286,-1.2439211607,1.40974783897
0.248808667064,-0.942571997643,1.0,-0.113536469638,-1.25001430511,1.40031075478
0.260786145926,-0.937312841415,1.0,-0.0996978729963,-1.25366568565,1.39286088943
0.295765280724,-0.920184016228,1.0,-0.0579191371799,-1.2548006773,1.38785970211
0.318162471056,-0.907686531544,1.0,-0.0270690694451,-1.25502514839,1.38150906563
0.329066485167,-0.901118457317,1.0,-0.0111748222262,-1.25609028339,1.37468159199
0.350201666355,-0.887382090092,1.0,0.017079366371,-1.25375902653,1.37046122551
0.360421419144,-0.880216360092,1.0,0.0321640521288,-1.25384068489,1.36363041401
0.380123525858,-0.865302562714,1.0,0.0611763671041,-1.2460488081,1.36672174931
0.407664984465,-0.841551244259,1.0,0.105857416987,-1.23642098904,1.36174106598
0.41627022624,-0.833283126354,1.0,0.117473296821,-1.23301517963,1.36113142967
0.432567030191,-0.816241621971,1.0,0.147760927677,-1.22389853001,1.35877215862
0.454604268074,-0.789471447468,1.0,0.188872992992,-1.2097260952,1.35497117043
0.461271882057,-0.780246913433,1.0,0.199656561017,-1.20460939407,1.35608172417
0.473551750183,-0.761361539364,1.0,0.227902367711,-1.19254314899,1.35459887981
0.479149401188,-0.751709342003,1.0,0.237030297518,-1.18750584126,1.35660803318
0.489219009876,-0.732023596764,1.0,0.261937499046,-1.17722642422,1.34903645515
0.493676424026,-0.722007274628,1.0,0.273921638727,-1.16833043098,1.35620760918
0.501433372498,-0.701596915722,1.0,0.303480327129,-1.14963817596,1.35942399502
0.504716396332,-0.691227853298,1.0,0.312925100327,-1.14340376854,1.36065113544
0.515861332417,-0.627075195312,1.0,0.377450972795,-1.09424161911,1.3665626049
0.51627522707,-0.605055272579,1.0,0.400784224272,-1.07158172131,1.370844841
0.515859544277,-0.593938231468,1.0,0.412694722414,-1.0612206459,1.36925804615
0.513792157173,-0.57158601284,1.0,0.429493963718,-1.04028582573,1.37598919868
0.512134552002,-0.560284256935,1.0,0.434770166874,-1.03329062462,1.37782251835
0.507627427578,-0.537718594074,1.0,0.451652497053,-1.01131868362,1.38027179241
0.504765272141,-0.526353120804,1.0,0.46064504981,-1.00072157383,1.3786380291
0.497881501913,-0.503626465797,1.0,0.471012353897,-0.978674948215,1.38724529743
0.493846178055,-0.492198228836,1.0,0.474399507046,-0.971266388893,1.38942468166
0.484686672688,-0.469427227974,1.0,0.48473572731,-0.951399922371,1.39024806023
0.479546517134,-0.458017706871,1.0,0.488130509853,-0.941274404526,1.39436805248
0.468251854181,-0.43532282114,1.0,0.496676564217,-0.91499620676,1.39986872673
0.46208640933,-0.423988848925,1.0,0.498902946711,-0.906388163567,1.40179538727
0.44882312417,-0.401476502419,1.0,0.504845499992,-0.87938863039,1.40684962273
0.426697790623,-0.368064433336,1.0,0.510770082474,-0.848660051823,1.40878474712
0.418715685606,-0.356964945793,1.0,0.513386428356,-0.837387025356,1.4068158865
0.402220517397,-0.335269719362,1.0,0.518619120121,-0.814840972424,1.3999351263
0.375781297684,-0.303283512592,1.0,0.504846274853,-0.778223991394,1.42515337467
0.366516262293,-0.292734622955,1.0,0.504044294357,-0.765005469322,1.42439210415
0.347783267498,-0.272272706032,1.0,0.497340023518,-0.739749908447,1.43184328079
0.338094502687,-0.262095421553,1.0,0.494502753019,-0.729150354862,1.43407738209
0.308714896441,-0.232679009438,1.0,0.487573266029,-0.690581083298,1.42927968502
0.288921058178,-0.213922128081,1.0,0.47282487154,-0.663782536983,1.44682395458
0.25896140933,-0.186902701855,1.0,0.456703513861,-0.62629532814,1.45327663422
0.229283824563,-0.16154243052,1.0,0.436026871204,-0.585135340691,1.46158611774
0.219437375665,-0.153403580189,1.0,0.430610954762,-0.575424075127,1.4638633728
0.200306102633,-0.137949943542,1.0,0.415190696716,-0.546084284782,1.46753180027
0.172449693084,-0.116238959134,1.0,0.390007734299,-0.502983629704,1.47490155697
0.163420274854,-0.109390184283,1.0,0.38392752409,-0.493100136518,1.47717475891
0.146090760827,-0.0964911058545,1.0,0.364693701267,-0.461964607239,1.48171925545
0.137627318501,-0.0903052389622,1.0,0.355245620012,-0.446098148823,1.48119342327
0.121552094817,-0.0787555500865,1.0,0.337545633316,-0.418698072433,1.48508059978
0.113778650761,-0.0732625722885,1.0,0.331490308046,-0.410065799952,1.4878360033
0.0991027876735,-0.0630530044436,1.0,0.310495555401,-0.378868669271,1.49130904675
0.0921268612146,-0.0582732409239,1.0,0.303124368191,-0.368158936501,1.49271273613
0.0728136971593,-0.0452858433127,1.0,0.27598336339,-0.328536659479,1.49465489388
0.0613107047975,-0.0377235747874,1.0,0.253027707338,-0.296767830849,1.49846923351
0.0509227588773,-0.0310083478689,1.0,0.235687479377,-0.27251163125,1.49802815914
0.0461514107883,-0.0279612988234,1.0,0.223868116736,-0.256843179464,1.50017559528
0.0374404117465,-0.0224614031613,1.0,0.20758113265,-0.235771939158,1.50286471844
0.0334958918393,-0.0199988652021,1.0,0.194209516048,-0.218716993928,1.50346338749
0.0264200847596,-0.0156276989728,1.0,0.177436023951,-0.197933733463,1.50495791435
0.0232770051807,-0.0137061458081,1.0,0.16438677907,-0.182089716196,1.50543093681
0.0177253484726,-0.0103449774906,1.0,0.146641924977,-0.160959079862,1.50578939915
0.0153110073879,-0.00889739952981,1.0,0.136875927448,-0.149033010006,1.50343036652
0.0111601538956,-0.00643087271601,1.0,0.119941920042,-0.131836146116,1.50799834728
0.0064727505669,-0.00368497241288,1.0,0.0911396741867,-0.102830514312,1.50972759724
0.0052756909281,-0.00299175991677,1.0,0.0786809697747,-0.0910309925675,1.50981545448
0.00331708043814,-0.00186649849638,1.0,0.0641372427344,-0.0784292295575,1.51096785069
0.0026114420034,-0.00146426877473,1.0,0.0507673434913,-0.0672713667154,1.51085972786
0.00107553845737,-0.000596621772274,1.0,0.0257598478347,-0.048249527812,1.51023495197
0.00050012714928,-0.000275501864962,1.0,0.0121471732855,-0.040522813797,1.51149857044
0.000328238675138,-0.000180250324775,1.0,-0.000134167756187,-0.0336614735425,1.51119959354
0.000111725341412,-6.10577189946e-05,1.0,-0.0165943112224,-0.0244555287063,1.50817549229
5.66495982639e-05,-3.09231763822e-05,1.0,-0.0247328337282,-0.0216851122677,1.5092176199
8.54326390254e-06,-4.72774945592e-06,1.0,-0.0374144464731,-0.0181087795645,1.50983834267
2.71748626801e-06,-1.58046964316e-06,1.0,-0.0474625863135,-0.0153713226318,1.50918519497
9.94370566332e-07,-6.81407300362e-07,1.0,-0.0600969009101,-0.0132608432323,1.50880885124
1.01672401343e-06,-6.86000930727e-07,1.0,-0.0807556584477,-0.0116330040619,1.50678360462
1.01672401343e-06,-6.86000930727e-07,1.0,-0.0896389260888,-0.0120340557769,1.50567674637
1.01672401343e-06,-6.86000930727e-07,1.0,-0.100539714098,-0.0136906784028,1.50469517708
1.01672401343e-06,-6.86000930727e-07,1.0,-0.108049973845,-0.0152052650228,1.50331914425
1.01672401343e-06,-6.86000930727e-07,1.0,-0.11833075434,-0.0180964265019,1.50080907345
1.01672401343e-06,-6.86000930727e-07,1.0,-0.124878406525,-0.021166600287,1.4997074604
1.01672401343e-06,-6.86000930727e-07,1.0,-0.137898012996,-0.0288947559893,1.49539792538
1.01672401343e-06,-6.86000930727e-07,1.0,-0.143909350038,-0.0346538871527,1.49353337288
1.01672401343e-06,-6.86000930727e-07,1.0,-0.147874549031,-0.0372482724488,1.48953020573
1.01672401343e-06,-6.86000930727e-07,1.0,-0.151843413711,-0.045091163367,1.48943662643
1.01672401343e-06,-6.86000930727e-07,1.0,-0.154964014888,-0.0483069829643,1.48523545265
1.01672401343e-06,-6.86000930727e-07,1.0,-0.1565541327,-0.0577904209495,1.48633086681
1.01672401343e-06,-6.86000930727e-07,1.0,-0.15867203474,-0.0616693794727,1.48220145702
1.01672401343e-06,-6.86000930727e-07,1.0,-0.160563111305,-0.0706056579947,1.47767651081
1.01672401343e-06,-6.86000930727e-07,1.0,-0.160378485918,-0.0768452361226,1.47683894634
1.01672401343e-06,-6.86000930727e-07,1.0,-0.159482136369,-0.0909510552883,1.46997654438
1.01672401343e-06,-6.86000930727e-07,1.0,-0.157353177667,-0.0990860164165,1.46678757668
1.01672401343e-06,-6.86000930727e-07,1.0,-0.155728816986,-0.105208024383,1.46279025078
1.01672401343e-06,-6.86000930727e-07,1.0,-0.153064906597,-0.113674238324,1.45645725727
1.01672401343e-06,-6.86000930727e-07,1.0,-0.150488808751,-0.119520649314,1.45240223408
1.01672401343e-06,-6.86000930727e-07,1.0,-0.146438375115,-0.126647442579,1.44757604599
1.01672401343e-06,-6.86000930727e-07,1.0,-0.143291279674,-0.132018864155,1.44279062748
1.01672401343e-06,-6.86000930727e-07,1.0,-0.138473138213,-0.141832321882,1.42872905731
1.01672401343e-06,-6.86000930727e-07,1.0,-0.129511490464,-0.14988899231,1.42502403259
1.01672401343e-06,-6.86000930727e-07,1.0,-0.126635268331,-0.153691992164,1.41861259937
1.01672401343e-06,-6.86000930727e-07,1.0,-0.120882764459,-0.161297991872,1.4028468132
1.01672401343e-06,-6.86000930727e-07,1.0,-0.114031225443,-0.163408428431,1.40963065624
1.01672401343e-06,-6.86000930727e-07,1.0,-0.107763461769,-0.167344242334,1.40512943268
1.01672401343e-06,-6.86000930727e-07,1.0,-0.10113311559,-0.170258283615,1.40436816216
1.01672401343e-06,-6.86000930727e-07,1.0,-0.0900688990951,-0.175986468792,1.39505374432
1.01672401343e-06,-6.86000930727e-07,1.0,-0.0823372080922,-0.18043923378,1.38197946548
1.01672401343e-06,-6.86000930727e-07,1.0,-0.0759763270617,-0.180403247476,1.39011251926
1.01672401343e-06,-6.86000930727e-07,1.0,-0.0683411955833,-0.182639479637,1.38481616974
1.01672401343e-06,-6.86000930727e-07,1.0,-0.0510709173977,-0.184559568763,1.38155293465
1.01672401343e-06,-6.86000930727e-07,1.0,-0.0434524007142,-0.185030803084,1.37757265568
1.01672401343e-06,-6.86000930727e-07,1.0,-0.0397569797933,-0.184242457151,1.38027405739
1.01672401343e-06,-6.86000930727e-07,1.0,-0.0294640623033,-0.183231830597,1.3777474165
1.01672401343e-06,-6.86000930727e-07,1.0,-0.0235634986311,-0.182030558586,1.37567710876
1.01672401343e-06,-6.86000930727e-07,1.0,-0.0161905866116,-0.178890317678,1.37695837021
1.01672401343e-06,-6.86000930727e-07,1.0,-0.0138554181904,-0.177219435573,1.37973868847
1.01672401343e-06,-6.86000930727e-07,1.0,-0.00812610797584,-0.174945816398,1.37384796143
1.01672401343e-06,-6.86000930727e-07,1.0,-0.00737123191357,-0.173404544592,1.37807929516
1.01672401343e-06,-6.86000930727e-07,1.0,-0.0027446069289,-0.170943021774,1.37115979195
1.01672401343e-06,-6.86000930727e-07,1.0,-0.00052093481645,-0.165568336844,1.37425243855
1.01672401343e-06,-6.86000930727e-07,1.0,0.00115214928519,-0.163964301348,1.36973643303
1.01672401343e-06,-6.86000930727e-07,1.0,0.000260488392087,-0.161632716656,1.37668657303
1.01672401343e-06,-6.86000930727e-07,1.0,-0.000426639540819,-0.159693032503,1.38013720512
1.01672401343e-06,-6.86000930727e-07,1.0,-0.000510604935698,-0.157031446695,1.37917387486
1.01672401343e-06,-6.86000930727e-07,1.0,-0.00158250518143,-0.155097305775,1.38200473785
1.01672401343e-06,-6.86000930727e-07,1.0,-0.00226693297736,-0.152209341526,1.37994158268
1.01672401343e-06,-6.86000930727e-07,1.0,-0.00353972986341,-0.150425970554,1.38106536865
1.01672401343e-06,-6.86000930727e-07,1.0,-0.0102849137038,-0.14241489768,1.37824058533
1.01672401343e-06,-6.86000930727e-07,1.0,-0.0102849137038,-0.14241489768,1.37824058533
1.01672401343e-06,-6.86000930727e-07,1.0,-0.0120750954375,-0.141783446074,1.38243794441
1.01672401343e-06,-6.86000930727e-07,1.0,-0.0149690546095,-0.139554545283,1.38031804562
1.01672401343e-06,-6.86000930727e-07,1.0,-0.0167719088495,-0.138623729348,1.38031291962
1.01672401343e-06,-6.86000930727e-07,1.0,-0.0204629823565,-0.136627048254,1.37878322601
1.01672401343e-06,-6.86000930727e-07,1.0,-0.0292737763375,-0.132997319102,1.37515330315
1.01672401343e-06,-6.86000930727e-07,1.0,-0.0335937514901,-0.131818234921,1.37580692768
1.01672401343e-06,-6.86000930727e-07,1.0,-0.0367460362613,-0.131395801902,1.37923312187
1.01672401343e-06,-6.86000930727e-07,1.0,-0.040973752737,-0.130362138152,1.37617659569
1.01672401343e-06,-6.86000930727e-07,1.0,-0.0426567383111,-0.130143746734,1.37613725662
1.01672401343e-06,-6.86000930727e-07,1.0,-0.0494523756206,-0.129485115409,1.3743776083
1.01672401343e-06,-6.86000930727e-07,1.0,-0.0602332018316,-0.130133658648,1.37140917778
1.01672401343e-06,-6.86000930727e-07,1.0,-0.0633964091539,-0.130541473627,1.36734902859
1.01672401343e-06,-6.86000930727e-07,1.0,-0.0678511038423,-0.131698548794,1.3606865406
1.01672401343e-06,-6.86000930727e-07,1.0,-0.0694938823581,-0.13247834146,1.3580416441
1.01672401343e-06,-6.86000930727e-07,1.0,-0.0699120685458,-0.13318669796,1.35965549946
1.01672401343e-06,-6.86000930727e-07,1.0,-0.0701116546988,-0.134039804339,1.36163437366
1.01672401343e-06,-6.86000930727e-07,1.0,-0.0719771310687,-0.135235622525,1.35312318802
1.01672401343e-06,-6.86000930727e-07,1.0,-0.0724665522575,-0.136377424002,1.34996521473
1.01672401343e-06,-6.86000930727e-07,1.0,-0.0744418874383,-0.138117283583,1.32985293865
1.01672401343e-06,-6.86000930727e-07,1.0,-0.0718153715134,-0.139242336154,1.34590780735
1.01672401343e-06,-6.86000930727e-07,1.0,-0.0701591297984,-0.141130298376,1.34404563904
1.01672401343e-06,-6.86000930727e-07,1.0,-0.0695245340466,-0.141815677285,1.34281539917
1.01672401343e-06,-6.86000930727e-07,1.0,-0.0678985267878,-0.143459156156,1.33808863163
1.01672401343e-06,-6.86000930727e-07,1.0,-0.0673163756728,-0.144261956215,1.33273267746
1.01672401343e-06,-6.86000930727e-07,1.0,-0.064532853663,-0.145837545395,1.33269166946
1.01672401343e-06,-6.86000930727e-07,1.0,-0.0632184818387,-0.146324053407,1.33462095261
1.01672401343e-06,-6.86000930727e-07,1.0,-0.0593358799815,-0.147935301065,1.33274006844
1.01672401343e-06,-6.86000930727e-07,1.0,-0.0580414310098,-0.148470446467,1.33226251602
1.01672401343e-06,-6.86000930727e-07,1.0,-0.0541491061449,-0.150049507618,1.32836949825
1.01672401343e-06,-6.86000930727e-07,1.0,-0.0527855567634,-0.15036213398,1.32898008823
1.01672401343e-06,-6.86000930727e-07,1.0,-0.0479304604232,-0.15175755322,1.327434659
1.01672401343e-06,-6.86000930727e-07,1.0,-0.0463994964957,-0.152094751596,1.32706534863
1.01672401343e-06,-6.86000930727e-07,1.0,-0.0407411232591,-0.153389364481,1.32363069057
1.01672401343e-06,-6.86000930727e-07,1.0,-0.0358384288847,-0.154337763786,1.32045829296
1.01672401343e-06,-6.86000930727e-07,1.0,-0.0343272313476,-0.154478177428,1.32118904591
1.01672401343e-06,-6.86000930727e-07,1.0,-0.0279533322901,-0.155282750726,1.31889235973
1.01672401343e-06,-6.86000930727e-07,1.0,-0.0220473576337,-0.155449658632,1.31667923927
1.01672401343e-06,-6.86000930727e-07,1.0,-0.0184995997697,-0.155525267124,1.31265640259
1.01672401343e-06,-6.86000930727e-07,1.0,-0.0168298762292,-0.155458807945,1.31435883045
1.01672401343e-06,-6.86000930727e-07,1.0,-0.00609963340685,-0.154675140977,1.30506932735
1.01672401343e-06,-6.86000930727e-07,1.0,-0.00601652823389,-0.154183655977,1.31284248829
1.01672401343e-06,-6.86000930727e-07,1.0,-0.00500073935837,-0.154026970267,1.30974960327
1.01672401343e-06,-6.86000930727e-07,1.0,-0.00279588159174,-0.153370335698,1.3078135252
1.01672401343e-06,-6.86000930727e-07,1.0,-0.00178952049464,-0.152392566204,1.31200993061
1.01672401343e-06,-6.86000930727e-07,1.0,-0.00140247331001,-0.151080861688,1.31419110298
1.01672401343e-06,-6.86000930727e-07,1.0,-0.00148288358469,-0.150442317128,1.31419062614
1.01672401343e-06,-6.86000930727e-07,1.0,-0.00193359318655,-0.149795070291,1.31534874439
1.01672401343e-06,-6.86000930727e-07,1.0,-0.00196877378039,-0.149433121085,1.31295108795
1.01672401343e-06,-6.86000930727e-07,1.0,-0.00320247327909,-0.148581013083,1.31629431248
1.01672401343e-06,-6.86000930727e-07,1.0,-0.00350239872932,-0.148206546903,1.31391179562
1.01672401343e-06,-6.86000930727e-07,1.0,-0.00504192756489,-0.147400572896,1.31635558605
1.01672401343e-06,-6.86000930727e-07,1.0,-0.0055709281005,-0.1470066607,1.31375181675
1.01672401343e-06,-6.86000930727e-07,0.99999922514,-0.00975019484758,-0.145366504788,1.31870210171
1.01672401343e-06,-6.86000930727e-07,0.999992132187,-0.0118113979697,-0.144522488117,1.31638526917
1.01672401343e-06,-6.86000930727e-07,0.999982893467,-0.013568053022,-0.144025340676,1.31796872616
1.01672401343e-06,-6.86000930727e-07,0.999940812588,-0.0158268176019,-0.143435269594,1.32034087181
1.01672401343e-06,-6.86000930727e-07,0.999906420708,-0.0179994776845,-0.14288495481,1.32030057907
1.01672401343e-06,-6.86000930727e-07,0.999698877335,-0.0221413914114,-0.141774877906,1.3141118288
1.01672401343e-06,-6.86000930727e-07,0.999435782433,-0.0249916054308,-0.141227394342,1.32113873959
1.01672401343e-06,-6.86000930727e-07,0.999268233776,-0.0263691339642,-0.140885561705,1.31853461266
1.01672401343e-06,-6.86000930727e-07,0.99879014492,-0.0295520611107,-0.140233621001,1.32048988342
1.01672401343e-06,-6.86000930727e-07,0.998506784439,-0.0324264541268,-0.139720633626,1.3208039999
1.01672401343e-06,-6.86000930727e-07,0.997734665871,-0.0350522920489,-0.139274656773,1.32101535797
1.01672401343e-06,-6.86000930727e-07,0.997295975685,-0.0374580547214,-0.138894379139,1.32105195522
1.01672401343e-06,-6.86000930727e-07,0.996148467064,-0.0394843444228,-0.138597473502,1.32205343246
1.01672401343e-06,-6.86000930727e-07,0.993898272514,-0.0431163273752,-0.138037651777,1.32067859173
1.01672401343e-06,-6.86000930727e-07,0.993022918701,-0.0443932265043,-0.13783454895,1.31773221493
1.01672401343e-06,-6.86000930727e-07,0.990849733353,-0.0463390871882,-0.137575417757,1.3217369318
1.01672401343e-06,-6.86000930727e-07,0.989704787731,-0.0479133687913,-0.137337625027,1.32107794285
1.01672401343e-06,-6.86000930727e-07,0.985433161259,-0.0502288118005,-0.136908873916,1.32018721104
1.01672401343e-06,-6.86000930727e-07,0.981908857822,-0.0512776300311,-0.136868238449,1.3196669817
1.01672401343e-06,-6.86000930727e-07,0.980091154575,-0.0519991368055,-0.13673967123,1.31801557541
1.01672401343e-06,-6.86000930727e-07,0.975773453712,-0.0526417009532,-0.13666729629,1.31616961956
1.01672401343e-06,-6.86000930727e-07,0.968522369862,-0.0533392615616,-0.136546671391,1.3096241951
1.01672401343e-06,-6.86000930727e-07,0.965775310993,-0.0530768409371,-0.136521786451,1.30886435509
1.01672401343e-06,-6.86000930727e-07,0.959681868553,-0.0523941107094,-0.136504709721,1.30838668346
1.01672401343e-06,-6.86000930727e-07,0.956622958183,-0.0518106557429,-0.136430799961,1.30476677418
1.01672401343e-06,-6.86000930727e-07,0.949561297894,-0.0508567430079,-0.136346742511,1.30157732964
1.01672401343e-06,-6.86000930727e-07,0.946039021015,-0.0499955900013,-0.136269032955,1.29724240303
1.01672401343e-06,-6.86000930727e-07,0.924873054028,-0.045924641192,-0.136044114828,1.2830375433
1.01672401343e-06,-6.86000930727e-07,0.920379757881,-0.0442751869559,-0.135869443417,1.27694404125
1.01672401343e-06,-6.86000930727e-07,0.910226106644,-0.0421235747635,-0.135712698102,1.27045381069
1.01672401343e-06,-6.86000930727e-07,0.905247747898,-0.0401897504926,-0.135557204485,1.263428092
1.01672401343e-06,-6.86000930727e-07,0.894294202328,-0.0373320803046,-0.135330408812,1.24684262276
1.01672401343e-06,-6.86000930727e-07,0.888557314873,-0.0358804240823,-0.135268896818,1.24598860741
1.01672401343e-06,-6.86000930727e-07,0.876285195351,-0.0336065031588,-0.135160297155,1.24058973789
1.01672401343e-06,-6.86000930727e-07,0.857041537762,-0.0291398968548,-0.134735763073,1.22402715683
1.01672401343e-06,-6.86000930727e-07,0.850598335266,-0.0266221109778,-0.134536266327,1.21414041519
1.01672401343e-06,-6.86000930727e-07,0.836628735065,-0.0229025948793,-0.134227514267,1.19334542751
1.01672401343e-06,-6.86000930727e-07,0.829399526119,-0.0212415698916,-0.134035140276,1.19095551968
1.01672401343e-06,-6.86000930727e-07,0.814469337463,-0.0182264056057,-0.133762404323,1.17902970314
1.01672401343e-06,-6.86000930727e-07,0.806779563427,-0.0160747524351,-0.133490607142,1.17279338837
1.01672401343e-06,-6.86000930727e-07,0.790953874588,-0.0127826193348,-0.133105993271,1.15686047077
1.01672401343e-06,-6.86000930727e-07,0.782849609852,-0.0106614176184,-0.132876545191,1.15020227432
1.01672401343e-06,-6.86000930727e-07,0.76616871357,-0.00658947788179,-0.13246229291,1.12666285038
1.01672401343e-06,-6.86000930727e-07,0.757683694363,-0.00609824154526,-0.13235604763,1.12672281265
1.01672401343e-06,-6.86000930727e-07,0.740275144577,-0.00272191315889,-0.131944730878,1.1078826189
1.01672401343e-06,-6.86000930727e-07,0.731392621994,-0.000885273562744,-0.131537899375,1.09862720966
1.01672401343e-06,-6.86000930727e-07,0.704071938992,0.00296918628737,-0.13074785471,1.07372093201
1.01672401343e-06,-6.86000930727e-07,0.685278058052,0.00545590836555,-0.130347400904,1.0543025732
1.01672401343e-06,-6.86000930727e-07,0.675862014294,0.00678421137854,-0.13001061976,1.04511344433
1.01672401343e-06,-6.86000930727e-07,0.646906971931,0.00990893226117,-0.129346564412,1.01678025723
1.01672389974e-06,-6.86000930727e-07,0.627208411694,0.012057445012,-0.128852277994,0.994591057301
1.01672389974e-06,-6.86000930727e-07,0.617351830006,0.0127875357866,-0.128716826439,0.985610961914
1.01672389974e-06,-6.86000930727e-07,0.597330987453,0.0142350103706,-0.128366708755,0.963768422604
1.01672389974e-06,-6.86000930727e-07,0.587339997292,0.0146023575217,-0.128090798855,0.953481078148
1.01672389974e-06,-6.86000930727e-07,0.567084789276,0.0157803669572,-0.127775132656,0.931422710419
