0.0,0.0,0.0,0.27286529541,-0.139760062099,0.0734843239188
0.0,0.0,0.0,0.272866904736,-0.139763623476,0.0730259492993
0.0,0.0,0.0,0.272863268852,-0.139772519469,0.0734444856644
0.0,0.0,0.0,0.27285990119,-0.139782607555,0.0730065777898
0.0,0.0,0.0,0.272850483656,-0.139791861176,0.073457069695
0.0,0.0,0.0,0.272847950459,-0.139788612723,0.073026753962
0.0,0.0,0.0,0.272854566574,-0.139783680439,0.0734607502818
0.0,0.0,0.0,0.272858589888,-0.139774024487,0.0732200890779
0.0,0.0,0.0,0.272864967585,-0.139767616987,0.0736179873347
0.0,0.0,0.0,0.272864311934,-0.139767467976,0.0732991471887
0.0,0.0,0.0,0.272860974073,-0.139769017696,0.0735958442092
0.0,0.0,0.0,0.272856324911,-0.139772087336,0.0732681676745
0.0,0.0,0.0,0.272850930691,-0.139774903655,0.0735849887133
0.0,0.0,0.0,0.272848665714,-0.139774918556,0.0732694864273
0.0,0.0,0.0,0.272849589586,-0.139775693417,0.0735996216536
0.0,0.0,0.0,0.272850930691,-0.139776229858,0.0732910856605
0.0,0.0,0.0,0.272855132818,-0.139773011208,0.0734901428223
0.0,0.0,0.0,0.272855550051,-0.139771863818,0.0732255578041
0.0,0.0,0.0,0.272853255272,-0.139769747853,0.0736102983356
0.0,0.0,0.0,0.272848218679,-0.139772936702,0.0733057484031
0.0,0.0,0.0,0.272842764854,-0.139783129096,0.0736315324903
0.0,0.0,0.0,0.272842556238,-0.139784857631,0.0733119994402
0.0,0.0,0.0,0.272843718529,-0.139782637358,0.073629565537
0.0,0.0,0.0,0.272846668959,-0.13977843523,0.0733150243759
0.0,0.0,0.0,0.272855162621,-0.139774546027,0.0736375078559
0.0,0.0,0.0,0.272861003876,-0.139770880342,0.0733222663403
0.0,0.0,0.0,0.272870182991,-0.13977098465,0.0736417546868
0.0,0.0,0.0,0.272881418467,-0.139777600765,0.0733274668455
0.0,0.0,0.0,0.272878080606,-0.139784500003,0.0736405327916
0.0,0.0,0.0,0.2728767097,-0.139783114195,0.0733273625374
0.0,0.0,0.0,0.272874265909,-0.139778614044,0.0736428424716
0.0,0.0,0.0,0.272871553898,-0.139772638679,0.0733238980174
0.0,0.0,0.0,0.272868365049,-0.139763653278,0.0736278891563
0.0,0.0,0.0,0.272866755724,-0.139760732651,0.0733113288879
0.0,0.0,0.0,0.272865325212,-0.139757543802,0.0709123685956
0.0,0.0,0.0,0.27285823226,-0.13976572454,0.0734750404954
0.0,0.0,0.0,0.272853702307,-0.139770969748,0.0734853595495
0.0,0.0,0.0,0.272851318121,-0.139774799347,0.0706960633397
0.0,0.0,0.0,0.272855162621,-0.13977073133,0.0734114050865
0.0,0.0,0.0,0.272854804993,-0.139768078923,0.0709978193045
0.0,0.0,0.0,0.27285182476,-0.139762729406,0.0734999030828
0.0,0.0,0.0,0.272849321365,-0.139756545424,0.0710546672344
0.0,0.0,0.0,0.272850841284,-0.139763087034,0.0735119208694
0.0,0.0,0.0,0.272850215435,-0.139766782522,0.0710542425513
0.0,0.0,0.0,0.272849321365,-0.139765664935,0.073483094573
0.0,0.0,0.0,0.272847771645,-0.139767751098,0.0710031166673
0.0,0.0,0.0,0.272849857807,-0.139774903655,0.0734638869762
0.0,0.0,0.0,0.272850990295,-0.139778599143,0.0710062608123
0.0,0.0,0.0,0.272851675749,-0.139773055911,0.0734642297029
0.0,0.0,0.0,0.272855132818,-0.139767929912,0.0710018351674
0.0,0.0,0.0,0.272855192423,-0.139767676592,0.0734639391303
0.0,0.0,0.0,0.272853881121,-0.139770328999,0.0710076838732
0.0,0.0,0.0,0.272855073214,-0.139779850841,0.073450230062
0.0,0.0,0.0,0.272854626179,-0.139786154032,0.0709836930037
0.0,0.0,0.0,0.272854864597,-0.139787241817,0.0734396129847
0.0,0.0,0.0,0.272853821516,-0.139787405729,0.0709799602628
0.0,0.0,0.0,0.272858649492,-0.13978022337,0.0734607204795
0.0,0.0,0.0,0.272863388062,-0.139779672027,0.0710254311562
0.0,0.0,0.0,0.272862523794,-0.139779180288,0.0734982714057
0.0,0.0,0.0,0.272863149643,-0.139778971672,0.0710524320602
0.0,0.0,0.0,0.272855103016,-0.139773994684,0.0727534294128
0.0,0.0,0.0,0.272849500179,-0.13976764679,0.0727494806051
0.0,0.0,0.0,0.272858172655,-0.139770925045,0.0727555453777
0.0,0.0,0.0,0.272873193026,-0.139778003097,0.0727766379714
0.0,0.0,0.0,0.272874295712,-0.139765068889,0.0727777853608
0.0,0.0,0.0,0.272862941027,-0.139763727784,0.0732344985008
0.0,0.0,0.0,0.272862404585,-0.139763593674,0.0732994526625
0.0,0.0,0.0,0.272862225771,-0.13976418972,0.0733219459653
0.0,0.0,0.0,0.272861391306,-0.139764383435,0.07333111763
0.0,0.0,0.0,0.27286440134,-0.139769613743,0.073339946568
0.0,0.0,0.0,0.272866666317,-0.13977253437,0.0733374282718
0.0,0.0,0.0,0.272867083549,-0.139771997929,0.0733303949237
0.0,0.0,0.0,0.272865056992,-0.139770284295,0.0733255371451
0.0,0.0,0.0,0.272862106562,-0.139770388603,0.0733195096254
0.0,0.0,0.0,0.272860467434,-0.139770463109,0.0706189125776
0.0,0.0,0.0,0.272860735655,-0.139773279428,0.0719252228737
0.0,0.0,0.0,0.272859841585,-0.139774248004,0.0687888339162
0.0,0.0,0.0,0.27285695076,-0.139776676893,0.0692764818668
0.0,0.0,0.0,0.272860825062,-0.139781698585,0.0708457753062
0.0,0.0,0.0,0.272863209248,-0.139766976237,0.0701979994774
0.0,0.0,0.0,0.272859990597,-0.139776706696,0.0719969496131
0.0,0.0,0.0,0.272856265306,-0.139773279428,0.0719622224569
0.0,0.0,0.0,0.272853761911,-0.139772459865,0.0719037503004
0.0,0.0,0.0,0.272852271795,-0.139770328999,0.0718511641026
0.0,0.0,0.0,0.27285182476,-0.139768868685,0.0718171074986
0.0,0.0,0.0,0.272850811481,-0.139767542481,0.0717957243323
0.0,0.0,0.0,0.272852241993,-0.139771923423,0.0717915147543
0.0,0.0,0.0,0.272859305143,-0.139775902033,0.0708263143897
0.0,0.0,0.0,0.272859305143,-0.139775902033,0.0708263143897
0.0,0.0,0.0,0.272855997086,-0.139775812626,0.0720375403762
0.0,0.0,0.0,0.272855997086,-0.139775812626,0.0720375403762
0.0,0.0,0.0,0.272850453854,-0.1397742033,0.0703972354531
0.0,0.0,0.0,0.272847771645,-0.13977573812,0.0722968280315
0.0,0.0,0.0,0.272845983505,-0.139776110649,0.0693252086639
0.0,0.0,0.0,0.272845804691,-0.139776915312,0.0717407912016
0.0,0.0,0.0,0.272844612598,-0.139777362347,0.0685595050454
0.0,0.0,0.0,0.272847026587,-0.139779224992,0.069439060986
0.0,0.0,0.0,0.27285310626,-0.139771863818,0.0719618797302
0.0,0.0,0.0,0.272856324911,-0.139770656824,0.0733043327928
0.0,0.0,0.0,0.272860258818,-0.139767289162,0.0737748667598
0.0,0.0,0.0,0.272867828608,-0.139763265848,0.0739335045218
0.0,0.0,0.0,0.272869408131,-0.139764025807,0.0739000290632
0.0,0.0,0.0,0.272871643305,-0.139763578773,0.0713661313057
0.0,0.0,0.0,0.272867888212,-0.139763355255,0.0716333985329
0.272856891155,-0.139766842127,0.0727698579431,0.272858977318,-0.139766395092,0.0737325176597
0.272856891155,-0.139766842127,0.0727699324489,0.272859126329,-0.139766022563,0.0711408630013
0.272856891155,-0.139766842127,0.0727705284953,0.272862643003,-0.139762789011,0.0739003419876
0.272856891155,-0.139766842127,0.0727724954486,0.27286401391,-0.139760702848,0.0737990066409
0.272856891155,-0.139766842127,0.0727767199278,0.27286490798,-0.139758840203,0.0713235884905
0.272856891155,-0.139766842127,0.0727857574821,0.272858768702,-0.139765754342,0.0739628747106
0.272856891155,-0.139766842127,0.0728008672595,0.272860139608,-0.139775007963,0.0738767534494
0.272856891155,-0.139766842127,0.0736705884337,0.273270010948,-0.140904247761,0.0731443241239
0.272856891155,-0.139766842127,0.0739142745733,0.273269951344,-0.14117628336,0.0739079788327
0.272856891155,-0.139766842127,0.0745378807187,0.273041695356,-0.142151206732,0.0754728838801
0.272856891155,-0.139766842127,0.0749270841479,0.27290430665,-0.142556726933,0.0767122581601
0.272856891155,-0.139766842127,0.0758836045861,0.272247046232,-0.143982619047,0.0802432820201
0.272856891155,-0.139766842127,0.0764598622918,0.271963715553,-0.144518867135,0.0821210369468
0.272856891155,-0.139766842127,0.0778327062726,0.270982086658,-0.146452561021,0.0877539888024
0.272856891155,-0.139766842127,0.0786381438375,0.270569264889,-0.147130042315,0.0902322456241
0.272856891155,-0.139766842127,0.0805116146803,0.269227832556,-0.149584278464,0.0976593866944
0.272856891155,-0.139766842127,0.0815881490707,0.268716841936,-0.150452435017,0.100675784051
0.272856891155,-0.139766842127,0.0840451270342,0.266951948404,-0.153483346105,0.109280966222
0.272856891155,-0.139766842127,0.0854334533215,0.266290962696,-0.154508680105,0.112556837499
0.272856891155,-0.139766842127,0.0885534062982,0.264195382595,-0.157921135426,0.121956914663
0.272856891155,-0.139766842127,0.090293481946,0.263505935669,-0.159133657813,0.125398308039
0.272856891155,-0.139766842127,0.0941494181752,0.26112678647,-0.162841930985,0.134956538677
0.272856891155,-0.139766842127,0.096274100244,0.260436713696,-0.164102777839,0.138492867351
0.272856891155,-0.139766842127,0.100938551128,0.257985144854,-0.168232679367,0.148708954453
0.272856891155,-0.139766842127,0.109007194638,0.25506952405,-0.17369119823,0.161568105221
0.272856891155,-0.139766842127,0.111995846033,0.254337072372,-0.17506377399,0.164655774832
0.272856891155,-0.139766842127,0.118440181017,0.252313256264,-0.179405778646,0.173805266619
0.272856891155,-0.139766842127,0.121898002923,0.251735448837,-0.180797785521,0.176754564047
0.272856891155,-0.139766842127,0.129300430417,0.249893993139,-0.18514277041,0.185410708189
0.272856891155,-0.139766842127,0.1416374892,0.247741788626,-0.191033259034,0.196837261319
0.272856891155,-0.139766842127,0.146083116531,0.24738048017,-0.192397549748,0.199627652764
0.272856891155,-0.139766842127,0.15548107028,0.246235236526,-0.196745887399,0.207943692803
0.272856891155,-0.139766842127,0.160438343883,0.245921969414,-0.198018953204,0.210761740804
0.272856891155,-0.139766842127,0.171104639769,0.245314538479,-0.2021740973,0.220424696803
0.272856891155,-0.139766842127,0.176322788,0.244827643037,-0.204471111298,0.222470894456
0.272856891155,-0.139766842127,0.193726345897,0.245082750916,-0.208561956882,0.234270781279
0.272856891155,-0.139766842127,0.206455677748,0.245566233993,-0.211780354381,0.245172023773
0.272856891155,-0.139766842127,0.212635949254,0.24567322433,-0.213712066412,0.247782841325
0.272856891155,-0.139766842127,0.226373210549,0.246649637818,-0.215754702687,0.259523153305
0.272856891155,-0.139766842127,0.233003333211,0.247054725885,-0.217419236898,0.262696295977
0.272856891155,-0.139766842127,0.247707873583,0.248026624322,-0.218179151416,0.273711800575
0.272856891155,-0.139766842127,0.254784554243,0.248547494411,-0.219360217452,0.276983350515
0.272856891155,-0.139766842127,0.262415140867,0.249017894268,-0.219903260469,0.280891656876
0.272856891155,-0.139766842127,0.277904689312,0.250151842833,-0.221481382847,0.292528569698
0.272856891155,-0.139766842127,0.285992264748,0.250662475824,-0.221830442548,0.297044664621
0.272856891155,-0.139766842127,0.30227959156,0.252190351486,-0.222618311644,0.310489267111
0.272856891155,-0.139766842127,0.310742884874,0.252621084452,-0.222769260406,0.315369516611
0.272856891155,-0.139766842127,0.327811300755,0.254111349583,-0.223275363445,0.330473303795
0.272856891155,-0.139766842127,0.336557984352,0.254589617252,-0.223207861185,0.335931181908
0.272856891155,-0.139766842127,0.354389667511,0.255970954895,-0.222972393036,0.351498156786
0.272856891155,-0.139766842127,0.363458663225,0.25640937686,-0.222698941827,0.35804566741
0.272856891155,-0.139766842127,0.381893247366,0.257249206305,-0.222030520439,0.371563434601
0.272856891155,-0.139766842127,0.391249120235,0.257960110903,-0.221248134971,0.383324474096
0.272856891155,-0.139766857028,0.4007614851,0.258276134729,-0.22080925107,0.390483260155
0.272856891155,-0.139766857028,0.419780761003,0.258983671665,-0.219442874193,0.409719079733
0.272856891155,-0.139766857028,0.429505497217,0.259163737297,-0.218795850873,0.417240440845
0.272856891155,-0.139766857028,0.44891089201,0.259370237589,-0.217067375779,0.437392055988
0.272856891155,-0.139766857028,0.458737581968,0.259306788445,-0.216403499246,0.445021778345
0.272856891155,-0.139766857028,0.478505790234,0.258731991053,-0.214399769902,0.465424746275
0.272856891155,-0.139766857028,0.48845115304,0.258508950472,-0.213806718588,0.472708761692
0.272856891155,-0.139766857028,0.50890648365,0.257572174072,-0.212374702096,0.488676309586
0.272856891155,-0.139766857028,0.518416702747,0.256789386272,-0.211224615574,0.502928256989
0.272856861353,-0.139766857028,0.538953959942,0.255600482225,-0.20994989574,0.518594443798
0.272856861353,-0.139766857028,0.548476994038,0.254353761673,-0.208700925112,0.5332441926
0.272856861353,-0.139766857028,0.558550000191,0.253612458706,-0.208044290543,0.541619300842
0.272856861353,-0.139766857028,0.578481256962,0.25131931901,-0.206233948469,0.56587767601
0.272856861353,-0.139766857028,0.588428318501,0.250447034836,-0.205724313855,0.574315488338
0.272856861353,-0.139766857028,0.608241081238,0.248055309057,-0.203920423985,0.598514974117
0.272856861353,-0.139766857028,0.618087410927,0.247154921293,-0.203389018774,0.606803774834
0.272856861353,-0.139766871929,0.637639701366,0.244541823864,-0.202118426561,0.63140642643
0.272856861353,-0.139766871929,0.647334098816,0.243598431349,-0.201635614038,0.639891326427
0.272856861353,-0.139766871929,0.666510224342,0.240994691849,-0.200531721115,0.665046572685
0.272856861353,-0.139766871929,0.675995707512,0.240093454719,-0.200148999691,0.673648118973
0.272856861353,-0.139766871929,0.694699585438,0.237336963415,-0.199429497123,0.698876082897
0.272856861353,-0.139766871929,0.703943371773,0.23661750555,-0.199265524745,0.707533478737
0.272856861353,-0.139766871929,0.72209072113,0.233962550759,-0.198837533593,0.732482671738
0.272856861353,-0.139766871929,0.731026947498,0.233122736216,-0.198968693614,0.74111700058
0.272856861353,-0.13976688683,0.748532354832,0.230789646506,-0.198939308524,0.76568120718
0.272856861353,-0.13976688683,0.757126569748,0.230048954487,-0.198993623257,0.773911356926
0.272856861353,-0.13976688683,0.773917615414,0.228022843599,-0.199305787683,0.798340082169
0.272856861353,-0.13976688683,0.782126307487,0.227629587054,-0.199323996902,0.806326806545
0.272856861353,-0.13976688683,0.798119366169,0.226181536913,-0.199776545167,0.830068767071
0.272856861353,-0.13976688683,0.805921316147,0.22590456903,-0.199909776449,0.837850749493
0.272856861353,-0.139766901731,0.821060478687,0.225024342537,-0.200681447983,0.861778914928
0.272856861353,-0.139766901731,0.828425824642,0.224964827299,-0.201068371534,0.869437754154
0.272856861353,-0.139766901731,0.842646479607,0.224109143019,-0.202630534768,0.892080843449
0.272856861353,-0.139766901731,0.849545717239,0.224077120423,-0.203070014715,0.899125993252
0.272856861353,-0.139766901731,0.862821102142,0.224087566137,-0.204141497612,0.919751226902
0.272856861353,-0.139766916633,0.869234859943,0.224187240005,-0.204552948475,0.92631649971
0.272856861353,-0.139766916633,0.881526529789,0.225050032139,-0.205859661102,0.945748031139
0.272856861353,-0.139766916633,0.887444913387,0.225272089243,-0.206371605396,0.952087104321
0.272856861353,-0.139766916633,0.898729920387,0.226412326097,-0.207976818085,0.970241844654
0.272856861353,-0.139766931534,0.904131293297,0.226852893829,-0.208553686738,0.975986301899
0.272856861353,-0.139766931534,0.914400219917,0.228445068002,-0.210362538695,0.99267411232
0.272856861353,-0.139766931534,0.919323325157,0.229160323739,-0.210946857929,0.998088538647
0.272856861353,-0.139766946435,0.92854475975,0.231430515647,-0.212145864964,1.01296269894
0.272856861353,-0.139766946435,0.932958066463,0.232319772243,-0.212678045034,1.01784408092
0.272856861353,-0.139766946435,0.941175639629,0.235207110643,-0.214811816812,1.03191387653
0.272856861353,-0.139766946435,0.945088326931,0.236168056726,-0.215273737907,1.03606557846
0.272856861353,-0.139766961336,0.952321588993,0.239444866776,-0.216284319758,1.04755806923
0.272856861353,-0.139766961336,0.955741643906,0.240651771426,-0.216718003154,1.05134356022
0.272856861353,-0.139766976237,0.96203148365,0.24412894249,-0.218474894762,1.06182050705
0.272856861353,-0.139766976237,0.964978694916,0.245411172509,-0.218977376819,1.06522893906
0.272856861353,-0.139766991138,0.970360219479,0.249152705073,-0.220592334867,1.07394742966
0.272856861353,-0.139766991138,0.972866117954,0.250445604324,-0.220945134759,1.07661724091
0.272856861353,-0.13976700604,0.977392911911,0.254470169544,-0.222402185202,1.08460831642
0.272856861353,-0.13976700604,0.979480445385,0.255801230669,-0.222820430994,1.0870745182
0.272856861353,-0.139767020941,0.983214497566,0.260021030903,-0.224178746343,1.09387230873
0.272856861353,-0.139767020941,0.984916865826,0.261350095272,-0.224494412541,1.09604418278
0.272856861353,-0.139767035842,0.987925589085,0.265373677015,-0.22563996911,1.10161459446
0.272856861353,-0.139767035842,0.989280164242,0.266672283411,-0.225925892591,1.10334646702
0.272856861353,-0.139767050743,0.992687940598,0.271835565567,-0.226968854666,1.1094275713
0.272856861353,-0.139767065644,0.994477689266,0.275561630726,-0.227592125535,1.11327528954
0.272856891155,-0.139767065644,0.995255708694,0.277045845985,-0.227573230863,1.11438035965
0.272856891155,-0.139767080545,0.996560871601,0.280503064394,-0.227843403816,1.11710453033
0.272856891155,-0.139767095447,0.997112810612,0.281862139702,-0.228013068438,1.1180934906
0.272856891155,-0.139767110348,0.998385429382,0.286002963781,-0.228453069925,1.12063837051
0.272856891155,-0.139767125249,0.998964726925,0.288778573275,-0.228731185198,1.12181162834
0.272856891155,-0.13976714015,0.999191999435,0.289793491364,-0.228825494647,1.12215328217
0.272856891155,-0.139767155051,0.999535739422,0.292152583599,-0.228946849704,1.12271416187
0.272856891155,-0.139767169952,0.999658942223,0.292930394411,-0.228965312243,1.12295985222
0.272856920958,-0.139767184854,0.999832808971,0.294829010963,-0.228918448091,1.12275969982
0.272856920958,-0.139767199755,0.999892652035,0.295408070087,-0.228890776634,1.12280702591
0.272856920958,-0.139767214656,0.999963283539,0.296632409096,-0.22950707376,1.12227725983
0.272856920958,-0.139767229557,0.999980032444,0.297079265118,-0.229339912534,1.12209570408
0.272856920958,-0.139767244458,1.00000059605,0.298268258572,-0.228794559836,1.11996138096
0.27285695076,-0.139767259359,1.00000214577,0.298481702805,-0.228645399213,1.11947786808
0.27285695076,-0.139767274261,1.0000064373,0.298969507217,-0.228282004595,1.11743402481
0.27285695076,-0.139767289162,1.00000834465,0.299030482769,-0.228157609701,1.11684656143
0.27285695076,-0.139767289162,1.00000834465,0.298931092024,-0.227848425508,1.1144194603
0.27285695076,-0.139767289162,1.00000834465,0.298837006092,-0.22774758935,1.11379981041
0.27285695076,-0.139767289162,1.00000834465,0.298217862844,-0.227454379201,1.11107432842
0.27285695076,-0.139767289162,1.00000834465,0.297574430704,-0.227246433496,1.10952210426
0.27285695076,-0.139767289162,1.00000834465,0.296939074993,-0.227043956518,1.10758066177
0.27285695076,-0.139767289162,1.00000834465,0.295920014381,-0.226852610707,1.10596680641
0.27285695076,-0.139767289162,1.00000834465,0.29500028491,-0.226667672396,1.10404098034
0.27285695076,-0.139767289162,1.00000834465,0.292189121246,-0.227014392614,1.1009272337
0.27285695076,-0.139767289162,1.00000834465,0.290566265583,-0.22659663856,1.09894812107
0.27285695076,-0.139767289162,1.00000834465,0.289165765047,-0.226328983903,1.0969299078
0.27285695076,-0.139767289162,1.00000834465,0.287122368813,-0.22654697299,1.09578919411
0.27285695076,-0.139767289162,1.00000834465,0.285439401865,-0.226712659001,1.0943018198
0.27285695076,-0.139767289162,1.00000834465,0.283277601004,-0.226703256369,1.09323167801
0.27285695076,-0.139767289162,1.00000834465,0.279475927353,-0.226022899151,1.09052765369
0.27285695076,-0.139767289162,1.00000834465,0.277666002512,-0.22563841939,1.08889579773
0.27285695076,-0.139767289162,1.00000834465,0.275577157736,-0.225301876664,1.08801972866
0.27285695076,-0.139767289162,1.00000834465,0.273749113083,-0.225136294961,1.08664441109
0.27285695076,-0.139767289162,1.00000834465,0.271743297577,-0.224999323487,1.08609354496
0.27285695076,-0.139767289162,1.00000834465,0.269769310951,-0.225038528442,1.0849186182
0.27285695076,-0.139767289162,1.00000834465,0.265793204308,-0.225514799356,1.08414101601
0.27285695076,-0.139767289162,1.00000834465,0.263946115971,-0.22561788559,1.08416414261
0.27285695076,-0.139767289162,1.00000834465,0.262242943048,-0.22560955584,1.08334255219
0.27285695076,-0.139767289162,1.00000834465,0.26071870327,-0.225174665451,1.08300685883
0.27285695076,-0.139767289162,1.00000834465,0.25899541378,-0.225283056498,1.08224070072
0.27285695076,-0.139767289162,1.00000834465,0.257591634989,-0.225319907069,1.08229863644
0.27285695076,-0.139767289162,1.00000834465,0.254815191031,-0.225823909044,1.08172118664
0.27285695076,-0.139767289162,1.00000834465,0.253682523966,-0.226102769375,1.08091390133
0.27285695076,-0.139767289162,1.00000834465,0.252786099911,-0.226436436176,1.08111786842
0.27285695076,-0.139767289162,1.00000834465,0.252046763897,-0.226657524705,1.08047509193
0.27285695076,-0.139767289162,1.00000834465,0.251351028681,-0.22709146142,1.08062577248
0.27285695076,-0.139767289162,1.00000834465,0.250764846802,-0.227543354034,1.08009588718
0.27285695076,-0.139767289162,1.00000834465,0.250374317169,-0.227891892195,1.08021426201
0.27285695076,-0.139767289162,1.00000834465,0.250132024288,-0.228264212608,1.0795801878
0.27285695076,-0.139767289162,1.00000834465,0.250065326691,-0.228542402387,1.07961523533
0.27285695076,-0.139767289162,1.00000834465,0.249997973442,-0.228873178363,1.0788090229
0.27285695076,-0.139767289162,1.00000834465,0.250146538019,-0.229268595576,1.07894039154
0.0,0.0,1.0,0.250221371651,-0.229631438851,1.07803070545
0.0,0.0,1.0,0.250314086676,-0.23021504283,1.07508599758
0.0,0.0,1.0,0.250829607248,-0.230538338423,1.07793772221
0.0,0.0,1.0,0.25129121542,-0.231108754873,1.07476961613
0.0,0.0,1.0,0.251777142286,-0.231395453215,1.07747220993
0.0,0.0,1.0,0.252385616302,-0.231967270374,1.07440853119
0.0,0.0,1.0,0.252766370773,-0.232255399227,1.07685470581
0.0,0.0,1.0,0.253419965506,-0.232696503401,1.07372534275
0.0,0.0,1.0,0.25366383791,-0.23284162581,1.07625555992
0.0,0.0,1.0,0.254118651152,-0.233200520277,1.07317340374
0.0,0.0,1.0,0.254012942314,-0.233059763908,1.07603430748
0.0,0.0,1.0,0.254106998444,-0.233101084828,1.07321488857
0.0,0.0,1.0,0.253437072039,-0.232584789395,1.07629799843
0.0,0.0,1.0,0.252781540155,-0.232112213969,1.07425510883
0.0,0.0,1.0,0.250048398972,-0.230180367827,1.07553768158
0.0,0.0,1.0,0.247969865799,-0.228720188141,1.07885825634
0.0,0.0,1.0,0.245524987578,-0.227017849684,1.07738423347
0.0,0.0,1.0,0.242868810892,-0.225217625499,1.08060097694
0.0,0.0,1.0,0.239496067166,-0.222963124514,1.07924246788
0.0,0.0,1.0,0.236430943012,-0.221003338695,1.08230125904
0.0,0.0,1.0,0.232261300087,-0.218326061964,1.08073711395
0.0,0.0,1.0,0.228524252772,-0.215892910957,1.08391821384
0.0,0.0,1.0,0.22346483171,-0.212730467319,1.0822840929
0.0,0.0,1.0,0.218907788396,-0.210187241435,1.08518791199
0.0,0.0,1.0,0.212897375226,-0.206698790193,1.08368110657
0.0,0.0,1.0,0.208083644509,-0.204217717052,1.08581125736
0.0,0.0,1.0,0.196007475257,-0.197864905,1.08678305149
0.0,0.0,1.0,0.188536033034,-0.193970575929,1.08450901508
0.0,0.0,1.0,0.182992577553,-0.191067069769,1.08741986752
0.0,0.0,1.0,0.175024628639,-0.187020406127,1.08538377285
0.0,0.0,1.0,0.169251814485,-0.184536591172,1.08782577515
0.0,0.0,1.0,0.160852238536,-0.180351376534,1.08568513393
0.0,0.0,1.0,0.155006349087,-0.177538469434,1.08747935295
0.0,0.0,1.0,0.146236285567,-0.173361301422,1.08471047878
0.0,0.0,1.0,0.140529215336,-0.170650273561,1.08673679829
0.0,0.0,1.0,0.131461828947,-0.166728019714,1.0840651989
0.0,0.0,1.0,0.125869050622,-0.164590641856,1.08681857586
0.0,0.0,1.0,0.116889305413,-0.161480009556,1.08482432365
0.0,0.0,1.0,0.111581109464,-0.159222513437,1.08683204651
0.0,0.0,1.0,0.102985732257,-0.15549749136,1.08399534225
0.0,0.0,1.0,0.0977678596973,-0.15388520062,1.08681261539
0.0,0.0,1.0,0.0895288288593,-0.150792166591,1.08438122272
0.0,0.0,1.0,0.0848162025213,-0.149411454797,1.08720099926
0.0,0.0,1.0,0.0771787911654,-0.146756023169,1.08518922329
0.0,0.0,1.0,0.0732946097851,-0.145717069507,1.08805203438
0.0,0.0,1.0,0.0661968886852,-0.143429145217,1.08609747887
0.0,0.0,1.0,0.0628560557961,-0.142247483134,1.0888710022
0.0,0.0,1.0,0.0563302561641,-0.140280857682,1.08662629128
0.0,0.0,1.0,0.0531960986555,-0.139744967222,1.08997762203
0.0,0.0,1.0,0.0474033765495,-0.138282224536,1.08816194534
0.0,0.0,1.0,0.0446586161852,-0.137951821089,1.0909705162
0.0,0.0,1.0,0.0396678112447,-0.137085691094,1.08939814568
0.0,0.0,1.0,0.0375011377037,-0.136870533228,1.09202849865
0.0,0.0,1.0,0.0333701968193,-0.136226132512,1.09014880657
0.0,0.0,1.0,0.0317621491849,-0.136581167579,1.09346628189
0.0,0.0,1.0,0.0284038688987,-0.136478304863,1.0917545557
0.0,0.0,1.0,0.0265778303146,-0.136883497238,1.09508132935
0.0,0.0,1.0,0.025116417557,-0.136903762817,1.09294617176
0.0,0.0,1.0,0.0241277366877,-0.137355163693,1.09588718414
0.0,0.0,1.0,0.0231507979333,-0.137442857027,1.09361362457
0.0,0.0,1.0,0.0221635140479,-0.138666734099,1.09430730343
0.0,0.0,1.0,0.0222841985524,-0.139162451029,1.09613001347
0.0,0.0,1.0,0.0220612455159,-0.139882549644,1.09364962578
0.0,0.0,1.0,0.0227630585432,-0.140474930406,1.09598886967
0.0,0.0,1.0,0.0230755582452,-0.14140316844,1.09311509132
0.0,0.0,1.0,0.0249829124659,-0.142553210258,1.09240102768
0.0,0.0,1.0,0.0259897168726,-0.142883449793,1.0944890976
0.0,0.0,1.0,0.0273552257568,-0.143496930599,1.09139585495
0.0,0.0,1.0,0.0283576194197,-0.143672972918,1.09349584579
0.0,0.0,1.0,0.0298896357417,-0.144062697887,1.09040164948
0.0,0.0,1.0,0.0309702884406,-0.144203677773,1.0925347805
0.0,0.0,1.0,0.0326661206782,-0.144505187869,1.08937013149
0.0,0.0,1.0,0.0336289778352,-0.144445374608,1.09163486958
0.0,0.0,1.0,0.0353178232908,-0.144451290369,1.08877885342
0.0,0.0,1.0,0.0366634055972,-0.144430816174,1.09097230434
0.0,0.0,1.0,0.0385261252522,-0.144390404224,1.08822512627
0.0,0.0,1.0,0.0397537797689,-0.14378477633,1.09003734589
0.0,0.0,1.0,0.0416874028742,-0.143127545714,1.08709871769
0.0,0.0,1.0,0.0425323061645,-0.142255023122,1.08886826038
0.0,0.0,1.0,0.0441979132593,-0.141083553433,1.08582758904
0.0,0.0,1.0,0.0448358766735,-0.139997392893,1.08767223358
0.0,0.0,1.0,0.0460662469268,-0.138525247574,1.08476734161
0.0,0.0,1.0,0.0464258827269,-0.137312501669,1.08652031422
0.0,0.0,1.0,0.0472150370479,-0.135575413704,1.08342278004
0.0,0.0,1.0,0.047274377197,-0.134103640914,1.08549153805
0.0,0.0,1.0,0.0477189309895,-0.132102012634,1.08248662949
0.0,0.0,1.0,0.0474962107837,-0.129111275077,1.08165550232
0.0,0.0,1.0,0.0472953654826,-0.128159061074,1.08175301552
0.0,0.0,1.0,0.046296402812,-0.124924577773,1.0804066658
0.0,0.0,1.0,0.0458500348032,-0.12384724617,1.08051657677
0.0,0.0,1.0,0.044233661145,-0.120373100042,1.07955408096
0.0,0.0,1.0,0.0435648523271,-0.119304001331,1.07946288586
0.0,0.0,1.0,0.0411273911595,-0.115593381226,1.07915139198
0.0,0.0,1.0,0.0402236767113,-0.114529445767,1.07911837101
0.0,0.0,1.0,0.0370930507779,-0.11098138988,1.07842743397
0.0,0.0,1.0,0.0359869338572,-0.109950698912,1.0786229372
0.0,0.0,1.0,0.032147064805,-0.10641463846,1.0778772831
0.0,0.0,1.0,0.0309875141829,-0.105437904596,1.07803797722
0.0,0.0,1.0,0.0266955513507,-0.102378457785,1.07766604424
0.0,0.0,1.0,0.0209490377456,-0.0989676639438,1.07743895054
0.0,0.0,1.0,0.0196259971708,-0.0980663970113,1.07748281956
0.0,0.0,1.0,0.0196259971708,-0.0980663970113,1.07748281956
0.0,0.0,1.0,0.0149249248207,-0.0955222100019,1.07689726353
0.0,0.0,1.0,0.0134797114879,-0.0949581563473,1.07701230049
0.0,0.0,1.0,0.00840670056641,-0.0939038097858,1.077450037
0.0,0.0,1.0,0.00702797062695,-0.0935091599822,1.07770597935
0.0,0.0,1.0,0.00218496890739,-0.0922325924039,1.07774794102
0.0,0.0,1.0,0.000762479612604,-0.091984167695,1.0781621933
0.0,0.0,1.0,-0.00418718857691,-0.0911718904972,1.07818043232
0.0,0.0,1.0,-0.00553504470736,-0.0910090208054,1.07845926285
0.0,0.0,1.0,-0.0103703774512,-0.0908570438623,1.07883584499
0.0,0.0,1.0,-0.0116646457464,-0.09088691324,1.07919311523
0.0,0.0,1.0,-0.0161848645657,-0.0912554860115,1.07975506783
0.0,0.0,1.0,-0.0173856373876,-0.0914778262377,1.08024954796
0.0,0.0,1.0,-0.0213249344379,-0.0926401242614,1.08079564571
0.0,0.0,1.0,-0.0223182160407,-0.0929203853011,1.08117747307
0.0,0.0,1.0,-0.0255832467228,-0.0944693237543,1.08189570904
0.0,0.0,1.0,-0.0264377389103,-0.0950310006738,1.08223247528
0.0,0.0,1.0,-0.0290683247149,-0.0970809981227,1.08318352699
0.0,0.0,1.0,-0.0297188684344,-0.0978629440069,1.08375000954
0.0,0.0,1.0,-0.031567633152,-0.100139059126,1.08451592922
0.0,0.0,1.0,-0.0320204235613,-0.100994870067,1.08488833904
0.0,0.0,1.0,-0.0334730148315,-0.104056686163,1.08595061302
0.0,0.0,1.0,-0.0337950177491,-0.105202488601,1.0863982439
0.0,0.0,1.0,-0.0344639234245,-0.109404228628,1.08740603924
0.0,0.0,1.0,-0.0340969190001,-0.112048730254,1.08770167828
0.0,0.0,1.0,-0.034120567143,-0.113364800811,1.08792603016
0.0,0.0,1.0,-0.0327977575362,-0.11737960577,1.0882049799
0.0,0.0,1.0,-0.0319048836827,-0.120732866228,1.08832716942
0.0,0.0,1.0,-0.029578210786,-0.12429959327,1.0877045393
0.0,0.0,1.0,-0.0288507156074,-0.125302895904,1.08772039413
0.0,0.0,1.0,-0.0268485546112,-0.127883598208,1.08755946159
0.0,0.0,1.0,-0.0261703208089,-0.128695040941,1.08720803261
0.0,0.0,1.0,-0.0238368995488,-0.130874320865,1.08721673489
0.0,0.0,1.0,-0.0230255797505,-0.131492868066,1.08727037907
0.0,0.0,1.0,-0.0205995440483,-0.133203908801,1.08678865433
0.0,0.0,1.0,-0.0197474230081,-0.133641973138,1.08696746826
0.0,0.0,1.0,-0.0172958001494,-0.134950697422,1.08613681793
0.0,0.0,1.0,-0.016535198316,-0.135247662663,1.08632111549
0.0,0.0,1.0,-0.0137749165297,-0.136283352971,1.0858976841
0.0,0.0,1.0,-0.0129801006988,-0.136422887444,1.08586478233
0.0,0.0,1.0,-0.010468935594,-0.136471927166,1.08561694622
0.0,0.0,1.0,-0.00973347760737,-0.136372566223,1.08556687832
0.0,0.0,1.0,-0.0074375802651,-0.135894313455,1.08505237103
0.0,0.0,1.0,-0.00679381471127,-0.135735988617,1.08528506756
0.0,0.0,1.0,-0.00428840843961,-0.13438102603,1.08465051651
0.0,0.0,1.0,-0.00280657433905,-0.132792308927,1.08443653584
0.0,0.0,1.0,-0.0024342762772,-0.132244840264,1.08448457718
0.0,0.0,1.0,-0.00137231813278,-0.130085095763,1.08421432972
0.0,0.0,1.0,-0.00114266353194,-0.129344716668,1.08438467979
0.0,0.0,1.0,-0.00062678870745,-0.126965478063,1.08399915695
0.0,0.0,1.0,-0.00064781983383,-0.126255586743,1.08430314064
0.0,0.0,1.0,-0.000884339446202,-0.123664215207,1.084410429
0.0,0.0,1.0,-0.00104102981277,-0.122825540602,1.08455014229
0.0,0.0,1.0,-0.00199848948978,-0.119983665645,1.08467650414
0.0,0.0,1.0,-0.00234310911037,-0.119003921747,1.08492517471
0.0,0.0,1.0,-0.00361821963452,-0.115949273109,1.084207654
0.0,0.0,1.0,-0.00420063361526,-0.115079723299,1.08450508118
0.0,0.0,1.0,-0.00603843666613,-0.112159602344,1.08454453945
-1.26813773704e-07,7.7839032997e-08,1.0,-0.014082223177,-0.104213289917,1.08476281166
-3.16124584288e-07,1.94054791791e-07,1.0,-0.0223304368556,-0.0977936983109,1.08428382874
-3.65476580555e-07,2.24338364774e-07,1.0,-0.026814641431,-0.0955502688885,1.0842884779
-4.13517255993e-07,2.5381660862e-07,1.0,-0.0313727147877,-0.0940162166953,1.0838432312
-4.60730717577e-07,2.82787283368e-07,1.0,-0.0357666164637,-0.0932825729251,1.08434426785
-5.05902335135e-07,3.10504276513e-07,1.0,-0.0399663820863,-0.0931909680367,1.08512532711
-5.48762216113e-07,3.36802770562e-07,1.0,-0.0438241586089,-0.0935753956437,1.08526730537
-1.86010208836e-06,1.14431281872e-06,1.0,-0.0463223569095,-0.0944247767329,1.0856846571
-5.82400798521e-06,3.59290675078e-06,1.0,-0.0470687001944,-0.0947310552001,1.08582556248
-3.37398814736e-05,2.09216577787e-05,1.0,-0.0493540354073,-0.0962155535817,1.08684670925
-6.5683881985e-05,4.08309497288e-05,1.0,-0.0500476956367,-0.0967069417238,1.08692908287
-0.000190757142263,0.00011916821677,1.0,-0.0517156645656,-0.0982271209359,1.08694326878
-0.000630232854746,0.000396701303544,1.0,-0.0536077022552,-0.100786969066,1.08712816238
-0.000874409044627,0.000551813980564,1.0,-0.0540836043656,-0.101578429341,1.08720529079
-0.00156076718122,0.000990106142126,1.0,-0.0552297271788,-0.103793032467,1.08754611015
-0.0020227835048,0.0012866104953,1.0,-0.0556130632758,-0.104651115835,1.08748984337
-0.0032309521921,0.00206620618701,1.0,-0.0566005185246,-0.10721886158,1.08748030663
-0.00400023069233,0.00256522442214,1.0,-0.0570082440972,-0.108132019639,1.08755910397
-0.00591649673879,0.00381541857496,1.0,-0.0580075830221,-0.110546588898,1.08737385273
-0.00708887400106,0.00458459137008,1.0,-0.0584787465632,-0.11147903651,1.08733737469
-0.00990612059832,0.00644415337592,1.0,-0.0598696358502,-0.113833792508,1.08711647987
-0.0115804784,0.00755596673116,1.0,-0.0604667067528,-0.114819727838,1.08707261086
-0.0154945189133,0.0101717598736,1.0,-0.0625000521541,-0.117156140506,1.08681285381
-0.0177635382861,0.0116979070008,1.0,-0.0633476898074,-0.11792884022,1.08691227436
-0.0229571368545,0.0152152171358,1.0,-0.0660781338811,-0.120054095984,1.08587646484
-0.0259103234857,0.0172290410846,1.0,-0.0671427696943,-0.120588384569,1.08572208881
-0.0325469039381,0.0217881146818,1.0,-0.0706436559558,-0.122097149491,1.08485496044
-0.0362673103809,0.0243629589677,1.0,-0.0719981119037,-0.122490718961,1.08448791504
-0.0444864220917,0.0300967115909,1.0,-0.0768301263452,-0.123420029879,1.08345389366
-0.049060985446,0.0333138480783,1.0,-0.0786625370383,-0.12360072881,1.08320510387
-0.0589432306588,0.0403238981962,1.0,-0.0845174118876,-0.123679667711,1.08141446114
-0.0643926486373,0.0442235767841,1.0,-0.0867625102401,-0.123584330082,1.08137249947
-0.0823709443212,0.0572547800839,1.0,-0.0967921465635,-0.122525304556,1.07959389687
-0.0957875549793,0.0671413913369,1.0,-0.10498431325,-0.120537303388,1.07842874527
-0.11818959564,0.0839536562562,1.0,-0.117586418986,-0.116354130208,1.07709932327
-0.126295119524,0.0901308059692,1.0,-0.121008947492,-0.11494795233,1.07688117027
-0.143118575215,0.103113897145,1.0,-0.131828695536,-0.110749967396,1.07584249973
-0.170394539833,0.124641887844,1.0,-0.147644817829,-0.103014096618,1.07454323769
-0.180048465729,0.132408708334,1.0,-0.151669889688,-0.100402504206,1.07453656197
-0.19974245131,0.14850397408,1.0,-0.16452459991,-0.0923736914992,1.07345438004
-0.210006073117,0.157031178474,1.0,-0.168910264969,-0.0894107446074,1.07337355614
-0.23077955842,0.174599170685,1.0,-0.18210336566,-0.0799116119742,1.07320082188
-0.241529792547,0.183861777186,1.0,-0.186611294746,-0.0762800201774,1.07327222824
-0.263091892004,0.202819183469,1.0,-0.200543597341,-0.064621604979,1.07322263718
-0.27414894104,0.212750181556,1.0,-0.205162152648,-0.0604146271944,1.07332324982
-0.296163618565,0.232986271381,1.0,-0.219306305051,-0.0468079298735,1.07358002663
-0.307351112366,0.243525996804,1.0,-0.223917961121,-0.0417876020074,1.07380759716
-0.329418718815,0.264880537987,1.0,-0.238087534904,-0.0261728987098,1.0740916729
-0.340543299913,0.275958240032,1.0,-0.242606028914,-0.0206933300942,1.07452917099
-0.362261354923,0.298272401094,1.0,-0.256233125925,-0.00269971275702,1.07534623146
-0.3730930686,0.309781908989,1.0,-0.260540693998,0.00360160996206,1.07601261139
-0.394043117762,0.332880407572,1.0,-0.2736287117,0.0236671101302,1.07726454735
-0.40436527133,0.344724744558,1.0,-0.277674168348,0.0306573696434,1.07786011696
-0.433720260859,0.380492448807,1.0,-0.293688446283,0.0604168921709,1.08012282848
-0.451868206263,0.404574513435,1.0,-0.304784268141,0.0844470113516,1.08158969879
-0.460536926985,0.41677030921,1.0,-0.308134049177,0.0927631631494,1.08241522312
-0.476719260216,0.441073447466,1.0,-0.318125486374,0.118571795523,1.08404326439
-0.484331816435,0.453367710114,1.0,-0.321055710316,0.127524569631,1.08482682705
-0.498178362846,0.477638483047,1.0,-0.329483866692,0.155367612839,1.08659911156
-0.504554152489,0.489897459745,1.0,-0.331907570362,0.164857000113,1.08739352226
-0.515832483768,0.514018058777,1.0,-0.338885784149,0.194567427039,1.08913600445
-0.520847439766,0.526152551174,1.0,-0.340818434954,0.204627871513,1.08994352818
-0.529347658157,0.549971878529,1.0,-0.346686631441,0.235953345895,1.09169435501
-0.532919228077,0.561936557293,1.0,-0.348252654076,0.246423885226,1.09265685081
-0.538482129574,0.585308134556,1.0,-0.352585941553,0.275473773479,1.09448957443
-0.54053735733,0.597018301487,1.0,-0.354277521372,0.287663191557,1.09521615505
-0.543064713478,0.61982768774,1.0,-0.358375668526,0.318701833487,1.0973225832
-0.543565571308,0.631224095821,1.0,-0.359913706779,0.331514000893,1.09814894199
-0.543008625507,0.653361201286,1.0,-0.363418936729,0.363498419523,1.10033380985
-0.541943669319,0.66439139843,1.0,-0.364773184061,0.376555562019,1.10135507584
-0.538303732872,0.68576747179,1.0,-0.368161797523,0.408831596375,1.10336816311
-0.53568893671,0.696377456188,1.0,-0.369577229023,0.422031462193,1.10417413712
-0.529022157192,0.716892004013,1.0,-0.372692227364,0.454172939062,1.10652661324
-0.524896085262,0.727050900459,1.0,-0.373961627483,0.467274218798,1.10742282867
-0.515296757221,0.746647894382,1.0,-0.376783460379,0.499006330967,1.10962569714
-0.509724974632,0.7563149333,1.0,-0.377931147814,0.511870086193,1.11052525043
-0.497338891029,0.774926066399,1.0,-0.380183845758,0.538017868996,1.10978960991
-0.490390062332,0.784094929695,1.0,-0.381257355213,0.55296677351,1.11234295368
-0.475398004055,0.801669716835,1.0,-0.383530080318,0.583853423595,1.11541426182
-0.467188090086,0.810296118259,1.0,-0.384368896484,0.596028745174,1.1165137291
-0.449807226658,0.826794087887,1.0,-0.386084884405,0.624798297882,1.11870074272
-0.440462887287,0.834854364395,1.0,-0.386915385723,0.636101782322,1.11935162544
-0.420931369066,0.850249171257,1.0,-0.38834348321,0.662674427032,1.12167930603
-0.41056984663,0.857741713524,1.0,-0.3887835145,0.67152518034,1.12268972397
-0.354878634214,0.892033040524,1.0,-0.390721470118,0.72609359026,1.12804675102
-0.342894405127,0.898359656334,1.0,-0.390634983778,0.73295122385,1.12928438187
-0.31858626008,0.910275995731,1.0,-0.390542566776,0.751063644886,1.1315267086
-0.280665755272,0.926724076271,1.0,-0.389040797949,0.770822763443,1.13480103016
-0.267730593681,0.931804299355,1.0,-0.388448536396,0.774903714657,1.13571572304
-0.241534605622,0.941340982914,1.0,-0.386186659336,0.785355448723,1.13726532459
-0.228270933032,0.945805191994,1.0,-0.385158061981,0.788114905357,1.13804900646
-0.201570287347,0.954086959362,1.0,-0.381597399712,0.794822633266,1.13938784599
-0.188117429614,0.957914292812,1.0,-0.380053400993,0.796269953251,1.1401091814
-0.16110791266,0.964920639992,1.0,-0.375027358532,0.799538850784,1.14084613323
-0.134021624923,0.9710547328,1.0,-0.370391845703,0.799854755402,1.14174425602
-0.0934479385614,0.978585839272,1.0,-0.360122174025,0.797771692276,1.14247250557
-0.0799626037478,0.980645954609,1.0,-0.354881644249,0.795981824398,1.14227426052
-0.0531409047544,0.984074413776,1.0,-0.346841275692,0.792230546474,1.1428565979
-0.0398107543588,0.985440790653,1.0,-0.340218245983,0.78905826807,1.14257514477
-0.000234850987908,0.988127708435,1.0,-0.322939187288,0.779376864433,1.14260911942
0.0263313110918,0.988728225231,1.0,-0.312092214823,0.772908806801,1.14297783375
0.0385948941112,0.98866212368,1.0,-0.301845818758,0.767018914223,1.14220798016
0.0639610290527,0.987802743912,1.0,-0.288832396269,0.759456932545,1.14196944237
0.0764758810401,0.987004697323,1.0,-0.278160482645,0.753316581249,1.1413077116
0.101710811257,0.98460060358,1.0,-0.264520347118,0.745729982853,1.14112699032
0.113300301135,0.983123362064,1.0,-0.251314163208,0.738252937794,1.14005696774
0.148942947388,0.976996123791,1.0,-0.221213385463,0.721610069275,1.138225317
0.172521114349,0.971523463726,1.0,-0.204189404845,0.712687194347,1.13755381107
0.183298736811,0.968614161015,1.0,-0.187993913889,0.704526722431,1.13578402996
0.20593264699,0.961611270905,1.0,-0.169557452202,0.695652008057,1.13461995125
0.216320261359,0.957968711853,1.0,-0.152051225305,0.687359690666,1.13276147842
0.237969577312,0.949443757534,1.0,-0.132467776537,0.678645253181,1.13144361973
0.247876554728,0.945095896721,1.0,-0.113657295704,0.670627176762,1.12927389145
0.268535971642,0.93505269289,1.0,-0.0928748548031,0.662179589272,1.12743425369
0.277949690819,0.930009424686,1.0,-0.0732419863343,0.654517591,1.12530171871
0.297561526299,0.918480634689,1.0,-0.051517073065,0.646602630615,1.12347745895
0.306452542543,0.912765264511,1.0,-0.0311045907438,0.639445364475,1.12086379528
0.333299875259,0.893434584141,1.0,0.0124431885779,0.625789105892,1.11699402332
0.35062751174,0.879087388515,1.0,0.0354176908731,0.61935120821,1.11555027962
0.358420848846,0.87208789587,1.0,0.0567087717354,0.613554954529,1.11357903481
0.374498069286,0.856436431408,1.0,0.0796595960855,0.607789516449,1.11263144016
0.381694436073,0.848843932152,1.0,0.101153738797,0.602436184883,1.11112499237
0.39644870162,0.831969261169,1.0,0.12378937006,0.597442984581,1.11066102982
0.40300744772,0.823830366135,1.0,0.141941100359,0.593484222889,1.10977053642
0.41637673974,0.805803179741,1.0,0.165690168738,0.58841252327,1.10915887356
0.422270834446,0.797148764133,1.0,0.183597609401,0.585011363029,1.10856461525
0.434157639742,0.778088092804,1.0,0.206932127476,0.580419898033,1.10828709602
0.439343452454,0.768973171711,1.0,0.22401972115,0.576982557774,1.10744154453
0.449670374393,0.748979985714,1.0,0.246131211519,0.572569310665,1.10750758648
0.454109400511,0.739456474781,1.0,0.262278586626,0.569335520267,1.10696101189
0.462794333696,0.718645215034,1.0,0.282829970121,0.564926028252,1.10716950893
0.466448664665,0.708767652512,1.0,0.297668635845,0.56165844202,1.10706186295
0.473411828279,0.687257945538,1.0,0.316522777081,0.557302355766,1.10713744164
0.476247310638,0.67707490921,1.0,0.330167323351,0.553732037544,1.10712063313
0.481410950422,0.65499818325,1.0,0.346986204386,0.548939168453,1.1077080965
0.483390778303,0.64457577467,1.0,0.359037220478,0.545142233372,1.10733246803
0.486688256264,0.622049152851,1.0,0.373698115349,0.539746880531,1.10735356808
0.487781703472,0.611445963383,1.0,0.384060740471,0.535550832748,1.10678124428
0.489151477814,0.588594615459,1.0,0.396465152502,0.529279947281,1.10705065727
0.489331901073,0.577877402306,1.0,0.404996663332,0.524249076843,1.10654449463
0.488750487566,0.555330336094,1.0,0.416708797216,0.517233669758,1.1037633419
0.487968504429,0.544032990932,1.0,0.423734396696,0.513469040394,1.10001659393
0.485337644815,0.520889639854,1.0,0.428869396448,0.503957986832,1.10514867306
0.48363417387,0.5100954175,1.0,0.434055089951,0.496908336878,1.10492563248
0.478956729174,0.486992627382,1.0,0.439151346684,0.487298965454,1.10504686832
0.476291626692,0.476229816675,1.0,0.442700326443,0.479660212994,1.10461330414
0.469550222158,0.453255951405,1.0,0.445655047894,0.46879824996,1.1044100523
0.465924918652,0.442589133978,1.0,0.447357684374,0.460278511047,1.1037607193
0.457123845816,0.419848591089,1.0,0.447993606329,0.448149770498,1.10380971432
0.452541261911,0.409311026335,1.0,0.447928160429,0.438708484173,1.10308206081
0.441703736782,0.386895358562,1.0,0.44628494978,0.425370782614,1.10317325592
0.436172246933,0.37651437521,1.0,0.444694578648,0.41498041153,1.10241305828
0.423331320286,0.354485601187,1.0,0.441104978323,0.400391072035,1.10274851322
0.416881084442,0.344306886196,1.0,0.4379568398,0.389237821102,1.10209679604
0.402085572481,0.322710454464,1.0,0.432373195887,0.373690068722,1.1021156311
0.394741564989,0.312747329473,1.0,0.427779316902,0.36141872406,1.10152769089
0.37807521224,0.291638225317,1.0,0.420461714268,0.344936668873,1.1011711359
0.351416826248,0.261290371418,1.0,0.406193077564,0.314920932055,1.10004031658
0.342400968075,0.251786619425,1.0,0.39911493659,0.301582068205,1.09919714928
0.322248458862,0.23166680336,1.0,0.389136016369,0.283633649349,1.09881198406
0.31243750453,0.222363010049,1.0,0.38120046258,0.269810378551,1.09751451015
0.290797114372,0.202804863453,1.0,0.36986258626,0.251335173845,1.09719800949
0.280292093754,0.193731695414,1.0,0.360999077559,0.237207844853,1.09606707096
0.257736712694,0.175044625998,1.0,0.348377645016,0.217652246356,1.09238612652
0.246120482683,0.165794074535,1.0,0.338285207748,0.204001575708,1.09454452991
0.221814185381,0.147139340639,1.0,0.324290066957,0.184628203511,1.09359288216
0.21017023921,0.138499140739,1.0,0.313567310572,0.170351043344,1.09249854088
0.185376450419,0.120645754039,1.0,0.298631459475,0.150396302342,1.08916509151
0.172681927681,0.111755996943,1.0,0.288065940142,0.137533336878,1.08937096596
0.146963268518,0.0941832214594,1.0,0.27305150032,0.11910752207,1.08688783646
0.133962228894,0.0854917615652,1.0,0.260379850864,0.105121590197,1.08937036991
0.107550233603,0.0681572183967,1.0,0.242936223745,0.0848403424025,1.08604335785
0.0942736417055,0.0595790222287,1.0,0.230727791786,0.0718213021755,1.08846127987
0.0673788711429,0.042412456125,1.0,0.212414711714,0.0516792237759,1.08519971371
0.0539076700807,0.0338944680989,1.0,0.199922680855,0.0394305475056,1.087890625
0.0267563518137,0.0168275777251,1.0,0.181180343032,0.0199862513691,1.08509337902
0.0132037205622,0.00833533983678,1.0,0.168641120195,0.00867883581668,1.08776974678
-0.0275508351624,-0.0172341614962,1.0,0.13666883111,-0.0206143539399,1.08822154999
-0.0546314269304,-0.0343662686646,1.0,0.117277652025,-0.0382240265608,1.08643174171
-0.0680330991745,-0.0429201982915,1.0,0.104447096586,-0.0482986047864,1.08946204185
-0.0947653129697,-0.0601892508566,1.0,0.0847448408604,-0.0650462806225,1.08784854412
-0.134197324514,-0.0863396599889,1.0,0.0534048601985,-0.0894473865628,1.08942520618
-0.147045910358,-0.0950830355287,1.0,0.0421905294061,-0.0972938835621,1.09330570698
-0.172594189644,-0.11287022382,1.0,0.0214917771518,-0.112787142396,1.09191668034
-0.185039401054,-0.121755480766,1.0,0.00992853660136,-0.120169371367,1.09562754631
-0.209709599614,-0.139867812395,1.0,-0.0108182802796,-0.134479612112,1.09480929375
-0.221698194742,-0.148939549923,1.0,-0.0222507603467,-0.141348928213,1.09772062302
-0.245312273502,-0.167406052351,1.0,-0.0430889651179,-0.154737606645,1.09680461884
-0.256748735905,-0.176669359207,1.0,-0.0541772507131,-0.161168396473,1.10043215752
-0.279178231955,-0.195536836982,1.0,-0.0749818608165,-0.173765078187,1.09941923618
-0.289983958006,-0.204998061061,1.0,-0.0862302929163,-0.179459318519,1.10321092606
-0.31110984087,-0.224303558469,1.0,-0.106912337244,-0.190980404615,1.10228705406
-0.321198493242,-0.233948022127,1.0,-0.118241660297,-0.196290299296,1.10593032837
-0.340867638588,-0.253672152758,1.0,-0.13874745369,-0.207044482231,1.10536563396
-0.35025241971,-0.26356998086,1.0,-0.150100558996,-0.21228800714,1.10844039917
-0.368384301662,-0.283742666245,1.0,-0.170483380556,-0.22263649106,1.10790240765
-0.376954674721,-0.293829470873,1.0,-0.181458830833,-0.227725997567,1.11103796959
-0.393439561129,-0.314422339201,1.0,-0.200862124562,-0.23722730577,1.11054837704
-0.401179760695,-0.324719756842,1.0,-0.212558418512,-0.242756485939,1.11383163929
-0.415907919407,-0.34566745162,1.0,-0.23214571178,-0.252274364233,1.11298537254
-0.422811329365,-0.356209367514,1.0,-0.243281245232,-0.257899910212,1.11644589901
-0.435724169016,-0.377482503653,1.0,-0.261612296104,-0.266965389252,1.11575400829
-0.441730827093,-0.388216912746,1.0,-0.272925257683,-0.273026287556,1.11920368671
-0.452789485455,-0.409792602062,1.0,-0.29078027606,-0.28239902854,1.11873996258
-0.45788371563,-0.420727670193,1.0,-0.302017658949,-0.288756370544,1.12167394161
-0.467015862465,-0.442488998175,1.0,-0.319377869368,-0.298504710197,1.12119436264
-0.471142053604,-0.453527003527,1.0,-0.330009371042,-0.305405855179,1.12434530258
-0.47835251689,-0.475491732359,1.0,-0.34691619873,-0.315851569176,1.12370872498
-0.481495589018,-0.48659709096,1.0,-0.356954544783,-0.323532342911,1.12741160393
-0.486749708652,-0.508673906326,1.0,-0.37324360013,-0.334906101227,1.12696504593
-0.488903045654,-0.51982408762,1.0,-0.382681816816,-0.343494147062,1.13073277473
-0.492182731628,-0.541930794716,1.0,-0.398050874472,-0.355925679207,1.13038527966
-0.493336707354,-0.553065538406,1.0,-0.40689727664,-0.365157455206,1.13415253162
-0.49463480711,-0.575104475021,1.0,-0.421214818954,-0.378727227449,1.13412368298
-0.494790285826,-0.586202800274,1.0,-0.429584175348,-0.388768017292,1.13757896423
-0.494109094143,-0.608104348183,1.0,-0.442886024714,-0.403639703989,1.13773024082
-0.493269145489,-0.619082868099,1.0,-0.450389713049,-0.414648473263,1.1416156292
-0.490625232458,-0.640704810619,1.0,-0.462747275829,-0.430785924196,1.1417940855
-0.488795787096,-0.651554048061,1.0,-0.469011515379,-0.442859590054,1.14621257782
-0.484213173389,-0.672809541225,1.0,-0.480062305927,-0.460425049067,1.14667367935
-0.481408268213,-0.683458983898,1.0,-0.485446333885,-0.473422884941,1.15105199814
-0.474916756153,-0.704257667065,1.0,-0.49503454566,-0.492377638817,1.1517829895
-0.471157103777,-0.714644432068,1.0,-0.499675244093,-0.506652057171,1.1563975811
-0.462809056044,-0.734854161739,1.0,-0.507951259613,-0.527453482151,1.15735208988
-0.45811983943,-0.744923472404,1.0,-0.511261820793,-0.54116910696,1.16169023514
-0.447964340448,-0.764452040195,1.0,-0.517558991909,-0.562649905682,1.1629281044
-0.442370742559,-0.774156451225,1.0,-0.519873559475,-0.577299237251,1.16724562645
-0.4304702878,-0.792896032333,1.0,-0.524666905403,-0.599536895752,1.16861689091
-0.424010008574,-0.802173614502,1.0,-0.52561455965,-0.614984691143,1.17312443256
-0.41043651104,-0.820018768311,1.0,-0.528828918934,-0.638217389584,1.17432415485
-0.403153806925,-0.828810274601,1.0,-0.528171360493,-0.654430866241,1.17956101894
-0.387981683016,-0.845665454865,1.0,-0.52932715416,-0.67911452055,1.18101751804
-0.379920244217,-0.853920936584,1.0,-0.527795672417,-0.696002244949,1.18589758873
-0.36322927475,-0.869693696499,1.0,-0.526745975018,-0.721539437771,1.18780386448
-0.354442954063,-0.87736004591,1.0,-0.524342417717,-0.737138926983,1.19190824032
-0.336339384317,-0.89194560051,1.0,-0.521602988243,-0.762822747231,1.19343447685
-0.32685765624,-0.898996114731,1.0,-0.518011689186,-0.778738498688,1.19747912884
-0.307440817356,-0.912308871746,1.0,-0.513748705387,-0.804598212242,1.19835591316
-0.29732182622,-0.918696463108,1.0,-0.508701920509,-0.820590794086,1.20262622833
-0.27670481801,-0.930653631687,1.0,-0.502719283104,-0.846512079239,1.20324885845
-0.265488535166,-0.936605751514,1.0,-0.497267991304,-0.86149507761,1.20679414272
-0.244273632765,-0.946884691715,1.0,-0.488904446363,-0.888720691204,1.20713222027
-0.233119651675,-0.951806426048,1.0,-0.482422679663,-0.903902888298,1.21000111103
-0.210320517421,-0.960903942585,1.0,-0.472917318344,-0.929580748081,1.20936715603
-0.18690161407,-0.96898907423,1.0,-0.459111839533,-0.96018242836,1.21014785767
-0.175014778972,-0.972633481026,1.0,-0.454538792372,-0.968837022781,1.21053493023
-0.162343084812,-0.976193010807,1.0,-0.447039633989,-0.980741262436,1.21273982525
-0.138531550765,-0.982010006905,1.0,-0.434266269207,-1.00516891479,1.21059978008
-0.125480413437,-0.984733819962,1.0,-0.425933629274,-1.01699566841,1.21228945255
-0.101053595543,-0.988985240459,1.0,-0.411469191313,-1.04056024551,1.20943307877
-0.0877076163888,-0.990856528282,1.0,-0.402314126492,-1.0518116951,1.21077907085
-0.0627703890204,-0.993526875973,1.0,-0.386255294085,-1.07392847538,1.20746529102
-0.0491884574294,-0.994539678097,1.0,-0.376308172941,-1.08433246613,1.20815432072
-0.0238900855184,-0.995617687702,1.0,-0.359057486057,-1.105068326,1.20378446579
0.00227572442964,-0.995649516582,1.0,-0.335720092058,-1.12812852859,1.20043313503
0.0154107082635,-0.99525731802,1.0,-0.328730791807,-1.13468372822,1.19913840294
0.0417138487101,-0.993661880493,1.0,-0.307229250669,-1.15265357494,1.19587469101
0.054875575006,-0.992460429668,1.0,-0.29863101244,-1.15917658806,1.19464075565
0.0811871215701,-0.989254832268,1.0,-0.275938510895,-1.17588961124,1.18999433517
0.0943196639419,-0.987253427505,1.0,-0.266831248999,-1.18161165714,1.18852722645
0.120463937521,-0.982467353344,1.0,-0.242659538984,-1.19632971287,1.18349170685
0.133467897773,-0.979685366154,1.0,-0.233093842864,-1.20150148869,1.18162596226
0.15930378437,-0.973352193832,1.0,-0.207769215107,-1.21380388737,1.17679917812
0.172117084265,-0.969805538654,1.0,-0.198616787791,-1.21775507927,1.17508256435
0.197467342019,-0.961971223354,1.0,-0.171305269003,-1.22872626781,1.1688182354
0.209985375404,-0.957689702511,1.0,-0.162597730756,-1.23136675358,1.16752552986
0.234668880701,-0.948410272598,1.0,-0.134289041162,-1.24013578892,1.16107416153
0.246824070811,-0.943414926529,1.0,-0.125374019146,-1.24229490757,1.15926468372
0.270674586296,-0.932744920254,1.0,-0.0958423987031,-1.2484613657,1.15347933769
0.282368421555,-0.927068889141,1.0,-0.0867013633251,-1.24985849857,1.15179097652
0.305207639933,-0.915070831776,1.0,-0.0566863194108,-1.25374746323,1.14614164829
0.31634157896,-0.908750891685,1.0,-0.0471783988178,-1.25435590744,1.14481830597
0.337996721268,-0.895482838154,1.0,-0.0168373323977,-1.25603282452,1.13845098019
0.348497599363,-0.888541698456,1.0,-0.00738679384813,-1.25590133667,1.13740372658
0.368772447109,-0.874080479145,1.0,0.0230563916266,-1.25516986847,1.13193833828
0.37853500247,-0.866562724113,1.0,0.0324884913862,-1.25441884995,1.13050222397
0.397268980742,-0.850965857506,1.0,0.0631172657013,-1.25138294697,1.12591660023
0.406214237213,-0.842900693417,1.0,0.0724672451615,-1.2499371767,1.12479138374
0.423228859901,-0.826244294643,1.0,0.10298269242,-1.24451088905,1.12020623684
0.431273698807,-0.817667663097,1.0,0.112269572914,-1.24230384827,1.11928224564
0.446402072906,-0.800031900406,1.0,0.142305806279,-1.23481428623,1.11536860466
0.453474164009,-0.790974318981,1.0,0.15147203207,-1.2319829464,1.1145979166
0.466573745012,-0.772428452969,1.0,0.180571630597,-1.22250199318,1.11106300354
0.472596287727,-0.762934803963,1.0,0.189544126391,-1.21894443035,1.11059463024
0.483533829451,-0.743557631969,1.0,0.218096837401,-1.20757448673,1.10748422146
0.488440871239,-0.733675956726,1.0,0.226812824607,-1.20358669758,1.10710930824
0.497105628252,-0.713541805744,1.0,0.25456276536,-1.19005179405,1.10461473465
0.500849723816,-0.703306555748,1.0,0.262839615345,-1.18553733826,1.10407006741
0.507144808769,-0.682508051395,1.0,0.289105981588,-1.17038035393,1.102039814
0.509685814381,-0.671962678432,1.0,0.296939224005,-1.16547751427,1.10155248642
0.513542532921,-0.650596737862,1.0,0.321713745594,-1.14881277084,1.09945869446
0.516235232353,-0.617928922176,1.0,0.35223248601,-1.12530219555,1.09701788425
0.51630371809,-0.606892108917,1.0,0.358943730593,-1.11929154396,1.09687614441
0.515197575092,-0.584646761417,1.0,0.380567461252,-1.09938919544,1.09515404701
0.514026045799,-0.573449373245,1.0,0.386727720499,-1.09303951263,1.09488642216
0.510456681252,-0.550924539566,1.0,0.406205356121,-1.07167088985,1.09335064888
0.50806504488,-0.53960865736,1.0,0.411855965853,-1.0648175478,1.09285259247
0.498509198427,-0.505508244038,1.0,0.43427464366,-1.03525650501,1.09098052979
0.49020960927,-0.482711583376,1.0,0.449465513229,-1.01185822487,1.08908057213
0.4855029881,-0.471317946911,1.0,0.453636556864,-1.00432562828,1.0887311697
0.475003778934,-0.448544800282,1.0,0.46624532342,-0.980317413807,1.08597099781
0.469236969948,-0.437195539474,1.0,0.469845235348,-0.9724624753,1.08565926552
0.45670491457,-0.414577513933,1.0,0.480447351933,-0.947049200535,1.08349537849
0.449965834618,-0.403330475092,1.0,0.483227819204,-0.939133822918,1.08273172379
0.43558806181,-0.380975186825,1.0,0.491634219885,-0.913084924221,1.08039546013
0.427980393171,-0.36988979578,1.0,0.493624806404,-0.904861390591,1.07979571819
0.411987245083,-0.347927749157,1.0,0.49858507514,-0.880727410316,1.07760572433
0.403623044491,-0.337056368589,1.0,0.500393927097,-0.870905220509,1.07690775394
0.386258244514,-0.315600514412,1.0,0.503446877003,-0.845818281174,1.07403957844
0.377274662256,-0.305013149977,1.0,0.504212975502,-0.83555161953,1.07321059704
0.358811676502,-0.284186094999,1.0,0.505412817001,-0.809467196465,1.07062852383
0.349350452423,-0.27394375205,1.0,0.505415558815,-0.799078762531,1.0696157217
0.330080747604,-0.253866106272,1.0,0.50487434864,-0.772062242031,1.06752848625
0.320291161537,-0.244028300047,1.0,0.504268944263,-0.761333167553,1.06659162045
0.300517946482,-0.224816575646,1.0,0.501869142056,-0.733672261238,1.06421649456
0.290561169386,-0.215447247028,1.0,0.500363767147,-0.722892940044,1.06326329708
0.270585119724,-0.197204098105,1.0,0.496006399393,-0.694839954376,1.06106412411
0.260607719421,-0.188348516822,1.0,0.493801891804,-0.683631360531,1.06035375595
0.240742877126,-0.171182066202,1.0,0.487765163183,-0.655260026455,1.05786037445
0.230896189809,-0.162887752056,1.0,0.485057830811,-0.643911123276,1.05729782581
0.211447164416,-0.146893009543,1.0,0.476959347725,-0.614775300026,1.05510234833
0.2018686831,-0.139195024967,1.0,0.47399020195,-0.603993594646,1.05467331409
0.183108359575,-0.12444024533,1.0,0.464168578386,-0.573278427124,1.05313932896
0.173947691917,-0.117383904755,1.0,0.460718750954,-0.563249588013,1.05302250385
0.156126067042,-0.103922106326,1.0,0.449788540602,-0.532080709934,1.05193281174
0.14749725163,-0.0975262820721,1.0,0.445632338524,-0.521934747696,1.05193686485
0.13084860146,-0.0854033455253,1.0,0.432962656021,-0.490606844425,1.05118262768
0.122856423259,-0.0796831101179,1.0,0.428376197815,-0.480376750231,1.05128419399
0.107577227056,-0.068922907114,1.0,0.41439935565,-0.448989659548,1.05141401291
0.100301332772,-0.0638789758086,1.0,0.409512549639,-0.438782185316,1.05205714703
0.0865296348929,-0.0544721372426,1.0,0.394100368023,-0.407815217972,1.05225169659
0.0800449922681,-0.0501062683761,1.0,0.388805419207,-0.397908896208,1.05296611786
0.0678948760033,-0.0420361272991,1.0,0.3722217381,-0.367538750172,1.05404257774
0.0622313246131,-0.0383239649236,1.0,0.366545379162,-0.357747912407,1.05472147465
0.0517531894147,-0.0315411128104,1.0,0.34879386425,-0.329114943743,1.05762505531
0.0469347462058,-0.0284598711878,1.0,0.342816591263,-0.320054531097,1.05869913101
0.0381304211915,-0.022894019261,1.0,0.324772030115,-0.292015016079,1.06082808971
0.0269723888487,-0.0159666538239,1.0,0.299277365208,-0.257204771042,1.06471121311
0.0237816702574,-0.0140137923881,1.0,0.292783439159,-0.249212369323,1.06611657143
0.0181522611529,-0.0106018707156,1.0,0.272564917803,-0.226869791746,1.07022178173
0.0156987663358,-0.00912924855947,1.0,0.265881806612,-0.219900771976,1.07204496861
0.0114757418633,-0.00661731883883,1.0,0.245586171746,-0.199481382966,1.07553994656
0.00968344416469,-0.00556088006124,1.0,0.238937690854,-0.193477839231,1.07722961903
0.00668982509524,-0.00381105416454,1.0,0.218615964055,-0.175495505333,1.08069777489
0.00546245509759,-0.00309966830537,1.0,0.211932703853,-0.170312717557,1.08204293251
0.00349486107007,-0.00196806434542,1.0,0.191195428371,-0.156832352281,1.08693265915
0.00272591388784,-0.00152933481149,1.0,0.184378281236,-0.152991741896,1.0883988142
0.00156045181211,-0.000869136711117,1.0,0.163587778807,-0.142207965255,1.09182870388
0.00113617803436,-0.000630614929833,1.0,0.157173648477,-0.138679340482,1.09265005589
0.000545623712242,-0.000300792278722,1.0,0.136933937669,-0.130044832826,1.09504079819
0.000354090036126,-0.000194537118659,1.0,0.130439460278,-0.127898618579,1.09610855579
0.00012352122576,-6.74681941746e-05,1.0,0.11046089232,-0.122206017375,1.0977666378
6.35640753899e-05,-3.46352644556e-05,1.0,0.103920973837,-0.121442086995,1.09895336628
1.05135177364e-05,-5.73630404688e-06,1.0,0.084758669138,-0.118929632008,1.10044813156
2.94987239613e-06,-1.61463469794e-06,1.0,0.0786470919847,-0.118700891733,1.10097038746
5.56096551918e-07,-4.13466466398e-07,1.0,0.0607922188938,-0.117804795504,1.10191500187
6.79965523886e-07,-4.79342475046e-07,1.0,0.055029310286,-0.118110254407,1.10177302361
6.79965523886e-07,-4.79342475046e-07,1.0,0.0373801365495,-0.120854645967,1.10265684128
6.79965523886e-07,-4.79342475046e-07,1.0,0.032133448869,-0.121973589063,1.10288584232
6.79965523886e-07,-4.79342475046e-07,1.0,0.0165114235133,-0.125511035323,1.10229051113
6.79965523886e-07,-4.79342475046e-07,1.0,0.0118786757812,-0.127062425017,1.10235095024
6.79965523886e-07,-4.79342475046e-07,1.0,-0.0019644300919,-0.132242560387,1.10114216805
6.79965523886e-07,-4.79342475046e-07,1.0,-0.00601246953011,-0.134133890271,1.10067772865
6.79965523886e-07,-4.79342475046e-07,1.0,-0.016391698271,-0.139985457063,1.10004091263
6.79965523886e-07,-4.79342475046e-07,1.0,-0.0203116834164,-0.142354652286,1.0991961956
6.79965523886e-07,-4.79342475046e-07,1.0,-0.028860071674,-0.148936256766,1.09793698788
6.79965523886e-07,-4.79342475046e-07,1.0,-0.032056029886,-0.151832461357,1.09744334221
6.79965523886e-07,-4.79342475046e-07,1.0,-0.0394224002957,-0.159820884466,1.09542834759
6.79965523886e-07,-4.79342475046e-07,1.0,-0.0414701737463,-0.162613004446,1.09488737583
6.79965523886e-07,-4.79342475046e-07,1.0,-0.0464078746736,-0.170732825994,1.09317171574
6.79965523886e-07,-4.79342475046e-07,1.0,-0.0479573942721,-0.174195423722,1.09242713451
6.79965523886e-07,-4.79342475046e-07,1.0,-0.051189430058,-0.18249155581,1.09025597572
6.79965523886e-07,-4.79342475046e-07,1.0,-0.0520740561187,-0.1856687814,1.08951461315
6.79965523886e-07,-4.79342475046e-07,1.0,-0.053529754281,-0.193647384644,1.08703315258
6.79965523886e-07,-4.79342475046e-07,1.0,-0.0539077296853,-0.196756586432,1.08610665798
6.79965523886e-07,-4.79342475046e-07,1.0,-0.0536417551339,-0.203457161784,1.08370494843
6.79965523886e-07,-4.79342475046e-07,1.0,-0.0533780157566,-0.206158190966,1.08238267899
6.79965523886e-07,-4.79342475046e-07,1.0,-0.0525221638381,-0.212534174323,1.07884204388
6.79965523886e-07,-4.79342475046e-07,1.0,-0.0514864400029,-0.214692890644,1.07908332348
6.79965523886e-07,-4.79342475046e-07,1.0,-0.0491111390293,-0.220041930676,1.07701921463
6.79965523886e-07,-4.79342475046e-07,1.0,-0.0478042289615,-0.221920147538,1.07649230957
6.79965523886e-07,-4.79342475046e-07,1.0,-0.0442197322845,-0.226229637861,1.07467019558
6.79965523886e-07,-4.79342475046e-07,1.0,-0.0426370017231,-0.227793112397,1.07388937473
6.79965523886e-07,-4.79342475046e-07,1.0,-0.0380133129656,-0.230802699924,1.07315826416
6.79965523886e-07,-4.79342475046e-07,1.0,-0.0363142229617,-0.231674164534,1.07307267189
6.79965523886e-07,-4.79342475046e-07,1.0,-0.0312283337116,-0.233648478985,1.07250070572
6.79965523886e-07,-4.79342475046e-07,1.0,-0.0293424408883,-0.233995258808,1.07279515266
6.79965523886e-07,-4.79342475046e-07,1.0,-0.0239081997424,-0.234775289893,1.07266247272
6.79965523886e-07,-4.79342475046e-07,1.0,-0.0218895897269,-0.234707638621,1.07295930386
6.79965523886e-07,-4.79342475046e-07,1.0,-0.0162429083139,-0.23384103179,1.07335865498
6.79965523886e-07,-4.79342475046e-07,1.0,-0.0142264831811,-0.233344748616,1.07382106781
6.79965523886e-07,-4.79342475046e-07,1.0,-0.00839094631374,-0.231294319034,1.07423424721
6.79965523886e-07,-4.79342475046e-07,1.0,-0.00641342811286,-0.230277135968,1.07477712631
6.79965523886e-07,-4.79342475046e-07,1.0,-0.000609871698543,-0.227160379291,1.07537519932
6.79965523886e-07,-4.79342475046e-07,1.0,0.0013151721796,-0.225866034627,1.07593142986
6.79965523886e-07,-4.79342475046e-07,1.0,0.00671978713945,-0.221569210291,1.07726657391
6.79965523886e-07,-4.79342475046e-07,1.0,0.0104041323066,-0.217993855476,1.07848513126
6.79965523886e-07,-4.79342475046e-07,1.0,0.0130525492132,-0.214983358979,1.07918226719
6.79965523886e-07,-4.79342475046e-07,1.0,0.0163829866797,-0.210827708244,1.08089125156
6.79965523886e-07,-4.79342475046e-07,1.0,0.0189406946301,-0.207403197885,1.08113145828
6.79965523886e-07,-4.79342475046e-07,1.0,0.0216696951538,-0.202650696039,1.08283638954
6.79965523886e-07,-4.79342475046e-07,1.0,0.0236490555108,-0.198954224586,1.08330452442
6.79965523886e-07,-4.79342475046e-07,1.0,0.0256698131561,-0.193970292807,1.08437311649
6.79965523886e-07,-4.79342475046e-07,1.0,0.0271388348192,-0.189857929945,1.08511734009
6.79965523886e-07,-4.79342475046e-07,1.0,0.0284870583564,-0.184533417225,1.08612692356
6.79965523886e-07,-4.79342475046e-07,1.0,0.0293566808105,-0.180432498455,1.08633983135
6.79965523886e-07,-4.79342475046e-07,1.0,0.0298548173159,-0.175423294306,1.08775115013
6.79965523886e-07,-4.79342475046e-07,1.0,0.0303086843342,-0.171237111092,1.08752393723
6.79965523886e-07,-4.79342475046e-07,1.0,0.0302487779409,-0.166188105941,1.08833396435
6.79965523886e-07,-4.79342475046e-07,1.0,0.0299963597208,-0.162236526608,1.08833169937
6.79965523886e-07,-4.79342475046e-07,1.0,0.0292676556855,-0.157530248165,1.08864843845
6.79965523886e-07,-4.79342475046e-07,1.0,0.0285495314747,-0.154001802206,1.08851587772
6.79965523886e-07,-4.79342475046e-07,1.0,0.0271649062634,-0.14993044734,1.08901596069
6.79965523886e-07,-4.79342475046e-07,1.0,0.0261409655213,-0.146532267332,1.08825159073
6.79965523886e-07,-4.79342475046e-07,1.0,0.0241988617927,-0.142872735858,1.08849692345
6.79965523886e-07,-4.79342475046e-07,1.0,0.0226051807404,-0.139977827668,1.08807981014
6.79965523886e-07,-4.79342475046e-07,1.0,0.0205913335085,-0.136382341385,1.08797848225
6.79965523886e-07,-4.79342475046e-07,1.0,0.0186829306185,-0.133424311876,1.08707988262
6.79965523886e-07,-4.79342475046e-07,1.0,0.0141501417384,-0.128707721829,1.08571362495
6.79965523886e-07,-4.79342475046e-07,1.0,0.0114377299324,-0.126865431666,1.0856345892
6.79965523886e-07,-4.79342475046e-07,1.0,0.00902631320059,-0.12549521029,1.08502304554
6.79965523886e-07,-4.79342475046e-07,1.0,0.00629641534761,-0.124247677624,1.08465659618
6.79965523886e-07,-4.79342475046e-07,1.0,0.00368367135525,-0.123321339488,1.08384728432
6.79965523886e-07,-4.79342475046e-07,1.0,-0.00177481723949,-0.122987471521,1.0831489563
6.79965523886e-07,-4.79342475046e-07,1.0,-0.00486543215811,-0.123038500547,1.08272874355
6.79965523886e-07,-4.79342475046e-07,1.0,-0.00486543215811,-0.123038500547,1.08272874355
6.79965523886e-07,-4.79342475046e-07,1.0,-0.00726731214672,-0.123257994652,1.08186662197
6.79965523886e-07,-4.79342475046e-07,1.0,-0.00726731214672,-0.123257994652,1.08186662197
6.79965523886e-07,-4.79342475046e-07,1.0,-0.0102328946814,-0.123867057264,1.08121550083
6.79965523886e-07,-4.79342475046e-07,1.0,-0.0102328946814,-0.123867057264,1.08121550083
6.79965523886e-07,-4.79342475046e-07,1.0,-0.0124400584027,-0.124573133886,1.08056366444
6.79965523886e-07,-4.79342475046e-07,1.0,-0.0153134288266,-0.125957623124,1.0802308321
6.79965523886e-07,-4.79342475046e-07,1.0,-0.0174568109214,-0.127177163959,1.07948315144
6.79965523886e-07,-4.79342475046e-07,1.0,-0.0202043857425,-0.129190415144,1.0793428421
6.79965523886e-07,-4.79342475046e-07,1.0,-0.0221947319806,-0.130840674043,1.078738451
6.79965523886e-07,-4.79342475046e-07,1.0,-0.0248394981027,-0.133445113897,1.07852423191
6.79965523886e-07,-4.79342475046e-07,1.0,-0.0267045702785,-0.135474026203,1.07812428474
6.79965523886e-07,-4.79342475046e-07,1.0,-0.0289112627506,-0.138300716877,1.07809996605
6.79965523886e-07,-4.79342475046e-07,1.0,-0.0303481668234,-0.140137791634,1.07734513283
6.79965523886e-07,-4.79342475046e-07,1.0,-0.0320665948093,-0.142937257886,1.07751917839
6.79965523886e-07,-4.79342475046e-07,1.0,-0.0332194194198,-0.145169019699,1.07710802555
6.79965523886e-07,-4.79342475046e-07,1.0,-0.0343977473676,-0.148403033614,1.07750046253
6.79965523886e-07,-4.79342475046e-07,1.0,-0.0351729691029,-0.151117280126,1.07739758492
6.79965523886e-07,-4.79342475046e-07,1.0,-0.0360416583717,-0.15441814065,1.07796275616
6.79965523886e-07,-4.79342475046e-07,1.0,-0.0364269539714,-0.156552836299,1.07775330544
6.79965523886e-07,-4.79342475046e-07,1.0,-0.0368764773011,-0.159578517079,1.07826519012
6.79965523886e-07,-4.79342475046e-07,1.0,-0.037114135921,-0.161591157317,1.0780236721
6.79965523886e-07,-4.79342475046e-07,1.0,-0.0371590070426,-0.164259508252,1.07860779762
6.79965523886e-07,-4.79342475046e-07,1.0,-0.0370616577566,-0.166223973036,1.07878232002
6.79965523886e-07,-4.79342475046e-07,1.0,-0.0368129946291,-0.168632909656,1.0796122551
6.79965523886e-07,-4.79342475046e-07,1.0,-0.0365751981735,-0.17030377686,1.0797110796
6.79965523886e-07,-4.79342475046e-07,1.0,-0.0361393727362,-0.172274947166,1.08052814007
6.79965523886e-07,-4.79342475046e-07,1.0,-0.0356916077435,-0.173628091812,1.08056986332
6.79965523886e-07,-4.79342475046e-07,1.0,-0.0349177382886,-0.175121441483,1.08158075809
6.79965523886e-07,-4.79342475046e-07,1.0,-0.034321680665,-0.17610552907,1.08176827431
6.79965523886e-07,-4.79342475046e-07,1.0,-0.0332113429904,-0.177107319236,1.08281230927
6.79965523886e-07,-4.79342475046e-07,1.0,-0.0324439108372,-0.177666783333,1.0831091404
6.79965523886e-07,-4.79342475046e-07,1.0,-0.0300985258073,-0.178210526705,1.08452260494
6.79965523886e-07,-4.79342475046e-07,1.0,-0.0286436751485,-0.178059712052,1.08566975594
6.79965523886e-07,-4.79342475046e-07,1.0,-0.0275689326227,-0.177804067731,1.08585417271
6.79965523886e-07,-4.79342475046e-07,1.0,-0.0261184368283,-0.177090615034,1.08689403534
6.79965523886e-07,-4.79342475046e-07,1.0,-0.0250087808818,-0.176379308105,1.08710229397
6.79965523886e-07,-4.79342475046e-07,1.0,-0.0235706847161,-0.175013810396,1.08793973923
6.79965523886e-07,-4.79342475046e-07,1.0,-0.0224665366113,-0.173888713121,1.08820211887
6.79965523886e-07,-4.79342475046e-07,1.0,-0.0209466330707,-0.172033801675,1.08911108971
6.79965523886e-07,-4.79342475046e-07,1.0,-0.019865391776,-0.170443713665,1.08917355537
6.79965523886e-07,-4.79342475046e-07,1.0,-0.0183529797941,-0.167922154069,1.09001815319
6.79965523886e-07,-4.79342475046e-07,1.0,-0.017282910645,-0.165850952268,1.08996713161
6.79965523886e-07,-4.79342475046e-07,1.0,-0.0159453544766,-0.16284160316,1.09068143368
6.79965523886e-07,-4.79342475046e-07,1.0,-0.0149658014998,-0.160575062037,1.09079873562
6.79965523886e-07,-4.79342475046e-07,1.0,-0.013747189194,-0.157206833363,1.09149312973
6.79965523886e-07,-4.79342475046e-07,1.0,-0.0128136053681,-0.154544442892,1.09129416943
6.79965523886e-07,-4.79342475046e-07,1.0,-0.0110284155235,-0.148056939244,1.09184801579
6.79965523886e-07,-4.79342475046e-07,1.0,-0.0101906424388,-0.144205838442,1.09231698513
6.79965523886e-07,-4.79342475046e-07,1.0,-0.00957440119237,-0.141205653548,1.09200561047
6.79965523886e-07,-4.79342475046e-07,1.0,-0.00902510341257,-0.137005969882,1.0921766758
6.79965523886e-07,-4.79342475046e-07,1.0,-0.00859546102583,-0.133953899145,1.09180939198
6.79965523886e-07,-4.79342475046e-07,1.0,-0.00783498771489,-0.12978027761,1.08945012093
6.79965523886e-07,-4.79342475046e-07,1.0,-0.00774192996323,-0.127096325159,1.09216427803
6.79965523886e-07,-4.79342475046e-07,1.0,-0.00733557762578,-0.122995331883,1.08990180492
6.79965523886e-07,-4.79342475046e-07,1.0,-0.0072116702795,-0.120270580053,1.09218227863
6.79965523886e-07,-4.79342475046e-07,1.0,-0.00701381638646,-0.116219095886,1.08965492249
6.79965523886e-07,-4.79342475046e-07,1.0,-0.00698478007689,-0.113782964647,1.09219360352
6.79965523886e-07,-4.79342475046e-07,1.0,-0.00701038446277,-0.109925419092,1.08960580826
6.79965523886e-07,-4.79342475046e-07,1.0,-0.0074923755601,-0.108235113323,1.09247648716
6.79965523886e-07,-4.79342475046e-07,1.0,-0.00839123409241,-0.103476442397,1.09289515018
6.79965523886e-07,-4.79342475046e-07,0.999995350838,-0.0094740036875,-0.0991624072194,1.09289968014
6.79965523886e-07,-4.79342475046e-07,0.999827980995,-0.0123013947159,-0.0938116535544,1.09338462353
6.79965523886e-07,-4.79342475046e-07,0.999525606632,-0.0138708697632,-0.0928325504065,1.09351789951
6.79965523886e-07,-4.79342475046e-07,0.999180436134,-0.0147997299209,-0.0925145968795,1.09125471115
6.79965523886e-07,-4.79342475046e-07,0.998949825764,-0.0153909577057,-0.0930108577013,1.09363114834
6.79965523886e-07,-4.79342475046e-07,0.998361289501,-0.0163427051157,-0.0933151990175,1.09111404419
6.79965523886e-07,-4.79342475046e-07,0.997987210751,-0.0168458316475,-0.0942839458585,1.09361982346
6.79965523886e-07,-4.79342475046e-07,0.997074663639,-0.0177457872778,-0.0951998233795,1.09128510952
6.79965523886e-07,-4.79342475046e-07,0.996515452862,-0.0181182380766,-0.096620798111,1.09347486496
6.79965523886e-07,-4.79342475046e-07,0.995194792747,-0.0189991723746,-0.098330847919,1.09075677395
6.79965523886e-07,-4.79342475046e-07,0.994406759739,-0.0192092973739,-0.0998825728893,1.09289348125
6.79965523886e-07,-4.79342475046e-07,0.992593467236,-0.0197670161724,-0.101934209466,1.09022629261
6.79965523886e-07,-4.79342475046e-07,0.991535007954,-0.0198966786265,-0.103817142546,1.09194457531
6.79965523886e-07,-4.79342475046e-07,0.989144802094,-0.020205643028,-0.10663087666,1.08864915371
6.79965523886e-07,-4.79342475046e-07,0.987773478031,-0.0201550535858,-0.108728319407,1.09022474289
6.79965523886e-07,-4.79342475046e-07,0.984723091125,-0.0201193615794,-0.112031854689,1.08662688732
6.79965523886e-07,-4.79342475046e-07,0.98300164938,-0.0197495464236,-0.114177525043,1.08804726601
6.79965523886e-07,-4.79342475046e-07,0.979217231274,-0.0193120706826,-0.117637559772,1.08396363258
6.79965523886e-07,-4.79342475046e-07,0.977105140686,-0.0185420289636,-0.119822025299,1.0855089426
6.79965523886e-07,-4.79342475046e-07,0.972516894341,-0.0177010353655,-0.123172163963,1.08138298988
6.79965523886e-07,-4.79342475046e-07,0.969982206821,-0.0166614763439,-0.125223979354,1.08232438564
6.79965523886e-07,-4.79342475046e-07,0.96452832222,-0.0154591929168,-0.128581926227,1.07788467407
6.79965523886e-07,-4.79342475046e-07,0.961544215679,-0.0143934963271,-0.130410939455,1.07810175419
6.79965523886e-07,-4.79342475046e-07,0.955169200897,-0.0128014618531,-0.13354191184,1.07313930988
6.79965523886e-07,-4.79342475046e-07,0.951709270477,-0.0114612374455,-0.135131046176,1.0730612278
6.79965523886e-07,-4.79342475046e-07,0.944371759892,-0.00949736032635,-0.137935698032,1.06754565239
6.79965523886e-07,-4.79342475046e-07,0.940416574478,-0.00784924812615,-0.139346688986,1.06736934185
6.79965523886e-07,-4.79342475046e-07,0.932083427906,-0.00554106663913,-0.141853496432,1.06122279167
6.79965523886e-07,-4.79342475046e-07,0.927646934986,-0.00366676319391,-0.142889857292,1.06054449081
6.79965523886e-07,-4.79342475046e-07,0.918267846107,-0.000978318741545,-0.144823357463,1.05372190475
6.79965523886e-07,-4.79342475046e-07,0.90817719698,0.00282061169855,-0.146681696177,1.04694283009
6.79965523886e-07,-4.79342475046e-07,0.902909636497,0.00398069666699,-0.147061273456,1.0450078249
6.79965523886e-07,-4.79342475046e-07,0.891770064831,0.00775422248989,-0.148361831903,1.03716313839
6.79965523886e-07,-4.79342475046e-07,0.885993540287,0.00905702915043,-0.148513332009,1.03484165668
6.79965523886e-07,-4.79342475046e-07,0.867561221123,0.0150030124933,-0.149749651551,1.01786458492
6.79965523886e-07,-4.79342475046e-07,0.854382395744,0.0188591219485,-0.148741543293,1.01046693325
6.79965523886e-07,-4.79342475046e-07,0.847611129284,0.0198738388717,-0.148406669497,1.00792264938
6.79965523886e-07,-4.79342475046e-07,0.833451926708,0.0238193981349,-0.147248193622,0.996364474297
6.79965523886e-07,-4.79342475046e-07,0.826210260391,0.0250001456589,-0.146799981594,0.992741584778
6.79965523886e-07,-4.79342475046e-07,0.811111569405,0.0287633538246,-0.145025461912,0.979239821434
6.79965523886e-07,-4.79342475046e-07,0.803410887718,0.029887644574,-0.144318476319,0.975227355957
6.79965523886e-07,-4.79342475046e-07,0.787479758263,0.0335257686675,-0.142302379012,0.959767460823
6.79965523886e-07,-4.79342475046e-07,0.779296994209,0.0344287529588,-0.14132784307,0.95527690649
6.79965523886e-07,-4.79342475046e-07,0.762487769127,0.0378368422389,-0.138429537416,0.938934266567
6.79965523886e-07,-4.79342475046e-07,0.753967881203,0.03877902776,-0.137485027313,0.933947324753
6.79965523886e-07,-4.79342475046e-07,0.736455023289,0.0418608635664,-0.133883655071,0.916280031204
6.79965523886e-07,-4.79342475046e-07,0.727516293526,0.0426134653389,-0.132740974426,0.911090493202
6.79965523886e-07,-4.79342475046e-07,0.700066626072,0.0458992272615,-0.12739238143,0.885238051414
6.79965523886e-07,-4.79342475046e-07,0.681214332581,0.0482665114105,-0.123535066843,0.86529892683
6.79965523886e-07,-4.79342531889e-07,0.671747267246,0.0488415062428,-0.122291445732,0.859097838402
6.79965523886e-07,-4.79342531889e-07,0.652427136898,0.0504078939557,-0.117946669459,0.837885081768
6.79965523886e-07,-4.79342531889e-07,0.642703473568,0.0508221425116,-0.116529487073,0.8316167593
6.79965523886e-07,-4.79342531889e-07,0.613065779209,0.0520718619227,-0.110974706709,0.804796755314
6.79965523886e-07,-4.79342531889e-07,0.593053519726,0.052714381367,-0.106543831527,0.781754732132
6.79965523886e-07,-4.79342531889e-07,0.582993209362,0.0528471246362,-0.105169355869,0.774493455887
6.79965523886e-07,-4.79342531889e-07,0.562777817249,0.0533062890172,-0.0997471436858,0.748861789703
6.79965523886e-07,-4.79342531889e-07,0.552642226219,0.0532367788255,-0.0985227301717,0.741714119911
6.79965523886e-07,-4.79342531889e-07,0.532305896282,0.0529182814062,-0.0938747823238,0.716655790806
6.79965523886e-07,-4.79342531889e-07,0.522171974182,0.0528616942465,-0.0920414328575,0.707577228546
6.79965523886e-07,-4.79342531889e-07,0.511478424072,0.0525189526379,-0.0902646929026,0.698335051537
6.79965523886e-07,-4.79342531889e-07,0.491743057966,0.0520262233913,-0.0866301506758,0.674310028553
6.79965523886e-07,-4.79342531889e-07,0.481101810932,0.0514127202332,-0.0847985371947,0.665163815022
6.79965523886e-07,-4.79342531889e-07,0.461515158415,0.0505601391196,-0.0813926383853,0.640888273716
6.79965523886e-07,-4.79342531889e-07,0.450982421637,0.0497489869595,-0.0798476263881,0.631260693073
6.79965523886e-07,-4.79342588733e-07,0.431646883488,0.048580173403,-0.0770209804177,0.608754277229
6.79965523886e-07,-4.79342588733e-07,0.42127674818,0.0475132763386,-0.0755677372217,0.597531914711
6.79965523886e-07,-4.79342588733e-07,0.402284175158,0.0459016673267,-0.0728788077831,0.572611510754
6.79965523886e-07,-4.79342588733e-07,0.392144978046,0.0446618869901,-0.0719701275229,0.563323378563
6.79965523886e-07,-4.79342588733e-07,0.373598754406,0.0427916571498,-0.0699972212315,0.540551006794
6.79965523886e-07,-4.79342588733e-07,0.35490578413,0.0400866009295,-0.0684167519212,0.514810681343
