0.0,0.0,0.0,0.0142250861973,-0.000379667471861,0.125735148787
0.0,0.0,0.0,0.0142284790054,-0.000374373485101,0.125687271357
0.0,0.0,0.0,0.0142191872001,-0.000380451587262,0.125760510564
0.0,0.0,0.0,0.0142157515511,-0.000382839411031,0.125992238522
0.0,0.0,0.0,0.0141711933538,-0.000386484171031,0.125901147723
0.0,0.0,0.0,0.0141889285296,-0.000359070138074,0.126116782427
0.0,0.0,0.0,0.0142585327849,-0.000348119385308,0.125990971923
0.0,0.0,0.0,0.0142509806901,-0.000348925212165,0.126113861799
0.0,0.0,0.0,0.0142407407984,-0.000377256772481,0.125878438354
0.0,0.0,0.0,0.0142318848521,-0.000378307275241,0.126026436687
0.0,0.0,0.0,0.0142247369513,-0.000382347760024,0.125800073147
0.0,0.0,0.0,0.0142275728285,-0.000377719989046,0.126027792692
0.0,0.0,0.0,0.0142252184451,-0.000362072256394,0.125823870301
0.0,0.0,0.0,0.0142259737477,-0.000358251738362,0.12599568069
0.0,0.0,0.0,0.0142059950158,-0.000404203339713,0.125850230455
0.0,0.0,0.0,0.0142089361325,-0.00040501789772,0.126027882099
0.0,0.0,0.0,0.0142314750701,-0.000390964996768,0.125901222229
0.0,0.0,0.0,0.0142486300319,-0.000379291974241,0.126120731235
0.0,0.0,0.0,0.0143160363659,-0.000335258751875,0.126046076417
0.0,0.0,0.0,0.014305585064,-0.00031452710391,0.126224368811
0.0,0.0,0.0,0.0142364138737,-0.00036484352313,0.125930458307
0.0,0.0,0.0,0.0142387785017,-0.000345555978129,0.126112416387
0.0,0.0,0.0,0.014273061417,-0.000331718823873,0.125877231359
0.0,0.0,0.0,0.0142658380792,-0.000333588774083,0.126002550125
0.0,0.0,0.0,0.0142218722031,-0.000380871031666,0.125818520784
0.0,0.0,0.0,0.0141942342743,-0.000389409135096,0.126023009419
0.0,0.0,0.0,0.0142014576122,-0.000409227301134,0.125829771161
0.0,0.0,0.0,0.0142005970702,-0.000414780311985,0.126008182764
0.0,0.0,0.0,0.0142718674615,-0.000385093298974,0.125904589891
0.0,0.0,0.0,0.0142663018778,-0.000384076265618,0.12607806921
0.0,0.0,0.0,0.0142683340237,-0.00037263793638,0.12582783401
0.0,0.0,0.0,0.0142549779266,-0.000384443905205,0.126009002328
0.0,0.0,0.0,0.0142276482657,-0.000433966808487,0.125884860754
0.0,0.0,0.0,0.0142388762906,-0.000435029243818,0.126108378172
0.0,0.0,0.0,0.014236995019,-0.000424086261773,0.126104325056
0.0,0.0,0.0,0.0143148172647,-0.00036626070505,0.12617520988
0.0,0.0,0.0,0.0142875593156,-0.000390496978071,0.126088634133
0.0,0.0,0.0,0.0142706762999,-0.000402066099923,0.126146882772
0.0,0.0,0.0,0.0142094315961,-0.000389805849409,0.126291245222
0.0,0.0,0.0,0.0141997030005,-0.000394719449105,0.126253217459
0.0,0.0,0.0,0.0142224309966,-0.00038070496521,0.126266673207
0.0,0.0,0.0,0.014218759723,-0.000387133244658,0.126210749149
0.0,0.0,0.0,0.0142287956551,-0.000347005930962,0.12645329535
0.0,0.0,0.0,0.0142033863813,-0.000355673255399,0.126410827041
0.0,0.0,0.0,0.0143626211211,-0.000359255936928,0.126459389925
0.0,0.0,0.0,0.0143736219034,-0.000342123443261,0.126563921571
0.0,0.0,0.0,0.0143717033789,-0.000335550430464,0.126788124442
0.0,0.0,0.0,0.0143332332373,-0.000346512038959,0.126505896449
0.0,0.0,0.0,0.0143153015524,-0.000390693487134,0.126358971
0.0,0.0,0.0,0.0142677053809,-0.000422410696046,0.126282975078
0.0,0.0,0.0,0.0142630245537,-0.00041950630839,0.126488596201
0.0,0.0,0.0,0.0142284557223,-0.000424505327828,0.124948017299
0.0,0.0,0.0,0.0142220631242,-0.000399094220484,0.126767754555
0.0,0.0,0.0,0.0142484884709,-0.00038809858961,0.127106443048
0.0,0.0,0.0,0.0143066663295,-0.000370512570953,0.126868993044
0.0,0.0,0.0,0.0142319388688,-0.000428553437814,0.126660555601
0.0,0.0,0.0,0.0143072213978,-0.000331339717377,0.126160100102
0.0,0.0,0.0,0.0142911132425,-0.000329550442984,0.127133414149
0.0,0.0,0.0,0.0143046416342,-0.000323837826727,0.12754791975
0.0,0.0,0.0,0.0143060144037,-0.000312049727654,0.127793356776
0.0,0.0,0.0,0.0142895141616,-0.000312922667945,0.127882495522
0.0,0.0,0.0,0.0142910759896,-0.000327849411406,0.127890735865
0.0,0.0,0.0,0.0142711577937,-0.000353917275788,0.127833217382
0.0,0.0,0.0,0.0142614673823,-0.000367554894183,0.125304043293
0.0,0.0,0.0,0.0142222987488,-0.000388980231946,0.125574395061
0.0,0.0,0.0,0.0142036629841,-0.000403961137636,0.122192002833
0.0,0.0,0.0,0.0142051540315,-0.000405233877245,0.125967770815
0.0,0.0,0.0,0.0142132937908,-0.000413572153775,0.125108659267
0.0,0.0,0.0,0.0142161762342,-0.000417148577981,0.121687963605
0.0,0.0,0.0,0.0142129678279,-0.000421499251388,0.125315263867
0.0,0.0,0.0,0.0142409717664,-0.000401089433581,0.125083267689
0.0,0.0,0.0,0.014309015125,-0.000362533261068,0.126793265343
0.0,0.0,0.0,0.0142777264118,-0.000352128728991,0.126929983497
0.0,0.0,0.0,0.0142545579001,-0.000374398223357,0.126885563135
0.0,0.0,0.0,0.0142630096525,-0.000372269743821,0.126886636019
0.0,0.0,0.0,0.0142489429563,-0.000384161394322,0.126851022243
0.0,0.0,0.0,0.0142421964556,-0.00037867660285,0.127014622092
0.0,0.0,0.0,0.0142669370398,-0.000387955049518,0.125203475356
0.0,0.0,0.0,0.0143153276294,-0.000379551405786,0.126236870885
0.0,0.0,0.0,0.0142910443246,-0.000390896952013,0.126940831542
0.0,0.0,0.0,0.014284748584,-0.000394423899706,0.12414444983
0.0,0.0,0.0,0.0142699554563,-0.000391601817682,0.125841319561
0.0,0.0,0.0,0.0142841003835,-0.000376069248887,0.126530200243
0.0,0.0,0.0,0.0142849013209,-0.000371338275727,0.123553134501
0.0,0.0,0.0,0.0142849013209,-0.000371338275727,0.123553134501
0.0,0.0,0.0,0.0142849013209,-0.000371338275727,0.123553134501
0.0,0.0,0.0,0.0142948832363,-0.000365783518646,0.125019237399
0.0,0.0,0.0,0.0143072092906,-0.000361115351552,0.125917956233
0.0,0.0,0.0,0.0142666520551,-0.000382795347832,0.126198798418
0.0,0.0,0.0,0.0142515422776,-0.000390601577237,0.126823022962
0.0,0.0,0.0,0.0142398169264,-0.000396151095629,0.123952016234
0.0,0.0,0.0,0.0142324315384,-0.000401100201998,0.125733792782
0.0,0.0,0.0,0.0142644103616,-0.000392888556235,0.126783177257
0.0,0.0,0.0,0.0142585691065,-0.000401039520511,0.127173870802
0.0,0.0,0.0,0.0142755908892,-0.00039463074063,0.127328798175
0.0,0.0,0.0,0.014261700213,-0.000406634062529,0.127563521266
0.0,0.0,0.0,0.0142498640344,-0.00040551222628,0.127647742629
0.0,0.0,0.0,0.0142553346232,-0.000392591755372,0.127693042159
0.0,0.0,0.0,0.0142552414909,-0.000387340842281,0.125167295337
0.0,0.0,0.0,0.0142477182671,-0.00038884714013,0.126649856567
0.0,0.0,0.0,0.0142776509747,-0.000374445837224,0.127334475517
0.0,0.0,0.0,0.0142869558185,-0.000380370242056,0.127637401223
0.0,0.0,0.0,0.0142967673019,-0.000379261531634,0.125127598643
0.0,0.0,0.0,0.0142778120935,-0.000393546826672,0.125831827521
0.0,0.0,0.0,0.0142695335671,-0.000419918942498,0.126175373793
0.0,0.0,0.0,0.0142741054296,-0.00042155655683,0.126330688596
0.0,0.0,0.0,0.014244614169,-0.000440228410298,0.126353636384
0.0,0.0,0.0,0.0142307737842,-0.000442842632765,0.126336842775
0.0,0.0,0.0,0.014248968102,-0.000423063145718,0.126364529133
0.0,0.0,0.0,0.0142661817372,-0.000409029278671,0.12638220191
0.0,0.0,0.0,0.0142786419019,-0.000394910835894,0.126393303275
0.0,0.0,0.0,0.0143079897389,-0.000369538523955,0.126429080963
0.0142668765038,-0.000405416183639,0.128257930279,0.0142639167607,-0.000407881394494,0.127862900496
0.0142668765038,-0.000405416183639,0.128257960081,0.014249118045,-0.000420207448769,0.125299155712
0.0142668765038,-0.000405416183639,0.128258287907,0.014314269647,-0.000419129879447,0.127302348614
0.0142668765038,-0.000405416183639,0.128259569407,0.0142232049257,-0.000547539500985,0.127188295126
0.0142668765038,-0.000405416183639,0.128262922168,0.0141976913437,-0.00060279603349,0.124390855432
0.0142668765038,-0.000405416183639,0.128269612789,0.0139969484881,-0.00035577165545,0.127475142479
0.0142668765038,-0.000405416183639,0.128281578422,0.0138545138761,-0.000493236642797,0.127447038889
0.0142668765038,-0.000405416183639,0.128426522017,0.0140775665641,-0.000263446767349,0.124660879374
0.0142668765038,-0.000405416183639,0.128500401974,0.0141013162211,-0.000281770247966,0.127364695072
0.0142668765038,-0.000405416183639,0.128717139363,0.0141379702836,-0.000112426234409,0.12469150871
0.0142668765038,-0.000405416183639,0.12886556983,0.0141812432557,-0.000397000025259,0.127602308989
0.0142668765038,-0.000405416183639,0.129266917706,0.014198705554,-0.000644142739475,0.12548109889
0.0142668765038,-0.000405416183639,0.129523098469,0.0146334273741,-0.00113452388905,0.129330962896
0.0142668765038,-0.000405416183639,0.130180686712,0.0148260165006,-0.00155262998305,0.128068447113
0.0142668765038,-0.000405416183639,0.130581706762,0.0150548070669,-0.00213289936073,0.133174479008
0.0142668765038,-0.000405416183639,0.131592750549,0.0152157330886,-0.00220792670734,0.136423096061
0.0142668765038,-0.000405416183639,0.132156789303,0.015145665966,-0.00196384452283,0.139066159725
0.0142668765038,-0.000405416183639,0.13358810544,0.0149136800319,-0.00153802591376,0.144040107727
0.0142668765038,-0.000405416183639,0.134367316961,0.0147490212694,-0.00100021623075,0.148204609752
0.0142668765038,-0.000405416183639,0.137331932783,0.0137431118637,-4.73869149573e-05,0.160453423858
0.0142668765038,-0.000405416183639,0.139843299985,0.0128445830196,0.000131751090521,0.167967587709
0.0142668765038,-0.000405416183639,0.141163930297,0.0123728653416,0.000107582534838,0.174494326115
0.0142668765038,-0.000405416183639,0.144332304597,0.011442406103,0.000257874140516,0.183038711548
0.0142668765038,-0.000405416183639,0.145974949002,0.0106875039637,8.59318533912e-05,0.190121337771
0.0142668765038,-0.000405416183639,0.149869844317,0.00970621500164,0.000628217239864,0.199278086424
0.0142668765038,-0.000405416183639,0.156549751759,0.00629360927269,0.000822710862849,0.216095268726
0.0142668765038,-0.000405416183639,0.158926874399,0.00446822680533,0.00155716983136,0.224033325911
0.0142668765038,-0.000405416183639,0.164454102516,0.00236179213971,0.00215016957372,0.233221441507
0.0142668765038,-0.000405416183639,0.167238950729,0.000116720679216,0.00232948805206,0.24039311707
0.0142668765038,-0.000405416183639,0.173656746745,-0.00195559975691,0.0024201401975,0.248982787132
0.0142668765038,-0.000405416183639,0.176867172122,-0.00383862061426,0.00315873953514,0.256155222654
0.0142668765038,-0.000405416183639,0.184217005968,-0.00545794796199,0.00302144279703,0.264683783054
0.0142668765038,-0.000405416183639,0.187865331769,-0.00772030605003,0.00295506604016,0.271226763725
0.0142668765038,-0.000405416183639,0.196170598269,-0.00971419457346,0.00320275919512,0.279002338648
0.0142668765038,-0.000405416183639,0.200273141265,-0.0117023186758,0.00360022112727,0.28548848629
0.0142668765038,-0.000405416183639,0.20934766531,-0.0140560381114,0.0039652925916,0.291218280792
0.0142668765038,-0.000405416183639,0.214110016823,-0.0155782317743,0.00416586454958,0.299182057381
0.0142668765038,-0.000405416183639,0.224383831024,-0.0174777247012,0.00461065769196,0.306692153215
0.0142668765038,-0.000405416183639,0.229388535023,-0.0188532024622,0.00505357375368,0.312500745058
0.0142668765038,-0.000405416183639,0.240378275514,-0.0207624137402,0.00568977370858,0.317639142275
0.0142668765038,-0.000405416183639,0.246089801192,-0.0217788517475,0.00632006814703,0.325804203749
0.0142668765038,-0.000405416183639,0.258050918579,-0.0232275761664,0.00702620251104,0.331244200468
0.0142668765038,-0.000405416183639,0.264204621315,-0.0245786644518,0.00762270204723,0.339078843594
0.0142668765038,-0.000405416183639,0.277340441942,-0.0258970502764,0.00793701037765,0.347725480795
0.0142668765038,-0.000405416183639,0.283679783344,-0.0269466936588,0.00837578438222,0.354156464338
0.0142668765038,-0.000405416183639,0.297715783119,-0.0275338739157,0.00896257720888,0.363695949316
0.0142668765038,-0.000405416183639,0.304462224245,-0.0284744594246,0.00939826667309,0.371261447668
0.0142668765038,-0.000405416183639,0.31935557723,-0.0291047953069,0.00992322061211,0.381277531385
0.0142668765038,-0.000405416183639,0.326488316059,-0.0292366910726,0.0103861605749,0.388898164034
0.0142668765038,-0.000405416183639,0.334096252918,-0.0293169561774,0.0105194421485,0.394430488348
0.0142668755725,-0.000405416183639,0.349673211575,-0.0298190526664,0.0108965802938,0.4032779634
0.0142668755725,-0.000405416183639,0.373982459307,-0.0305316504091,0.0109643703327,0.42332097888
0.0142668755725,-0.000405416183639,0.382221162319,-0.0306764338166,0.0104912202805,0.435370802879
0.0142668755725,-0.000405416183639,0.399517893791,-0.0310522690415,0.0102399736643,0.448726415634
0.0142668755725,-0.000405416183639,0.407734572887,-0.0310705043375,0.0101571772248,0.45851752162
0.0142668755725,-0.000405416183639,0.425635159016,-0.0311975758523,0.00988966785371,0.472827494144
0.0142668755725,-0.000405416183639,0.434038877487,-0.0310979448259,0.00958617962897,0.483328193426
0.0142668755725,-0.000405416183639,0.452406227589,-0.0310552436858,0.0092804916203,0.498605310917
0.0142668755725,-0.000405416154535,0.461015373468,-0.0309022460133,0.00890791043639,0.509885668755
0.0142668755725,-0.000405416154535,0.479764640331,-0.0308183170855,0.00828365515918,0.525909841061
0.0142668755725,-0.000405416154535,0.488521635532,-0.0309487562627,0.00780001841486,0.53791052103
0.0142668755725,-0.000405416154535,0.507089018822,-0.0308385845274,0.00695013860241,0.555924415588
0.0142668755725,-0.000405416154535,0.516434431076,-0.0308243632317,0.00654007960111,0.562848687172
0.0142668755725,-0.000405416154535,0.525804102421,-0.0308958217502,0.00589848961681,0.57740265131
0.0142668746412,-0.000405416154535,0.553996860981,-0.030725421384,0.00444915052503,0.608411192894
0.0142668746412,-0.000405416154535,0.572882950306,-0.030520055443,0.00338833872229,0.625046491623
0.0142668746412,-0.000405416154535,0.582246482372,-0.0304450113326,0.00261597847566,0.640046775341
0.0142668746412,-0.000405416154535,0.601110517979,-0.0303134452552,0.00164507934824,0.656968414783
0.0142668746412,-0.000405416154535,0.610426008701,-0.0306662432849,0.000943279475905,0.672146260738
0.0142668746412,-0.000405416154535,0.62913274765,-0.0309677068144,-0.000234257880948,0.689311802387
0.0142668746412,-0.000405416125432,0.638351202011,-0.0309886224568,-0.000646507542115,0.704666078091
0.0142668737099,-0.000405416125432,0.656803250313,-0.0314923301339,-0.00193937041331,0.72323679924
0.0142668737099,-0.000405416125432,0.665884196758,-0.0319139584899,-0.00247236154974,0.737736701965
0.0142668737099,-0.000405416125432,0.684000849724,-0.0324809402227,-0.00331971351989,0.75573772192
0.0142668737099,-0.000405416125432,0.692887187004,-0.0327949747443,-0.00365831563249,0.769908726215
0.0142668737099,-0.000405416125432,0.710570335388,-0.0329312756658,-0.004462138284,0.78704726696
0.0142668727785,-0.000405416125432,0.719244718552,-0.0331236682832,-0.00433675758541,0.801479458809
0.0142668727785,-0.000405416096328,0.73638433218,-0.0334579013288,-0.00477970764041,0.818169116974
0.0142668727785,-0.000405416096328,0.744813621044,-0.033641397953,-0.00443905498832,0.832281887531
0.0142668727785,-0.000405416096328,0.761320948601,-0.0339609608054,-0.00459379050881,0.848557054996
0.0142668718472,-0.000405416096328,0.769456803799,-0.0344131179154,-0.00459488667548,0.862604796886
0.0142668718472,-0.000405416096328,0.785253703594,-0.0346631482244,-0.00443766731769,0.87827783823
0.0142668718472,-0.000405416096328,0.793059051037,-0.0346257388592,-0.00410935375839,0.891234695911
0.0142668718472,-0.000405416067224,0.808111488819,-0.0346250869334,-0.0039912299253,0.906040906906
0.0142668709159,-0.000405416067224,0.815535008907,-0.0344459451735,-0.00391665380448,0.918630540371
0.0142668709159,-0.000405416067224,0.82979208231,-0.0345185622573,-0.00346955098212,0.932525575161
0.0142668709159,-0.000405416067224,0.836794018745,-0.0343399494886,-0.00316201196983,0.94481742382
0.0142668699846,-0.00040541603812,0.850211203098,-0.0343941450119,-0.00283161946572,0.958313345909
0.0142668699846,-0.00040541603812,0.856776952744,-0.0341180823743,-0.00248047732748,0.970091223717
0.0142668699846,-0.00040541603812,0.869308412075,-0.0340650305152,-0.00197949656285,0.982580006123
0.0142668690532,-0.000405416009016,0.88702327013,-0.0338114500046,-0.000616893346887,1.0047506094
0.0142668690532,-0.000405416009016,0.892657458782,-0.0336806848645,-0.00039697077591,1.01517498493
0.0142668681219,-0.000405416009016,0.903323590755,-0.0332720093429,0.000307196809445,1.02570903301
0.0142668681219,-0.000405415979913,0.908481538296,-0.0329233892262,0.000699057010934,1.03520011902
0.0142668671906,-0.000405415979913,0.918196260929,-0.0324679128826,0.00129716238007,1.04500865936
0.0142668671906,-0.000405415979913,0.92287093401,-0.0324551835656,0.00100006884895,1.05422079563
0.0142668662593,-0.000405415950809,0.935821294785,-0.0321757420897,0.00185688876081,1.07281434536
0.014266865328,-0.000405415921705,0.943633139133,-0.0321352556348,0.0024936713744,1.08128774166
0.014266865328,-0.000405415921705,0.947353303432,-0.0319606028497,0.00278196437284,1.09002888203
0.0142668643966,-0.000405415892601,0.954240560532,-0.0317225754261,0.00366574060172,1.09758532047
0.0142668634653,-0.000405415892601,0.957499504089,-0.0310083217919,0.00419673416764,1.10578930378
0.0142668634653,-0.000405415863497,0.963491678238,-0.0304937642068,0.00474700517952,1.11290919781
0.014266862534,-0.000405415863497,0.966309666634,-0.0297512579709,0.00544616673142,1.12031674385
0.0142668616027,-0.000405415834393,0.971446990967,-0.0291574820876,0.00592462625355,1.12650620937
0.0142668616027,-0.000405415834393,0.973838925362,-0.0285621248186,0.00662798481062,1.13288640976
0.0142668606713,-0.00040541580529,0.97816747427,-0.0277928598225,0.00732831656933,1.13806068897
0.01426685974,-0.00040541580529,0.980163633823,-0.0271899420768,0.00753829814494,1.14438712597
0.0142668588087,-0.000405415776186,0.983744978905,-0.0264308247715,0.00826439075172,1.14846301079
0.0142668578774,-0.000405415747082,0.988268375397,-0.025217525661,0.00945060607046,1.1576551199
0.0142668569461,-0.000405415717978,0.98956912756,-0.0245082508773,0.00985828507692,1.16228675842
0.0142668560147,-0.000405415688874,0.991845428944,-0.0239215902984,0.0102296527475,1.16480183601
0.0142668550834,-0.000405415688874,0.992851555347,-0.0232155248523,0.010824996978,1.16872549057
0.0142668541521,-0.00040541565977,0.994584202766,-0.0220721568912,0.0116745680571,1.17013895512
0.0142668532208,-0.00040541565977,0.995337367058,-0.0219618231058,0.0115102222189,1.17389822006
0.0142668522894,-0.000405415630667,0.996603250504,-0.0211019665003,0.0119899883866,1.17452597618
0.0142668513581,-0.000405415601563,0.997137725353,-0.0209589209408,0.0117508387193,1.17797935009
0.0142668504268,-0.000405415572459,0.998022139072,-0.0204881094396,0.0119257345796,1.17819201946
0.0142668494955,-0.000405415543355,0.998381614685,-0.0201539751142,0.011833017692,1.18123495579
0.0142668476328,-0.000405415514251,0.998956263065,-0.0196187403053,0.0118231214583,1.18078196049
0.0142668467015,-0.000405415485147,0.999367654324,-0.0191917326301,0.0120853763074,1.18197953701
0.0142668457702,-0.000405415456044,0.999520242214,-0.0190087370574,0.0120874987915,1.18251860142
0.0142668411136,-0.000405415368732,0.999924600124,-0.0167605858296,0.0127405002713,1.18620347977
0.0142668401822,-0.000405415339628,0.999953091145,-0.0163166336715,0.0128567386419,1.18405890465
0.0142668392509,-0.000405415310524,0.999985039234,-0.0150632541627,0.0128929503262,1.18431019783
0.0142668383196,-0.000405415281421,0.999994754791,-0.014704881236,0.0129778804258,1.18433856964
0.0142668355256,-0.000405415252317,0.999998271465,-0.0134805366397,0.0131693771109,1.18364882469
0.014266833663,-0.000405415194109,1.00000023842,-0.0119655895978,0.0138597460464,1.18126642704
0.014266833663,-0.000405415194109,1.00000023842,-0.0112740853801,0.0137886218727,1.17953228951
0.014266833663,-0.000405415194109,1.00000023842,-0.0104071777314,0.0138002848253,1.17726862431
0.014266833663,-0.000405415194109,1.00000023842,-0.0103448424488,0.0137737961486,1.1768155098
0.014266833663,-0.000405415194109,1.00000023842,-0.0098316334188,0.0136960931122,1.17457830906
0.014266833663,-0.000405415194109,1.00000023842,-0.00894237030298,0.0137101840228,1.17397046089
0.014266833663,-0.000405415194109,1.00000023842,-0.0085829263553,0.0137121491134,1.17042410374
0.014266833663,-0.000405415194109,1.00000023842,-0.00706617068499,0.0141612775624,1.17078256607
0.014266833663,-0.000405415194109,1.00000023842,-0.00646185642108,0.0143152531236,1.16717541218
0.014266833663,-0.000405415194109,1.00000023842,-0.00510956346989,0.0142640685663,1.16498970985
0.014266833663,-0.000405415194109,1.00000023842,-0.00421422021464,0.0140807898715,1.1630641222
0.014266833663,-0.000405415194109,1.00000023842,-0.00410236930475,0.0141016505659,1.16298604012
0.014266833663,-0.000405415194109,1.00000023842,-0.00388429267332,0.0136674912646,1.16174674034
0.014266833663,-0.000405415194109,1.00000023842,-0.00386850349605,0.0137178506702,1.16163599491
0.014266833663,-0.000405415194109,1.00000023842,-0.00387103389949,0.0137468017638,1.16058754921
0.014266833663,-0.000405415194109,1.00000023842,-0.00383451371454,0.0138480551541,1.16069173813
0.014266833663,-0.000405415194109,1.00000023842,-0.003681817092,0.0135965263471,1.1605540514
0.014266833663,-0.000405415194109,1.00000023842,-0.00373049499467,0.0135337579995,1.1607619524
0.014266833663,-0.000405415194109,1.00000023842,-0.00399727281183,0.0140104079619,1.16054069996
0.014266833663,-0.000405415194109,1.00000023842,-0.00414064014331,0.0140499463305,1.16082787514
0.014266833663,-0.000405415194109,1.00000023842,-0.00490703433752,0.013747821562,1.16104137897
0.014266833663,-0.000405415194109,1.00000023842,-0.00507278461009,0.013719891198,1.16144394875
0.014266833663,-0.000405415194109,1.00000023842,-0.00582085596398,0.0137049006298,1.16178750992
0.014266833663,-0.000405415194109,1.00000023842,-0.00601632799953,0.0137189337984,1.16215848923
0.014266833663,-0.000405415194109,1.00000023842,-0.0065209614113,0.0138846384361,1.16257035732
0.014266833663,-0.000405415194109,1.00000023842,-0.00662413379177,0.0139397205785,1.16295456886
0.014266833663,-0.000405415194109,1.00000023842,-0.00741202058271,0.0136856716126,1.16343748569
0.014266833663,-0.000405415194109,1.00000023842,-0.00762660009786,0.0137880304828,1.16372525692
0.014266833663,-0.000405415194109,1.00000023842,-0.0087100751698,0.0140556450933,1.1634002924
0.014266833663,-0.000405415194109,1.00000023842,-0.00906615518034,0.0141219617799,1.16352295876
0.014266833663,-0.000405415194109,1.00000023842,-0.00997170712799,0.0143188470975,1.16250431538
0.014266833663,-0.000405415194109,1.00000023842,-0.0110012087971,0.0144498376176,1.16079688072
0.014266833663,-0.000405415194109,1.00000023842,-0.0112671544775,0.0143756847829,1.16065394878
0.0,0.0,1.0,-0.0123158264905,0.0142785487697,1.15889108181
0.0,0.0,1.0,-0.012674625963,0.0140762012452,1.15866219997
0.0,0.0,1.0,-0.0138961840421,0.0139325391501,1.15649712086
0.0,0.0,1.0,-0.0146208070219,0.013783223927,1.15484046936
0.0,0.0,1.0,-0.0149777326733,0.0137160941958,1.15442121029
0.0,0.0,1.0,-0.0159486830235,0.0141482772306,1.15248823166
0.0,0.0,1.0,-0.0163411293179,0.0141212651506,1.15200960636
0.0,0.0,1.0,-0.0175328291953,0.0139065301046,1.15063905716
0.0,0.0,1.0,-0.0188766550273,0.013698480092,1.14946913719
0.0,0.0,1.0,-0.0191586539149,0.013741504401,1.14945840836
0.0,0.0,1.0,-0.020782943815,0.0137337166816,1.14647018909
0.0,0.0,1.0,-0.0208926647902,0.0136360563338,1.1481924057
0.0,0.0,1.0,-0.0218554399908,0.0137296076864,1.1489764452
0.0,0.0,1.0,-0.0221937876195,0.013729586266,1.14923584461
0.0,0.0,1.0,-0.0232432615012,0.0136426510289,1.14954960346
0.0,0.0,1.0,-0.0236210078001,0.0133936638013,1.14990365505
0.0,0.0,1.0,-0.0250660758466,0.0131135331467,1.15054726601
0.0,0.0,1.0,-0.0254770852625,0.0130062615499,1.15087926388
0.0,0.0,1.0,-0.0267613381147,0.0126594072208,1.1517957449
0.0,0.0,1.0,-0.0272780489177,0.0125340241939,1.15205907822
0.0,0.0,1.0,-0.0283524915576,0.0121425306424,1.15330779552
0.0,0.0,1.0,-0.0298096984625,0.011638564989,1.15465331078
0.0,0.0,1.0,-0.0301077645272,0.0115730231628,1.15503025055
0.0,0.0,1.0,-0.0312803462148,0.0111153079197,1.15643000603
0.0,0.0,1.0,-0.0321665480733,0.0111767658964,1.15699899197
0.0,0.0,1.0,-0.0324755124748,0.0110575901344,1.15706670284
0.0,0.0,1.0,-0.0330926440656,0.0111337993294,1.15762150288
0.0,0.0,1.0,-0.0332084745169,0.0111355604604,1.15754747391
0.0,0.0,1.0,-0.033190689981,0.0112218037248,1.15776979923
0.0,0.0,1.0,-0.0331779234111,0.0112691372633,1.15774154663
0.0,0.0,1.0,-0.0331231355667,0.0115364892408,1.15728700161
0.0,0.0,1.0,-0.0330703109503,0.0117351608351,1.15687787533
0.0,0.0,1.0,-0.0330436080694,0.0115586537868,1.15674829483
0.0,0.0,1.0,-0.0329940952361,0.011571476236,1.15682458878
0.0,0.0,1.0,-0.0328169055283,0.0117016276345,1.15638971329
0.0,0.0,1.0,-0.0326889120042,0.0117969000712,1.15613865852
0.0,0.0,1.0,-0.0320639833808,0.0120632871985,1.15516579151
0.0,0.0,1.0,-0.0317700207233,0.0122375851497,1.15493035316
0.0,0.0,1.0,-0.0306468904018,0.0128597067669,1.15399038792
0.0,0.0,1.0,-0.0296936128289,0.0129763241857,1.15282845497
0.0,0.0,1.0,-0.0295525994152,0.012849740684,1.1526927948
0.0,0.0,1.0,-0.0289557538927,0.0124315833673,1.15197169781
0.0,0.0,1.0,-0.0278571862727,0.012473385781,1.15082776546
0.0,0.0,1.0,-0.0274640247226,0.0124161373824,1.15058410168
0.0,0.0,1.0,-0.0265776086599,0.0127045102417,1.14923071861
0.0,0.0,1.0,-0.0263409130275,0.0125384423882,1.14892399311
0.0,0.0,1.0,-0.0254826620221,0.0121130160987,1.14805042744
0.0,0.0,1.0,-0.0252334754914,0.0118809118867,1.14790225029
0.0,0.0,1.0,-0.024748345837,0.0113882282749,1.14704716206
0.0,0.0,1.0,-0.024670464918,0.011122613214,1.14691078663
0.0,0.0,1.0,-0.0244349911809,0.0101742008701,1.14630031586
0.0,0.0,1.0,-0.0245750918984,0.00975252036005,1.14618360996
0.0,0.0,1.0,-0.0247684177011,0.00880743376911,1.14580380917
0.0,0.0,1.0,-0.0247882828116,0.00857274141163,1.14577662945
0.0,0.0,1.0,-0.0247757397592,0.0074766818434,1.14561772346
0.0,0.0,1.0,-0.024583760649,0.00652674632147,1.14740669727
0.0,0.0,1.0,-0.0245224330574,0.00598104950041,1.14495515823
0.0,0.0,1.0,-0.0249342657626,0.00513095408678,1.14646363258
0.0,0.0,1.0,-0.025118406862,0.00455539906397,1.14390933514
0.0,0.0,1.0,-0.0258324276656,0.00339938700199,1.14561641216
0.0,0.0,1.0,-0.0261519458145,0.00270525715314,1.14309060574
0.0,0.0,1.0,-0.0267575718462,0.00219329888932,1.14453351498
0.0,0.0,1.0,-0.0270482283086,0.00172448391095,1.14190089703
0.0,0.0,1.0,-0.0275072660297,0.00145910808351,1.14299654961
0.0,0.0,1.0,-0.0282310638577,0.000750333420001,1.14155399799
0.0,0.0,1.0,-0.0285592526197,0.000437885144493,1.13876187801
0.0,0.0,1.0,-0.0292546413839,-0.000234545645071,1.14041471481
0.0,0.0,1.0,-0.0296138897538,-0.000557783059776,1.13773846626
0.0,0.0,1.0,-0.0303013026714,-0.000788614037447,1.13917839527
0.0,0.0,1.0,-0.0306423902512,-0.00098098651506,1.13649904728
0.0,0.0,1.0,-0.0313472151756,-0.00146723550279,1.13529551029
0.0,0.0,1.0,-0.031785570085,-0.0016295700334,1.13676548004
0.0,0.0,1.0,-0.0320761799812,-0.00177418172825,1.1341047287
0.0,0.0,1.0,-0.0328720360994,-0.00219152448699,1.13135993481
0.0,0.0,1.0,-0.0331880524755,-0.00214542192407,1.13372707367
0.0,0.0,1.0,-0.033842291683,-0.00227431789972,1.13364386559
0.0,0.0,1.0,-0.0341313332319,-0.00243934663013,1.13303315639
0.0,0.0,1.0,-0.0343704707921,-0.00238340883516,1.13347804546
0.0,0.0,1.0,-0.034568503499,-0.00224323617294,1.13292491436
0.0,0.0,1.0,-0.0346700102091,-0.00206610560417,1.13355398178
0.0,0.0,1.0,-0.0346720814705,-0.0018924055621,1.13299202919
0.0,0.0,1.0,-0.0346649214625,-0.00178379495628,1.13354563713
0.0,0.0,1.0,-0.0346280708909,-0.00163745286409,1.13298428059
0.0,0.0,1.0,-0.0345260128379,-0.00147150247358,1.13356149197
0.0,0.0,1.0,-0.0344350636005,-0.00111469603144,1.13296067715
0.0,0.0,1.0,-0.0344253703952,-0.000744681048673,1.13361275196
0.0,0.0,1.0,-0.0342857055366,-0.000355751864845,1.13305389881
0.0,0.0,1.0,-0.0340333804488,9.91039414657e-05,1.13357937336
0.0,0.0,1.0,-0.0336356796324,0.000573533587158,1.13290321827
0.0,0.0,1.0,-0.0332274883986,0.000974331749603,1.13347816467
0.0,0.0,1.0,-0.0326588489115,0.00161273870617,1.13275504112
0.0,0.0,1.0,-0.0322359800339,0.00209365505725,1.1333039999
0.0,0.0,1.0,-0.0317963771522,0.00266658351757,1.13286077976
0.0,0.0,1.0,-0.0314189083874,0.0033121057786,1.13356530666
0.0,0.0,1.0,-0.0309796817601,0.00405213935301,1.1330858469
0.0,0.0,1.0,-0.0303719118237,0.00484014861286,1.13383245468
0.0,0.0,1.0,-0.0296322517097,0.00528255151585,1.13338410854
0.0,0.0,1.0,-0.0291460026056,0.00592713896185,1.13384342194
0.0,0.0,1.0,-0.0284402295947,0.00654935091734,1.13334536552
0.0,0.0,1.0,-0.0270938202739,0.00797365419567,1.1332552433
0.0,0.0,1.0,-0.0259976368397,0.00920006260276,1.13323318958
0.0,0.0,1.0,-0.0254390500486,0.00985725410283,1.13381052017
0.0,0.0,1.0,-0.0249811634421,0.0104021076113,1.13320243359
0.0,0.0,1.0,-0.0242832619697,0.0110893771052,1.13385856152
0.0,0.0,1.0,-0.0236103143543,0.0115833356977,1.13337767124
0.0,0.0,1.0,-0.0229261275381,0.0118228197098,1.1340482235
0.0,0.0,1.0,-0.0215242616832,0.0119825555012,1.13441610336
0.0,0.0,1.0,-0.0207160077989,0.0123046934605,1.13401782513
0.0,0.0,1.0,-0.0196974352002,0.0128091629595,1.13465297222
0.0,0.0,1.0,-0.0186711773276,0.0131234005094,1.1340534687
0.0,0.0,1.0,-0.017634248361,0.0133743965998,1.13460087776
0.0,0.0,1.0,-0.0165371447802,0.0137660931796,1.13395750523
0.0,0.0,1.0,-0.0145400362089,0.0137596391141,1.13379442692
0.0,0.0,1.0,-0.0134985055774,0.0136168841273,1.13441097736
0.0,0.0,1.0,-0.0125158112496,0.013738100417,1.13367557526
0.0,0.0,1.0,-0.011766041629,0.0136511735618,1.13412177563
0.0,0.0,1.0,-0.0112226866186,0.013305732049,1.13369250298
0.0,0.0,1.0,-0.010915953666,0.0132618639618,1.13414573669
0.0,0.0,1.0,-0.0105375023559,0.0132045662031,1.13353598118
0.0,0.0,1.0,-0.0103023918346,0.0131407910958,1.13411319256
0.0,0.0,1.0,-0.0100549031049,0.0129637503996,1.1335555315
0.0,0.0,1.0,-0.0096993483603,0.0127198770642,1.13419473171
0.0,0.0,1.0,-0.00951312761754,0.0122250020504,1.13377082348
0.0,0.0,1.0,-0.00949369184673,0.0119033781812,1.13425290585
0.0,0.0,1.0,-0.00961192138493,0.0115885874256,1.13357448578
0.0,0.0,1.0,-0.00967517215759,0.01112814527,1.13408613205
0.0,0.0,1.0,-0.00973955541849,0.0106034073979,1.13346266747
0.0,0.0,1.0,-0.00983277149498,0.0103719439358,1.13396716118
0.0,0.0,1.0,-0.0101150497794,0.00999856181443,1.13345611095
0.0,0.0,1.0,-0.0106299994513,0.00966235250235,1.1340546608
0.0,0.0,1.0,-0.0111082317308,0.00913770031184,1.13366222382
0.0,0.0,1.0,-0.0117189902812,0.00870210677385,1.134339571
0.0,0.0,1.0,-0.0123641891405,0.008131952025,1.13391435146
0.0,0.0,1.0,-0.0132110565901,0.00774218235165,1.13444983959
0.0,0.0,1.0,-0.0139075415209,0.00727667566389,1.13396990299
0.0,0.0,1.0,-0.0147393289953,0.00687681743875,1.13446307182
0.0,0.0,1.0,-0.0156493727118,0.00644088722765,1.1336209774
0.0,0.0,1.0,-0.0166005771607,0.00591650232673,1.13402402401
0.0,0.0,1.0,-0.018903862685,0.00478473771363,1.13353574276
0.0,0.0,1.0,-0.0197865050286,0.00440659886226,1.1327393055
0.0,0.0,1.0,-0.0208625383675,0.00394109031186,1.12986123562
0.0,0.0,1.0,-0.0215954426676,0.00368333328515,1.13251245022
0.0,0.0,1.0,-0.0226824376732,0.0033097108826,1.12949335575
0.0,0.0,1.0,-0.023334607482,0.00317640579306,1.13220071793
0.0,0.0,1.0,-0.0248640011996,0.00305559695698,1.1318333149
0.0,0.0,1.0,-0.0257978569716,0.00276925601065,1.12891423702
0.0,0.0,1.0,-0.0262124501169,0.00285132508725,1.1315267086
0.0,0.0,1.0,-0.0270204264671,0.00284962193109,1.12855911255
0.0,0.0,1.0,-0.0275951512158,0.0027166469954,1.13124382496
0.0,0.0,1.0,-0.0284407492727,0.00257055344991,1.12837851048
-1.12889972925e-08,6.92457113871e-09,1.0,-0.0298186074942,0.00288235559128,1.13038122654
-1.17624587403e-07,7.22037398759e-08,1.0,-0.0304307639599,0.00326223601587,1.12958312035
-2.23427633728e-07,1.37155353741e-07,1.0,-0.0308684613556,0.00355883012526,1.12935948372
-3.29821716605e-07,2.02470189947e-07,1.0,-0.0309041272849,0.00425787642598,1.12921094894
-4.36421117911e-07,2.67911246965e-07,1.0,-0.030728654936,0.00481049204245,1.12954223156
-5.43094301975e-07,3.33397849772e-07,1.0,-0.0301160868257,0.00532250478864,1.13025712967
-6.38578569578e-07,3.9202024027e-07,1.0,-0.0297433696687,0.00557203078642,1.12799191475
-1.22748940612e-06,7.54377936119e-07,1.0,-0.0296996161342,0.00569338072091,1.13097572327
-1.06847419374e-05,6.60193518343e-06,1.0,-0.029543383047,0.0059815319255,1.12869858742
-2.49994100159e-05,1.54860226758e-05,1.0,-0.0295683648437,0.00590334646404,1.1316781044
-9.33596893447e-05,5.81206295465e-05,1.0,-0.0295183118433,0.00592929264531,1.12945914268
-0.000157278351253,9.81546472758e-05,1.0,-0.0290789138526,0.00607255287468,1.13238072395
-0.000377989636036,0.000237082655076,1.0,-0.0286569111049,0.00618885690346,1.13011598587
-0.000547680305317,0.000344383472111,1.0,-0.0280166622251,0.00623263325542,1.13299608231
-0.00105077994522,0.000664147606585,1.0,-0.0274401083589,0.00640152441338,1.13055729866
-0.001398614957,0.000886299880221,1.0,-0.0276304632425,0.00629240088165,1.13367903233
-0.0023429042194,0.00149262032937,1.0,-0.0276959873736,0.00633910670877,1.13153016567
-0.00295285205357,0.0018862754805,1.0,-0.0285555161536,0.00630381004885,1.1349594593
-0.00451865047216,0.00290249916725,1.0,-0.0293389651924,0.00640211580321,1.13295841217
-0.00548555189744,0.00353345857002,1.0,-0.0305036231875,0.00663121929392,1.1358743906
-0.00786492135376,0.0050953249447,1.0,-0.0316272862256,0.00700103491545,1.13353335857
-0.00928249489516,0.00603125849739,1.0,-0.0324838832021,0.00781132467091,1.1359487772
-0.0126710589975,0.00828253943473,1.0,-0.0337350517511,0.00874874833971,1.13310348988
-0.01465057116,0.00960587430745,1.0,-0.0354495793581,0.0098567828536,1.13554632664
-0.0192242767662,0.0126838898286,1.0,-0.0380781851709,0.0108575010672,1.13261580467
-0.021849906072,0.0144626805559,1.0,-0.0416118092835,0.0116223664954,1.13524270058
-0.0277944691479,0.0185187775642,1.0,-0.0459289848804,0.0128454873338,1.13244974613
-0.0385995917022,0.0259837470949,1.0,-0.0567163862288,0.0162548869848,1.13233482838
-0.0427642539144,0.028890280053,1.0,-0.0618794485927,0.0182829592377,1.13433456421
-0.0518598593771,0.0352910086513,1.0,-0.068603746593,0.0210568681359,1.13124740124
-0.0568780303001,0.0388522744179,1.0,-0.0739179030061,0.023920815438,1.13371396065
-0.0677039250731,0.0466047339141,1.0,-0.0813755691051,0.0273043513298,1.13078606129
-0.0736157745123,0.050877392292,1.0,-0.0877274125814,0.0300828032196,1.13323867321
-0.0930209904909,0.0650915279984,1.0,-0.104035980999,0.0374522916973,1.13325035572
-0.107373669744,0.0757889822125,1.0,-0.114204607904,0.0421567969024,1.13056850433
-0.115077935159,0.0815956145525,1.0,-0.12173551321,0.0461716391146,1.13356900215
-0.131144821644,0.0938508883119,1.0,-0.132715195417,0.0519350990653,1.13098299503
-0.139681085944,0.100443139672,1.0,-0.141092553735,0.0570808686316,1.13378608227
-0.157351180911,0.114271856844,1.0,-0.152774482965,0.0640396103263,1.13148391247
-0.185761079192,0.137042224407,1.0,-0.173847228289,0.0775612443686,1.13271045685
-0.195743605494,0.145207896829,1.0,-0.182622224092,0.0830083712935,1.13614869118
-0.216053590178,0.162101998925,1.0,-0.195553913713,0.0913054198027,1.134506464
-0.226590365171,0.171021968126,1.0,-0.204769551754,0.0975386798382,1.13811659813
-0.247823148966,0.189341321588,1.0,-0.218308210373,0.106505550444,1.13648569584
-0.258766978979,0.198974385858,1.0,-0.226809158921,0.113659225404,1.14001405239
-0.280610620975,0.218623891473,1.0,-0.240305006504,0.123816601932,1.13821744919
-0.291765451431,0.228891551495,1.0,-0.248517423868,0.131261512637,1.1419352293
-0.325012415648,0.260553061962,1.0,-0.270707815886,0.150536060333,1.14448750019
-0.346976518631,0.2824690938,1.0,-0.285004615784,0.162987217307,1.14330422878
-0.357947409153,0.293762296438,1.0,-0.292452156544,0.170664697886,1.14743208885
-0.379331439734,0.316538631916,1.0,-0.305546194315,0.183486253023,1.14687359333
-0.410286068916,0.351675480604,1.0,-0.325526356697,0.205647975206,1.1497092247
-0.420243084431,0.363648116589,1.0,-0.331341177225,0.213842004538,1.15345239639
-0.439196437597,0.387574464083,1.0,-0.34281539917,0.227715939283,1.15276551247
-0.448349177837,0.399761378765,1.0,-0.348557829857,0.236609712243,1.15667319298
-0.465528607368,0.424034833908,1.0,-0.359243154526,0.251181811094,1.15602779388
-0.473565250635,0.436156302691,1.0,-0.364927411079,0.26161044836,1.15982496738
-0.488622516394,0.460596889257,1.0,-0.37436285615,0.276780933142,1.15939164162
-0.495493322611,0.472704052925,1.0,-0.379239559174,0.287625730038,1.16280961037
-0.508329033852,0.497575044632,1.0,-0.38683962822,0.303265452385,1.16458714008
-0.513682603836,0.509122669697,1.0,-0.391598969698,0.314771324396,1.16598057747
-0.523754954338,0.533749461174,1.0,-0.39773696661,0.330654889345,1.16809916496
-0.52777582407,0.545154690742,1.0,-0.402229398489,0.342716068029,1.16911172867
-0.537515997887,0.580600500107,1.0,-0.411750555038,0.372378408909,1.17216491699
-0.541562855244,0.604323744774,1.0,-0.416832059622,0.389964431524,1.17399466038
-0.542717754841,0.615244567394,1.0,-0.420680403709,0.403426706791,1.17493891716
-0.543610930443,0.638327360153,1.0,-0.425101459026,0.42166736722,1.17697155476
-0.543283820152,0.648979365826,1.0,-0.428491413593,0.435643643141,1.17782914639
-0.541005671024,0.671256184578,1.0,-0.432989269495,0.454732596874,1.1796207428
-0.539195179939,0.681531667709,1.0,-0.435714244843,0.4687269032,1.18025827408
-0.533782064915,0.702972054482,1.0,-0.43979421258,0.488202542067,1.18141269684
-0.530512928963,0.712839066982,1.0,-0.442279189825,0.503131449223,1.18168985844
-0.522042930126,0.733367323875,1.0,-0.445851773024,0.523128092289,1.18274569511
-0.517386138439,0.742745757103,1.0,-0.448102712631,0.538545608521,1.18255198002
-0.505962431431,0.762335538864,1.0,-0.45066550374,0.559243857861,1.18247747421
-0.499961584806,0.771254241467,1.0,-0.452566117048,0.575242877007,1.18236923218
-0.485768944025,0.789801359177,1.0,-0.45415404439,0.596335828304,1.18212425709
-0.478561639786,0.798174142838,1.0,-0.455333173275,0.612617313862,1.18065047264
-0.461788356304,0.81565707922,1.0,-0.456418812275,0.633988499641,1.18003880978
-0.45344465971,0.823514938354,1.0,-0.457556843758,0.649943828583,1.17923688889
-0.434336185455,0.839880466461,1.0,-0.458411604166,0.670805811882,1.17835378647
-0.424984753132,0.847198903561,1.0,-0.459843963385,0.686505973339,1.17689406872
-0.403820186853,0.862404584885,1.0,-0.459948331118,0.707192480564,1.17575240135
-0.393570303917,0.869186282158,1.0,-0.459677249193,0.722878396511,1.17411875725
-0.35961779952,0.889441490173,1.0,-0.45816758275,0.76049977541,1.17116880417
-0.335787236691,0.901965796947,1.0,-0.457415878773,0.783137440681,1.16681325436
-0.298527657986,0.919278740883,1.0,-0.454238772392,0.819339811802,1.16329312325
-0.285838633776,0.924620270729,1.0,-0.452164649963,0.831534862518,1.16424822807
-0.25991204381,0.934753715992,1.0,-0.449399888515,0.852407693863,1.15996229649
-0.246847510338,0.939485371113,1.0,-0.446853458881,0.86455988884,1.16101109982
-0.220291376114,0.948377490044,1.0,-0.443461984396,0.884109079838,1.15619838238
-0.206979483366,0.952483534813,1.0,-0.439202785492,0.896010637283,1.15707564354
-0.180025935173,0.960107445717,1.0,-0.434501320124,0.914902985096,1.15229547024
-0.166574180126,0.963574886322,1.0,-0.430727690458,0.926143407822,1.15353775024
-0.125954329967,0.972710549831,1.0,-0.420655399561,0.95417869091,1.15125644207
-0.0584634579718,0.983465731144,1.0,-0.401045352221,0.994462311268,1.14468860626
-0.0451612994075,0.984919667244,1.0,-0.3943772614,1.00165975094,1.14608001709
-0.0185734219849,0.987142086029,1.0,-0.385017961264,1.01503551006,1.14184379578
0.0206099450588,0.988683819771,1.0,-0.366085469723,1.03393101692,1.1394046545
0.0334160849452,0.988717138767,1.0,-0.357065975666,1.03883826733,1.14101362228
0.0589326098561,0.988052546978,1.0,-0.344868510962,1.04844892025,1.13733029366
0.071435585618,0.98735666275,1.0,-0.335492163897,1.05207133293,1.13934898376
0.0962699353695,0.985211551189,1.0,-0.321780264378,1.05943179131,1.13591814041
0.108415365219,0.983775556087,1.0,-0.310888260603,1.06084191799,1.13792955875
0.14421838522,0.977952063084,1.0,-0.283573716879,1.06683886051,1.13647246361
0.16745249927,0.972801268101,1.0,-0.266382128,1.0702944994,1.13326978683
0.178759917617,0.969871640205,1.0,-0.253523170948,1.06966507435,1.13516843319
0.201091960073,0.96321439743,1.0,-0.234897792339,1.07077765465,1.13206291199
0.211947649717,0.959536135197,1.0,-0.220797687769,1.06816053391,1.1345436573
0.233340963721,0.95137655735,1.0,-0.200929671526,1.06665289402,1.13182830811
0.243717104197,0.94695687294,1.0,-0.187020719051,1.06308209896,1.13494682312
0.264121651649,0.937314093113,1.0,-0.165789186954,1.05984556675,1.13272237778
0.273999631405,0.932162761688,1.0,-0.151269331574,1.05513262749,1.1350632906
0.29336553812,0.921068847179,1.0,-0.128543794155,1.05021154881,1.1331602335
0.302742868662,0.915188789368,1.0,-0.113163381815,1.04548549652,1.13673222065
0.32099545002,0.902700662613,1.0,-0.0897884741426,1.03908026218,1.13511800766
0.329848915339,0.896106600761,1.0,-0.075337216258,1.03328931332,1.13784790039
0.346926510334,0.882288038731,1.0,-0.0514605455101,1.02523624897,1.1362413168
0.355205416679,0.875019431114,1.0,-0.0355694629252,1.01831829548,1.13936662674
0.371077984571,0.859911859035,1.0,-0.0110177155584,1.00879991055,1.13840389252
0.378725469112,0.852023482323,1.0,0.00468473741785,1.00084805489,1.1413795948
0.393297493458,0.835732758045,1.0,0.029246436432,0.990120530128,1.14053595066
0.400323987007,0.827211797237,1.0,0.0452925413847,0.98176574707,1.14399290085
0.413553059101,0.809786438942,1.0,0.0700256377459,0.969899117947,1.14327442646
0.419867694378,0.800734937191,1.0,0.0860877484083,0.960439443588,1.14696502686
0.431660085917,0.782291591167,1.0,0.110524229705,0.947382569313,1.14678585529
0.437231659889,0.772750914097,1.0,0.125967904925,0.938109457493,1.15027451515
0.447515070438,0.753383696079,1.0,0.149888902903,0.92464864254,1.15015029907
0.452309012413,0.743396878242,1.0,0.164715707302,0.914883196354,1.15413057804
0.461002826691,0.723216235638,1.0,0.187723681331,0.900665640831,1.15419220924
0.471996903419,0.691981971264,1.0,0.223641380668,0.875319898129,1.15845239162
0.47510945797,0.681287705898,1.0,0.236714988947,0.864949584007,1.16224992275
0.480391919613,0.659840404987,1.0,0.257564544678,0.849402427673,1.16234946251
0.482608109713,0.648880898952,1.0,0.269539922476,0.839291393757,1.16592180729
0.48607930541,0.626986443996,1.0,0.289005458355,0.823676943779,1.16582798958
0.487365156412,0.615827679634,1.0,0.300218224525,0.81327944994,1.16957807541
0.489293575287,0.582264125347,1.0,0.327932655811,0.787455141544,1.17276597023
0.488971948624,0.559862434864,1.0,0.344188898802,0.77123939991,1.17269396782
0.488315701485,0.548483729362,1.0,0.352115780115,0.760857284069,1.17605066299
0.486033409834,0.525964677334,1.0,0.366066098213,0.744614124298,1.17583179474
0.480099797249,0.492041230202,1.0,0.385247379541,0.717106461525,1.17899167538
0.471147269011,0.458277225494,1.0,0.401573777199,0.690704464912,1.1813133955
0.467465162277,0.447007834911,1.0,0.4061627388,0.680368185043,1.18398702145
0.459169685841,0.424809247255,1.0,0.414868205786,0.664238095284,1.18305027485
0.454478085041,0.413674652576,1.0,0.418025612831,0.653221547604,1.18591833115
0.444194406271,0.391782253981,1.0,0.424501210451,0.63657951355,1.18483531475
0.438495576382,0.380799949169,1.0,0.426343411207,0.625694572926,1.1875500679
0.426257967949,0.359284371138,1.0,0.430858403444,0.609048604965,1.18615067005
0.419582813978,0.348507165909,1.0,0.431948781013,0.598357439041,1.18875896931
0.405432403088,0.327406078577,1.0,0.434888064861,0.581458032131,1.18680429459
0.397814512253,0.3168618083,1.0,0.435144692659,0.571706593037,1.18792498112
0.381824433804,0.296223312616,1.0,0.435798585415,0.556443750858,1.18639802933
0.373294442892,0.285916090012,1.0,0.433577597141,0.545299351215,1.18900573254
0.355546951294,0.265760987997,1.0,0.432377964258,0.528290331364,1.18689882755
0.346217632294,0.255768686533,1.0,0.429154723883,0.517080843449,1.18917942047
0.326768994331,0.236056342721,1.0,0.425776094198,0.499576032162,1.18701398373
0.316640615463,0.226312816143,1.0,0.421511739492,0.488873153925,1.18947207928
0.295646339655,0.207081452012,1.0,0.416302800179,0.471316814423,1.18728816509
0.273713648319,0.1881749928,1.0,0.407277703285,0.449890494347,1.18747663498
0.262423962355,0.178845763206,1.0,0.403980761766,0.443505883217,1.18746232986
0.239174827933,0.160371348262,1.0,0.392267405987,0.421796292067,1.18749094009
0.227278500795,0.151256978512,1.0,0.388406634331,0.415121406317,1.18767547607
0.202897816896,0.133189588785,1.0,0.374524146318,0.392743855715,1.18769085407
0.190480187535,0.124265268445,1.0,0.370147615671,0.386111617088,1.18793833256
0.165150374174,0.106552794576,1.0,0.354808300734,0.363609433174,1.18776977062
0.152298137546,0.0977847054601,1.0,0.349808782339,0.356825709343,1.18774271011
0.12620331347,0.0803578272462,1.0,0.332541853189,0.334259212017,1.18709182739
0.113017946482,0.0717143267393,1.0,0.327024906874,0.327583909035,1.18715238571
0.0863610953093,0.0545021854341,1.0,0.307855725288,0.305073529482,1.18681156635
0.0729326680303,0.0459379740059,1.0,0.301787555218,0.2984380126,1.18679988384
0.0459124073386,0.0288574211299,1.0,0.281037271023,0.27513563633,1.18587934971
0.0323591008782,0.0203417763114,1.0,0.274817913771,0.268326371908,1.18599259853
0.0051710633561,0.00330380629748,1.0,0.252620905638,0.244501784444,1.18551242352
-0.0084042288363,-0.00520395766944,1.0,0.245875760913,0.237388759851,1.18564617634
-0.0490466468036,-0.0308181326836,1.0,0.216396778822,0.206686407328,1.18472671509
-0.075930789113,-0.0479908436537,1.0,0.192888259888,0.183221280575,1.1835411787
-0.089271210134,-0.0566142164171,1.0,0.185769751668,0.176489427686,1.18335080147
-0.115717083216,-0.0739671364427,1.0,0.163617804646,0.155424341559,1.18260920048
-0.128791898489,-0.0826971307397,1.0,0.15483699739,0.147240534425,1.18244695663
-0.154610738158,-0.100291028619,1.0,0.128530219197,0.122865602374,1.18170404434
-0.167335256934,-0.10916121304,1.0,0.119526185095,0.114607177675,1.18141043186
-0.192357599735,-0.127055689692,1.0,0.0953972265124,0.0926381498575,1.18031609058
-0.204637274146,-0.136085212231,1.0,0.0866671055555,0.0847897902131,1.18017435074
-0.228699028492,-0.1543276757,1.0,0.0604209825397,0.0618083365262,1.17873680592
-0.24045945704,-0.163541287184,1.0,0.0521328896284,0.0547597594559,1.17867469788
-0.27458396554,-0.19159078598,1.0,0.0161835160106,0.0240382608026,1.17691481113
-0.296273440123,-0.210628375411,1.0,-0.0118563389406,0.000379678385798,1.17541944981
-0.306789129972,-0.220261156559,1.0,-0.0206079520285,-0.00680948561057,1.17529594898
-0.327100038528,-0.239731669426,1.0,-0.0488583035767,-0.0306116435677,1.17356932163
-0.336886793375,-0.249573558569,1.0,-0.0576732195914,-0.0380695089698,1.1735022068
-0.355703949928,-0.269481688738,1.0,-0.0860722213984,-0.0619156695902,1.17167806625
-0.36471927166,-0.279543340206,1.0,-0.0948902219534,-0.069218955934,1.17146217823
-0.381927341223,-0.299866229296,1.0,-0.12351988256,-0.0927341729403,1.16985619068
-0.390120327473,-0.310137122869,1.0,-0.132244467735,-0.100145697594,1.16988813877
-0.405651211739,-0.330879122019,1.0,-0.160520538688,-0.123671218753,1.16796696186
-0.412978023291,-0.341342717409,1.0,-0.169023841619,-0.130899429321,1.16779303551
-0.426749110222,-0.362465173006,1.0,-0.19682456553,-0.154724568129,1.1659964323
-0.433178454638,-0.373107105494,1.0,-0.20541831851,-0.162155658007,1.16576552391
-0.445117294788,-0.394551336765,1.0,-0.232906252146,-0.185839235783,1.16365408897
-0.450623482466,-0.405352324247,1.0,-0.241174980998,-0.193167284131,1.16341292858
-0.460689991713,-0.427086353302,1.0,-0.267791092396,-0.217036262155,1.16142678261
-0.465244352818,-0.438008606434,1.0,-0.275828182697,-0.224712654948,1.16133475304
-0.473392009735,-0.459962069988,1.0,-0.301090180874,-0.247728914022,1.15898394585
-0.476978570223,-0.470976889133,1.0,-0.308736085892,-0.255364328623,1.15875816345
-0.483174085617,-0.493074685335,1.0,-0.333047896624,-0.27959048748,1.15688145161
-0.485780268908,-0.504148900509,1.0,-0.340272784233,-0.287042558193,1.15664684772
-0.491618305445,-0.537404358387,1.0,-0.369182169437,-0.318629801273,1.15454149246
-0.493855297565,-0.55955529213,1.0,-0.390323072672,-0.342013508081,1.15232419968
-0.494476854801,-0.570612251759,1.0,-0.395846992731,-0.349571734667,1.15211796761
-0.494726449251,-0.592653930187,1.0,-0.413998186588,-0.37329941988,1.1501584053
-0.494355678558,-0.603627741337,1.0,-0.423758596182,-0.385197103024,1.14598286152
-0.492626518011,-0.625461995602,1.0,-0.436993062496,-0.40544873476,1.14749026299
-0.491269916296,-0.63631093502,1.0,-0.44117346406,-0.411960989237,1.1477856636
-0.487579643726,-0.657839179039,1.0,-0.454690009356,-0.435123443604,1.14590013027
-0.485251098871,-0.668498516083,1.0,-0.458591341972,-0.441906392574,1.14578640461
-0.479628354311,-0.689614713192,1.0,-0.470413118601,-0.465759456158,1.14364635944
-0.476343929768,-0.70003926754,1.0,-0.473311394453,-0.472493112087,1.14331662655
-0.46883019805,-0.720627129078,1.0,-0.482128083706,-0.494912177324,1.14158892632
-0.46460878849,-0.730770349503,1.0,-0.484443187714,-0.501838684082,1.14134061337
-0.455253869295,-0.750721037388,1.0,-0.491701006889,-0.524331331253,1.1403349638
-0.438986599445,-0.779729127884,1.0,-0.498291790485,-0.554144859314,1.14039433002
-0.432984679937,-0.789126873016,1.0,-0.499369889498,-0.560797333717,1.14020466805
-0.420128285885,-0.807490348816,1.0,-0.500666320324,-0.582777678967,1.14012813568
-0.413290023804,-0.816433906555,1.0,-0.500529527664,-0.589243113995,1.14033186436
-0.398794740438,-0.833843886852,1.0,-0.49953904748,-0.609505653381,1.13863778114
-0.391149252653,-0.842295467854,1.0,-0.49841979146,-0.615521907806,1.13838803768
-0.375105321407,-0.858645200729,1.0,-0.494990646839,-0.635127902031,1.13800179958
-0.366711288691,-0.866539359093,1.0,-0.493475556374,-0.641183078289,1.13870048523
-0.34919834137,-0.881746530533,1.0,-0.488609761,-0.660823523998,1.13908708096
-0.34009706974,-0.889043688774,1.0,-0.48624920845,-0.666922867298,1.13984155655
-0.321218699217,-0.903012871742,1.0,-0.478809684515,-0.687235057354,1.14074587822
-0.311464071274,-0.909667849541,1.0,-0.476194709539,-0.693278133869,1.14127147198
-0.291319966316,-0.922319352627,1.0,-0.466495782137,-0.711684048176,1.1424601078
-0.28096061945,-0.928296089172,1.0,-0.462650954723,-0.717772424221,1.14295697212
-0.259662389755,-0.93955296278,1.0,-0.450074583292,-0.735929906368,1.14368987083
-0.248747766018,-0.944819152355,1.0,-0.446259766817,-0.740751981735,1.14454162121
-0.226401329041,-0.954618692398,1.0,-0.43265452981,-0.757908821106,1.14594435692
-0.214990481734,-0.959142148495,1.0,-0.428088456392,-0.763135969639,1.14665389061
-0.191707596183,-0.967429459095,1.0,-0.412622272968,-0.780304014683,1.14784860611
-0.179857373238,-0.971185028553,1.0,-0.407528221607,-0.785148262978,1.14859557152
-0.155753478408,-0.97791492939,1.0,-0.390154600143,-0.801595151424,1.1493332386
-0.143522694707,-0.980882585049,1.0,-0.384099036455,-0.806251466274,1.15029931068
-0.118723198771,-0.986018896103,1.0,-0.364000022411,-0.822992503643,1.15216672421
-0.106173120439,-0.988183736801,1.0,-0.357769668102,-0.827845156193,1.15241611004
-0.0807931050658,-0.991703629494,1.0,-0.339070081711,-0.840961575508,1.15347874165
-0.0421619638801,-0.994943857193,1.0,-0.311702340841,-0.85772395134,1.1546548605
-0.0291622336954,-0.99547880888,1.0,-0.303098410368,-0.862479269505,1.15519368649
-0.00303244846873,-0.995730936527,1.0,-0.280322998762,-0.874482035637,1.15539395809
0.0100868307054,-0.995448887348,1.0,-0.271603882313,-0.878684341908,1.15584135056
0.0363887920976,-0.994071722031,1.0,-0.249512150884,-0.888727366924,1.15584218502
0.0495499037206,-0.992978870869,1.0,-0.240860536695,-0.892345070839,1.15618801117
0.0890029072762,-0.988095998764,1.0,-0.20834761858,-0.904825508595,1.15574479103
0.115182742476,-0.983520686626,1.0,-0.182407110929,-0.913715004921,1.15537536144
0.128212422132,-0.98084205389,1.0,-0.173651650548,-0.916346907616,1.15553283691
0.154095903039,-0.974716126919,1.0,-0.147145926952,-0.923965096474,1.15539491177
0.166931301355,-0.971273779869,1.0,-0.138315439224,-0.926191031933,1.1556648016
0.192362055182,-0.963637948036,1.0,-0.111138284206,-0.932009100914,1.15517282486
0.204918861389,-0.959456205368,1.0,-0.102012835443,-0.933857321739,1.15535795689
0.229706123471,-0.950367510319,1.0,-0.0741347298026,-0.938723623753,1.15515744686
0.241912141442,-0.945468366146,1.0,-0.0649363845587,-0.939838111401,1.15545284748
0.265894860029,-0.934978663921,1.0,-0.0366482026875,-0.942906439304,1.15515840054
0.277651637793,-0.929394900799,1.0,-0.0275746807456,-0.943507611752,1.15530383587
0.300638079643,-0.917572617531,1.0,-0.000244893570198,-0.944977521896,1.15493154526
0.311856031418,-0.911335945129,1.0,0.00915664527565,-0.945201933384,1.15550744534
0.333678543568,-0.898237407207,1.0,0.0371858142316,-0.945203483105,1.15578520298
0.344263255596,-0.891382932663,1.0,0.046045858413,-0.944725692272,1.15595710278
0.364738076925,-0.877077102661,1.0,0.0732148364186,-0.942803859711,1.15552425385
0.374608278275,-0.86963313818,1.0,0.0822545289993,-0.941917002201,1.15592765808
0.393561661243,-0.854184925556,1.0,0.109586209059,-0.938728392124,1.15574264526
0.402632623911,-0.846182227135,1.0,0.118354693055,-0.93734818697,1.15609812737
0.419878840446,-0.829674184322,1.0,0.1447083354,-0.932477712631,1.15585112572
0.428059309721,-0.821154534817,1.0,0.153365805745,-0.930443704128,1.15631639957
0.44344419241,-0.803654074669,1.0,0.179356172681,-0.923975408077,1.15636396408
0.450658351183,-0.794651150703,1.0,0.187633812428,-0.921513736248,1.15680670738
0.464034289122,-0.776230752468,1.0,0.212002485991,-0.913725197315,1.15724384785
0.470204681158,-0.766789972782,1.0,0.219836398959,-0.910665512085,1.15773737431
0.481438845396,-0.747523963451,1.0,0.242821231484,-0.901284635067,1.15860259533
0.486506611109,-0.73767799139,1.0,0.250197261572,-0.897843420506,1.15907120705
0.495477169752,-0.717655360699,1.0,0.272032737732,-0.886372148991,1.16002523899
0.499386578798,-0.707449555397,1.0,0.279005914927,-0.882583737373,1.1606388092
0.50600028038,-0.686751425266,1.0,0.299906045198,-0.870509922504,1.16159105301
0.50870847702,-0.676233053207,1.0,0.306285560131,-0.866189956665,1.16235756874
0.512895345688,-0.654943466187,1.0,0.325156718493,-0.852805018425,1.16363167763
0.51437485218,-0.644153654575,1.0,0.330861330032,-0.848127484322,1.16462254524
0.516325950623,-0.611349523067,1.0,0.352543801069,-0.828903257847,1.1671038866
0.515554904938,-0.589167833328,1.0,0.368116021156,-0.813072502613,1.16889083385
0.514548122883,-0.577973008156,1.0,0.372750073671,-0.80778747797,1.16967606544
0.511310696602,-0.555498421192,1.0,0.386631667614,-0.79115074873,1.17113304138
0.50907355547,-0.544156193733,1.0,0.390793830156,-0.785410225391,1.17186546326
0.503422856331,-0.521495878696,1.0,0.40290632844,-0.767922341824,1.17312788963
0.492009371519,-0.487322837114,1.0,0.416523724794,-0.74381172657,1.17486584187
0.487411171198,-0.475830733776,1.0,0.419350504875,-0.737630188465,1.17559099197
0.477246165276,-0.453156620264,1.0,0.426719933748,-0.718750059605,1.17742455006
0.471564173698,-0.441692858934,1.0,0.428594648838,-0.712735950947,1.17791497707
0.459350794554,-0.419153422117,1.0,0.434178948402,-0.69343996048,1.17918670177
0.452679991722,-0.407793611288,1.0,0.435428142548,-0.687023878098,1.17943906784
0.438594013453,-0.385486871004,1.0,0.439507633448,-0.6669459939,1.18032205105
0.431038111448,-0.374290555716,1.0,0.440468817949,-0.660178303719,1.18070888519
0.41530585289,-0.352350860834,1.0,0.44314211607,-0.639400780201,1.18118453026
0.40696439147,-0.341353654861,1.0,0.443404197693,-0.632570564747,1.1815019846
0.389840394258,-0.319914519787,1.0,0.444175124168,-0.611640512943,1.18186032772
0.380859404802,-0.309199541807,1.0,0.444063454866,-0.604908525944,1.18221795559
0.353085905313,-0.27795535326,1.0,0.442662417889,-0.576754927635,1.18328940868
0.304539889097,-0.228657096624,1.0,0.43402788043,-0.526161432266,1.18485045433
0.274629980326,-0.200841352344,1.0,0.427934199572,-0.496615767479,1.18631112576
0.264561653137,-0.191838443279,1.0,0.42634627223,-0.488321214914,1.1868532896
0.244748920202,-0.17459627986,1.0,0.420871257782,-0.466474473476,1.18788146973
0.23479616642,-0.166156545281,1.0,0.418645918369,-0.458146244287,1.18835818768
0.21535128355,-0.150063887239,1.0,0.412086963654,-0.435063302517,1.18876159191
0.205657348037,-0.142226219177,1.0,0.409560620785,-0.427589982748,1.18932545185
0.186858698726,-0.12735670805,1.0,0.401841878891,-0.404320925474,1.19001114368
0.177561119199,-0.120155967772,1.0,0.399096041918,-0.396753907204,1.19037842751
0.150898575783,-0.10003811121,1.0,0.387742817402,-0.366120517254,1.19112193584
0.134149447083,-0.0877845063806,1.0,0.379063546658,-0.343656390905,1.1914358139
0.126007422805,-0.0819307789207,1.0,0.375826448202,-0.335773289204,1.19169569016
0.110593020916,-0.0710286423564,1.0,0.366581976414,-0.313536554575,1.1915576458
0.103167831898,-0.0658600330353,1.0,0.363358736038,-0.305731981993,1.19180762768
0.0825988948345,-0.0518208816648,1.0,0.349511653185,-0.275420933962,1.19144320488
0.0702638998628,-0.0435983017087,1.0,0.338262140751,-0.252582013607,1.190928936
0.0644570589066,-0.0397790372372,1.0,0.334207117558,-0.2448207587,1.19097542763
0.0537824593484,-0.0328459888697,1.0,0.321980416775,-0.221977487206,1.19030022621
0.0488210618496,-0.0296632256359,1.0,0.317617923021,-0.214340060949,1.19043874741
0.0398215688765,-0.0239565316588,1.0,0.30498829484,-0.191867560148,1.19007098675
0.0356976091862,-0.0213711857796,1.0,0.300403118134,-0.184071436524,1.1901870966
0.0283383652568,-0.0168066862971,1.0,0.287178844213,-0.162366807461,1.18959438801
0.0250429753214,-0.0147841870785,1.0,0.282343924046,-0.15479169786,1.18952405453
0.0192126203328,-0.0112411072478,1.0,0.268639028072,-0.133318409324,1.18901252747
0.0143505614251,-0.0083240494132,1.0,0.257670223713,-0.117259316146,1.18893790245
0.0122603243217,-0.00708167161793,1.0,0.248777508736,-0.105072006583,1.18851411343
0.00871397554874,-0.00499210087582,1.0,0.23725387454,-0.0900063514709,1.18852174282
0.00723638804629,-0.00412900932133,1.0,0.227900326252,-0.0778856649995,1.18816542625
0.0038452881854,-0.00216870941222,1.0,0.205178871751,-0.0508530177176,1.18728220463
0.00233135512099,-0.00130515627097,1.0,0.193294197321,-0.0382914356887,1.18802297115
0.00176070129965,-0.000982100842521,1.0,0.183041870594,-0.0280835367739,1.18758261204
0.000928102526814,-0.000514014973305,1.0,0.170078068972,-0.0153003456071,1.18761610985
0.000641105580144,-0.000353891373379,1.0,0.159331470728,-0.00537242926657,1.18712258339
0.000266913877567,-0.000146400547237,1.0,0.145503506064,0.00659807771444,1.18697655201
0.000156877038535,-8.57285995153e-05,1.0,0.134492874146,0.0156013239175,1.18591022491
4.02678051614e-05,-2.19304038183e-05,1.0,0.120330817997,0.0264114066958,1.18543660641
1.2845382571e-06,-7.38365827146e-07,1.0,0.094066105783,0.0450199879706,1.18320453167
6.22198115252e-07,-4.48822703447e-07,1.0,0.0827157124877,0.0527600310743,1.18157994747
6.28596012575e-07,-4.47723778052e-07,1.0,0.0676129162312,0.0617656745017,1.18024420738
6.28596012575e-07,-4.47723778052e-07,1.0,0.0555171146989,0.0686205551028,1.17844104767
6.28596012575e-07,-4.47723778052e-07,1.0,0.0282914862037,0.0822423100471,1.17496168613
6.28596012575e-07,-4.47723778052e-07,1.0,0.0133614633232,0.0887936428189,1.17303025723
6.28596012575e-07,-4.47723778052e-07,1.0,0.00185759237502,0.0943176224828,1.17060422897
6.28596012575e-07,-4.47723778052e-07,1.0,-0.0117740277201,0.0993884727359,1.16853868961
6.28596012575e-07,-4.47723778052e-07,1.0,-0.0234571415931,0.104118451476,1.16530013084
6.28596012575e-07,-4.47723778052e-07,1.0,-0.0350513719022,0.107920698822,1.16276228428
6.28596012575e-07,-4.47723778052e-07,1.0,-0.0455272942781,0.111577868462,1.15924108028
6.28596012575e-07,-4.47723778052e-07,1.0,-0.0557185523212,0.114351443946,1.15638744831
6.28596012575e-07,-4.47723778052e-07,1.0,-0.064982637763,0.116637259722,1.15267431736
6.28596012575e-07,-4.47723778052e-07,1.0,-0.07410338521,0.118235953152,1.14994394779
6.28596012575e-07,-4.47723778052e-07,1.0,-0.08241456002,0.119587130845,1.1469219923
6.28596012575e-07,-4.47723778052e-07,1.0,-0.0902048796415,0.11977481842,1.14443600178
6.28596012575e-07,-4.47723778052e-07,1.0,-0.105763457716,0.11948415637,1.13545930386
6.28596012575e-07,-4.47723778052e-07,1.0,-0.110955916345,0.119699962437,1.12982237339
6.28596012575e-07,-4.47723778052e-07,1.0,-0.112793892622,0.115832872689,1.13379824162
6.28596012575e-07,-4.47723778052e-07,1.0,-0.116245865822,0.113395735621,1.13141644001
6.28596012575e-07,-4.47723778052e-07,1.0,-0.120449200273,0.110671974719,1.12608110905
6.28596012575e-07,-4.47723778052e-07,1.0,-0.121807426214,0.107551850379,1.12611210346
6.28596012575e-07,-4.47723778052e-07,1.0,-0.123833984137,0.0988449975848,1.12489116192
6.28596012575e-07,-4.47723778052e-07,1.0,-0.123966254294,0.0935006812215,1.12480926514
6.28596012575e-07,-4.47723778052e-07,1.0,-0.123006299138,0.0828372612596,1.12458777428
6.28596012575e-07,-4.47723778052e-07,1.0,-0.12194366008,0.0782092884183,1.12483680248
6.28596012575e-07,-4.47723778052e-07,1.0,-0.120202891529,0.0719917714596,1.1257327795
6.28596012575e-07,-4.47723778052e-07,1.0,-0.11863540113,0.0664774700999,1.12616026402
6.28596012575e-07,-4.47723778052e-07,1.0,-0.116515696049,0.0601814910769,1.12807679176
6.28596012575e-07,-4.47723778052e-07,1.0,-0.114505514503,0.0543268807232,1.12905919552
6.28596012575e-07,-4.47723778052e-07,1.0,-0.111783385277,0.0482937805355,1.13119912148
6.28596012575e-07,-4.47723778052e-07,1.0,-0.109417662024,0.0428713522851,1.1321849823
6.28596012575e-07,-4.47723778052e-07,1.0,-0.106393247843,0.0372948758304,1.13440334797
6.28596012575e-07,-4.47723778052e-07,1.0,-0.103566884995,0.0319888442755,1.13569045067
6.28596012575e-07,-4.47723778052e-07,1.0,-0.100196056068,0.0268360618502,1.13812947273
6.28596012575e-07,-4.47723778052e-07,1.0,-0.0974579229951,0.0223312396556,1.13964498043
6.28596012575e-07,-4.47723778052e-07,1.0,-0.0942196175456,0.0177835673094,1.141928792
6.28596012575e-07,-4.47723778052e-07,1.0,-0.0915732830763,0.0138456281275,1.14338457584
6.28596012575e-07,-4.47723778052e-07,1.0,-0.0883158668876,0.00974401924759,1.14564812183
6.28596012575e-07,-4.47723778052e-07,1.0,-0.0856444612145,0.00672489497811,1.14697635174
6.28596012575e-07,-4.47723778052e-07,1.0,-0.0820836350322,0.00343912141398,1.14878368378
6.28596012575e-07,-4.47723778052e-07,1.0,-0.0794553607702,0.00112033635378,1.14944660664
6.28596012575e-07,-4.47723778052e-07,1.0,-0.076009452343,-0.00150607759133,1.15098524094
6.28596012575e-07,-4.47723778052e-07,1.0,-0.0733557119966,-0.00315502565354,1.15152776241
6.28596012575e-07,-4.47723778052e-07,1.0,-0.0701276436448,-0.0053220782429,1.15285074711
6.28596012575e-07,-4.47723778052e-07,1.0,-0.0678998604417,-0.00696707516909,1.153414011
6.28596012575e-07,-4.47723778052e-07,1.0,-0.0650016367435,-0.00856018811464,1.15452063084
6.28596012575e-07,-4.47723778052e-07,1.0,-0.060144931078,-0.00994932092726,1.15547406673
6.28596012575e-07,-4.47723778052e-07,1.0,-0.0581733696163,-0.0102093582973,1.15537643433
6.28596012575e-07,-4.47723778052e-07,1.0,-0.0539681874216,-0.0103802708909,1.15523791313
6.28596012575e-07,-4.47723778052e-07,1.0,-0.051594465971,-0.00986101757735,1.15517199039
6.28596012575e-07,-4.47723778052e-07,1.0,-0.0499479994178,-0.00960933975875,1.15452134609
6.28596012575e-07,-4.47723778052e-07,1.0,-0.0479042753577,-0.00871882867068,1.15403497219
6.28596012575e-07,-4.47723778052e-07,1.0,-0.046475186944,-0.0080237435177,1.15323245525
6.28596012575e-07,-4.47723778052e-07,1.0,-0.044874239713,-0.00707415211946,1.15294027328
6.28596012575e-07,-4.47723778052e-07,1.0,-0.0435633324087,-0.00591227971017,1.15194344521
6.28596012575e-07,-4.47723778052e-07,1.0,-0.0420321375132,-0.00453730113804,1.15141272545
6.28596012575e-07,-4.47723778052e-07,1.0,-0.0409561507404,-0.00321490946226,1.14997828007
6.28596012575e-07,-4.47723778052e-07,1.0,-0.0394142568111,-0.00119668524712,1.14878082275
6.28596012575e-07,-4.47723778052e-07,1.0,-0.0385735742748,7.52801133785e-05,1.14736390114
6.28596012575e-07,-4.47723778052e-07,1.0,-0.0374941714108,0.00219134381041,1.14604854584
6.28596012575e-07,-4.47723778052e-07,1.0,-0.0369532220066,0.00365130743012,1.14461612701
6.28596012575e-07,-4.47723778052e-07,1.0,-0.0366379395127,0.00554334791377,1.14365434647
6.28596012575e-07,-4.47723778052e-07,1.0,-0.036515802145,0.00867167022079,1.141528368
6.28596012575e-07,-4.47723778052e-07,1.0,-0.036515802145,0.00867167022079,1.141528368
6.28596012575e-07,-4.47723778052e-07,1.0,-0.0364061482251,0.0102158682421,1.1400680542
6.28596012575e-07,-4.47723778052e-07,1.0,-0.0364061482251,0.0102158682421,1.1400680542
6.28596012575e-07,-4.47723778052e-07,1.0,-0.0362868495286,0.0122725982219,1.13933837414
6.28596012575e-07,-4.47723778052e-07,1.0,-0.0362868495286,0.0122725982219,1.13933837414
6.28596012575e-07,-4.47723778052e-07,1.0,-0.0363160260022,0.0141046922654,1.137840271
6.28596012575e-07,-4.47723778052e-07,1.0,-0.0365065559745,0.0161737017334,1.13694512844
6.28596012575e-07,-4.47723778052e-07,1.0,-0.0370423384011,0.0174061041325,1.13591873646
6.28596012575e-07,-4.47723778052e-07,1.0,-0.0376566760242,0.0190569274127,1.13557171822
6.28596012575e-07,-4.47723778052e-07,1.0,-0.0381732918322,0.0204765927047,1.13483071327
6.28596012575e-07,-4.47723778052e-07,1.0,-0.0388972833753,0.0221706610173,1.13459670544
6.28596012575e-07,-4.47723778052e-07,1.0,-0.0391747020185,0.023486090824,1.13386154175
6.28596012575e-07,-4.47723778052e-07,1.0,-0.0395160876215,0.0252499617636,1.13085103035
6.28596012575e-07,-4.47723778052e-07,1.0,-0.0396989509463,0.0262741129845,1.13300287724
6.28596012575e-07,-4.47723778052e-07,1.0,-0.0399480015039,0.0280205924064,1.12987577915
6.28596012575e-07,-4.47723778052e-07,1.0,-0.0398490354419,0.0300402790308,1.12950861454
6.28596012575e-07,-4.47723778052e-07,1.0,-0.0398654229939,0.0303029771894,1.13213264942
6.28596012575e-07,-4.47723778052e-07,1.0,-0.0399089716375,0.0311743021011,1.12968802452
6.28596012575e-07,-4.47723778052e-07,1.0,-0.0396455489099,0.0313029401004,1.13256561756
6.28596012575e-07,-4.47723778052e-07,1.0,-0.0394418053329,0.0318936891854,1.13032913208
6.28596012575e-07,-4.47723778052e-07,1.0,-0.0389905050397,0.0321455262601,1.13254153728
6.28596012575e-07,-4.47723778052e-07,1.0,-0.0379454866052,0.032019905746,1.13249373436
6.28596012575e-07,-4.47723778052e-07,1.0,-0.0372915156186,0.0317885242403,1.13002514839
6.28596012575e-07,-4.47723778052e-07,1.0,-0.0367396064103,0.031340289861,1.13226568699
6.28596012575e-07,-4.47723778052e-07,1.0,-0.0361471623182,0.0307188928127,1.12967503071
6.28596012575e-07,-4.47723778052e-07,1.0,-0.0354558564723,0.0299824979156,1.13216495514
6.28596012575e-07,-4.47723778052e-07,1.0,-0.0345464423299,0.0291050281376,1.12969088554
6.28596012575e-07,-4.47723778052e-07,1.0,-0.0337230302393,0.0286875143647,1.131939888
6.28596012575e-07,-4.47723778052e-07,1.0,-0.0325425155461,0.0279573611915,1.12930643559
6.28596012575e-07,-4.47723778052e-07,1.0,-0.0314060375094,0.0270984470844,1.13176882267
6.28596012575e-07,-4.47723778052e-07,1.0,-0.0299127940089,0.0261260531843,1.12916040421
6.28596012575e-07,-4.47723778052e-07,1.0,-0.0285297948867,0.0253459140658,1.1312469244
6.28596012575e-07,-4.47723778052e-07,1.0,-0.0266256444156,0.0242368821055,1.12850916386
6.28596012575e-07,-4.47723778052e-07,1.0,-0.0252556316555,0.0232576671988,1.1306194067
6.28596012575e-07,-4.47723778052e-07,1.0,-0.0233895089477,0.021980933845,1.1278373003
6.28596012575e-07,-4.47723778052e-07,1.0,-0.0221781861037,0.0212059617043,1.13025820255
6.28596012575e-07,-4.47723778052e-07,1.0,-0.0204015634954,0.0197312477976,1.12771618366
6.28596012575e-07,-4.47723778052e-07,1.0,-0.0192586984485,0.0186681263149,1.13005173206
6.28596012575e-07,-4.47723778052e-07,1.0,-0.017675884068,0.0171971675009,1.12742590904
6.28596012575e-07,-4.47723778052e-07,1.0,-0.0170001965016,0.0163956731558,1.12990260124
6.28596012575e-07,-4.47723778052e-07,1.0,-0.0153597909957,0.015056040138,1.12725400925
6.28596012575e-07,-4.47723778052e-07,1.0,-0.0143369995058,0.0145217562094,1.12947404385
6.28596012575e-07,-4.47723778052e-07,1.0,-0.012714151293,0.0131458966061,1.12669885159
6.28596012575e-07,-4.47723778052e-07,1.0,-0.0119541920722,0.0123264575377,1.12915492058
6.28596012575e-07,-4.47723778052e-07,1.0,-0.0104342252016,0.0110872359946,1.1265630722
6.28596012575e-07,-4.47723778052e-07,1.0,-0.0100980773568,0.0104354666546,1.12897920609
6.28596012575e-07,-4.47723778052e-07,1.0,-0.00899017509073,0.00918447878212,1.12675058842
6.28596012575e-07,-4.47723778052e-07,1.0,-0.00888502877206,0.00846820417792,1.12925887108
6.28596012575e-07,-4.47723778052e-07,1.0,-0.00834875833243,0.0071640657261,1.12721073627
6.28596012575e-07,-4.47723778052e-07,1.0,-0.00818178150803,0.00675679929554,1.12953031063
6.28596012575e-07,-4.47723778052e-07,1.0,-0.00775588862598,0.00593885825947,1.12746155262
6.28596012575e-07,-4.47723778052e-07,1.0,-0.00765678565949,0.00555034726858,1.12994372845
6.28596012575e-07,-4.47723778052e-07,1.0,-0.00733559159562,0.00490371324122,1.12794184685
6.28596012575e-07,-4.47723778052e-07,1.0,-0.00741038052365,0.00446415506303,1.13059544563
6.28596012575e-07,-4.47723778052e-07,1.0,-0.00768235931173,0.00376232806593,1.13128244877
6.28596012575e-07,-4.47723778052e-07,1.0,-0.00794960651547,0.00337387947366,1.12949097157
6.28596012575e-07,-4.47723778052e-07,1.0,-0.00862025376409,0.00307790189981,1.13188409805
6.28596012575e-07,-4.47723778052e-07,1.0,-0.00920572411269,0.00278295041062,1.12994706631
6.28596012575e-07,-4.47723778052e-07,1.0,-0.00964037328959,0.00297318375669,1.1321336031
6.28596012575e-07,-4.47723778052e-07,1.0,-0.0102321598679,0.00303034670651,1.13003635406
6.28596012575e-07,-4.47723778052e-07,1.0,-0.0114294616506,0.0033623399213,1.13014781475
6.28596012575e-07,-4.47723778052e-07,1.0,-0.0117913559079,0.00390880182385,1.1322953701
6.28596012575e-07,-4.47723778052e-07,0.999996304512,-0.0131100853905,0.00491667818278,1.13224875927
6.28596012575e-07,-4.47723778052e-07,0.999004006386,-0.0189557429403,0.0103374486789,1.13021397591
6.28596012575e-07,-4.47723778052e-07,0.998436391354,-0.0191890988499,0.0115681188181,1.12729644775
6.28596012575e-07,-4.47723778052e-07,0.998074948788,-0.0191786624491,0.0123907746747,1.1290487051
6.28596012575e-07,-4.47723778052e-07,0.99718862772,-0.0193432848901,0.013663479127,1.12603247166
6.28596012575e-07,-4.47723778052e-07,0.996645212173,-0.0193278621882,0.014355593361,1.12778425217
6.28596012575e-07,-4.47723778052e-07,0.995357275009,-0.0193868502975,0.0154491094872,1.12485957146
6.28596012575e-07,-4.47723778052e-07,0.994588911533,-0.019210267812,0.0161673612893,1.12654900551
6.28596012575e-07,-4.47723778052e-07,0.992813467979,-0.0190293714404,0.0175286270678,1.12339627743
6.28596012575e-07,-4.47723778052e-07,0.991777718067,-0.0186658464372,0.0184125583619,1.12490594387
6.28596012575e-07,-4.47723778052e-07,0.989431321621,-0.0183381810784,0.0195520464331,1.1216994524
6.28596012575e-07,-4.47723778052e-07,0.98808658123,-0.0178039558232,0.0203319806606,1.12315797806
6.28596012575e-07,-4.47723778052e-07,0.985087931156,-0.0172674246132,0.0214660037309,1.11961019039
6.28596012575e-07,-4.47723778052e-07,0.983404695988,-0.0167546141893,0.0217237565666,1.12104952335
6.28596012575e-07,-4.47723778052e-07,0.97966581583,-0.0160841904581,0.0225844476372,1.11730527878
6.28596012575e-07,-4.47723778052e-07,0.97759950161,-0.016082316637,0.0230389200151,1.11843407154
6.28596012575e-07,-4.47723778052e-07,0.973053812981,-0.0158297996968,0.0238978303969,1.11446797848
6.28596012575e-07,-4.47723778052e-07,0.967931091785,-0.0156290158629,0.0244804229587,1.11215984821
6.28596012575e-07,-4.47723778052e-07,0.965165376663,-0.0157801061869,0.0246882494539,1.11158943176
6.28596012575e-07,-4.47723778052e-07,0.959153056145,-0.0153395542875,0.0252350345254,1.10852015018
6.28596012575e-07,-4.47723778052e-07,0.955916583538,-0.0150497844443,0.0252823662013,1.10786485672
6.28596012575e-07,-4.47723778052e-07,0.948950350285,-0.0141651406884,0.0257300958037,1.10397922993
6.28596012575e-07,-4.47723778052e-07,0.945229947567,-0.0136876078323,0.0259228497744,1.10275936127
6.28596012575e-07,-4.47723778052e-07,0.937275052071,-0.0128257879987,0.026622319594,1.09767186642
6.28596012575e-07,-4.47723778052e-07,0.933056175709,-0.0127102667466,0.0264648720622,1.09654867649
6.28596012575e-07,-4.47723778052e-07,0.924085319042,-0.0125386454165,0.0263498667628,1.09178197384
6.28596012575e-07,-4.47723778052e-07,0.919359624386,-0.0126729309559,0.0262601245195,1.09041059017
6.28596012575e-07,-4.47723778052e-07,0.9093567729,-0.0132444584742,0.0256177801639,1.08440768719
6.28596012575e-07,-4.47723778052e-07,0.904111683369,-0.0133307883516,0.0254769437015,1.08272981644
6.28596012575e-07,-4.47723778052e-07,0.89307808876,-0.013436185196,0.0249894745648,1.07508122921
6.28596012575e-07,-4.47723778052e-07,0.887315690517,-0.0132682640105,0.0246918126941,1.07297205925
6.28596012575e-07,-4.47723778052e-07,0.875261425972,-0.0125163355842,0.0242139045149,1.06390881538
6.28596012575e-07,-4.47723778052e-07,0.868982851505,-0.0123630743474,0.0239943489432,1.06118273735
6.28596012575e-07,-4.47723778052e-07,0.855916857719,-0.0124753499404,0.0232035126537,1.0505604744
6.28596012575e-07,-4.47723778052e-07,0.849143028259,-0.0127573702484,0.0226172897965,1.04758250713
6.28596012575e-07,-4.47723778052e-07,0.835102379322,-0.0136648667976,0.0209303963929,1.0360263586
6.28596012575e-07,-4.47723778052e-07,0.827845394611,-0.0139259938151,0.0200902037323,1.03302204609
6.28596012575e-07,-4.47723778052e-07,0.812861919403,-0.014617331326,0.0180982612073,1.02209126949
6.28596012575e-07,-4.47723778052e-07,0.805143773556,-0.014732551761,0.0175709668547,1.01741456985
6.28596012575e-07,-4.4772374963e-07,0.781130433083,-0.0147570893168,0.0158302299678,0.998261094093
6.28596012575e-07,-4.4772374963e-07,0.764426231384,-0.0142978448421,0.0151303578168,0.98315346241
6.28596012575e-07,-4.4772374963e-07,0.755881845951,-0.0141133386642,0.0147136822343,0.977353274822
6.28596012575e-07,-4.4772374963e-07,0.738419055939,-0.0142040941864,0.0132924839854,0.961316287518
6.28596012575e-07,-4.4772374963e-07,0.729509055614,-0.0144302863628,0.0123824225739,0.954883337021
6.28596012575e-07,-4.4772374963e-07,0.71136456728,-0.0148933073506,0.0101462388411,0.937976419926
6.28596012575e-07,-4.4772374963e-07,0.683387160301,-0.0154637666419,0.00643443595618,0.91361528635
6.28596012575e-07,-4.4772374963e-07,0.673869252205,-0.0156843028963,0.00558520806953,0.907217681408
6.28596069419e-07,-4.4772374963e-07,0.654616892338,-0.0159710869193,0.00289494777098,0.886394441128
6.28596069419e-07,-4.4772374963e-07,0.644870936871,-0.0161412619054,0.00203785602935,0.880398750305
6.28596069419e-07,-4.47723721209e-07,0.625196278095,-0.0157868172973,-0.000597488542553,0.858141243458
6.28596069419e-07,-4.47723721209e-07,0.615271389484,-0.0157621931285,-0.00145265390165,0.851479113102
6.28596069419e-07,-4.47723721209e-07,0.595278322697,-0.0154278054833,-0.00402825372294,0.827835202217
6.28596069419e-07,-4.47723721209e-07,0.585225701332,-0.0152763780206,-0.00497734360397,0.820703923702
6.28596069419e-07,-4.47723721209e-07,0.565025508404,-0.01455102209,-0.00730902608484,0.795621573925
6.28596069419e-07,-4.47723721209e-07,0.554889857769,-0.0142248328775,-0.00799520779401,0.788037896156
6.28596069419e-07,-4.47723721209e-07,0.534588515759,-0.013006342575,-0.0104413246736,0.762260973454
6.28596069419e-07,-4.47723692787e-07,0.524422943592,-0.012931833975,-0.0112886354327,0.754544198513
6.28596069419e-07,-4.47723692787e-07,0.504119336605,-0.0123179461807,-0.01392891258,0.728272914886
6.28596069419e-07,-4.47723692787e-07,0.493989348412,-0.0121004283428,-0.014598227106,0.720385491848
6.28596069419e-07,-4.47723692787e-07,0.473794311285,-0.0115612121299,-0.0169509407133,0.693623483181
6.28596069419e-07,-4.47723692787e-07,0.463741213083,-0.0112897222862,-0.0181214362383,0.677854180336
6.28596069419e-07,-4.47723664365e-07,0.443764388561,-0.0104429321364,-0.0195602532476,0.657928407192
6.28596126262e-07,-4.47723664365e-07,0.43384078145,-0.0102374879643,-0.0202041957527,0.650938868523
6.28596126262e-07,-4.47723664365e-07,0.414178222418,-0.00926850084215,-0.0215180106461,0.623985290527
