0.0,0.0,0.0,0.00154877174646,-0.00426636170596,0.147742941976
0.0,0.0,0.0,0.0015492842067,-0.00426697498187,0.147748783231
0.0,0.0,0.0,0.00155142752919,-0.00427489355206,0.147744625807
0.0,0.0,0.0,0.00154900108464,-0.00427438830957,0.147737026215
0.0,0.0,0.0,0.00153354299255,-0.00427132518962,0.147714018822
0.0,0.0,0.0,0.00153015810065,-0.00427006371319,0.147710323334
0.0,0.0,0.0,0.00152844307013,-0.00427397433668,0.147695496678
0.0,0.0,0.0,0.00153380085249,-0.00427553849295,0.147696718574
0.0,0.0,0.0,0.00153323018458,-0.00428826594725,0.147698953748
0.0,0.0,0.0,0.00152580137365,-0.00428102305159,0.147697210312
0.0,0.0,0.0,0.00152451731265,-0.00427962560207,0.147698223591
0.0,0.0,0.0,0.00152599357534,-0.00427732057869,0.147696018219
0.0,0.0,0.0,0.00152599008288,-0.00427896156907,0.147691696882
0.0,0.0,0.0,0.00152733386494,-0.00427926331758,0.147683575749
0.0,0.0,0.0,0.00152524630539,-0.00427894294262,0.147684931755
0.0,0.0,0.0,0.00152222323231,-0.00427531311288,0.147680878639
0.0,0.0,0.0,0.00152018375229,-0.00427440041676,0.147687613964
0.0,0.0,0.0,0.00152544828597,-0.00427696993575,0.147705748677
0.0,0.0,0.0,0.00153192901053,-0.00427326466888,0.147701442242
0.0,0.0,0.0,0.001528244582,-0.00426937639713,0.147699505091
0.0,0.0,0.0,0.00153220945504,-0.00426729163155,0.147700369358
0.0,0.0,0.0,0.00153708748985,-0.00426603108644,0.147691726685
0.0,0.0,0.0,0.00153746060096,-0.00426660943776,0.147695824504
0.0,0.0,0.0,0.00153638597112,-0.00426489673555,0.147703677416
0.0,0.0,0.0,0.00153489026707,-0.00426249206066,0.147709384561
0.0,0.0,0.0,0.00153793557547,-0.00426201103255,0.147716969252
0.0,0.0,0.0,0.00153896142729,-0.0042634839192,0.147712513804
0.0,0.0,0.0,0.00154115550686,-0.00426389276981,0.147707849741
0.0,0.0,0.0,0.00153397955,-0.00427005719393,0.147713214159
0.0,0.0,0.0,0.00152875832282,-0.00427204649895,0.147715598345
0.0,0.0,0.0,0.00152108853217,-0.0042681992054,0.147696465254
0.0,0.0,0.0,0.00152104557492,-0.00426844367757,0.147686526179
0.0,0.0,0.0,0.00152454909403,-0.00426110159606,0.147663295269
0.0,0.0,0.0,0.00152698962484,-0.00425751507282,0.147657379508
0.0,0.0,0.0,0.00151806022041,-0.00425548432395,0.147666603327
0.0,0.0,0.0,0.00151476229075,-0.00425684964284,0.147678792477
0.0,0.0,0.0,0.0015175229637,-0.00426784995943,0.147688955069
0.0,0.0,0.0,0.00152329134289,-0.0042864587158,0.147674426436
0.0,0.0,0.0,0.00152316794265,-0.00428303563967,0.147679895163
0.0,0.0,0.0,0.00152489205357,-0.00428484985605,0.147696956992
0.0,0.0,0.0,0.00152293604333,-0.00428702542558,0.147710710764
0.0,0.0,0.0,0.00152609695215,-0.00428617047146,0.147711619735
0.0,0.0,0.0,0.001530271722,-0.00427820626646,0.14771515131
0.0,0.0,0.0,0.00153078464791,-0.00427441578358,0.147713497281
0.0,0.0,0.0,0.00152942806017,-0.00427204929292,0.147717446089
0.0,0.0,0.0,0.00152894644998,-0.00427211867645,0.147716075182
0.0,0.0,0.0,0.00154044537339,-0.00426776101813,0.147685781121
0.0,0.0,0.0,0.00154039892368,-0.00426993938163,0.147683233023
0.0,0.0,0.0,0.00150933675468,-0.00428075762466,0.147691622376
0.0,0.0,0.0,0.00151470850687,-0.00427790591493,0.14768576622
0.0,0.0,0.0,0.00151725823525,-0.00427737273276,0.147681966424
0.0,0.0,0.0,0.00153633079026,-0.00427747704089,0.147661939263
0.0,0.0,0.0,0.00153483555187,-0.00427532475442,0.147665992379
0.0,0.0,0.0,0.00153264333494,-0.00427671149373,0.147665277123
0.0,0.0,0.0,0.00155506341252,-0.00427773362026,0.147641584277
0.0,0.0,0.0,0.00161759147886,-0.00427929172292,0.147576004267
0.0,0.0,0.0,0.00153806025628,-0.00427608378232,0.147656485438
0.0,0.0,0.0,0.00158591696527,-0.00428336858749,0.147603303194
0.0,0.0,0.0,0.00151592493057,-0.00427106255665,0.147684961557
0.0,0.0,0.0,0.00151278357953,-0.00427301321179,0.147691875696
0.0,0.0,0.0,0.00151169998571,-0.00427515478805,0.147697746754
0.0,0.0,0.0,0.00151025119703,-0.00427728937939,0.147702336311
0.0,0.0,0.0,0.00151025119703,-0.00427728937939,0.147702336311
0.0,0.0,0.0,0.00152431626339,-0.00428075063974,0.147688746452
0.0,0.0,0.0,0.00152431626339,-0.00428075063974,0.147688746452
0.0,0.0,0.0,0.00152336491738,-0.00428222352639,0.147697031498
0.0,0.0,0.0,0.00152186641935,-0.00428500398993,0.147701978683
0.0,0.0,0.0,0.00151952973101,-0.00428510969505,0.147712796926
0.0,0.0,0.0,0.00153746048454,-0.00429157633334,0.147697642446
0.0,0.0,0.0,0.00156129896641,-0.004300320521,0.147676035762
0.0,0.0,0.0,0.00153116590809,-0.00429050205275,0.14768961072
0.0,0.0,0.0,0.00152764434461,-0.00427903980017,0.147687032819
0.0,0.0,0.0,0.00154922774527,-0.00428128428757,0.147662699223
0.0,0.0,0.0,0.00152662035543,-0.00427479250357,0.147685840726
0.0,0.0,0.0,0.00154437369201,-0.00427930289879,0.147662267089
0.0,0.0,0.0,0.00156683928799,-0.00428637769073,0.1476328969
0.0,0.0,0.0,0.00153114879504,-0.00427631475031,0.147682070732
0.00151913042646,-0.00427507096902,0.147683128715,0.0015215711901,-0.00427584862337,0.147678524256
0.00151913042646,-0.00427507096902,0.147683158517,0.00153434206732,-0.0042803119868,0.147651255131
0.00151913042646,-0.00427507096902,0.147683516145,0.00151717860717,-0.004269964993,0.147668063641
0.00151913042646,-0.00427507096902,0.147684901953,0.00152387912385,-0.00426483433694,0.147671118379
0.00151913042646,-0.00427507096902,0.147688314319,0.00155398284551,-0.00426137866452,0.147678777575
0.00151913042646,-0.00427507096902,0.147695198655,0.0015357012162,-0.00426325155422,0.147716745734
0.00151913042646,-0.00427507096902,0.147707387805,0.0015453887172,-0.00426238821819,0.147771343589
0.00151913042646,-0.00427507096902,0.147726610303,0.00158686190844,-0.00420479429886,0.147849813104
0.00151913042646,-0.00427507096902,0.147755414248,0.0016354409745,-0.00422526476905,0.147945210338
0.00151913042646,-0.00427507096902,0.147852510214,0.0017868761206,-0.00412316713482,0.148135408759
0.00151913042646,-0.00427507096902,0.147926077247,0.00187026476488,-0.00428697280586,0.148212328553
0.00151913042646,-0.00427507096902,0.148141354322,0.00200805603527,-0.00435101892799,0.148349523544
0.00151913042646,-0.00427507096902,0.148288682103,0.0020158153493,-0.00460371514782,0.148494228721
0.00151913042646,-0.00427507096902,0.148685052991,0.00205212295987,-0.00482739880681,0.148691430688
0.00151913042646,-0.00427507096902,0.148939326406,0.00198781583458,-0.0050080968067,0.148764997721
0.00151913042646,-0.00427507096902,0.149602532387,0.00188898586202,-0.00513653457165,0.149110391736
0.00151913042646,-0.00427507096902,0.149984806776,0.00177388265729,-0.00506767444313,0.149469941854
0.00151913042646,-0.00427507096902,0.150981768966,0.0014593222877,-0.0049401530996,0.150044217706
0.00151913042646,-0.00427507096902,0.151538640261,0.00100046629086,-0.00497673591599,0.15079164505
0.00151913042646,-0.00427507096902,0.152947559953,0.000187621044461,-0.0051377187483,0.151784956455
0.00151913042646,-0.00427507096902,0.153715372086,-0.000668630702421,-0.00522899394855,0.153140112758
0.00151913042646,-0.00427507096902,0.155616879463,-0.0017918945523,-0.00499314069748,0.15447627008
0.00151913042646,-0.00427507096902,0.156632557511,-0.0028880124446,-0.00486629223451,0.156377837062
0.00151913042646,-0.00427507096902,0.159102141857,-0.00420368788764,-0.00493356818333,0.158694654703
0.00151913042646,-0.00427507096902,0.160400897264,-0.00541686452925,-0.00521301198751,0.160999789834
0.00151913042646,-0.00427507096902,0.163513347507,-0.006699223537,-0.00561780110002,0.164161920547
0.00151913042646,-0.00427507096902,0.165128454566,-0.00793111883104,-0.00601468095556,0.166958674788
0.00151913042646,-0.00427507096902,0.168952509761,-0.00955084711313,-0.00649202847853,0.169699907303
0.00151913042646,-0.00427507096902,0.170913696289,-0.011053070426,-0.00727607030421,0.173140659928
0.00151913042646,-0.00427507096902,0.17551061511,-0.0128105804324,-0.00812537409365,0.176668554544
0.00151913042646,-0.00427507096902,0.183268710971,-0.016038024798,-0.00939093250781,0.183329388499
0.00151913042646,-0.00427507096902,0.186001047492,-0.0175403058529,-0.0101035246626,0.186852574348
0.00151913042646,-0.00427507096902,0.192297980189,-0.0192294251174,-0.0108866775408,0.1907325387
0.00151913042646,-0.00427507096902,0.195445552468,-0.0208202041686,-0.0116816628724,0.194627121091
0.00151913042646,-0.00427507096902,0.202653259039,-0.0223317891359,-0.012513271533,0.199105232954
0.00151913042646,-0.00427507096902,0.206231996417,-0.0236986894161,-0.0133926449344,0.20323137939
0.00151913042646,-0.00427507096902,0.214374452829,-0.0249785780907,-0.0142221935093,0.207488462329
0.00151913042646,-0.00427507096902,0.218396052718,-0.0259399861097,-0.0150189911947,0.211990639567
0.00151913042646,-0.00427507096902,0.22749119997,-0.026819229126,-0.0161355473101,0.217652603984
0.00151913042646,-0.00427507096902,0.231959506869,-0.0277481116354,-0.0173208918422,0.222958311439
0.00151913042646,-0.00427507096902,0.242017313838,-0.0287786591798,-0.0181634593755,0.228536427021
0.00151913042646,-0.00427507096902,0.24693082273,-0.0295343920588,-0.0187388919294,0.232658848166
0.00151913042646,-0.00427507096902,0.257934868336,-0.030712461099,-0.0197996515781,0.240055829287
0.00151913042646,-0.00427507096902,0.263294965029,-0.0314185991883,-0.020735738799,0.244437813759
0.00151913042646,-0.00427507096902,0.275240242481,-0.0323154740036,-0.0217536017299,0.252606421709
0.00151913042646,-0.00427507096902,0.281033694744,-0.032887738198,-0.0223919041455,0.256971240044
0.00151913042646,-0.00427507096902,0.287304282188,-0.0331344977021,-0.0233527906239,0.262829124928
0.00151913042646,-0.00427507096902,0.30682644248,-0.033932171762,-0.0259002242237,0.279315918684
0.00151913042646,-0.00427507096902,0.320454418659,-0.0339550636709,-0.0275007598102,0.290028691292
0.00151913042646,-0.00427507096902,0.327514797449,-0.0341974906623,-0.0284963175654,0.297144323587
0.00151913042646,-0.00427507096902,0.342017352581,-0.0343376398087,-0.0303827114403,0.309816420078
0.00151913042646,-0.00427507096902,0.396564334631,-0.0344366915524,-0.0354470796883,0.360253274441
0.00151913031004,-0.00427507096902,0.421516031027,-0.0340878330171,-0.0377537272871,0.383014649153
0.00151913031004,-0.00427507096902,0.438979446888,-0.0338763929904,-0.0391978472471,0.396286904812
0.00151913031004,-0.00427507096902,0.447244018316,-0.0337267890573,-0.0400155447423,0.404440790415
0.00151913031004,-0.00427507096902,0.465174138546,-0.0333839021623,-0.0417849346995,0.420002251863
0.00151913031004,-0.00427507050335,0.473629415035,-0.0330870263278,-0.0429321564734,0.431047707796
0.00151913031004,-0.00427507050335,0.491936922073,-0.0327866487205,-0.0443424582481,0.445668846369
0.00151913031004,-0.00427507050335,0.500536501408,-0.0327777415514,-0.0450651459396,0.453883260489
0.00151913031004,-0.00427507050335,0.519107103348,-0.0322874858975,-0.0469996780157,0.471176564693
0.00151913031004,-0.00427507050335,0.546578526497,-0.031497605145,-0.0495926067233,0.497938632965
0.00151913031004,-0.00427507050335,0.555360257626,-0.0312079768628,-0.0509895421565,0.51060718298
0.00151913031004,-0.00427507050335,0.574193477631,-0.0307739786804,-0.052473552525,0.525199115276
0.00151913031004,-0.00427507050335,0.582990407944,-0.0305111780763,-0.0537347458303,0.537849187851
0.00151913019363,-0.00427507050335,0.601810097694,-0.030243113637,-0.0549405179918,0.552627980709
0.00151913019363,-0.00427507050335,0.610569000244,-0.0299215894192,-0.0558956898749,0.564069151878
0.00151913019363,-0.00427507050335,0.629272460938,-0.029671292752,-0.056855391711,0.578936696053
0.00151913019363,-0.00427507050335,0.637975156307,-0.0294972062111,-0.0575593076646,0.590299904346
0.00151913019363,-0.00427507003769,0.65609651804,-0.0290798712522,-0.0585233680904,0.605786263943
0.00151913019363,-0.00427507003769,0.665027320385,-0.0288407094777,-0.059684894979,0.617013514042
0.00151913007721,-0.00427507003769,0.691603958607,-0.0281127430499,-0.0621316581964,0.64395159483
0.00151913007721,-0.00427507003769,0.709012806416,-0.0277893040329,-0.0636971518397,0.660350203514
0.00151913007721,-0.00427507003769,0.717576861382,-0.027441771701,-0.0642166957259,0.670012533665
0.00151913007721,-0.00427506957203,0.734470963478,-0.0272418279201,-0.065366089344,0.685177147388
0.00151913007721,-0.00427506957203,0.742833375931,-0.0268017072231,-0.0659984573722,0.695375144482
0.0015191299608,-0.00427506957203,0.767162084579,-0.0262820068747,-0.0674853399396,0.719341218472
0.0015191299608,-0.00427506957203,0.782875597477,-0.0261087846011,-0.0680634975433,0.734031319618
0.0015191299608,-0.00427506957203,0.790562987328,-0.0257744267583,-0.0690167993307,0.742582798004
0.00151912984438,-0.00427506910637,0.805577099323,-0.0253979694098,-0.0695710629225,0.756491601467
0.00151912984438,-0.00427506910637,0.812897026539,-0.0250177104026,-0.0704274624586,0.764856755733
0.00151912984438,-0.00427506910637,0.827139377594,-0.0246989335865,-0.0711508616805,0.777406036854
0.00151912972797,-0.00427506864071,0.847493112087,-0.0248139761388,-0.073454990983,0.79803019762
0.00151912972797,-0.00427506864071,0.853998541832,-0.0241791345179,-0.0740705654025,0.805921018124
0.00151912961155,-0.00427506817505,0.866568624973,-0.0243196114898,-0.074758335948,0.817320883274
0.00151912961155,-0.00427506817505,0.872632086277,-0.0235232003033,-0.0752264559269,0.825204849243
0.00151912949514,-0.00427506817505,0.884310662746,-0.0229236446321,-0.075697734952,0.836345553398
0.00151912949514,-0.00427506770939,0.88992279768,-0.0225612428039,-0.0763971060514,0.843232452869
0.00151912937872,-0.00427506770939,0.905833303928,-0.0216490849853,-0.0779373645782,0.860042929649
0.00151912926231,-0.00427506724373,0.920340061188,-0.0208618566394,-0.079102165997,0.875690460205
0.00151912926231,-0.00427506677806,0.929226279259,-0.0202454533428,-0.0794056579471,0.884334504604
0.00151912914589,-0.00427506677806,0.933442234993,-0.0199700314552,-0.0798288211226,0.890014350414
0.00151912902948,-0.0042750663124,0.941397130489,-0.0194729287177,-0.0801978111267,0.897855460644
0.00151912902948,-0.0042750663124,0.945167958736,-0.0192192997783,-0.0806804969907,0.902748942375
0.00151912891306,-0.00427506584674,0.952188432217,-0.0185590330511,-0.0812300145626,0.910509586334
0.00151912891306,-0.00427506538108,0.955509066582,-0.0184798724949,-0.0816181451082,0.91452229023
0.00151912879664,-0.00427506538108,0.96164047718,-0.01798232086,-0.0817323923111,0.921133518219
0.00151912868023,-0.00427506491542,0.964520335197,-0.0177797842771,-0.082282230258,0.924908041954
0.00151912856381,-0.00427506444976,0.969802379608,-0.0174694657326,-0.0823056474328,0.930516541004
0.00151912856381,-0.00427506444976,0.972264826298,-0.017252182588,-0.0827177166939,0.933948397636
0.00151912833098,-0.0042750639841,0.9767395854,-0.0169151816517,-0.0827870070934,0.938848257065
0.00151912833098,-0.00427506351843,0.978806376457,-0.0168173760176,-0.0831404104829,0.941642642021
0.00151912821457,-0.00427506305277,0.9825283885,-0.0166939049959,-0.0835399478674,0.945516347885
0.00151912809815,-0.00427506305277,0.984220564365,-0.0165358502418,-0.0836230292916,0.947691082954
0.00151912798174,-0.00427506212145,0.987261414528,-0.016235217452,-0.083505757153,0.951593279839
0.00151912786532,-0.00427506212145,0.988619148731,-0.0161323491484,-0.0837125256658,0.953137695789
0.00151912774891,-0.00427506119013,0.991033196449,-0.0158112552017,-0.0838171690702,0.95580291748
0.00151912739966,-0.00427506025881,0.993954539299,-0.0155886039138,-0.0848439261317,0.960029661655
0.00151912658475,-0.00427505746484,0.998439073563,-0.0150074735284,-0.0839878320694,0.964177548885
0.00151912646834,-0.00427505699918,0.998737573624,-0.0148957874626,-0.0838834568858,0.964437007904
0.00151912623551,-0.00427505606785,0.999209880829,-0.0146749094129,-0.0840837806463,0.964946568012
0.00151912611909,-0.00427505560219,0.999389350414,-0.0146169438958,-0.0838951990008,0.965210974216
0.00151912588626,-0.00427505467087,0.999658584595,-0.0142651824281,-0.0852086171508,0.965713262558
0.00151912576985,-0.00427505420521,0.999753654003,-0.0139614259824,-0.0860014334321,0.966152846813
0.0015191254206,-0.00427505327389,0.999885678291,-0.0135495383292,-0.0827408581972,0.966910541058
0.00151912530418,-0.00427505280823,0.999924123287,-0.0134497182444,-0.0823533833027,0.967027246952
0.00151912507135,-0.0042750518769,0.999971866608,-0.0125717706978,-0.0815894603729,0.967185676098
0.00151912483852,-0.00427505141124,0.999984920025,-0.0126218935475,-0.0813464969397,0.967461168766
0.00151912460569,-0.00427505001426,0.999993562698,-0.0125882290304,-0.0807145386934,0.967812180519
0.00151912437286,-0.0042750495486,0.999996900558,-0.0125529607758,-0.0806916505098,0.968069076538
0.00151912402362,-0.00427504815161,0.999996244907,-0.0126794818789,-0.080504335463,0.968527376652
0.00151912402362,-0.00427504815161,0.999997138977,-0.0126651739702,-0.0804018452764,0.968704938889
0.00151912402362,-0.00427504815161,0.999997138977,-0.0126260621473,-0.0797698572278,0.969928860664
0.00151912402362,-0.00427504815161,0.999997138977,-0.012648598291,-0.0789944976568,0.970920145512
0.00151912402362,-0.00427504815161,0.999997138977,-0.0126331085339,-0.0785915479064,0.971241831779
0.00151912402362,-0.00427504815161,0.999997138977,-0.0125096431002,-0.077422618866,0.972592711449
0.00151912402362,-0.00427504815161,0.999997138977,-0.0124616380781,-0.0770131126046,0.972838699818
0.00151912402362,-0.00427504815161,0.999997138977,-0.0124884843826,-0.075751259923,0.973719477654
0.00151912402362,-0.00427504815161,0.999997138977,-0.0123714366928,-0.0752109363675,0.975573837757
0.00151912402362,-0.00427504815161,0.999997138977,-0.0121786855161,-0.0745594054461,0.977835834026
0.00151912402362,-0.00427504815161,0.999997138977,-0.0119327763095,-0.0742240920663,0.979050576687
0.00151912402362,-0.00427504815161,0.999997138977,-0.0118604609743,-0.0742311775684,0.979421854019
0.00151912402362,-0.00427504815161,0.999997138977,-0.011408066377,-0.0743719190359,0.98101824522
0.00151912402362,-0.00427504815161,0.999997138977,-0.0113229593262,-0.0744118690491,0.981218457222
0.00151912402362,-0.00427504815161,0.999997138977,-0.0108670070767,-0.0740975365043,0.982663094997
0.00151912402362,-0.00427504815161,0.999997138977,-0.0107004055753,-0.074027441442,0.982947647572
0.00151912402362,-0.00427504815161,0.999997138977,-0.0104627041146,-0.0737381130457,0.983716309071
0.00151912402362,-0.00427504815161,0.999997138977,-0.0102470181882,-0.0738840326667,0.983855307102
0.00151912402362,-0.00427504815161,0.999997138977,-0.0102640548721,-0.0740300863981,0.983854591846
0.00151912402362,-0.00427504815161,0.999997138977,-0.00980355031788,-0.0740159153938,0.984274983406
0.00151912402362,-0.00427504815161,0.999997138977,-0.00969470012933,-0.0739836245775,0.984305560589
0.00151912402362,-0.00427504815161,0.999997138977,-0.00906177982688,-0.0740464553237,0.985271990299
0.00151912402362,-0.00427504815161,0.999997138977,-0.00886552222073,-0.0739971473813,0.985399961472
0.00151912402362,-0.00427504815161,0.999997138977,-0.008389740251,-0.0740703344345,0.985870838165
0.00151912402362,-0.00427504815161,0.999997138977,-0.00832054764032,-0.0740909352899,0.986054718494
0.00151912402362,-0.00427504815161,0.999997138977,-0.00786377396435,-0.0741761252284,0.986275315285
0.00151912402362,-0.00427504815161,0.999997138977,-0.00775010697544,-0.0742524042726,0.986379623413
0.00151912402362,-0.00427504815161,0.999997138977,-0.00740692624822,-0.0742940455675,0.98672837019
0.00151912402362,-0.00427504815161,0.999997138977,-0.00719220330939,-0.0742091834545,0.986777901649
0.00151912402362,-0.00427504815161,0.999997138977,-0.00680658174679,-0.0744931921363,0.987101316452
0.00151912402362,-0.00427504815161,0.999997138977,-0.00651980284601,-0.0754069164395,0.987309932709
0.00151912402362,-0.00427504815161,0.999997138977,-0.00648738071322,-0.0756746158004,0.987320125103
0.0,0.0,1.0,-0.00631139986217,-0.0762166678905,0.987736403942
0.0,0.0,1.0,-0.00628004223108,-0.0761790499091,0.987838983536
0.0,0.0,1.0,-0.00602736091241,-0.0758100301027,0.98833656311
0.0,0.0,1.0,-0.00593457277864,-0.0757275596261,0.988520622253
0.0,0.0,1.0,-0.00554318679497,-0.0757913589478,0.989218294621
0.0,0.0,1.0,-0.00519944541156,-0.0758723691106,0.989653527737
0.0,0.0,1.0,-0.00432830443606,-0.0763398781419,0.990556061268
0.0,0.0,1.0,-0.00408070813864,-0.0765200182796,0.990545094013
0.0,0.0,1.0,-0.00357519462705,-0.0773388668895,0.990844011307
0.0,0.0,1.0,-0.00354575039819,-0.0777470767498,0.99047100544
0.0,0.0,1.0,-0.00336302164942,-0.0795388296247,0.989463627338
0.0,0.0,1.0,-0.00340456631966,-0.0801424235106,0.988650500774
0.0,0.0,1.0,-0.0034796318505,-0.0802304074168,0.988401770592
0.0,0.0,1.0,-0.00368573283777,-0.0801612660289,0.98743635416
0.0,0.0,1.0,-0.00374874891713,-0.080030374229,0.987020730972
0.0,0.0,1.0,-0.00404259236529,-0.080115005374,0.986004948616
0.0,0.0,1.0,-0.00405017053708,-0.0801483616233,0.985792398453
0.0,0.0,1.0,-0.0040998714976,-0.0803460031748,0.985046029091
0.0,0.0,1.0,-0.00414886791259,-0.0803805887699,0.984905958176
0.0,0.0,1.0,-0.00411686208099,-0.0804764181376,0.984460711479
0.0,0.0,1.0,-0.0040785567835,-0.0802999660373,0.984304845333
0.0,0.0,1.0,-0.00413741078228,-0.079740062356,0.98430532217
0.0,0.0,1.0,-0.00419069780037,-0.0795412957668,0.984280645847
0.0,0.0,1.0,-0.00439294055104,-0.0797560065985,0.984491765499
0.0,0.0,1.0,-0.00445141410455,-0.0797745510936,0.984590530396
0.0,0.0,1.0,-0.00465248525143,-0.0794902890921,0.984977006912
0.0,0.0,1.0,-0.00473268982023,-0.0794787704945,0.985091149807
0.0,0.0,1.0,-0.00514744501561,-0.0790653973818,0.985456705093
0.0,0.0,1.0,-0.00535782566294,-0.0788395702839,0.985785782337
0.0,0.0,1.0,-0.00644932780415,-0.0780931413174,0.986557424068
0.0,0.0,1.0,-0.00746401911601,-0.0773805379868,0.98735243082
0.0,0.0,1.0,-0.00797573011369,-0.0770076662302,0.987420022488
0.0,0.0,1.0,-0.00893910322338,-0.0762253925204,0.988182842731
0.0,0.0,1.0,-0.0092156752944,-0.0761219859123,0.98824095726
0.0,0.0,1.0,-0.0100598512217,-0.0752421021461,0.989050686359
0.0,0.0,1.0,-0.0118459928781,-0.0742890536785,0.991209030151
0.0,0.0,1.0,-0.012330786325,-0.0739207714796,0.991892516613
0.0,0.0,1.0,-0.0139207290486,-0.0725199952722,0.992780268192
0.0,0.0,1.0,-0.0150836119428,-0.0714116320014,0.993273794651
0.0,0.0,1.0,-0.0158934723586,-0.0713595375419,0.993557155132
0.0,0.0,1.0,-0.0171911101788,-0.0699494257569,0.993996560574
0.0,0.0,1.0,-0.0179953221232,-0.0697388127446,0.994223117828
0.0,0.0,1.0,-0.0192714706063,-0.0680660903454,0.994610130787
0.0,0.0,1.0,-0.0214203558862,-0.0661464333534,0.995106995106
0.0,0.0,1.0,-0.02204663679,-0.0655044913292,0.995484232903
0.0,0.0,1.0,-0.0231757462025,-0.0636087805033,0.995413720608
0.0,0.0,1.0,-0.0237198248506,-0.0619712397456,0.995605051517
0.0,0.0,1.0,-0.0250435266644,-0.060299154371,0.995408415794
0.0,0.0,1.0,-0.0253694579005,-0.0586126595736,0.996255159378
0.0,0.0,1.0,-0.0272023938596,-0.0568553954363,0.99781280756
0.0,0.0,1.0,-0.0283820144832,-0.0562159232795,0.997627437115
0.0,0.0,1.0,-0.0295977108181,-0.0552030093968,0.997687280178
0.0,0.0,1.0,-0.0310304183513,-0.0543228723109,0.996489822865
0.0,0.0,1.0,-0.0324825756252,-0.0531825013459,0.995458304882
0.0,0.0,1.0,-0.0336947143078,-0.0521806366742,0.994430959225
0.0,0.0,1.0,-0.0348760262132,-0.0509360916913,0.993122041225
0.0,0.0,1.0,-0.0359630733728,-0.0498798340559,0.992215514183
0.0,0.0,1.0,-0.037186011672,-0.0488414205611,0.991674542427
0.0,0.0,1.0,-0.0383631400764,-0.0478123277426,0.990597486496
0.0,0.0,1.0,-0.0399387218058,-0.0461291745305,0.989582657814
0.0,0.0,1.0,-0.041771877557,-0.0442662760615,0.987856507301
0.0,0.0,1.0,-0.0423875972629,-0.0437712594867,0.987632930279
0.0,0.0,1.0,-0.0441139601171,-0.0424199551344,0.987100124359
0.0,0.0,1.0,-0.0446524694562,-0.0420149676502,0.986734092236
0.0,0.0,1.0,-0.0464382506907,-0.040720410645,0.986198604107
0.0,0.0,1.0,-0.0487448200583,-0.0388615094125,0.985285043716
0.0,0.0,1.0,-0.0494949631393,-0.0384967848659,0.985115945339
0.0,0.0,1.0,-0.05101769045,-0.0373253077269,0.984816968441
0.0,0.0,1.0,-0.0521616972983,-0.0364669151604,0.984464585781
0.0,0.0,1.0,-0.0530492179096,-0.0359725356102,0.984723806381
0.0,0.0,1.0,-0.0540671907365,-0.0356752350926,0.98434317112
0.0,0.0,1.0,-0.056246381253,-0.0348384231329,0.984494924545
0.0,0.0,1.0,-0.0573312491179,-0.0344749242067,0.984148979187
0.0,0.0,1.0,-0.0582480579615,-0.0337573438883,0.984475195408
0.0,0.0,1.0,-0.059132039547,-0.0331231802702,0.985206305981
0.0,0.0,1.0,-0.0597147494555,-0.0320460498333,0.985864281654
0.0,0.0,1.0,-0.060228869319,-0.0311094317585,0.986721992493
0.0,0.0,1.0,-0.0608567930758,-0.0303276516497,0.986905574799
0.0,0.0,1.0,-0.0613828934729,-0.0298604257405,0.987373948097
0.0,0.0,1.0,-0.062102355063,-0.0291128121316,0.987577974796
0.0,0.0,1.0,-0.0627609267831,-0.0284594707191,0.987725019455
0.0,0.0,1.0,-0.063352137804,-0.0276871658862,0.987552285194
0.0,0.0,1.0,-0.0639133676887,-0.0269082244486,0.987820088863
0.0,0.0,1.0,-0.0643081590533,-0.0262649953365,0.988071322441
0.0,0.0,1.0,-0.0647473111749,-0.0255681239069,0.988280057907
0.0,0.0,1.0,-0.0649416744709,-0.0247825533152,0.989052057266
0.0,0.0,1.0,-0.065231025219,-0.0240592528135,0.989099562168
0.0,0.0,1.0,-0.0655550211668,-0.0233809947968,0.98931658268
0.0,0.0,1.0,-0.065671980381,-0.0229427795857,0.990094482899
0.0,0.0,1.0,-0.0656554624438,-0.0224247407168,0.990823090076
0.0,0.0,1.0,-0.065448731184,-0.0220183823258,0.991908013821
0.0,0.0,1.0,-0.0652786269784,-0.021311417222,0.992694675922
0.0,0.0,1.0,-0.0650845617056,-0.0207537971437,0.992989718914
0.0,0.0,1.0,-0.0649217441678,-0.020234560594,0.993505716324
0.0,0.0,1.0,-0.0647301077843,-0.019656278193,0.994022667408
0.0,0.0,1.0,-0.0647054463625,-0.019041089341,0.99412047863
0.0,0.0,1.0,-0.0645015463233,-0.0183906089514,0.994878351688
0.0,0.0,1.0,-0.0644681602716,-0.0176450535655,0.994886696339
0.0,0.0,1.0,-0.0644535347819,-0.0169833991677,0.994863808155
0.0,0.0,1.0,-0.0645307824016,-0.0164027139544,0.994239807129
0.0,0.0,1.0,-0.0644196420908,-0.0159572437406,0.993695259094
0.0,0.0,1.0,-0.0642899274826,-0.0159545093775,0.992441892624
0.0,0.0,1.0,-0.0639280825853,-0.0157795939595,0.992033839226
0.0,0.0,1.0,-0.0634057447314,-0.0157540235668,0.990386724472
0.0,0.0,1.0,-0.0629238560796,-0.0154771301895,0.989731550217
0.0,0.0,1.0,-0.0626273080707,-0.0148947974667,0.988676905632
0.0,0.0,1.0,-0.0622319802642,-0.0141755985096,0.987284481525
0.0,0.0,1.0,-0.0617674812675,-0.0138695677742,0.986449897289
0.0,0.0,1.0,-0.0612322762609,-0.0136788254604,0.985371887684
0.0,0.0,1.0,-0.0604736432433,-0.0132890827954,0.984964311123
0.0,0.0,1.0,-0.0598178319633,-0.0128306150436,0.984260320663
0.0,0.0,1.0,-0.059294514358,-0.012196787633,0.983134686947
0.0,0.0,1.0,-0.0589213892817,-0.0115451812744,0.981867432594
0.0,0.0,1.0,-0.0585766807199,-0.0112239960581,0.981110394001
0.0,0.0,1.0,-0.0580937005579,-0.0111223720014,0.9801171422
0.0,0.0,1.0,-0.0575833879411,-0.0109886107966,0.97972792387
0.0,0.0,1.0,-0.0567517615855,-0.0110566085204,0.979915678501
0.0,0.0,1.0,-0.0559246763587,-0.0110683208331,0.979916274548
0.0,0.0,1.0,-0.0551138110459,-0.010993343778,0.979589402676
0.0,0.0,1.0,-0.0544359795749,-0.010859570466,0.979259192944
0.0,0.0,1.0,-0.0539962500334,-0.0104807056487,0.978937745094
0.0,0.0,1.0,-0.0534706152976,-0.0102812927216,0.97906011343
0.0,0.0,1.0,-0.0531019382179,-0.00992934312671,0.978911817074
0.0,0.0,1.0,-0.052619997412,-0.00954109057784,0.979061305523
0.0,0.0,1.0,-0.0520814619958,-0.00909550394863,0.979450047016
0.0,0.0,1.0,-0.0516941435635,-0.00874626729637,0.979545712471
0.0,0.0,1.0,-0.0512228161097,-0.00826911535114,0.979985237122
0.0,0.0,1.0,-0.0505698621273,-0.00784527417272,0.980120360851
0.0,0.0,1.0,-0.0500122234225,-0.00760439038277,0.979699134827
0.0,0.0,1.0,-0.0494886487722,-0.00721976859495,0.979920387268
0.0,0.0,1.0,-0.0489112101495,-0.00690495409071,0.979962110519
0.0,0.0,1.0,-0.0480267740786,-0.00692483503371,0.980263710022
0.0,0.0,1.0,-0.0473392046988,-0.00680258870125,0.980958342552
0.0,0.0,1.0,-0.0466215647757,-0.00691217230633,0.981250524521
0.0,0.0,1.0,-0.0460655540228,-0.00706902565435,0.981705188751
0.0,0.0,1.0,-0.0455800518394,-0.00691804336384,0.982572436333
0.0,0.0,1.0,-0.0449534244835,-0.00643950328231,0.983800053596
0.0,0.0,1.0,-0.0444796010852,-0.00609613768756,0.984292566776
0.0,0.0,1.0,-0.0440838597715,-0.00583125650883,0.984402060509
0.0,0.0,1.0,-0.0434654653072,-0.00577525375411,0.98454785347
0.0,0.0,1.0,-0.0426728017628,-0.00553361373022,0.98506706953
0.0,0.0,1.0,-0.0419638194144,-0.00573248043656,0.984914302826
0.0,0.0,1.0,-0.0406858734787,-0.00595992198214,0.984781205654
0.0,0.0,1.0,-0.0399346835911,-0.00632130447775,0.984596967697
0.0,0.0,1.0,-0.0391658395529,-0.00657272478566,0.984458982944
0.0,0.0,1.0,-0.0383562669158,-0.00669737299904,0.984535574913
0.0,0.0,1.0,-0.0376817882061,-0.00676465127617,0.984404265881
0.0,0.0,1.0,-0.0370465964079,-0.00671255821362,0.98467862606
0.0,0.0,1.0,-0.0362844727933,-0.00704253232107,0.984825730324
0.0,0.0,1.0,-0.0357475578785,-0.00724761234596,0.984971821308
0.0,0.0,1.0,-0.0348167978227,-0.00750659080222,0.985480189323
0.0,0.0,1.0,-0.0340050086379,-0.00766007136554,0.98562502861
0.0,0.0,1.0,-0.0331120714545,-0.00787281710654,0.985825836658
0.0,0.0,1.0,-0.032217182219,-0.00830164924264,0.986460328102
0.0,0.0,1.0,-0.031294696033,-0.00857684388757,0.986591219902
0.0,0.0,1.0,-0.0303643159568,-0.00889675877988,0.986710309982
-1.51548142924e-08,9.29703070085e-09,1.0,-0.0283172540367,-0.00889376923442,0.986899077892
-1.11497563182e-07,6.84363214987e-08,1.0,-0.0261263251305,-0.00927804596722,0.987811684608
-2.16783874407e-07,1.33077918463e-07,1.0,-0.0239748191088,-0.00923711434007,0.989000320435
-2.9104549526e-07,1.78652712179e-07,1.0,-0.0217840112746,-0.00950296409428,0.990143895149
-3.87903583032e-07,2.38108512463e-07,1.0,-0.0200329516083,-0.010284175165,0.990900814533
-5.14002124419e-07,3.15529916861e-07,1.0,-0.0180683638901,-0.0109016252682,0.991793453693
-6.22500465397e-07,3.82150602718e-07,1.0,-0.0168705508113,-0.0109171429649,0.991899967194
-1.197168217e-06,7.35745459224e-07,1.0,-0.0159322861582,-0.0112781273201,0.992062032223
-1.05474573502e-05,6.51699792797e-06,1.0,-0.0146372392774,-0.0122346878052,0.99249458313
-2.48359556281e-05,1.53846031026e-05,1.0,-0.0142942257226,-0.0121260574088,0.992580354214
-9.27336222958e-05,5.77294085815e-05,1.0,-0.0131153799593,-0.0125115271658,0.994024574757
-0.000156750902534,9.78240932454e-05,1.0,-0.0127928070724,-0.0122634554282,0.993885099888
-0.000376828189474,0.000236349878833,1.0,-0.0117101361975,-0.0115969656035,0.994302272797
-0.000546309864148,0.000343515974237,1.0,-0.0116508612409,-0.0118087427691,0.994161486626
-0.00139561167452,0.000884379143827,1.0,-0.011073471047,-0.0115417456254,0.99369686842
-0.00233984319493,0.00149064871948,1.0,-0.0109861446545,-0.010896471329,0.99353992939
-0.00294846645556,0.00188344088383,1.0,-0.0109512293711,-0.0109812887385,0.993580818176
-0.00451479107141,0.0028999869246,1.0,-0.0113284448162,-0.0106564732268,0.993320465088
-0.00547831598669,0.00352872931398,1.0,-0.0117390248924,-0.0103076416999,0.993595957756
-0.00786179117858,0.00509326346219,1.0,-0.012679236941,-0.00945863872766,0.993873178959
-0.00927431881428,0.00602585077286,1.0,-0.0135544277728,-0.00879215821624,0.99345010519
-0.0126637890935,0.00827769096941,1.0,-0.0152584137395,-0.00692415889353,0.99364566803
-0.0146265048534,0.00958975218236,1.0,-0.0169885586947,-0.00594351394102,0.993191480637
-0.0192000772804,0.0126675367355,1.0,-0.0197727754712,-0.0043119173497,0.992849051952
-0.0218171644956,0.01444045268,1.0,-0.022703146562,-0.00230794353411,0.992679655552
-0.0277621466666,0.0184966232628,1.0,-0.0270701795816,2.19913017645e-05,0.992238640785
-0.0385717600584,0.025964377448,1.0,-0.0359216891229,0.0069789364934,0.9914072752
-0.0427097305655,0.0288521256298,1.0,-0.0404012612998,0.0101613178849,0.990748107433
-0.0518280491233,0.0352685041726,1.0,-0.0473920330405,0.0154604306445,0.990318417549
-0.0568145848811,0.0388071164489,1.0,-0.0529529936612,0.0192592740059,0.989671468735
-0.0676663592458,0.0465776696801,1.0,-0.0616249889135,0.0253102462739,0.989012479782
-0.073532089591,0.0508167259395,1.0,-0.0678877606988,0.0297518428415,0.988481283188
-0.0861651450396,0.0600368157029,1.0,-0.0780673921108,0.0373504385352,0.987617731094
-0.0929275974631,0.065022431314,1.0,-0.0851423814893,0.0423644706607,0.987013220787
-0.107333153486,0.075758561492,1.0,-0.0966145917773,0.0506174974144,0.986197054386
-0.114969752729,0.0815137699246,1.0,-0.104777306318,0.0564500279725,0.986546397209
-0.131093293428,0.0938112661242,1.0,-0.117805957794,0.0659593120217,0.986377954483
-0.139568075538,0.100355498493,1.0,-0.127004608512,0.0727422013879,0.986440658569
-0.157294839621,0.114227369428,1.0,-0.141883775592,0.0832770317793,0.986485660076
-0.166542261839,0.121564529836,1.0,-0.151508823037,0.0905887782574,0.986482858658
-0.185708090663,0.136999115348,1.0,-0.167632877827,0.102366119623,0.988260865211
-0.195623829961,0.145109400153,1.0,-0.177946344018,0.11084973067,0.988079726696
-0.215997546911,0.16205483675,1.0,-0.194614693522,0.123751364648,0.989697337151
-0.226509034634,0.17095272243,1.0,-0.204887464643,0.132639750838,0.989779353142
-0.247773170471,0.189297616482,1.0,-0.221598729491,0.147213324904,0.990046739578
-0.258687078953,0.198903590441,1.0,-0.232202097774,0.15608663857,0.990599453449
-0.280555278063,0.218573287129,1.0,-0.24955201149,0.170899510384,0.991267561913
-0.291688472033,0.228820115328,1.0,-0.260271191597,0.180571824312,0.991938114166
-0.313798308372,0.249684557319,1.0,-0.277259469032,0.19613917172,0.992850065231
-0.324982464314,0.260523736477,1.0,-0.287986665964,0.206630662084,0.993930280209
-0.346934229136,0.282426059246,1.0,-0.304674088955,0.22310064733,0.995229780674
-0.357913911343,0.293727457523,1.0,-0.314858824015,0.233824029565,0.996126115322
-0.379298746586,0.316502958536,1.0,-0.331013023853,0.25052806735,0.997972726822
-0.389810800552,0.328117281199,1.0,-0.340729951859,0.26178213954,0.998368918896
-0.410251379013,0.351634174585,1.0,-0.355594545603,0.279001921415,0.999808907509
-0.420152485371,0.363537490368,1.0,-0.364563316107,0.290130734444,0.999957025051
-0.439174979925,0.387546509504,1.0,-0.378010362387,0.307644188404,1.00132632256
-0.448273360729,0.399658530951,1.0,-0.385717988014,0.318750113249,1.00148200989
-0.465432971716,0.423893868923,1.0,-0.397199690342,0.335729539394,1.00202691555
-0.481591254473,0.448867768049,1.0,-0.407717108727,0.354332864285,1.00203704834
-0.488542795181,0.460460424423,1.0,-0.412862420082,0.363933622837,1.00165188313
-0.502271473408,0.485413700342,1.0,-0.421531021595,0.382117271423,1.00143074989
-0.508029341698,0.496952533722,1.0,-0.425558298826,0.391506075859,1.00096476078
-0.519080638885,0.521751105785,1.0,-0.431738495827,0.40961548686,1.00021266937
-0.523531377316,0.533148109913,1.0,-0.434094578028,0.419107854366,0.999849557877
-0.527760446072,0.545108675957,1.0,-0.436220824718,0.427920043468,0.999295294285
-0.534750878811,0.568803668022,1.0,-0.439158886671,0.443681210279,0.998384714127
-0.537500560284,0.580528318882,1.0,-0.439799517393,0.452880293131,0.997786164284
-0.541486263275,0.603724658489,1.0,-0.440253198147,0.468414187431,0.997141063213
-0.543615102768,0.637732565403,1.0,-0.437497198582,0.493160575628,0.996043324471
-0.543291032314,0.648842871189,1.0,-0.435382187366,0.501994967461,0.994843542576
-0.541092991829,0.670677483082,1.0,-0.431356102228,0.516114592552,0.993792295456
-0.539220631123,0.681404232979,1.0,-0.42753559351,0.525810956955,0.992546975613
-0.533950090408,0.702420115471,1.0,-0.420965194702,0.539486527443,0.99148440361
-0.53055793047,0.712712883949,1.0,-0.415970683098,0.54845058918,0.990501701832
-0.5222915411,0.732836067677,1.0,-0.4074447155,0.561264097691,0.989600777626
-0.517399847507,0.742719471455,1.0,-0.40114942193,0.569738149643,0.988624095917
-0.506291389465,0.761823415756,1.0,-0.390512317419,0.582291960716,0.988506436348
-0.499984115362,0.771222114563,1.0,-0.383107751608,0.590171158314,0.987527787685
-0.486186891794,0.789296805859,1.0,-0.370879113674,0.602432012558,0.987221896648
-0.47856760025,0.798167407513,1.0,-0.362351894379,0.609467566013,0.986957073212
-0.462271898985,0.815186262131,1.0,-0.349157124758,0.620443880558,0.986751317978
-0.453444629908,0.823514938354,1.0,-0.339803576469,0.627426564693,0.986523449421
-0.434888809919,0.839434921741,1.0,-0.32516181469,0.637350142002,0.986757576466
-0.424938380718,0.84723418951,1.0,-0.315300375223,0.644150972366,0.986663520336
-0.404386639595,0.862019479275,1.0,-0.299336194992,0.653419792652,0.98812776804
-0.393654495478,0.869131922722,1.0,-0.289265781641,0.660014331341,0.987812995911
-0.371274352074,0.882835745811,1.0,-0.273075252771,0.669082820415,0.98860681057
-0.359712511301,0.889389097691,1.0,-0.262560456991,0.675325512886,0.988571405411
-0.335885494947,0.90191668272,1.0,-0.241250261664,0.686778843403,0.989830613136
-0.311235994101,0.913657367229,1.0,-0.222073256969,0.695864140987,0.990102171898
-0.29867425561,0.91921544075,1.0,-0.217416450381,0.698139846325,0.990290284157
-0.273050755262,0.929745614529,1.0,-0.195859134197,0.708257377148,0.991329133511
-0.23374222219,0.943992495537,1.0,-0.169075399637,0.720560312271,0.993180632591
-0.220456033945,0.94832521677,1.0,-0.163681417704,0.722634017467,0.993446171284
-0.193655923009,0.956366121769,1.0,-0.142733693123,0.731834828854,0.995061993599
-0.180192545056,0.960063099861,1.0,-0.137311816216,0.73405200243,0.995772957802
-0.153146058321,0.966815829277,1.0,-0.116989128292,0.741800606251,0.996317505836
-0.13961134851,0.969861447811,1.0,-0.111945934594,0.743759453297,0.996266067028
-0.0990087911487,0.977671563625,1.0,-0.0885611474514,0.753094375134,0.996792316437
-0.0586442686617,0.983444392681,1.0,-0.0640020519495,0.762562215328,0.998559832573
-0.0319914929569,0.986135840416,1.0,-0.0464522652328,0.768263757229,0.999402403831
-0.0187668651342,0.98712927103,1.0,-0.0420360229909,0.769348919392,0.999576985836
0.00747833261266,0.988404631615,1.0,-0.0252215918154,0.773877084255,0.999188363552
0.0204652156681,0.988682091236,1.0,-0.0207620710135,0.775090634823,0.999302744865
0.0461763851345,0.988508939743,1.0,-0.00547421025112,0.778544902802,1.00083446503
0.0838611871004,0.986413121223,1.0,0.0123470108956,0.782273769379,1.00043845177
0.0961894765496,0.985220193863,1.0,0.0161954741925,0.782953500748,1.00045537949
0.120422869921,0.982093811035,1.0,0.0298697259277,0.784621179104,0.999215960503
0.132366746664,0.980152785778,1.0,0.0334820374846,0.784898638725,0.998709499836
0.155825152993,0.975521147251,1.0,0.0462974756956,0.784981369972,0.997532308102
0.167337730527,0.972829580307,1.0,0.0497059710324,0.784823954105,0.996722340584
0.189901649952,0.966699004173,1.0,0.0616957508028,0.783576786518,0.995331048965
0.200968965888,0.963254392147,1.0,0.0649550184608,0.783013761044,0.994821310043
0.222626194358,0.955618858337,1.0,0.0762107819319,0.781122028828,0.992888987064
0.233219280839,0.951426506042,1.0,0.0793339535594,0.780228674412,0.992686748505
0.253909558058,0.942302882671,1.0,0.0898255109787,0.776832163334,0.990911662579
0.264001905918,0.937374591827,1.0,0.0927252098918,0.775367200375,0.990844786167
0.283676058054,0.92678976059,1.0,0.103125631809,0.770250439644,0.989886879921
0.293255746365,0.921135723591,1.0,0.105823285878,0.76856559515,0.989415168762
0.311861485243,0.909128904343,1.0,0.115504465997,0.762275695801,0.988871335983
0.320888578892,0.902778029442,1.0,0.118103377521,0.760578751564,0.988604605198
0.338377922773,0.889394283295,1.0,0.127263978124,0.753525853157,0.987672746181
0.346833020449,0.882367968559,1.0,0.129665747285,0.751463294029,0.9873919487
0.36313906312,0.867670595646,1.0,0.138176649809,0.743886590004,0.986483991146
0.370985418558,0.860004782677,1.0,0.14050231874,0.74172192812,0.986636042595
0.386038631201,0.844066679478,1.0,0.148480013013,0.733314216137,0.986610710621
0.393240064383,0.835800528526,1.0,0.150574460626,0.730585098267,0.986478149891
0.406965732574,0.818705022335,1.0,0.157847106457,0.721298396587,0.985794484615
0.413483917713,0.809882760048,1.0,0.159793257713,0.71872907877,0.985710382462
0.425803750753,0.79172295332,1.0,0.166517093778,0.708693683147,0.985146343708
0.431598842144,0.782393276691,1.0,0.168379023671,0.705266952515,0.985080003738
0.442432433367,0.763270795345,1.0,0.173961386085,0.695121586323,0.985575139523
0.447460263968,0.753494024277,1.0,0.17553602159,0.692010164261,0.985444962978
0.456727296114,0.733517825603,1.0,0.181172862649,0.679880678654,0.986172318459
0.460955500603,0.723334848881,1.0,0.182545349002,0.676408171654,0.986281692982
0.468576312065,0.702619433403,1.0,0.187040627003,0.664049327374,0.986368894577
0.47786039114,0.670760631561,1.0,0.191892266273,0.647881388664,0.987812161446
0.480366528034,0.659957587719,1.0,0.192918330431,0.644310891628,0.98817896843
0.484471678734,0.638123333454,1.0,0.195801690221,0.630890071392,0.988759875298
0.486064404249,0.62710160017,1.0,0.196462586522,0.626879572868,0.988870859146
0.488312721252,0.604882776737,1.0,0.198539435863,0.612078428268,0.989310383797
0.488961368799,0.593712210655,1.0,0.198856651783,0.60804527998,0.989505827427
0.487353295088,0.537371516228,1.0,0.199673131108,0.575800657272,0.991918027401
0.486045390368,0.526056408882,1.0,0.199458479881,0.572172224522,0.992141485214
0.48243060708,0.503435373306,1.0,0.197974041104,0.558587729931,0.992371797562
0.480119913816,0.492132723331,1.0,0.197332397103,0.554735660553,0.992756485939
0.47449606657,0.469606637955,1.0,0.19450032711,0.540201187134,0.992988467216
0.471176922321,0.458372443914,1.0,0.193404853344,0.536107420921,0.993070304394
0.463536053896,0.436026751995,1.0,0.18931119144,0.521448910236,0.993806302547
0.459209620953,0.424907743931,1.0,0.187816545367,0.517307519913,0.993502140045
0.449563145638,0.402833729982,1.0,0.182085186243,0.502734303474,0.993766486645
0.44424316287,0.391879290342,1.0,0.180241942406,0.498633921146,0.993665218353
0.432616889477,0.370148807764,1.0,0.173273324966,0.4840503335,0.993084728718
0.426315367222,0.359379678965,1.0,0.171146839857,0.479941338301,0.993147671223
0.412755310535,0.338056534529,1.0,0.162856891751,0.46577128768,0.992425858974
0.405501067638,0.327503472567,1.0,0.160366952419,0.461834639311,0.992323875427
0.39006960392,0.306632816792,1.0,0.151351004839,0.448953598738,0.992026209831
0.381901532412,0.296318531036,1.0,0.148221150041,0.444806754589,0.99176967144
0.364675760269,0.27592626214,1.0,0.138051360846,0.431589633226,0.991520047188
0.355635613203,0.26585778594,1.0,0.134417131543,0.427593201399,0.991365253925
0.336712747812,0.245958611369,1.0,0.122495636344,0.414489507675,0.991062045097
0.326842308044,0.236128076911,1.0,0.118599690497,0.4105938375,0.990893483162
0.306361079216,0.216743975878,1.0,0.105200149119,0.397610872984,0.990531265736
0.295741707087,0.207166105509,1.0,0.101076997817,0.39358446002,0.990438044071
0.273804455996,0.188251018524,1.0,0.0869204327464,0.380664288998,0.989951252937
0.262498855591,0.178906813264,1.0,0.0826591700315,0.376853048801,0.990102469921
0.227352678776,0.151313126087,1.0,0.063132725656,0.359265327454,0.989912092686
0.20299321413,0.133258804679,1.0,0.047407541424,0.345676481724,0.991099059582
0.190562337637,0.124323710799,1.0,0.0424310676754,0.341752409935,0.991522848606
0.165244296193,0.106617346406,1.0,0.0261830091476,0.328214734793,0.993027031422
0.152377992868,0.0978387743235,1.0,0.0212959013879,0.324120104313,0.993132054806
0.12629468739,0.0804180800915,1.0,0.00461032614112,0.310352563858,0.993810176849
0.113094650209,0.0717643275857,1.0,-0.000353589624865,0.30615440011,0.994229733944
0.0864438861609,0.0545551553369,1.0,-0.0171318370849,0.292197078466,0.9949234128
0.073015846312,0.0459908172488,1.0,-0.0222259424627,0.287931621075,0.995402038097
0.045996081084,0.0289100781083,1.0,-0.0390302240849,0.273580044508,0.996369123459
0.0324377305806,0.0203910693526,1.0,-0.044194355607,0.269329845905,0.996491253376
0.00526553578675,0.00336298299953,1.0,-0.0604718178511,0.254324793816,0.997951388359
-0.00833079684526,-0.00515792798251,1.0,-0.0654295235872,0.249844074249,0.998253464699
-0.0354562401772,-0.0222180634737,1.0,-0.0813383460045,0.233935579658,0.999046564102
-0.0489737056196,-0.030771875754,1.0,-0.0861258134246,0.229150444269,0.999344348907
-0.0758533030748,-0.0479409992695,1.0,-0.101930879056,0.213142350316,1.00004446507
-0.0891992822289,-0.0565675310791,1.0,-0.106577783823,0.208304151893,1.00023531914
-0.11564103514,-0.0739167109132,1.0,-0.121707431972,0.192265361547,1.00071847439
-0.128721490502,-0.0826498493552,1.0,-0.126370444894,0.186959415674,1.00091481209
-0.154536664486,-0.100239828229,1.0,-0.141002297401,0.1695279181,1.00110304356
-0.167257070541,-0.109106294811,1.0,-0.145230039954,0.163938432932,1.00141119957
-0.192285984755,-0.127003580332,1.0,-0.158428549767,0.14592397213,1.0021109581
-0.204566597939,-0.136032760143,1.0,-0.162691742182,0.139964997768,1.00255429745
-0.228630363941,-0.154274508357,1.0,-0.173878014088,0.122529029846,1.00405848026
-0.240396380424,-0.163491338491,1.0,-0.177865102887,0.116067014635,1.00418484211
-0.263346761465,-0.182118788362,1.0,-0.189954504371,0.0959582328796,1.0040268898
-0.274519860744,-0.191536083817,1.0,-0.193507507443,0.0897773653269,1.00394487381
-0.296228289604,-0.210587665439,1.0,-0.204654321074,0.0686593204737,1.0031555891
-0.306744962931,-0.220220148563,1.0,-0.207565769553,0.0622461661696,1.00288844109
-0.327046453953,-0.239678680897,1.0,-0.217174828053,0.0401168018579,1.00222909451
-0.336845755577,-0.249531626701,1.0,-0.219757482409,0.0334945395589,1.00187659264
-0.355654507875,-0.269427508116,1.0,-0.228079095483,0.0107413744554,1.00104343891
-0.364678114653,-0.279496580362,1.0,-0.230323597789,0.00402686465532,1.00083053112
-0.390089213848,-0.310097366571,1.0,-0.239697307348,-0.0260719750077,0.998710095882
-0.405607908964,-0.330818712711,1.0,-0.245912849903,-0.0503097623587,0.998076081276
-0.412939161062,-0.34128600359,1.0,-0.247636154294,-0.0573648549616,0.997522592545
-0.426708430052,-0.362399607897,1.0,-0.252818793058,-0.0814784392715,0.996229946613
-0.433139652014,-0.373041212559,1.0,-0.254023790359,-0.0887262001634,0.99597877264
-0.445086658001,-0.39449313283,1.0,-0.258336424828,-0.113436296582,0.994518876076
-0.460660815239,-0.427019000053,1.0,-0.262274980545,-0.146898925304,0.993928849697
-0.46521884203,-0.437945246696,1.0,-0.262821108103,-0.154555231333,0.993938446045
-0.476958721876,-0.470913052559,1.0,-0.264697521925,-0.188027873635,0.992997288704
-0.483157992363,-0.493010610342,1.0,-0.264974802732,-0.21399101615,0.992272555828
-0.485774576664,-0.504123270512,1.0,-0.264883100986,-0.221790626645,0.992219626904
-0.489992976189,-0.52625644207,1.0,-0.26415976882,-0.247235268354,0.992194831371
-0.491612106562,-0.537357270718,1.0,-0.263842970133,-0.254621714354,0.99219673872
-0.493851006031,-0.559495508671,1.0,-0.262461423874,-0.280360370874,0.992255568504
-0.494474351406,-0.570552527905,1.0,-0.261817365885,-0.288000196218,0.992456972599
-0.494727522135,-0.592594504356,1.0,-0.259482055902,-0.313351988792,0.99267822504
-0.494358122349,-0.603577017784,1.0,-0.258464425802,-0.32118076086,0.992881298065
-0.492633372545,-0.625399053097,1.0,-0.254690051079,-0.346169412136,0.993392705917
-0.491278111935,-0.636252462864,1.0,-0.253465920687,-0.353528022766,0.99359947443
-0.485263586044,-0.668445169926,1.0,-0.247332200408,-0.384310275316,0.99473130703
-0.479647636414,-0.689550042152,1.0,-0.241688922048,-0.409175306559,0.995684981346
-0.476361185312,-0.699987113476,1.0,-0.239714697003,-0.417132586241,0.996054887772
-0.468853712082,-0.72056812048,1.0,-0.233306616545,-0.441583871841,0.996385753155
-0.464634090662,-0.730711936951,1.0,-0.231274425983,-0.449034422636,0.996360957623
-0.45528075099,-0.750667750835,1.0,-0.224692553282,-0.472121715546,0.996082723141
-0.45011895895,-0.76053160429,1.0,-0.222505256534,-0.479385793209,0.995897293091
-0.439020514488,-0.779674291611,1.0,-0.215068370104,-0.502132415771,0.995045542717
-0.432960897684,-0.789162933826,1.0,-0.212603151798,-0.509174644947,0.994989216328
-0.420167088509,-0.807438075542,1.0,-0.203922569752,-0.530789554119,0.994837403297
-0.413276553154,-0.816451013088,1.0,-0.201025158167,-0.53715544939,0.994659900665
-0.398835271597,-0.833797812462,1.0,-0.193747729063,-0.55203306675,0.99484372139
-0.391122221947,-0.842324495316,1.0,-0.18974801898,-0.560974597931,0.994852721691
-0.375149995089,-0.858601987362,1.0,-0.178724899888,-0.582391142845,0.99551987648
-0.366668522358,-0.866578519344,1.0,-0.175029069185,-0.588942825794,0.995872199535
-0.349246889353,-0.881706476212,1.0,-0.163860574365,-0.608136117458,0.996076285839
-0.340139746666,-0.889010369778,1.0,-0.160131275654,-0.614268064499,0.996254682541
-0.321270853281,-0.90297627449,1.0,-0.148673325777,-0.632671713829,0.996123790741
-0.311513513327,-0.909635007381,1.0,-0.144922062755,-0.638399004936,0.996216773987
-0.281017124653,-0.928264439106,1.0,-0.128758534789,-0.660961270332,0.99701654911
-0.259725064039,-0.939521729946,1.0,-0.115709535778,-0.677215278149,0.997590005398
-0.237721920013,-0.949814498425,1.0,-0.107080332935,-0.687284767628,0.99805444479
-0.226466923952,-0.954591751099,1.0,-0.0980676040053,-0.697119057178,0.998452246189
-0.20348970592,-0.963389873505,1.0,-0.0892199203372,-0.706170499325,0.998742520809
-0.191775798798,-0.967406928539,1.0,-0.0802151784301,-0.714845478535,0.999364495277
-0.155823931098,-0.977896988392,1.0,-0.0615194104612,-0.730870306492,0.999735832214
-0.13123601675,-0.983572244644,1.0,-0.0516453608871,-0.738068342209,1.00013959408
-0.118790753186,-0.986006438732,1.0,-0.0432017184794,-0.743940234184,1.00040638447
-0.0935894027352,-0.990070402622,1.0,-0.0323061272502,-0.750461161137,1.00104939938
-0.080862082541,-0.991695582867,1.0,-0.0233766827732,-0.755493402481,1.00138902664
-0.0551709905267,-0.99413138628,1.0,-0.0123304091394,-0.761757254601,1.00105035305
-0.0422320254147,-0.99494022131,1.0,-0.00239120353945,-0.767280757427,1.00101435184
-0.0161853507161,-0.995740354061,1.0,0.00831854902208,-0.772498726845,1.00060987473
-0.003108284669,-0.995731770992,1.0,0.0181395765394,-0.776812255383,1.00051045418
0.0231487695128,-0.994899809361,1.0,0.0288586448878,-0.780564308167,1.00055360794
0.0363126173615,-0.994077265263,1.0,0.0389944016933,-0.783414661884,1.00081145763
0.0626337975264,-0.991626560688,1.0,0.0498336777091,-0.785751521587,1.00103712082
0.075789436698,-0.989999830723,1.0,0.059787042439,-0.788191795349,1.00062930584
0.102027364075,-0.985953688622,1.0,0.0703356787562,-0.790127158165,1.00072407722
0.115107193589,-0.983535408974,1.0,0.0803816318512,-0.791760265827,1.00064527988
0.141103297472,-0.977926135063,1.0,0.0909048989415,-0.79262393713,1.00077831745
0.154016405344,-0.974736571312,1.0,0.10087184608,-0.793224811554,1.00082707405
0.179611384869,-0.967603802681,1.0,0.111084990203,-0.79314404726,1.0009740591
0.192274391651,-0.963666200638,1.0,0.120809338987,-0.793231129646,1.00154054165
0.217298433185,-0.955058097839,1.0,0.13093264401,-0.792364954948,1.00204789639
0.229630365968,-0.950397074223,1.0,0.140114083886,-0.791656970978,1.00244796276
0.253904312849,-0.940370023251,1.0,0.14981983602,-0.789935231209,1.00333559513
0.265817165375,-0.935014545918,1.0,0.158842265606,-0.787923455238,1.00404334068
0.289168417454,-0.923627078533,1.0,0.168218940496,-0.785323679447,1.00404405594
0.300581336021,-0.917603373528,1.0,0.176899671555,-0.783026456833,1.00423955917
0.322811067104,-0.904926717281,1.0,0.185889258981,-0.780227065086,1.00455403328
0.333616614342,-0.898276507854,1.0,0.194261491299,-0.777680158615,1.00449502468
0.364680230618,-0.877119660378,1.0,0.209922045469,-0.771209716797,1.00488936901
0.384168148041,-0.862042844296,1.0,0.217366158962,-0.766835570335,1.00465869904
0.393508374691,-0.854230701923,1.0,0.224026069045,-0.762171208858,1.00511527061
0.411342322826,-0.838073194027,1.0,0.230764731765,-0.756601154804,1.0051535368
0.419830650091,-0.829722940922,1.0,0.236726328731,-0.751577079296,1.00501799583
0.435859501362,-0.812544941902,1.0,0.242629796267,-0.746036887169,1.00550329685
0.443401545286,-0.803705692291,1.0,0.247869133949,-0.740941047668,1.00522398949
0.457472920418,-0.785578489304,1.0,0.253014445305,-0.735209643841,1.00514400005
0.463997602463,-0.776284992695,1.0,0.257423788309,-0.729516863823,1.00540924072
0.476223379374,-0.756849706173,1.0,0.261322259903,-0.723656833172,1.00497567654
0.481406450272,-0.747584283352,1.0,0.264835596085,-0.717879652977,1.00497019291
0.491357535124,-0.727339684963,1.0,0.26794564724,-0.711691319942,1.00450408459
0.503019213676,-0.696757256985,1.0,0.272236347198,-0.69965749979,1.00337982178
0.505981206894,-0.686820030212,1.0,0.273568928242,-0.693422973156,1.00298047066
0.511086583138,-0.665224313736,1.0,0.27428868413,-0.686675548553,1.0025177002
0.512884318829,-0.655013918877,1.0,0.274457126856,-0.680022358894,1.00215196609
0.515471935272,-0.632879674435,1.0,0.273949384689,-0.672855496407,1.00139212608
0.516087055206,-0.622435986996,1.0,0.273048520088,-0.665866017342,1.00047326088
0.516132295132,-0.599868059158,1.0,0.271550387144,-0.658385157585,0.999867200851
0.515560150146,-0.589241027832,1.0,0.269559323788,-0.651496291161,0.999027907848
0.511322438717,-0.555563807487,1.0,0.264183700085,-0.63650393486,0.998650610447
0.5063393116,-0.532411038876,1.0,0.260723382235,-0.62885415554,0.998317599297
0.503441572189,-0.521561682224,1.0,0.256794035435,-0.621882855892,0.998518824577
0.496039927006,-0.49827799201,1.0,0.252205520868,-0.614233791828,0.99848562479
0.492036402225,-0.4873932302,1.0,0.247543931007,-0.606889843941,0.997756361961
0.482327133417,-0.464089810848,1.0,0.241932973266,-0.599299132824,0.99776828289
0.477277815342,-0.453222453594,1.0,0.236202165484,-0.592152357101,0.997376680374
0.465404629707,-0.430009871721,1.0,0.229638695717,-0.584078550339,0.996685445309
0.459388226271,-0.41921877861,1.0,0.22298720479,-0.576345741749,0.996472358704
0.445535629988,-0.396223276854,1.0,0.21576961875,-0.567552924156,0.996139585972
0.43864518404,-0.385564297438,1.0,0.208896711469,-0.560161948204,0.996754229069
0.423019766808,-0.362896323204,1.0,0.201354280114,-0.551670372486,0.996927678585
0.415359348059,-0.352422654629,1.0,0.19414190948,-0.543816447258,0.997551977634
0.398212075233,-0.33021864295,1.0,0.186320975423,-0.535341084003,0.998119413853
0.389898210764,-0.319984585047,1.0,0.179635003209,-0.528725504875,0.998511433601
0.371495366096,-0.298365831375,1.0,0.170646876097,-0.520190358162,0.998730838299
0.362662136555,-0.28843408823,1.0,0.163713917136,-0.512980699539,0.99860984087
0.343294113874,-0.267525225878,1.0,0.154540836811,-0.50407576561,0.998946905136
0.334080934525,-0.257953435183,1.0,0.147437408566,-0.497681945562,0.999113738537
0.314060807228,-0.237883359194,1.0,0.137995928526,-0.489382833242,0.999235093594
0.304605036974,-0.228719562292,1.0,0.130057483912,-0.482773333788,0.999967753887
0.284235268831,-0.209592685103,1.0,0.120871566236,-0.474648714066,1.00014817715
0.274695545435,-0.200900524855,1.0,0.113303609192,-0.467852443457,1.00026786327
0.254295140505,-0.182828187943,1.0,0.104912258685,-0.460023224354,0.999941527843
0.224692061543,-0.157730847597,1.0,0.0903290361166,-0.446212559938,1.00055456161
0.215411052108,-0.150112569332,1.0,0.0841147899628,-0.439909785986,1.00062811375
0.195863306522,-0.134426280856,1.0,0.0776636675,-0.433250963688,1.00080502033
0.186916187406,-0.127401530743,1.0,0.0722684189677,-0.427380979061,1.00100243092
0.16821745038,-0.113017730415,1.0,0.0666220039129,-0.421355217695,1.00108754635
0.159726530313,-0.106614068151,1.0,0.0621774755418,-0.416274130344,1.00121366978
0.13420009613,-0.0878211185336,1.0,0.0535894781351,-0.405989140272,1.00101733208
0.117903247476,-0.0761697590351,1.0,0.0498106665909,-0.401033550501,1.00094151497
0.110636480153,-0.0710590407252,1.0,0.0469283610582,-0.396744281054,1.00076305866
0.0958188846707,-0.0607970878482,1.0,0.044204749167,-0.392236113548,1.0005376339
0.089276522398,-0.0563337802887,1.0,0.0422644801438,-0.388185739517,1.00040519238
0.07607203722,-0.0474515557289,1.0,0.0406107120216,-0.383914798498,1.00007021427
0.0703027397394,-0.0436239354312,1.0,0.0395571403205,-0.380160272121,0.999588191509
0.0587863437831,-0.0360816307366,1.0,0.0390789210796,-0.376189678907,0.999491870403
0.0538158044219,-0.0328674316406,1.0,0.0391085706651,-0.372877001762,0.999051272869
0.0440159961581,-0.0266053769737,1.0,0.0397553369403,-0.369258582592,0.998392403126
0.0398477762938,-0.0239730048925,1.0,0.0408646464348,-0.366087257862,0.998386085033
0.0317526087165,-0.018916292116,1.0,0.0427099987864,-0.36247074604,0.997610330582
0.0283582508564,-0.0168188828975,1.0,0.0445165969431,-0.359915107489,0.997000336647
0.0218895226717,-0.0128620667383,1.0,0.0471431016922,-0.356790423393,0.996367633343
0.0192281063646,-0.011250433512,1.0,0.0493716485798,-0.35447832942,0.995707333088
0.014264985919,-0.00827301945537,1.0,0.0527841150761,-0.351422548294,0.995214819908
0.0122717982158,-0.00708850286901,1.0,0.0555045679212,-0.349122285843,0.994922995567
0.0086522763595,-0.00495590036735,1.0,0.0594076961279,-0.34598454833,0.994422018528
0.00724446587265,-0.00413370411843,1.0,0.062510304153,-0.343489736319,0.994008183479
0.00481765624136,-0.00272754859179,1.0,0.0667745321989,-0.340171605349,0.993291318417
0.00385045702569,-0.0021717089694,1.0,0.0702608600259,-0.337671488523,0.99326056242
0.00233185687102,-0.00130542588886,1.0,0.0754468888044,-0.333902746439,0.993044793606
0.00176347838715,-0.000983665464446,1.0,0.0787636712193,-0.331164479256,0.993286430836
0.000927965331357,-0.000513952982146,1.0,0.0838383734226,-0.326498657465,0.993126571178
0.000642330676783,-0.000354512856575,1.0,0.0867991223931,-0.323894649744,0.993240237236
0.00026694367989,-0.000146400547237,1.0,0.0911933705211,-0.319269955158,0.993627667427
4.03048543376e-05,-2.19205539906e-05,1.0,0.0980147123337,-0.311953693628,0.993655204773
1.62850919878e-05,-8.8120732471e-06,1.0,0.100342944264,-0.308660298586,0.993562757969
1.25988401578e-06,-7.49311823256e-07,1.0,0.103325493634,-0.303690165281,0.993161380291
5.68830671455e-07,-4.03442470542e-07,1.0,0.105176024139,-0.299712151289,0.993827283382
6.50204469821e-07,-4.60989951989e-07,1.0,0.107236742973,-0.293743401766,0.994664907455
6.50204469821e-07,-4.60989951989e-07,1.0,0.108432397246,-0.289955496788,0.994542777538
6.50204469821e-07,-4.60989951989e-07,1.0,0.109669707716,-0.284387499094,0.994858562946
6.50204469821e-07,-4.60989951989e-07,1.0,0.110396489501,-0.280407816172,0.994276762009
6.50204469821e-07,-4.60989951989e-07,1.0,0.111037924886,-0.274763077497,0.994936466217
6.50204469821e-07,-4.60989951989e-07,1.0,0.111330829561,-0.270177990198,0.994401276112
6.50204469821e-07,-4.60989951989e-07,1.0,0.111557163298,-0.26372385025,0.994220614433
6.50204469821e-07,-4.60989951989e-07,1.0,0.111502036452,-0.259056866169,0.993873775005
6.50204469821e-07,-4.60989951989e-07,1.0,0.111467406154,-0.252029806376,0.993230998516
6.50204469821e-07,-4.60989951989e-07,1.0,0.110974729061,-0.248249948025,0.992962181568
6.50204469821e-07,-4.60989951989e-07,1.0,0.110349431634,-0.242192834616,0.992155313492
6.50204469821e-07,-4.60989951989e-07,1.0,0.109820507467,-0.237429857254,0.992245316505
6.50204469821e-07,-4.60989951989e-07,1.0,0.108773805201,-0.230685815215,0.991890370846
6.50204469821e-07,-4.60989951989e-07,1.0,0.10796764493,-0.226405292749,0.991996347904
6.50204469821e-07,-4.60989951989e-07,1.0,0.106517411768,-0.219534605742,0.991896033287
6.50204469821e-07,-4.60989951989e-07,1.0,0.105238705873,-0.214773386717,0.991504192352
6.50204469821e-07,-4.60989951989e-07,1.0,0.103259772062,-0.207391008735,0.991850018501
6.50204469821e-07,-4.60989951989e-07,1.0,0.101996533573,-0.203660011292,0.991237580776
6.50204469821e-07,-4.60989951989e-07,1.0,0.0996317863464,-0.196438133717,0.990908145905
6.50204469821e-07,-4.60989951989e-07,1.0,0.0984177365899,-0.192791730165,0.991023421288
6.50204469821e-07,-4.60989951989e-07,1.0,0.0962292775512,-0.185936167836,0.991370499134
6.50204469821e-07,-4.60989951989e-07,1.0,0.0943039730191,-0.182200089097,0.991089701653
6.50204469821e-07,-4.60989951989e-07,1.0,0.091585278511,-0.176371157169,0.991472303867
6.50204469821e-07,-4.60989951989e-07,1.0,0.0898570269346,-0.172252506018,0.99037361145
6.50204469821e-07,-4.60989951989e-07,1.0,0.0870869159698,-0.166709810495,0.989769101143
6.50204469821e-07,-4.60989951989e-07,1.0,0.0853809565306,-0.162700802088,0.989638149738
6.50204469821e-07,-4.60989951989e-07,1.0,0.0828532651067,-0.157231479883,0.98886680603
6.50204469821e-07,-4.60989951989e-07,1.0,0.0810141935945,-0.153123527765,0.989075422287
6.50204469821e-07,-4.60989951989e-07,1.0,0.0784317478538,-0.147345036268,0.988971710205
6.50204469821e-07,-4.60989951989e-07,1.0,0.0764530748129,-0.143636569381,0.988372683525
6.50204469821e-07,-4.60989951989e-07,1.0,0.0736629292369,-0.137701004744,0.987973093987
6.50204469821e-07,-4.60989951989e-07,1.0,0.0719249024987,-0.134568586946,0.987939238548
6.50204469821e-07,-4.60989951989e-07,1.0,0.069242797792,-0.129150673747,0.987571418285
6.50204469821e-07,-4.60989951989e-07,1.0,0.0675856024027,-0.126591190696,0.988587617874
6.50204469821e-07,-4.60989951989e-07,1.0,0.0651001706719,-0.121733471751,0.989468216896
6.50204469821e-07,-4.60989951989e-07,1.0,0.0633886530995,-0.119079053402,0.989299952984
6.50204469821e-07,-4.60989951989e-07,1.0,0.0609060265124,-0.114845767617,0.989522755146
6.50204469821e-07,-4.60989951989e-07,1.0,0.0575021132827,-0.109558038414,0.989167153835
6.50204469821e-07,-4.60989951989e-07,1.0,0.0567447654903,-0.108449526131,0.989580750465
6.50204469821e-07,-4.60989951989e-07,1.0,0.0537817142904,-0.103522740304,0.990395486355
6.50204469821e-07,-4.60989951989e-07,1.0,0.0531550422311,-0.10207708925,0.990463495255
6.50204469821e-07,-4.60989951989e-07,1.0,0.0502557568252,-0.0977181941271,0.990622639656
6.50204469821e-07,-4.60989951989e-07,1.0,0.0493402518332,-0.0966341421008,0.990397870541
6.50204469821e-07,-4.60989951989e-07,1.0,0.0456327982247,-0.09088113904,0.990100383759
6.50204469821e-07,-4.60989951989e-07,1.0,0.0430419184268,-0.085792824626,0.990769803524
6.50204469821e-07,-4.60989951989e-07,1.0,0.0424638912082,-0.0845940038562,0.990839600563
6.50204469821e-07,-4.60989951989e-07,1.0,0.0402879938483,-0.081076413393,0.991059064865
6.50204469821e-07,-4.60989951989e-07,1.0,0.0395499095321,-0.0802815109491,0.990788340569
6.50204469821e-07,-4.60989951989e-07,1.0,0.0368581712246,-0.0778569504619,0.989047825336
6.50204469821e-07,-4.60989951989e-07,1.0,0.036118324846,-0.0770606920123,0.988764464855
6.50204469821e-07,-4.60989951989e-07,1.0,0.0339473299682,-0.0742776691914,0.988363981247
6.50204469821e-07,-4.60989951989e-07,1.0,0.0332016684115,-0.0730746388435,0.988042771816
6.50204469821e-07,-4.60989951989e-07,1.0,0.0313689187169,-0.0697510391474,0.988111495972
6.50204469821e-07,-4.60989951989e-07,1.0,0.030853850767,-0.0687343552709,0.987815797329
6.50204469821e-07,-4.60989951989e-07,1.0,0.0293046105653,-0.0650286898017,0.987177968025
6.50204469821e-07,-4.60989951989e-07,1.0,0.0289231780916,-0.0641159936786,0.987290918827
6.50204469821e-07,-4.60989951989e-07,1.0,0.0270590838045,-0.0615967176855,0.986523091793
6.50204469821e-07,-4.60989951989e-07,1.0,0.0266113411635,-0.0609046891332,0.986588299274
6.50204469821e-07,-4.60989951989e-07,1.0,0.0251584071666,-0.0584809072316,0.987245261669
6.50204469821e-07,-4.60989951989e-07,1.0,0.0248801317066,-0.0579626634717,0.987183868885
6.50204469821e-07,-4.60989951989e-07,1.0,0.0239577647299,-0.0557710640132,0.988604426384
6.50204469821e-07,-4.60989951989e-07,1.0,0.0238198582083,-0.0550586916506,0.989020347595
6.50204469821e-07,-4.60989951989e-07,1.0,0.0230333413929,-0.0529889538884,0.989118754864
6.50204469821e-07,-4.60989951989e-07,1.0,0.0227843523026,-0.0523758679628,0.989104270935
6.50204469821e-07,-4.60989951989e-07,1.0,0.0219119880348,-0.0502308905125,0.989785134792
6.50204469821e-07,-4.60989951989e-07,1.0,0.0219119880348,-0.0502308905125,0.989785134792
6.50204469821e-07,-4.60989951989e-07,1.0,0.0219119880348,-0.0502308905125,0.989785134792
6.50204469821e-07,-4.60989951989e-07,1.0,0.0217570476234,-0.049749430269,0.989597916603
6.50204469821e-07,-4.60989951989e-07,1.0,0.0217570476234,-0.049749430269,0.989597916603
6.50204469821e-07,-4.60989951989e-07,1.0,0.0209088809788,-0.0479647442698,0.990034580231
6.50204469821e-07,-4.60989951989e-07,1.0,0.0207825377584,-0.0475943051279,0.990278244019
6.50204469821e-07,-4.60989951989e-07,1.0,0.0200112406164,-0.0462524183095,0.989753365517
6.50204469821e-07,-4.60989951989e-07,1.0,0.0196065716445,-0.0457907356322,0.989661693573
6.50204469821e-07,-4.60989951989e-07,1.0,0.0187765285373,-0.0447233431041,0.989828824997
6.50204469821e-07,-4.60989951989e-07,1.0,0.0186367537826,-0.044353608042,0.989602148533
6.50204469821e-07,-4.60989951989e-07,1.0,0.0182133354247,-0.0430464893579,0.99007165432
6.50204469821e-07,-4.60989951989e-07,1.0,0.0180687196553,-0.0426819510758,0.989995658398
6.50204469821e-07,-4.60989951989e-07,1.0,0.0173663217574,-0.0411664322019,0.989883959293
6.50204469821e-07,-4.60989951989e-07,1.0,0.0173563640565,-0.0404642298818,0.990084409714
6.50204469821e-07,-4.60989951989e-07,1.0,0.016619073227,-0.0388562269509,0.989407479763
6.50204469821e-07,-4.60989951989e-07,1.0,0.0164806824178,-0.0385601967573,0.989443600178
6.50204469821e-07,-4.60989951989e-07,1.0,0.0161390043795,-0.0372963696718,0.990276873112
6.50204469821e-07,-4.60989951989e-07,1.0,0.016159279272,-0.036878388375,0.990374088287
6.50204469821e-07,-4.60989951989e-07,1.0,0.0161901153624,-0.0357348434627,0.991215109825
6.50204469821e-07,-4.60989951989e-07,1.0,0.0162322334945,-0.0354636348784,0.991311430931
6.50204469821e-07,-4.60989951989e-07,1.0,0.0161339472979,-0.0348082259297,0.990895628929
6.50204469821e-07,-4.60989951989e-07,1.0,0.0160652231425,-0.0346958599985,0.990984559059
6.50204469821e-07,-4.60989951989e-07,1.0,0.0157000403851,-0.0342100635171,0.991152763367
6.50204469821e-07,-4.60989951989e-07,1.0,0.0157131496817,-0.0340373031795,0.991297185421
6.50204469821e-07,-4.60989951989e-07,1.0,0.0159533210099,-0.0332907103002,0.991767585278
6.50204469821e-07,-4.60989951989e-07,1.0,0.0160868130624,-0.0332576185465,0.991811513901
6.50204469821e-07,-4.60989951989e-07,1.0,0.0163673404604,-0.0321461483836,0.991721987724
6.50204469821e-07,-4.60989951989e-07,1.0,0.0164102651179,-0.0317563675344,0.99172514677
6.50204469821e-07,-4.60989951989e-07,1.0,0.0163326691836,-0.0312521792948,0.991300106049
6.50204469821e-07,-4.60989951989e-07,1.0,0.0162152145058,-0.0312208794057,0.991469562054
6.50204469821e-07,-4.60989951989e-07,1.0,0.0165822654963,-0.0308173391968,0.993011832237
6.50204469821e-07,-4.60989951989e-07,1.0,0.0168065465987,-0.0307742003351,0.993651986122
6.50204469821e-07,-4.60989951989e-07,1.0,0.0172340609133,-0.0301831252873,0.994871675968
6.50204469821e-07,-4.60989951989e-07,1.0,0.0172592326999,-0.0299428552389,0.995063483715
6.50204469821e-07,-4.60989951989e-07,1.0,0.0176260024309,-0.0291513670236,0.994976758957
6.50204469821e-07,-4.60989951989e-07,1.0,0.0176721867174,-0.0290005449206,0.994815409184
6.50204469821e-07,-4.60989951989e-07,1.0,0.0175341162831,-0.0290383063257,0.994626939297
6.50204469821e-07,-4.60989951989e-07,1.0,0.0175683163106,-0.0290767922997,0.994531273842
6.50204469821e-07,-4.60989951989e-07,1.0,0.0177174340934,-0.028793586418,0.994553029537
6.50204469821e-07,-4.60989951989e-07,1.0,0.0177699495107,-0.0289343576878,0.994339048862
6.50204469821e-07,-4.60989951989e-07,1.0,0.0177298635244,-0.0291706826538,0.993734359741
6.50204469821e-07,-4.60989951989e-07,1.0,0.0177223552018,-0.0290613472462,0.993676066399
6.50204469821e-07,-4.60989951989e-07,1.0,0.0176783073694,-0.0286094546318,0.99314725399
6.50204469821e-07,-4.60989951989e-07,1.0,0.0175774432719,-0.0283378381282,0.992650508881
6.50204469821e-07,-4.60989951989e-07,1.0,0.0174731425941,-0.0277437213808,0.991768121719
6.50204469821e-07,-4.60989951989e-07,1.0,0.0174081847072,-0.0276780668646,0.991293251514
6.50204469821e-07,-4.60989951989e-07,1.0,0.0173628441989,-0.0273122638464,0.990325987339
6.50204469821e-07,-4.60989951989e-07,1.0,0.017353720963,-0.0273421555758,0.99012863636
6.50204469821e-07,-4.60989951989e-07,1.0,0.0174496117979,-0.0268331952393,0.988982737064
6.50204469821e-07,-4.60989951989e-07,1.0,0.0176283977926,-0.0267456490546,0.988782048225
6.50204469821e-07,-4.60989951989e-07,1.0,0.0178814921528,-0.0265013109893,0.988245904446
6.50204469821e-07,-4.60989951989e-07,1.0,0.0178394895047,-0.0263855084777,0.988021910191
6.50204469821e-07,-4.60989951989e-07,1.0,0.0178875215352,-0.0253166109324,0.987307488918
6.50204469821e-07,-4.60989951989e-07,1.0,0.0179579947144,-0.0244299732149,0.987021148205
6.50204469821e-07,-4.60989951989e-07,1.0,0.0179224982858,-0.0242386311293,0.986988604069
6.50204469821e-07,-4.60989951989e-07,1.0,0.0178661029786,-0.0236971843988,0.98686259985
6.50204469821e-07,-4.60989951989e-07,1.0,0.0179292466491,-0.0236652288586,0.987107932568
6.50204469821e-07,-4.60989951989e-07,1.0,0.0178575366735,-0.0233832094818,0.987818777561
6.50204469821e-07,-4.60989951989e-07,1.0,0.0180577524006,-0.0224021412432,0.989785611629
6.50204469821e-07,-4.60989951989e-07,1.0,0.0180837009102,-0.0221805069596,0.989933550358
6.50204469821e-07,-4.60989951989e-07,1.0,0.0181475225836,-0.021405948326,0.990778565407
6.50204469821e-07,-4.60989951989e-07,1.0,0.0180180538446,-0.0210086423904,0.990926146507
6.50204469821e-07,-4.60989951989e-07,1.0,0.0180556997657,-0.0200773663819,0.991743505001
6.50204469821e-07,-4.60989951989e-07,1.0,0.0180200450122,-0.0196426715702,0.991818070412
6.50204469821e-07,-4.60989951989e-07,1.0,0.0178313590586,-0.0190816204995,0.992384493351
6.50204469821e-07,-4.60989951989e-07,1.0,0.0178026109934,-0.0189580712467,0.99254488945
6.50204469821e-07,-4.60989951989e-07,0.999929249287,0.0179488435388,-0.0160118546337,0.994805514812
6.50204469821e-07,-4.60989951989e-07,0.999830424786,0.0181600693613,-0.015085965395,0.995382189751
6.50204469821e-07,-4.60989951989e-07,0.99975425005,0.0182385258377,-0.0147259924561,0.995400309563
6.50204469821e-07,-4.60989951989e-07,0.999530613422,0.0186100620776,-0.013342355378,0.995658814907
6.50204469821e-07,-4.60989951989e-07,0.999375641346,0.0186191629618,-0.0130909606814,0.99549895525
6.50204469821e-07,-4.60989951989e-07,0.998958826065,0.0186281576753,-0.012515203096,0.994388639927
6.50204469821e-07,-4.60989951989e-07,0.998688459396,0.0185598302633,-0.0124228363857,0.994100153446
6.50204469821e-07,-4.60989951989e-07,0.998001635075,0.0183294359595,-0.0120361167938,0.992978394032
6.50204469821e-07,-4.60989951989e-07,0.997575938702,0.018252518028,-0.0119993695989,0.992652595043
6.50204469821e-07,-4.60989951989e-07,0.996536791325,0.0180476475507,-0.0111759100109,0.991627275944
6.50204469821e-07,-4.60989951989e-07,0.995913684368,0.0179720558226,-0.0105929169804,0.991084694862
6.50204469821e-07,-4.60989951989e-07,0.994437217712,0.0178202521056,-0.0095631564036,0.989571452141
6.50204469821e-07,-4.60989951989e-07,0.993574023247,0.0176768302917,-0.00921207107604,0.988823711872
6.50204469821e-07,-4.60989951989e-07,0.991575181484,0.0175750721246,-0.00863604340702,0.986796975136
6.50204469821e-07,-4.60989951989e-07,0.990429997444,0.0175545755774,-0.00840267818421,0.98610419035
6.50204469821e-07,-4.60989951989e-07,0.987824738026,0.0175168402493,-0.00735941156745,0.983277380466
6.50204469821e-07,-4.60989951989e-07,0.98306453228,0.0174266602844,-0.00648636789992,0.978516280651
6.50204469821e-07,-4.60989951989e-07,0.981233417988,0.0174196884036,-0.00636096438393,0.977680563927
6.50204469821e-07,-4.60989951989e-07,0.977181971073,0.0172836706042,-0.00555821275339,0.973643302917
6.50204469821e-07,-4.60989951989e-07,0.974953234196,0.017198253423,-0.00528929522261,0.972273290157
6.50204469821e-07,-4.60989951989e-07,0.970074057579,0.0171249881387,-0.0044287648052,0.968044936657
6.50204469821e-07,-4.60989951989e-07,0.961649775505,0.0168661400676,-0.00340851116925,0.961254239082
6.50204469821e-07,-4.60989951989e-07,0.958534896374,0.0167535860091,-0.00339170498773,0.95982581377
6.50204469821e-07,-4.60989951989e-07,0.951831400394,0.0164768211544,-0.00282504619099,0.953952074051
6.50204469821e-07,-4.60989951989e-07,0.948237001896,0.0164722502232,-0.00247500487603,0.951875329018
6.50204469821e-07,-4.60989951989e-07,0.940555870533,0.0163075104356,-0.000939200050198,0.943644523621
6.50204469821e-07,-4.60989951989e-07,0.936464428902,0.0162785984576,-0.000675722083542,0.940789282322
6.50204469821e-07,-4.60989951989e-07,0.927775919437,0.0160530712456,6.8800713052e-05,0.931722283363
6.50204469821e-07,-4.60989951989e-07,0.923169791698,0.0159702058882,0.000132226996357,0.928568303585
6.50204469821e-07,-4.60989951989e-07,0.913460552692,0.0158215034753,0.000378899916541,0.916961669922
6.50204469821e-07,-4.60989951989e-07,0.908337950706,0.0158785898238,0.000390093948226,0.913316726685
6.50204469821e-07,-4.60989951989e-07,0.897595584393,0.0159580595791,0.0010429227259,0.902018547058
6.50204469821e-07,-4.60989951989e-07,0.891957759857,0.0159790255129,0.00128319754731,0.897731363773
6.50204469821e-07,-4.60989951989e-07,0.880183935165,0.0160090196878,0.001890105661,0.885225772858
6.50204469821e-07,-4.60989951989e-07,0.874040842056,0.0159640833735,0.00205312832259,0.880600273609
6.50204469821e-07,-4.60989951989e-07,0.861250340939,0.0162866450846,0.00292927632108,0.867127537727
6.50204469821e-07,-4.60989951989e-07,0.854600667953,0.0164151526988,0.00331808603369,0.862356066704
6.50204469821e-07,-4.60989951989e-07,0.840821623802,0.0170608311892,0.00464474456385,0.847423374653
6.50204469821e-07,-4.60989951989e-07,0.833688616753,0.0171605758369,0.00476445211098,0.841960847378
6.50204469821e-07,-4.60989951989e-07,0.818955302238,0.0168587639928,0.00541054643691,0.825080633163
6.50204469821e-07,-4.60989951989e-07,0.811357438564,0.0168428495526,0.00551679870114,0.819057524204
6.50204469821e-07,-4.60989951989e-07,0.795719742775,0.0170113369823,0.00590008869767,0.801023423672
6.50204469821e-07,-4.60989951989e-07,0.787676930428,0.0170218963176,0.00607902323827,0.794658720493
6.50204469821e-07,-4.60989951989e-07,0.771198153496,0.0170966889709,0.00636138021946,0.775108516216
6.50204469821e-07,-4.60989951989e-07,0.762750506401,0.017050454393,0.00646303547546,0.768637478352
6.50204469821e-07,-4.60989951989e-07,0.745487689972,0.0173725150526,0.00662794150412,0.74844032526
6.50204469821e-07,-4.60989951989e-07,0.736622929573,0.0174515713006,0.00686872657388,0.741965830326
6.50204469821e-07,-4.60989980411e-07,0.718698322773,0.0176767744124,0.00799595750868,0.720930993557
6.50204469821e-07,-4.60989980411e-07,0.709487855434,0.0177076663822,0.00836788490415,0.71424895525
6.50204469821e-07,-4.60989980411e-07,0.690951347351,0.0179465766996,0.00935424957424,0.69367480278
6.50204469821e-07,-4.60989980411e-07,0.681415677071,0.0180523730814,0.00965548492968,0.687043368816
6.50204412977e-07,-4.60989980411e-07,0.662378489971,0.0181890800595,0.0102787259966,0.665993630886
6.50204412977e-07,-4.60989980411e-07,0.652599811554,0.0181437656283,0.0104738436639,0.659346282482
6.50204412977e-07,-4.60989980411e-07,0.633120238781,0.0183634031564,0.0118170734495,0.637772142887
6.50204412977e-07,-4.60989980411e-07,0.623239219189,0.018382050097,0.0122433183715,0.630820155144
6.50204412977e-07,-4.60989980411e-07,0.603328108788,0.0188408121467,0.0135384034365,0.609236419201
6.50204412977e-07,-4.60989980411e-07,0.593297839165,0.0189507622272,0.0139106810093,0.602169334888
6.50204412977e-07,-4.60989980411e-07,0.57315158844,0.0190053228289,0.0149142313749,0.580513715744
6.50204412977e-07,-4.60989980411e-07,0.563031971455,0.0190945602953,0.0150876315311,0.573637783527
6.50204412977e-07,-4.60989980411e-07,0.542744278908,0.0192918535322,0.0156860593706,0.551572203636
6.50204412977e-07,-4.60990008833e-07,0.522426843643,0.0195882301778,0.0160777959973,0.537247717381
6.50204412977e-07,-4.60990008833e-07,0.491996824741,0.0199773609638,0.0167725551873,0.508478701115
6.50204412977e-07,-4.60990008833e-07,0.481892764568,0.0200437810272,0.0169537737966,0.494396924973
6.50204412977e-07,-4.60990008833e-07,0.461763054132,0.0201566666365,0.0169684905559,0.48015588522
6.50204412977e-07,-4.60990008833e-07,0.451749026775,0.0203889682889,0.0169643722475,0.46616089344
