0.0,0.0,0.0,-0.00262937392108,0.0279244817793,0.0719903334975
0.0,0.0,0.0,-0.00264663016424,0.0279006902128,0.0722880288959
0.0,0.0,0.0,-0.00267540081404,0.0278595928103,0.072094373405
0.0,0.0,0.0,-0.0026799493935,0.0278503652662,0.0723162889481
0.0,0.0,0.0,-0.00268577807583,0.0278395172209,0.0720813348889
0.0,0.0,0.0,-0.00268351426348,0.0278410948813,0.0722931846976
0.0,0.0,0.0,-0.00268244696781,0.0278370566666,0.072081156075
0.0,0.0,0.0,-0.0026834376622,0.0278359148651,0.0723078474402
0.0,0.0,0.0,-0.00268363347277,0.0278317146003,0.0720873698592
0.0,0.0,0.0,-0.00268208351918,0.0278341863304,0.0724406689405
0.0,0.0,0.0,-0.00267960340716,0.0278388112783,0.0720766857266
0.0,0.0,0.0,-0.00267418427393,0.0278474707156,0.0724257007241
0.0,0.0,0.0,-0.00267179007642,0.0278536230326,0.0720551162958
0.0,0.0,0.0,-0.00266485684551,0.0278541781008,0.0724079683423
0.0,0.0,0.0,-0.00266038044356,0.0278580728918,0.0720427930355
0.0,0.0,0.0,-0.00266090384685,0.0278605408967,0.0724052861333
0.0,0.0,0.0,-0.00266121188179,0.0278560612351,0.0720676034689
0.0,0.0,0.0,-0.0026629709173,0.0278514958918,0.0724387466908
0.0,0.0,0.0,-0.00266622565687,0.0278544221073,0.0720719397068
0.0,0.0,0.0,-0.00267018098384,0.0278591345996,0.0724140033126
0.0,0.0,0.0,-0.00266743730754,0.0278626978397,0.0720409825444
0.0,0.0,0.0,-0.00266504939646,0.027859589085,0.0724033415318
0.0,0.0,0.0,-0.00266652437858,0.0278548598289,0.0720626488328
0.0,0.0,0.0,-0.00267114676535,0.0278475489467,0.0724465847015
0.0,0.0,0.0,-0.00267291604541,0.0278471559286,0.0720987841487
0.0,0.0,0.0,-0.00267512560822,0.0278480388224,0.0724608823657
0.0,0.0,0.0,-0.00267847231589,0.0278434604406,0.0720942243934
0.0,0.0,0.0,-0.0026742562186,0.0278372056782,0.0724353566766
0.0,0.0,0.0,-0.00267034070566,0.0278301145881,0.0720628872514
0.0,0.0,0.0,-0.00267250323668,0.027824902907,0.0724149495363
0.0,0.0,0.0,-0.00267414329574,0.0278237052262,0.0720689743757
0.0,0.0,0.0,-0.00267855566926,0.027824325487,0.0726514607668
0.0,0.0,0.0,-0.00268174870871,0.0278290119022,0.0722325444221
0.0,0.0,0.0,-0.00268053589389,0.02783289738,0.0726797953248
0.0,0.0,0.0,-0.00267882831395,0.0278322380036,0.0722295865417
0.0,0.0,0.0,-0.00267485599034,0.0278299096972,0.0726516544819
0.0,0.0,0.0,-0.00267386855558,0.027825942263,0.0722082406282
0.0,0.0,0.0,-0.0026750836987,0.0278231557459,0.072634652257
0.0,0.0,0.0,-0.00267641479149,0.0278225857764,0.0721985474229
0.0,0.0,0.0,-0.00267590442672,0.0278264321387,0.072648704052
0.0,0.0,0.0,-0.00267502339557,0.027833821252,0.0722316280007
0.0,0.0,0.0,-0.00267492723651,0.02784409374,0.0726892873645
0.0,0.0,0.0,-0.00266938493587,0.0278568137437,0.0726730823517
0.0,0.0,0.0,-0.00266664545052,0.0278562530875,0.0722224935889
0.0,0.0,0.0,-0.00266493111849,0.0278487149626,0.0726539194584
0.0,0.0,0.0,-0.00266548222862,0.0278356783092,0.0722274929285
0.0,0.0,0.0,-0.00267035374418,0.0278320014477,0.0726705864072
0.0,0.0,0.0,-0.00266957026906,0.0278357286006,0.0722447857261
0.0,0.0,0.0,-0.00266794068739,0.0278361402452,0.072691552341
0.0,0.0,0.0,-0.00266797537915,0.0278429351747,0.0722643733025
0.0,0.0,0.0,-0.00266959401779,0.027845736593,0.0726947188377
0.0,0.0,0.0,-0.00266517046839,0.0278470981866,0.0726652815938
0.0,0.0,0.0,-0.00267588580027,0.0278433635831,0.0726998895407
0.0,0.0,0.0,-0.00268046115525,0.0278465058655,0.0722683221102
0.0,0.0,0.0,-0.00267915916629,0.0278524719179,0.072697468102
0.0,0.0,0.0,-0.00267650024034,0.0278529394418,0.0722315013409
0.0,0.0,0.0,-0.00267221243121,0.0278493538499,0.0726442560554
0.0,0.0,0.0,-0.0026832036674,0.0278338640928,0.0719970315695
0.0,0.0,0.0,-0.00266631110571,0.0278372019529,0.0720428302884
0.0,0.0,0.0,-0.00268515618518,0.0278548747301,0.0720323473215
0.0,0.0,0.0,-0.0026228132192,0.0279567912221,0.0719930306077
0.0,0.0,0.0,-0.0026205019094,0.0279623493552,0.0720896571875
0.0,0.0,0.0,-0.00261419499293,0.027964675799,0.0720348134637
0.0,0.0,0.0,-0.00260978098959,0.0279662143439,0.0725603923202
0.0,0.0,0.0,-0.00260583683848,0.0279654115438,0.0728304311633
0.0,0.0,0.0,-0.00260411552154,0.0279582906514,0.0730213969946
0.0,0.0,0.0,-0.0026033250615,0.0279562603682,0.0705154463649
0.0,0.0,0.0,-0.00260417000391,0.0279545392841,0.0717129260302
0.0,0.0,0.0,-0.00260381842963,0.0279527418315,0.0687697604299
0.0,0.0,0.0,-0.00260707270354,0.0279514361173,0.069253012538
0.0,0.0,0.0,-0.00260571623221,0.0279595572501,0.0679857060313
0.0,0.0,0.0,-0.00260702241212,0.0279634166509,0.0688747018576
0.0,0.0,0.0,-0.00260716443881,0.0279647205025,0.0649880096316
0.0,0.0,0.0,-0.00261208764277,0.0279539618641,0.0695779845119
0.0,0.0,0.0,-0.00261858501472,0.0279532764107,0.0707937031984
0.0,0.0,0.0,-0.00262142741121,0.0279567819089,0.0711486786604
0.0,0.0,0.0,-0.00262138200924,0.0279592312872,0.0715061277151
0.0,0.0,0.0,-0.00263639166951,0.0279236957431,0.0718935951591
0.0,0.0,0.0,-0.00265130028129,0.0278815496713,0.0722887888551
0.0,0.0,0.0,-0.00266078463756,0.0278584249318,0.0694541931152
0.0,0.0,0.0,-0.00266571040265,0.0278423167765,0.070401340723
0.0,0.0,0.0,-0.0026704238262,0.0278396829963,0.0717168003321
0.0,0.0,0.0,-0.0026704238262,0.0278396829963,0.0717168003321
0.0,0.0,0.0,-0.00267689186148,0.0278267934918,0.0687739551067
0.0,0.0,0.0,-0.00268497620709,0.0278318542987,0.0709737986326
0.0,0.0,0.0,-0.00269198324531,0.0278241708875,0.0677939504385
0.0,0.0,0.0,-0.00269899028353,0.0278164874762,0.0636330991983
0.0,0.0,0.0,-0.00270599732175,0.027808804065,0.0584912486374
0.0,0.0,0.0,-0.00269061420113,0.0278287082911,0.0686128363013
0.0,0.0,0.0,-0.00267524924129,0.0278230682015,0.0709552913904
0.0,0.0,0.0,-0.00267009856179,0.0278243049979,0.0721986815333
0.0,0.0,0.0,-0.00266493181698,0.0278273168951,0.0725938081741
0.0,0.0,0.0,-0.00266168150119,0.0278264135122,0.0698038488626
0.0,0.0,0.0,-0.00266214949079,0.0278277304024,0.0706300809979
0.0,0.0,0.0,-0.00266621029004,0.0278306584805,0.0709634050727
0.0,0.0,0.0,-0.00267353537492,0.0278351362795,0.0710774809122
0.0,0.0,0.0,-0.00267688557506,0.0278373640031,0.0711062029004
0.0,0.0,0.0,-0.00267524342053,0.0278383288532,0.0713799744844
0.0,0.0,0.0,-0.00267060426995,0.0278342701495,0.0715160444379
0.0,0.0,0.0,-0.0026668831706,0.0278322733939,0.0718341693282
0.0,0.0,0.0,-0.0026630461216,0.0278296526521,0.072236597538
0.0,0.0,0.0,-0.00265883398242,0.0278273243457,0.0724293589592
-0.00265670381486,0.0278258565813,0.0727311298251,-0.00266176415607,0.0278294552118,0.0737437754869
-0.00265670381486,0.0278258565813,0.0727311447263,-0.00266260979697,0.0278301853687,0.072071775794
-0.00265670381486,0.0278258565813,0.0727313905954,-0.002668465022,0.0278328265995,0.0734633654356
-0.00265670381486,0.0278258565813,0.0727329179645,-0.002669171663,0.0278344955295,0.0727677941322
-0.00265670381486,0.0278258565813,0.0727355182171,-0.00267028366216,0.0278355758637,0.0707190111279
-0.00265670381486,0.0278258565813,0.0727542415261,-0.00266579375602,0.0278377588838,0.0730867385864
-0.00265670381486,0.0278258565813,0.0727721229196,-0.00266472622752,0.0278396122158,0.0706254839897
-0.00265670381486,0.0278258565813,0.0728005990386,-0.00267272861674,0.0278502851725,0.0732921734452
-0.00265670381486,0.0278258565813,0.0735341906548,-0.00253875460476,0.0279370769858,0.0719217658043
-0.00265670381486,0.0278258565813,0.0737568661571,-0.00254934304394,0.0279644820839,0.072257809341
-0.00265670381486,0.0278258565813,0.074337951839,-0.00268319784664,0.0282202083617,0.073330976069
-0.00265670381486,0.0278258565813,0.0747015178204,-0.00274916179478,0.0283804256469,0.0739922076464
-0.00265670381486,0.0278258565813,0.0756021887064,-0.00303735141642,0.0291661731899,0.0764881297946
-0.00265670381486,0.0278258565813,0.0761456638575,-0.00317792920396,0.0295148622245,0.0777836218476
-0.00265670381486,0.0278258565813,0.0782160907984,-0.00409017503262,0.031803611666,0.0841775238514
-0.00265670381486,0.0278258565813,0.0800099149346,-0.00512952497229,0.0338457226753,0.0903224572539
-0.00265670381486,0.0278258565813,0.0810347273946,-0.0055064978078,0.0346750319004,0.0927597805858
-0.00265670381486,0.0278258565813,0.0834045484662,-0.00682362169027,0.0376400314271,0.100355841219
-0.00265670381486,0.0278258565813,0.0847328677773,-0.0073224985972,0.0387948416173,0.103120237589
-0.00265670381486,0.0278258565813,0.0894251316786,-0.00930424965918,0.0440328158438,0.114066801965
-0.00265670381486,0.0278258565813,0.0931768491864,-0.0112196970731,0.0483917072415,0.122446104884
-0.00265670381486,0.0278258565813,0.0952286347747,-0.0119128730148,0.0500644370914,0.125610440969
-0.00265670381486,0.0278258565813,0.0997731983662,-0.0140434708446,0.0554285496473,0.134875491261
-0.00265670381486,0.0278258565813,0.10223993659,-0.0147471651435,0.0573139078915,0.137917771935
-0.00265670381486,0.0278258565813,0.107643291354,-0.0171736497432,0.0631206035614,0.146795257926
-0.00265670381486,0.0278258565813,0.110548056662,-0.0180139541626,0.0651145204902,0.149812787771
-0.00265670381486,0.0278258565813,0.116862781346,-0.020560272038,0.0714579001069,0.158549949527
-0.00265670381486,0.0278258565813,0.120231300592,-0.0214514136314,0.0735965520144,0.161571547389
-0.00265670381486,0.0278258565813,0.127497673035,-0.0243715215474,0.0800002589822,0.170099616051
-0.00265670381486,0.0278258565813,0.131351828575,-0.0253752656281,0.0821784436703,0.173013195395
-0.00265670381486,0.0278258565813,0.139592155814,-0.0284640360624,0.0886902734637,0.181819841266
-0.00265670381486,0.0278258565813,0.143956363201,-0.0295139569789,0.0908584147692,0.18482850492
-0.00265670381486,0.0278258565813,0.153200864792,-0.0326312929392,0.097351655364,0.193611651659
-0.00265670381486,0.0278258565813,0.158075496554,-0.0336587764323,0.0994838625193,0.196670994163
-0.00265670381486,0.0278258565813,0.168342739344,-0.0367665737867,0.105794519186,0.205703362823
-0.00265670381486,0.0278258565813,0.173723220825,-0.0377897694707,0.107836142182,0.208952188492
-0.00265670381486,0.0278258565813,0.185005053878,-0.0406209304929,0.113904498518,0.218725204468
-0.00265670381486,0.0278258565813,0.190901368856,-0.0416260771453,0.115817241371,0.222131729126
-0.00265670381486,0.0278258565813,0.203186124563,-0.0445744544268,0.121540762484,0.232381433249
-0.00265670381486,0.0278258565813,0.209571585059,-0.0455572232604,0.123346485198,0.235961467028
-0.00265670381486,0.0278258565813,0.222846031189,-0.0487765073776,0.128899142146,0.24764855206
-0.00265670381486,0.0278258565813,0.22971598804,-0.0496629998088,0.130513638258,0.251497685909
-0.00265670381486,0.0278258565813,0.243936985731,-0.0527648888528,0.135165467858,0.263811081648
-0.00265670381486,0.0278258547187,0.25127223134,-0.0538024678826,0.136364623904,0.267896533012
-0.00265670381486,0.0278258547187,0.266413420439,-0.0567372813821,0.140236571431,0.280918598175
-0.00265670381486,0.0278258547187,0.27420219779,-0.0576495788991,0.141162574291,0.285240918398
-0.00265670381486,0.0278258547187,0.290187507868,-0.060531809926,0.143871963024,0.299448311329
-0.00265670381486,0.0278258547187,0.298376709223,-0.0616043098271,0.144583866,0.304411828518
-0.00265670381486,0.0278258547187,0.307149678469,-0.0628734976053,0.145011469722,0.314129799604
-0.00265670381486,0.0278258547187,0.323742955923,-0.0654144510627,0.14666827023,0.324869513512
-0.00265670381486,0.0278258547187,0.332895964384,-0.0664864629507,0.146639019251,0.334134787321
-0.00265670381486,0.0278258547187,0.350160509348,-0.0688298344612,0.147422417998,0.345306158066
-0.00265670381486,0.0278258547187,0.368311792612,-0.0711548700929,0.147395282984,0.361317723989
-0.00265670358203,0.0278258547187,0.377529591322,-0.0719930902123,0.147162854671,0.367473632097
-0.00265670358203,0.0278258547187,0.396239221096,-0.0740831419826,0.146565392613,0.385219246149
-0.00265670358203,0.027825852856,0.405721068382,-0.0747720375657,0.146203607321,0.391778439283
-0.00265670358203,0.027825852856,0.415818601847,-0.07562392205,0.145393326879,0.403198450804
-0.00265670358203,0.027825852856,0.434574306011,-0.0772130265832,0.144710212946,0.416430979967
-0.00265670358203,0.027825852856,0.454113781452,-0.0786879882216,0.143325939775,0.435979813337
-0.00265670358203,0.027825852856,0.463965654373,-0.0791277587414,0.142808377743,0.442410767078
-0.00265670358203,0.027825852856,0.483782827854,-0.0803024470806,0.141094326973,0.463052302599
-0.00265670358203,0.027825852856,0.493728876114,-0.0806492641568,0.140388667583,0.469857156277
-0.00265670358203,0.0278258509934,0.51371306181,-0.0816446989775,0.138328686357,0.491109341383
-0.00265670358203,0.0278258509934,0.523731768131,-0.0819104909897,0.137643560767,0.49832496047
-0.00265670358203,0.0278258509934,0.533804297447,-0.0822455137968,0.136723905802,0.507366120815
-0.00265670358203,0.0278258509934,0.55377805233,-0.0828351154923,0.134305417538,0.529692053795
-0.00265670358203,0.0278258509934,0.563775777817,-0.083055794239,0.133384689689,0.537609994411
-0.0026567033492,0.0278258491307,0.58373260498,-0.0835679024458,0.130763351917,0.561717331409
-0.0026567033492,0.0278258491307,0.593680262566,-0.0837481319904,0.129904717207,0.569626688957
-0.0026567033492,0.0278258491307,0.613453626633,-0.0840428993106,0.127287656069,0.594143807888
-0.0026567033492,0.0278258491307,0.623291194439,-0.08413926512,0.126417562366,0.602048397064
-0.0026567033492,0.0278258472681,0.642763495445,-0.0840906128287,0.123901300132,0.626767158508
-0.0026567033492,0.0278258472681,0.652432322502,-0.0840691998601,0.123141050339,0.634793639183
-0.0026567033492,0.0278258472681,0.671526551247,-0.0838719308376,0.120721675456,0.659594237804
-0.00265670311637,0.0278258454055,0.68097782135,-0.0837138816714,0.120037667453,0.667675733566
-0.00265670311637,0.0278258454055,0.699583470821,-0.0832626149058,0.117932736874,0.692812025547
-0.00265670311637,0.0278258454055,0.708770692348,-0.0830616131425,0.117274545133,0.700744330883
-0.00265670311637,0.0278258435428,0.726804554462,-0.0822665467858,0.115586183965,0.726089060307
-0.00265670311637,0.0278258435428,0.735690534115,-0.0819559171796,0.115077957511,0.733886063099
-0.00265670288354,0.0278258416802,0.753075301647,-0.0810831263661,0.113434933126,0.758555948734
-0.00265670288354,0.0278258416802,0.761605679989,-0.080757252872,0.113022476435,0.766367375851
-0.00265670288354,0.0278258398175,0.778256475925,-0.0795001387596,0.111923232675,0.790763318539
-0.00265670288354,0.0278258398175,0.786407232285,-0.0790423303843,0.111683875322,0.798411548138
-0.00265670265071,0.0278258379549,0.802248775959,-0.0775114148855,0.110848322511,0.82250636816
-0.00265670265071,0.0278258379549,0.809980809689,-0.076797477901,0.110806919634,0.830356836319
-0.00265670265071,0.0278258360922,0.824957966805,-0.0752326771617,0.110247738659,0.852648675442
-0.00265670265071,0.0278258360922,0.832243740559,-0.0745342597365,0.110279224813,0.860438346863
-0.00265670241788,0.0278258323669,0.853166699409,-0.0715840160847,0.110165730119,0.889334261417
-0.00265670218505,0.0278258305043,0.866229116917,-0.0689437314868,0.109744206071,0.911344230175
-0.00265670218505,0.0278258305043,0.872594058514,-0.0680686980486,0.109667241573,0.918681979179
-0.00265670218505,0.0278258286417,0.884662210941,-0.065192617476,0.10955901444,0.939950108528
-0.00265670195222,0.027825826779,0.890531659126,-0.0640760436654,0.109497472644,0.947411894798
-0.00265670195222,0.0278258249164,0.901598393917,-0.0609242394567,0.109565965831,0.967711031437
-0.00265670195222,0.0278258249164,0.90694642067,-0.0597618073225,0.109554186463,0.974878966808
-0.00265670171939,0.0278258230537,0.917003035545,-0.0563356243074,0.109561413527,0.99507600069
-0.00265670171939,0.0278258211911,0.921840131283,-0.0550924055278,0.109558641911,1.00182008743
-0.00265670148656,0.0278258193284,0.930879056454,-0.0512829571962,0.109346397221,1.02171015739
-0.00265670148656,0.0278258174658,0.935206711292,-0.0499623045325,0.109449073672,1.02826297283
-0.00265670125373,0.0278258156031,0.943243384361,-0.0459615252912,0.10941580683,1.04685688019
-0.0026567010209,0.0278258137405,0.947068333626,-0.0445625297725,0.109385542572,1.05319082737
-0.0026567010209,0.0278258100152,0.954134404659,-0.0404992550611,0.109189361334,1.07104837894
-0.00265670078807,0.0278258100152,0.957469642162,-0.0390351638198,0.109084814787,1.07710075378
-0.00265670055524,0.0278258062899,0.963591575623,-0.0349204167724,0.108730472624,1.09387683868
-0.00265670055524,0.0278258044273,0.966463446617,-0.0335253104568,0.10854716599,1.09965145588
-0.0026567003224,0.027825800702,0.97168803215,-0.0294567774981,0.107905104756,1.11559581757
-0.00265670008957,0.027825800702,0.974115788937,-0.0280647035688,0.107744164765,1.12098062038
-0.00265669985674,0.0278257969767,0.978499174118,-0.0239736493677,0.10696336627,1.13637256622
-0.00265669985674,0.027825795114,0.980516433716,-0.0226170215756,0.106696270406,1.14138746262
-0.00265669962391,0.0278257913888,0.984117805958,-0.0188082493842,0.105632938445,1.1552503109
-0.00265669939108,0.0278257895261,0.985753893852,-0.0173926204443,0.105166479945,1.1603782177
-0.00265669915825,0.0278257858008,0.988644003868,-0.0137767288834,0.104010939598,1.17286765575
-0.00265669892542,0.0278257839382,0.989942610264,-0.0125659974292,0.103562258184,1.17721474171
-0.00265669869259,0.0278257783502,0.99219751358,-0.00907999183983,0.102263815701,1.18881213665
-0.00265669845976,0.0278257764876,0.993191480637,-0.00811487343162,0.101737812161,1.19250237942
-0.00265669822693,0.0278257727623,0.994889438152,-0.00468459166586,0.100339345634,1.20330286026
-0.0026566979941,0.027825769037,0.995625257492,-0.00349174067378,0.0998107939959,1.20692253113
-0.00265669776127,0.0278257653117,0.9968521595,-0.000364658888429,0.0981026142836,1.21560490131
-0.00265669752844,0.0278257615864,0.997370839119,0.000628260022495,0.0974955782294,1.21842610836
-0.00265669706278,0.0278257578611,0.998210728168,0.00353581132367,0.0953897535801,1.22586381435
-0.00265669682994,0.0278257541358,0.998549342155,0.00449244724587,0.0945950746536,1.22821033001
-0.00265669659711,0.0278257485479,0.999082565308,0.00736922351643,0.0924785658717,1.23445832729
-0.00265669636428,0.0278257466853,0.999292075634,0.00823726598173,0.0915464684367,1.23643124104
-0.00265669589862,0.0278257410973,0.99959975481,0.011083974503,0.088829100132,1.2413995266
-0.00265669566579,0.027825737372,0.999707877636,0.011858785525,0.0879278630018,1.24285984039
-0.00265669520013,0.0278257317841,0.999861657619,0.014124199748,0.084899187088,1.24687194824
-0.00265669473447,0.0278257243335,0.999942183495,0.0156427212059,0.0829944685102,1.24935042858
-0.00265669450164,0.0278257206082,0.999967038631,0.0171065479517,0.0814193710685,1.25052022934
-0.00265669380315,0.0278257150203,0.99999332428,0.0183748770505,0.0794769003987,1.25214123726
-0.00265669357032,0.027825711295,0.99999588728,0.0195752326399,0.077542707324,1.25259411335
-0.00265669310465,0.0278257038444,0.999997258186,0.0204327572137,0.0757168903947,1.25341725349
-0.00265669287182,0.0278257001191,0.999997377396,0.0213336963207,0.073743596673,1.25315976143
-0.00265669263899,0.0278256982565,0.999996304512,0.0219806227833,0.0718572959304,1.2530580759
-0.00265669263899,0.0278256982565,0.999996304512,0.0226372871548,0.0699727162719,1.25232326984
-0.00265669263899,0.0278256982565,0.999996304512,0.0230553559959,0.0680108815432,1.25173664093
-0.00265669263899,0.0278256982565,0.999996304512,0.0235227774829,0.0660633295774,1.24985897541
-0.00265669263899,0.0278256982565,0.999996304512,0.0237478334457,0.0640496313572,1.2488451004
-0.00265669263899,0.0278256982565,0.999996304512,0.0239980444312,0.0621600151062,1.24642980099
-0.00265669263899,0.0278256982565,0.999996304512,0.0240604393184,0.0598730221391,1.24443900585
-0.00265669263899,0.0278256982565,0.999996304512,0.0241230558604,0.0577798597515,1.2417318821
-0.00265669263899,0.0278256982565,0.999996304512,0.0239905770868,0.0558413378894,1.23902010918
-0.00265669263899,0.0278256982565,0.999996304512,0.023902354762,0.0541067495942,1.23519039154
-0.00265669263899,0.0278256982565,0.999996304512,0.0235568154603,0.0522377155721,1.23220968246
-0.00265669263899,0.0278256982565,0.999996304512,0.023208938539,0.0503842905164,1.22778856754
-0.00265669263899,0.0278256982565,0.999996304512,0.0226608943194,0.0488312132657,1.2240254879
-0.00265669263899,0.0278256982565,0.999996304512,0.0215342193842,0.0457853078842,1.21606826782
-0.00265669263899,0.0278256982565,0.999996304512,0.0208459682763,0.0443046577275,1.21144366264
-0.00265669263899,0.0278256982565,0.999996304512,0.0201053004712,0.0430523231626,1.2076458931
-0.00265669263899,0.0278256982565,0.999996304512,0.0192227475345,0.0417755283415,1.20270335674
-0.00265669263899,0.0278256982565,0.999996304512,0.018315391615,0.0406780056655,1.19895577431
-0.00265669263899,0.0278256982565,0.999996304512,0.0174937658012,0.0397845543921,1.19379091263
-0.00265669263899,0.0278256982565,0.999996304512,0.0164619088173,0.0391073524952,1.18995046616
-0.00265669263899,0.0278256982565,0.999996304512,0.0154311545193,0.0385299734771,1.18519055843
-0.00265669263899,0.0278256982565,0.999996304512,0.0143418898806,0.0381384901702,1.18151295185
-0.00265669263899,0.0278256982565,0.999996304512,0.0132178319618,0.037645470351,1.17704796791
-0.00265669263899,0.0278256982565,0.999996304512,0.0120973121375,0.0373863615096,1.17402076721
-0.00265669263899,0.0278256982565,0.999996304512,0.0110585829243,0.0374068729579,1.16951775551
-0.00265669263899,0.0278256982565,0.999996304512,0.00993720814586,0.0375233590603,1.16671311855
-0.00265669263899,0.0278256982565,0.999996304512,0.00884217023849,0.0378595851362,1.16255486012
-0.00265669263899,0.0278256982565,0.999996304512,0.00767779676244,0.0382961630821,1.15977835655
-0.00265669263899,0.0278256982565,0.999996304512,0.00669631175697,0.0388867482543,1.15614998341
-0.00265669263899,0.0278256982565,0.999996304512,0.00563878193498,0.039672691375,1.15377914906
-0.00265669263899,0.0278256982565,0.999996304512,0.00455810548738,0.0404553450644,1.15029573441
-0.00265669263899,0.0278256982565,0.999996304512,0.00350802298635,0.0413037724793,1.14836251736
-0.00265669263899,0.0278256982565,0.999996304512,0.00250189099461,0.0422264933586,1.1452858448
-0.00265669263899,0.0278256982565,0.999996304512,0.000701796845533,0.044431541115,1.14113807678
-0.00265669263899,0.0278256982565,0.999996304512,-0.000126752915094,0.0456852838397,1.1393969059
-0.00265669263899,0.0278256982565,0.999996304512,-0.00168418686371,0.0480983369052,1.13560545444
-0.00265669263899,0.0278256982565,0.999996304512,-0.00238644727506,0.0492621287704,1.13358175755
-0.00265669263899,0.0278256982565,0.999996304512,-0.00299017457291,0.0506581887603,1.13228094578
0.0,0.0,1.0,-0.00385291571729,0.052656468004,1.12988972664
0.0,0.0,1.0,-0.00436289934441,0.053939986974,1.1286906004
0.0,0.0,1.0,-0.00535221165046,0.0566561967134,1.12267005444
0.0,0.0,1.0,-0.00547672715038,0.0577696859837,1.12491071224
0.0,0.0,1.0,-0.00593385845423,0.0593507625163,1.12075603008
0.0,0.0,1.0,-0.006220695097,0.0603282265365,1.12240993977
0.0,0.0,1.0,-0.0066729108803,0.0618246421218,1.11828815937
0.0,0.0,1.0,-0.00726245576516,0.0635618120432,1.11620616913
0.0,0.0,1.0,-0.00744591560215,0.0640138834715,1.11838686466
0.0,0.0,1.0,-0.00776377227157,0.0650591775775,1.11448574066
0.0,0.0,1.0,-0.00793833844364,0.0654390901327,1.11654162407
0.0,0.0,1.0,-0.00828018877655,0.0661582797766,1.11259639263
0.0,0.0,1.0,-0.00845033023506,0.0664516314864,1.11445355415
0.0,0.0,1.0,-0.0087530920282,0.0669107437134,1.1105786562
0.0,0.0,1.0,-0.00884552393109,0.0670135244727,1.11235511303
0.0,0.0,1.0,-0.00907320249826,0.0672318264842,1.1084291935
0.0,0.0,1.0,-0.00924480427057,0.0670751109719,1.10999155045
0.0,0.0,1.0,-0.00942710973322,0.0671664699912,1.10582137108
0.0,0.0,1.0,-0.00967337936163,0.0668648034334,1.10774695873
0.0,0.0,1.0,-0.00994324032217,0.0666834563017,1.10351586342
0.0,0.0,1.0,-0.0101452497765,0.0662915557623,1.10548663139
0.0,0.0,1.0,-0.0104455379769,0.0659342482686,1.10158026218
0.0,0.0,1.0,-0.0106164105237,0.0655560344458,1.1032859087
0.0,0.0,1.0,-0.0109400674701,0.0650462955236,1.09944784641
0.0,0.0,1.0,-0.0111920405179,0.0646053105593,1.10144400597
0.0,0.0,1.0,-0.0115464730188,0.064010694623,1.09752058983
0.0,0.0,1.0,-0.0127548389137,0.0622440204024,1.09779381752
0.0,0.0,1.0,-0.0132417017594,0.0615100860596,1.09400653839
0.0,0.0,1.0,-0.0136417979375,0.0609656274319,1.09603059292
0.0,0.0,1.0,-0.0142337344587,0.0601858012378,1.0922563076
0.0,0.0,1.0,-0.0146435834467,0.0596709474921,1.0943223238
0.0,0.0,1.0,-0.0153357004747,0.0588477142155,1.09065854549
0.0,0.0,1.0,-0.0166444964707,0.0576215833426,1.08892869949
0.0,0.0,1.0,-0.0172726009041,0.057084351778,1.09104537964
0.0,0.0,1.0,-0.0181159246713,0.0563837774098,1.08734810352
0.0,0.0,1.0,-0.0187361799181,0.0559078529477,1.08996069431
0.0,0.0,1.0,-0.0196306500584,0.0552333779633,1.08645868301
0.0,0.0,1.0,-0.0201805457473,0.0551755018532,1.08877909184
0.0,0.0,1.0,-0.0216253101826,0.0547943301499,1.08742654324
0.0,0.0,1.0,-0.0230458639562,0.0547129362822,1.08647096157
0.0,0.0,1.0,-0.0238820239902,0.0547191873193,1.08303034306
0.0,0.0,1.0,-0.0251871012151,0.0550166293979,1.0827434063
0.0,0.0,1.0,-0.0256757102907,0.0553175061941,1.08511567116
0.0,0.0,1.0,-0.0264741312712,0.0556041002274,1.08223903179
0.0,0.0,1.0,-0.0277342870831,0.0564704239368,1.08184969425
0.0,0.0,1.0,-0.0289040040225,0.0575869902968,1.08178591728
0.0,0.0,1.0,-0.0293487198651,0.0582216829062,1.08431684971
0.0,0.0,1.0,-0.0300677195191,0.0590245723724,1.08158957958
0.0,0.0,1.0,-0.0312768556178,0.0605470314622,1.08124172688
0.0,0.0,1.0,-0.0317331552505,0.0611801929772,1.08448898792
0.0,0.0,1.0,-0.0325507260859,0.0622814185917,1.08179724216
0.0,0.0,1.0,-0.0328131280839,0.062889970839,1.08453369141
0.0,0.0,1.0,-0.03367767483,0.0647440329194,1.0847171545
0.0,0.0,1.0,-0.0342545881867,0.0658995062113,1.08186042309
0.0,0.0,1.0,-0.0349029153585,0.0677501559258,1.08184742928
0.0,0.0,1.0,-0.035044901073,0.0683935433626,1.08444595337
0.0,0.0,1.0,-0.0356805250049,0.0700816586614,1.083786726
0.0,0.0,1.0,-0.0360519811511,0.0711956098676,1.0810738802
0.0,0.0,1.0,-0.0361728183925,0.0718515962362,1.08325815201
0.0,0.0,1.0,-0.0364653393626,0.0729605183005,1.08036661148
0.0,0.0,1.0,-0.03662282601,0.0735526010394,1.08294332027
0.0,0.0,1.0,-0.036883123219,0.0746212974191,1.08012604713
0.0,0.0,1.0,-0.0372224487364,0.0761817842722,1.07999622822
0.0,0.0,1.0,-0.0373332872987,0.0767241418362,1.08218491077
0.0,0.0,1.0,-0.0375244319439,0.0776263028383,1.07941794395
0.0,0.0,1.0,-0.0376142449677,0.0784860625863,1.08158278465
0.0,0.0,1.0,-0.0377010814846,0.0789462476969,1.07885944843
0.0,0.0,1.0,-0.0377239175141,0.0796724483371,1.08109652996
0.0,0.0,1.0,-0.037866435945,0.0805355533957,1.08054471016
0.0,0.0,1.0,-0.0379148833454,0.0808533206582,1.07782697678
0.0,0.0,1.0,-0.0379466675222,0.0812412276864,1.08007574081
0.0,0.0,1.0,-0.0379831381142,0.081492498517,1.07734918594
0.0,0.0,1.0,-0.0379520319402,0.0818213075399,1.07962954044
0.0,0.0,1.0,-0.0380363129079,0.0822413191199,1.07897341251
0.0,0.0,1.0,-0.0381939075887,0.0825042426586,1.07565104961
0.0,0.0,1.0,-0.0383399836719,0.0823552384973,1.07818865776
0.0,0.0,1.0,-0.038396589458,0.0823670476675,1.07552230358
0.0,0.0,1.0,-0.0385429114103,0.0821677073836,1.07798528671
0.0,0.0,1.0,-0.0386088490486,0.0821249783039,1.07537782192
0.0,0.0,1.0,-0.038736358285,0.0818523094058,1.07768332958
0.0,0.0,1.0,-0.0388080701232,0.0817630514503,1.07504427433
0.0,0.0,1.0,-0.0389433838427,0.0814737528563,1.07750809193
0.0,0.0,1.0,-0.0390193611383,0.0813598334789,1.0748963356
0.0,0.0,1.0,-0.0390193611383,0.0813598334789,1.0748963356
0.0,0.0,1.0,-0.0391676835716,0.0810936689377,1.07737720013
0.0,0.0,1.0,-0.0392392650247,0.0809755399823,1.07478368282
0.0,0.0,1.0,-0.0394741222262,0.0806065052748,1.07710790634
0.0,0.0,1.0,-0.0395681671798,0.0804657638073,1.07446312904
0.0,0.0,1.0,-0.0398060008883,0.0802091136575,1.0770483017
0.0,0.0,1.0,-0.0399151332676,0.0800786167383,1.07445526123
0.0,0.0,1.0,-0.0401487760246,0.0798422545195,1.07629930973
0.0,0.0,1.0,-0.0402600318193,0.0797213315964,1.07358515263
0.0,0.0,1.0,-0.0405678488314,0.0795445665717,1.07661414146
0.0,0.0,1.0,-0.0411257818341,0.0791985914111,1.07402849197
0.0,0.0,1.0,-0.0414142310619,0.0790978446603,1.07690393925
0.0,0.0,1.0,-0.0418007187545,0.0790591686964,1.07731616497
0.0,0.0,1.0,-0.0420478247106,0.0791534632444,1.07791125774
0.0,0.0,1.0,-0.0421456694603,0.0791690722108,1.07556426525
0.0,0.0,1.0,-0.0421478524804,0.079318575561,1.07843148708
0.0,0.0,1.0,-0.0421975106001,0.0793673023582,1.0760974884
0.0,0.0,1.0,-0.0421796962619,0.0796586051583,1.07652401924
0.0,0.0,1.0,-0.042168777436,0.0800396054983,1.07697939873
0.0,0.0,1.0,-0.0421021170914,0.080381795764,1.07970941067
0.0,0.0,1.0,-0.042089022696,0.0805321112275,1.07733511925
0.0,0.0,1.0,-0.0419502593577,0.0810122638941,1.07736217976
0.0,0.0,1.0,-0.0419351533055,0.081170886755,1.0776553154
0.0,0.0,1.0,-0.041812941432,0.0818237289786,1.07752287388
0.0,0.0,1.0,-0.0418004393578,0.0820194780827,1.07759451866
0.0,0.0,1.0,-0.0417364165187,0.0826630219817,1.07741868496
0.0,0.0,1.0,-0.0416960418224,0.0829269438982,1.07741165161
0.0,0.0,1.0,-0.0416472479701,0.0837277770042,1.07736110687
0.0,0.0,1.0,-0.0415976606309,0.0840235054493,1.07737767696
0.0,0.0,1.0,-0.0415062792599,0.0848788395524,1.07723069191
0.0,0.0,1.0,-0.0414751693606,0.0851895362139,1.07730746269
0.0,0.0,1.0,-0.0412625744939,0.0863064080477,1.07704293728
0.0,0.0,1.0,-0.0410035550594,0.0876728594303,1.07675778866
0.0,0.0,1.0,-0.0409669578075,0.0879931822419,1.07686328888
0.0,0.0,1.0,-0.0407867021859,0.0889095887542,1.07678318024
0.0,0.0,1.0,-0.0407173596323,0.0893209800124,1.07677257061
0.0,0.0,1.0,-0.0405172109604,0.0903049632907,1.07701230049
0.0,0.0,1.0,-0.0404561273754,0.0906087085605,1.07707953453
0.0,0.0,1.0,-0.0399586968124,0.0920284613967,1.07730031013
0.0,0.0,1.0,-0.039421543479,0.0931240394711,1.07707393169
0.0,0.0,1.0,-0.0392155982554,0.093382447958,1.07723891735
0.0,0.0,1.0,-0.0385365150869,0.094364143908,1.07712328434
0.0,0.0,1.0,-0.0382955111563,0.0946797281504,1.07716119289
0.0,0.0,1.0,-0.0376104526222,0.0954960733652,1.07728457451
0.0,0.0,1.0,-0.0367193520069,0.0964974835515,1.07745623589
0.0,0.0,1.0,-0.0365116409957,0.0967246219516,1.07759284973
0.0,0.0,1.0,-0.0354501754045,0.0977424532175,1.07445728779
0.0,0.0,1.0,-0.0351324304938,0.0979642570019,1.07430207729
0.0,0.0,1.0,-0.0348027534783,0.0982270613313,1.07708609104
0.0,0.0,1.0,-0.0340659171343,0.098848156631,1.07846426964
0.0,0.0,1.0,-0.0335840024054,0.0992093011737,1.07898497581
0.0,0.0,1.0,-0.0334034264088,0.0993783324957,1.0791015625
0.0,0.0,1.0,-0.0329070277512,0.0996942445636,1.07948625088
0.0,0.0,1.0,-0.0327776931226,0.099787928164,1.07975637913
0.0,0.0,1.0,-0.0323372930288,0.100195474923,1.079682827
-2.86206812916e-07,1.75750699327e-07,1.0,-0.0313949733973,0.100597858429,1.08042037487
-3.79761615932e-07,2.33180003306e-07,1.0,-0.0312569662929,0.100502245128,1.08074772358
-5.29106898739e-07,3.24848457467e-07,1.0,-0.0312939062715,0.100271165371,1.08024930954
-5.86292742355e-07,3.5994173686e-07,1.0,-0.0315647646785,0.100079387426,1.08298051357
-6.20909588633e-07,3.81177443387e-07,1.0,-0.0318761207163,0.100031264126,1.08240199089
-7.48551030938e-07,4.59528280317e-07,1.0,-0.0325819514692,0.0999172106385,1.07884252071
-7.49988487314e-07,4.60409268044e-07,1.0,-0.0328295007348,0.0999195501208,1.08130252361
-1.64942844094e-06,1.0139931419e-06,1.0,-0.033151678741,0.099954649806,1.0785317421
-1.27993498609e-05,7.91161528468e-06,1.0,-0.0336842052639,0.0998530015349,1.0781840086
-2.89931140287e-05,1.7967493477e-05,1.0,-0.0338111333549,0.0999115407467,1.07793533802
-0.000584950146731,0.000367991306121,1.0,-0.0350754484534,0.100156120956,1.0690510273
-0.00147204019595,0.000933282717597,1.0,-0.0355223156512,0.100222028792,1.07356607914
-0.00244698906317,0.00155969022308,1.0,-0.0357194393873,0.100452147424,1.07571768761
-0.00468675419688,0.00301201827824,1.0,-0.0355950780213,0.101181805134,1.07644021511
-0.00568223791197,0.00366208609194,1.0,-0.0354421176016,0.101550281048,1.07691431046
-0.00810972973704,0.0052566784434,1.0,-0.0347808301449,0.102877862751,1.07803332806
-0.0130121614784,0.00851015560329,1.0,-0.0330947116017,0.105931907892,1.08035564423
-0.0150245055556,0.00985647551715,1.0,-0.0325221531093,0.106785960495,1.08144927025
-0.019679877907,0.0129919489846,1.0,-0.0304154399782,0.110397800803,1.08321976662
-0.0223405621946,0.0147959757596,1.0,-0.0296097099781,0.111620098352,1.08434426785
-0.0283752828836,0.0189170986414,1.0,-0.0269733928144,0.11590244621,1.08627176285
-0.0317689701915,0.0212513916194,1.0,-0.0260532647371,0.117435753345,1.08737146854
-0.0435305275023,0.0294267404824,1.0,-0.0219439323992,0.124332815409,1.09097909927
-0.0527532212436,0.0359234698117,1.0,-0.0186551660299,0.130136996508,1.0939180851
-0.0577988214791,0.0395079739392,1.0,-0.0176818519831,0.132063984871,1.09499454498
-0.0687606334686,0.0473664179444,1.0,-0.0143934264779,0.138512358069,1.09736633301
-0.0746899098158,0.0516566038132,1.0,-0.0134082557634,0.140773147345,1.09881567955
-0.0874317660928,0.0609679631889,1.0,-0.0104279201478,0.148018985987,1.10092151165
-0.0942533835769,0.0660039111972,1.0,-0.00960784312338,0.150408878922,1.10210168362
-0.10877353698,0.0768406838179,1.0,-0.00740145426244,0.15810392797,1.10446059704
-0.116464957595,0.0826457813382,1.0,-0.00685991486534,0.16056458652,1.10518801212
-0.132698222995,0.0950462594628,1.0,-0.00569986784831,0.168699294329,1.10714745522
-0.141221001744,0.101638391614,1.0,-0.00561877479777,0.171272829175,1.10787379742
-0.159045189619,0.115610741079,1.0,-0.00602508196607,0.179472342134,1.10828077793
-0.168327569962,0.122989140451,1.0,-0.00646996870637,0.182092994452,1.10868752003
-0.187585294247,0.138527855277,1.0,-0.00871397648007,0.190537661314,1.1084010601
-0.19752804935,0.146676912904,1.0,-0.0099725201726,0.19305293262,1.1083920002
-0.217994049191,0.163736447692,1.0,-0.0147464023903,0.201980903745,1.1071075201
-0.228470385075,0.172625109553,1.0,-0.0166928954422,0.204482659698,1.10669028759
-0.249849155545,0.191114485264,1.0,-0.0237711127847,0.212600469589,1.10397529602
-0.260706782341,0.200696110725,1.0,-0.0266072768718,0.215223670006,1.10336399078
-0.28267788887,0.220514237881,1.0,-0.0367151238024,0.22306317091,1.09988486767
-0.293741762638,0.230728089809,1.0,-0.0406017117202,0.225439101458,1.09886610508
-0.315935313702,0.251740038395,1.0,-0.0537491217256,0.232708677649,1.09448385239
-0.327011615038,0.262512296438,1.0,-0.0586484782398,0.234824344516,1.09327971935
-0.349016427994,0.284550368786,1.0,-0.0752434581518,0.241640836,1.088103652
-0.359906077385,0.295804977417,1.0,-0.0812453776598,0.24348038435,1.0870039463
-0.381307035685,0.318698853254,1.0,-0.102294117212,0.248594343662,1.08246910572
-0.412145227194,0.353882938623,1.0,-0.132725268602,0.255416482687,1.07544708252
-0.422000795603,0.365801125765,1.0,-0.140620946884,0.256736576557,1.07361721992
-0.440926373005,0.389843016863,1.0,-0.15938077867,0.259121716022,1.07028186321
-0.449938952923,0.401926398277,1.0,-0.178062111139,0.261261850595,1.06679582596
-0.467011034489,0.426229447126,1.0,-0.198767200112,0.26297557354,1.06358408928
-0.475018680096,0.438410103321,1.0,-0.219432145357,0.264985084534,1.05945277214
-0.48271587491,0.450703650713,1.0,-0.231618568301,0.265722215176,1.05742394924
-0.496734648943,0.474969685078,1.0,-0.263717800379,0.268210828304,1.05096447468
-0.503205239773,0.487234026194,1.0,-0.276764750481,0.269076853991,1.04857075214
-0.514679014683,0.511370897293,1.0,-0.311375677586,0.271231114864,1.04346311092
-0.519800305367,0.523525595665,1.0,-0.325331896544,0.272235661745,1.04140079021
-0.528508841991,0.54737174511,1.0,-0.361574053764,0.274772256613,1.03658640385
-0.532185971737,0.559343278408,1.0,-0.376055270433,0.276046305895,1.03468227386
-0.537969231606,0.58276027441,1.0,-0.413608580828,0.280314177275,1.02951705456
-0.540133595467,0.594473183155,1.0,-0.428497642279,0.28223118186,1.02757179737
-0.542887210846,0.617345273495,1.0,-0.46647799015,0.287771314383,1.02454400063
-0.543501138687,0.628740310669,1.0,-0.48002332449,0.290188193321,1.0235209465
-0.543170154095,0.650955855846,1.0,-0.518957614899,0.298326194286,1.02032184601
-0.542221844196,0.661989092827,1.0,-0.533551931381,0.30189409852,1.01939034462
-0.538804113865,0.683441221714,1.0,-0.569842219353,0.312566161156,1.01741349697
-0.536303699017,0.694074630737,1.0,-0.582531154156,0.316907763481,1.01711308956
-0.529850482941,0.71467012167,1.0,-0.617947697639,0.331123739481,1.01577925682
-0.525835931301,0.724855363369,1.0,-0.628828704357,0.335956662893,1.01611483097
-0.516442418098,0.744529664516,1.0,-0.660809159279,0.352438539267,1.01701879501
-0.510978043079,0.754225552082,1.0,-0.67058467865,0.358563661575,1.01769173145
-0.498779773712,0.772924780846,1.0,-0.69999974966,0.378970891237,1.01785266399
-0.491981178522,0.782061994076,1.0,-0.708740651608,0.386142462492,1.01844489574
-0.477117151022,0.799783170223,1.0,-0.7337885499,0.408886194229,1.01960003376
-0.469065457582,0.808376908302,1.0,-0.740850448608,0.416809111834,1.0204706192
-0.451786845922,0.825020134449,1.0,-0.761262714863,0.441894739866,1.02180552483
-0.442579805851,0.833072125912,1.0,-0.767068564892,0.450648844242,1.02246689796
-0.423122167587,0.848609507084,1.0,-0.782326638699,0.477793097496,1.02409696579
-0.402297317982,0.863434553146,1.0,-0.789878487587,0.497128099203,1.02526319027
-0.391547083855,0.870485067368,1.0,-0.796729385853,0.516441464424,1.02553939819
-0.368998467922,0.884152412415,1.0,-0.800565183163,0.537151634693,1.02646005154
-0.357456982136,0.890629827976,1.0,-0.803066074848,0.557354032993,1.02674567699
-0.333471477032,0.903118550777,1.0,-0.802811086178,0.578917264938,1.02760064602
-0.32128983736,0.909007549286,1.0,-0.801717579365,0.600677192211,1.02783226967
-0.296154737473,0.920298039913,1.0,-0.79752779007,0.623413741589,1.02817988396
-0.283473163843,0.925587713718,1.0,-0.792367100716,0.646234691143,1.02814567089
-0.25746524334,0.935658574104,1.0,-0.784191668034,0.670268952847,1.02879202366
-0.244417071342,0.940339267254,1.0,-0.774822235107,0.694422125816,1.02879583836
-0.217855930328,0.949146032333,1.0,-0.762029528618,0.71926265955,1.03001511097
-0.204501375556,0.953222930431,1.0,-0.748823642731,0.744023323059,1.02975451946
-0.17755176127,0.96076208353,1.0,-0.732352793217,0.769520401955,1.03117918968
-0.164084434509,0.964192509651,1.0,-0.715505301952,0.79493355751,1.03171300888
-0.136960476637,0.970432221889,1.0,-0.695737242699,0.820910811424,1.03374135494
-0.09570941329,0.978218734264,1.0,-0.653893232346,0.871855437756,1.03774309158
-0.082935616374,0.980211138725,1.0,-0.631560623646,0.897474646568,1.03979432583
-0.0553805604577,0.983822762966,1.0,-0.607335031033,0.923017859459,1.04383563995
-0.0427393764257,0.98516023159,1.0,-0.583077788353,0.948219895363,1.0471124649
-0.015556355007,0.987335562706,1.0,-0.558174788952,0.972225666046,1.05209672451
-0.00310432142578,0.988003790379,1.0,-0.532825708389,0.996807456017,1.05637419224
0.0235824715346,0.988712906837,1.0,-0.506928026676,1.02003157139,1.0626347065
0.0357674956322,0.988697230816,1.0,-0.480700939894,1.04328501225,1.06782960892
0.0618427619338,0.9879129529,1.0,-0.4540579319,1.06536924839,1.07517969608
0.0737314522266,0.987201571465,1.0,-0.427240222692,1.08715248108,1.08170223236
0.0990216657519,0.984909117222,1.0,-0.400142639875,1.10735201836,1.09009945393
0.11064761132,0.983483016491,1.0,-0.384169340134,1.12020993233,1.09165549278
0.135166704655,0.979658007622,1.0,-0.349398344755,1.1431401968,1.10492026806
0.146380066872,0.977520406246,1.0,-0.320379376411,1.16172373295,1.11331188679
0.170049741864,0.972153663635,1.0,-0.292039364576,1.17817950249,1.12295055389
0.18084089458,0.969301044941,1.0,-0.26422521472,1.19376814365,1.13068783283
0.203577235341,0.962398767471,1.0,-0.236451685429,1.20715224743,1.13975906372
0.213947340846,0.958825588226,1.0,-0.208628311753,1.22010040283,1.14759600163
0.235685363412,0.950405299664,1.0,-0.181302964687,1.2306650877,1.1562268734
0.245626837015,0.946108937263,1.0,-0.155064553022,1.23999977112,1.16382324696
0.275803923607,0.93118596077,1.0,-0.10053511709,1.25604557991,1.17930531502
0.295516997576,0.919750332832,1.0,-0.0728831589222,1.26241922379,1.18670761585
0.30442404747,0.914097487926,1.0,-0.0476760715246,1.267583251,1.1924148798
0.323011219501,0.901231586933,1.0,-0.0211755726486,1.27150404453,1.19914615154
0.33140155673,0.894911646843,1.0,0.0033676463645,1.27450501919,1.2040719986
0.348829895258,0.880651593208,1.0,0.0289486180991,1.27629172802,1.20976793766
0.35665255785,0.873707771301,1.0,0.0521518029273,1.27759599686,1.21380615234
0.372822761536,0.858149111271,1.0,0.0767947807908,1.27754676342,1.21816408634
0.380058020353,0.850604712963,1.0,0.0991965085268,1.27664291859,1.22127187252
0.394916564226,0.833810448647,1.0,0.122762434185,1.27462720871,1.22463965416
0.401527881622,0.82570374012,1.0,0.143907681108,1.27223360538,1.22651338577
0.414991408587,0.807769834995,1.0,0.166398108006,1.2683737278,1.22886121273
0.432941973209,0.780148267746,1.0,0.207268685102,1.25927686691,1.23063409328
0.438176333904,0.7710724473,1.0,0.226846396923,1.25366151333,1.23048961163
0.448615908623,0.751151025295,1.0,0.246592029929,1.24638605118,1.2305316925
0.453110814095,0.741655528545,1.0,0.264987200499,1.23929429054,1.22954297066
0.461918473244,0.720900058746,1.0,0.283687382936,1.23058795929,1.22841072083
0.465631425381,0.711046516895,1.0,0.301084816456,1.22179281712,1.22663259506
0.475619763136,0.679420411587,1.0,0.334633201361,1.20105493069,1.22174608707
0.48091712594,0.657381534576,1.0,0.350461542606,1.18894231319,1.21911883354
0.482959061861,0.646983087063,1.0,0.365590542555,1.17763638496,1.21576309204
0.486396670341,0.624476671219,1.0,0.380104482174,1.16403412819,1.2127147913
0.487555027008,0.613893270493,1.0,0.393514126539,1.15101921558,1.20871269703
0.489316254854,0.580342650414,1.0,0.418459653854,1.1220241785,1.20111393929
0.488852649927,0.557291805744,1.0,0.43001845479,1.10581636429,1.19723284245
0.488167971373,0.546511769295,1.0,0.440390378237,1.09041011333,1.19316244125
0.48568713665,0.523379206657,1.0,0.450200259686,1.07305514812,1.18927896023
0.484052270651,0.51257532835,1.0,0.459263175726,1.05656290054,1.18447160721
0.479523181915,0.489457756281,1.0,0.467328339815,1.03817880154,1.18068230152
0.476930379868,0.478699088097,1.0,0.474667370319,1.02085292339,1.17619240284
0.470339804888,0.455711752176,1.0,0.480848073959,1.00171911716,1.17252826691
0.466784775257,0.445037066936,1.0,0.486250936985,0.983284175396,1.16857481003
0.458137333393,0.422285079956,1.0,0.490603327751,0.963332653046,1.16504430771
0.453620761633,0.411728203297,1.0,0.494170308113,0.944429457188,1.16119527817
0.442931354046,0.389286845922,1.0,0.496385872364,0.923658370972,1.15773332119
0.437472879887,0.378901094198,1.0,0.498188585043,0.904222726822,1.15381002426
0.424772202969,0.356833696365,1.0,0.498198539019,0.882765471935,1.15081489086
0.418383270502,0.346631765366,1.0,0.498111456633,0.862903952599,1.14697825909
0.404068052769,0.325479865074,1.0,0.49758964777,0.838308513165,1.14006471634
0.396447449923,0.315022349358,1.0,0.493774622679,0.821847438812,1.14081978798
0.380296736956,0.29434466362,1.0,0.490751296282,0.796382129192,1.13409686089
0.371769636869,0.284119278193,1.0,0.485552430153,0.779620826244,1.1342202425
0.353850752115,0.26391595602,1.0,0.479977816343,0.753579854965,1.12764942646
0.324893206358,0.234227016568,1.0,0.465384989977,0.711442649364,1.12124359608
0.314764738083,0.224543720484,1.0,0.45707282424,0.694326937199,1.12211763859
0.293627262115,0.205294013023,1.0,0.446642041206,0.667769610882,1.11600089073
0.282780557871,0.195858493447,1.0,0.436999946833,0.650428116322,1.1167935133
0.260261386633,0.177087217569,1.0,0.423977196217,0.623517215252,1.11072051525
0.248753204942,0.167870536447,1.0,0.412941396236,0.605981469154,1.11134409904
0.2249994874,0.149534761906,1.0,0.39763879776,0.578826010227,1.10557949543
0.212919101119,0.140523329377,1.0,0.385150879622,0.561180710793,1.10661923885
0.188100755215,0.122574649751,1.0,0.367403388023,0.533674478531,1.10131072998
0.175545692444,0.113748222589,1.0,0.353190600872,0.516069531441,1.1022888422
0.149825528264,0.0961130708456,1.0,0.333324313164,0.488450944424,1.09683012962
0.136889845133,0.0874391496181,1.0,0.317783206701,0.470684319735,1.09833621979
0.110480263829,0.0700617581606,1.0,0.295765042305,0.44294154644,1.09319376945
0.0703543424606,0.0443003550172,1.0,0.25486266613,0.397110551596,1.08995294571
0.0569349601865,0.0358052141964,1.0,0.237885981798,0.380171507597,1.09177601337
0.0297544952482,0.0187079496682,1.0,0.21020051837,0.350456774235,1.08713543415
0.01623580046,0.010234920308,1.0,0.191890344024,0.33304142952,1.08857524395
-0.0110206687823,-0.00684512313455,1.0,0.16397446394,0.304642051458,1.08415305614
-0.051634658128,-0.0324610285461,1.0,0.114545762539,0.258132070303,1.08247673512
-0.0650278180838,-0.0409964844584,1.0,0.095635175705,0.241482287645,1.0848275423
-0.0918226465583,-0.0582724176347,1.0,0.0633032843471,0.211677700281,1.08110845089
-0.1050074175,-0.066894069314,1.0,0.0443857721984,0.195359945297,1.08326911926
-0.13128888607,-0.0843770056963,1.0,0.0112137235701,0.165622264147,1.07950496674
-0.144173368812,-0.0931171551347,1.0,-0.00799421127886,0.149630874395,1.08241963387
-0.169760763645,-0.110868394375,1.0,-0.0407388359308,0.121219485998,1.07944059372
-0.182267248631,-0.119762383401,1.0,-0.0609513483942,0.104416437447,1.08174335957
-0.206979945302,-0.137828022242,1.0,-0.0944032222033,0.0757785066962,1.07914960384
-0.21901614964,-0.146893158555,1.0,-0.114342540503,0.0594837889075,1.0813010931
-0.24271287024,-0.165330931544,1.0,-0.146439567208,0.0326683670282,1.07864546776
-0.254263669252,-0.174637004733,1.0,-0.166485995054,0.0161322150379,1.08142137527
-0.276707231998,-0.193408742547,1.0,-0.198220402002,-0.0101560503244,1.07893025875
-0.287645250559,-0.202927857637,1.0,-0.21786659956,-0.0261579956859,1.08179032803
-0.30875107646,-0.222090154886,1.0,-0.248993232846,-0.0518492795527,1.07947707176
-0.319034457207,-0.231853723526,1.0,-0.267723619938,-0.0672141760588,1.08206748962
-0.338714003563,-0.251447409391,1.0,-0.297842144966,-0.0920229032636,1.07990348339
-0.34825745225,-0.26143682003,1.0,-0.315760612488,-0.106419563293,1.08239543438
-0.366387426853,-0.281446218491,1.0,-0.344678997993,-0.130075603724,1.08025276661
-0.375131696463,-0.291650861502,1.0,-0.361245006323,-0.143903419375,1.0834467411
-0.399538010359,-0.322497844696,1.0,-0.40408718586,-0.179706066847,1.08442246914
-0.414325684309,-0.343321114779,1.0,-0.429781615734,-0.201203331351,1.08267259598
-0.42135360837,-0.353939443827,1.0,-0.444041997194,-0.213560298085,1.08562886715
-0.434348702431,-0.375105947256,1.0,-0.467886596918,-0.233975991607,1.08399116993
-0.440460473299,-0.385895013809,1.0,-0.480560749769,-0.245334893465,1.08715927601
-0.451621443033,-0.407383292913,1.0,-0.502294242382,-0.264524459839,1.08575749397
-0.466060072184,-0.440053582191,1.0,-0.533213019371,-0.292769134045,1.08755123615
-0.470264583826,-0.451101452112,1.0,-0.542879939079,-0.30281919241,1.09066653252
-0.477610290051,-0.473029315472,1.0,-0.560109317303,-0.319492936134,1.08934795856
-0.480831384659,-0.484147429466,1.0,-0.567779481411,-0.328854650259,1.09310936928
-0.486228913069,-0.50621008873,1.0,-0.582453906536,-0.344515532255,1.09181785583
-0.488460808992,-0.517384767532,1.0,-0.588289797306,-0.353322714567,1.09541904926
-0.491881400347,-0.539457976818,1.0,-0.60006403923,-0.368122726679,1.09459209442
-0.49311375618,-0.550637543201,1.0,-0.60452157259,-0.376395940781,1.09740638733
-0.494555741549,-0.572658419609,1.0,-0.613632440567,-0.390447676182,1.09653031826
-0.494250684977,-0.60566174984,1.0,-0.622438907623,-0.411915957928,1.09934210777
-0.493483036757,-0.6166664958,1.0,-0.622773647308,-0.419381946325,1.10395491123
-0.490982294083,-0.638319075108,1.0,-0.626576602459,-0.432398498058,1.10380315781
-0.489225119352,-0.649181485176,1.0,-0.625892937183,-0.439574807882,1.10811519623
-0.484782278538,-0.670475125313,1.0,-0.627257823944,-0.452091395855,1.10836696625
-0.48205268383,-0.681125402451,1.0,-0.625199139118,-0.459303289652,1.11321806908
-0.475697875023,-0.701970100403,1.0,-0.624360799789,-0.471582829952,1.11398935318
-0.472013622522,-0.712362229824,1.0,-0.621701598167,-0.479120433331,1.11773443222
-0.463794946671,-0.732633709908,1.0,-0.61838978529,-0.490063607693,1.11979496479
-0.459206134081,-0.742659091949,1.0,-0.613553404808,-0.49720287323,1.1261279583
-0.449140489101,-0.762325644493,1.0,-0.608347058296,-0.508835315704,1.128256917
-0.437626391649,-0.781911432743,1.0,-0.599379062653,-0.52128469944,1.13629615307
-0.418881267309,-0.809160292149,1.0,-0.58458673954,-0.541963279247,1.14324939251
-0.411984354258,-0.818084597588,1.0,-0.579789459705,-0.54914444685,1.14287543297
-0.397051125765,-0.83581250906,1.0,-0.56720238924,-0.559971034527,1.15454363823
-0.373185873032,-0.860487818718,1.0,-0.547648608685,-0.578874826431,1.16358470917
-0.365112602711,-0.867996096611,1.0,-0.541283428669,-0.585385739803,1.16405320168
-0.347099900246,-0.883463680744,1.0,-0.525108933449,-0.598585724831,1.17245101929
-0.338374912739,-0.890381515026,1.0,-0.517521858215,-0.605498075485,1.17298042774
-0.318980723619,-0.90457201004,1.0,-0.500397026539,-0.618707418442,1.18062531948
-0.288940489292,-0.923722624779,1.0,-0.473695129156,-0.638917267323,1.18810367584
-0.279011011124,-0.92938297987,1.0,-0.464552074671,-0.645977437496,1.1882404089
-0.257149636745,-0.940794408321,1.0,-0.445028960705,-0.659319400787,1.19465482235
-0.246697574854,-0.945772230625,1.0,-0.435175120831,-0.666485071182,1.19447159767
-0.223771974444,-0.955688893795,1.0,-0.414672732353,-0.679492413998,1.20008385181
-0.212850019336,-0.959955990314,1.0,-0.404161155224,-0.68663662672,1.19962251186
-0.1889564991,-0.968328356743,1.0,-0.382990777493,-0.699218332767,1.20380151272
-0.153467521071,-0.978491902351,1.0,-0.347314834595,-0.720710813999,1.20496475697
-0.141233980656,-0.981405436993,1.0,-0.339193403721,-0.725234210491,1.20526659489
-0.116322591901,-0.986455082893,1.0,-0.312676072121,-0.73982834816,1.20682001114
-0.103822417557,-0.988557517529,1.0,-0.304797947407,-0.743863224983,1.20714771748
-0.0783319026232,-0.991985201836,1.0,-0.27752122283,-0.757780611515,1.20685994625
-0.0655914768577,-0.993277728558,1.0,-0.269260287285,-0.761691093445,1.20706868172
-0.0396725833416,-0.995067477226,1.0,-0.240875899792,-0.774627506733,1.20588028431
-0.0267486125231,-0.995547831059,1.0,-0.232320770621,-0.77826577425,1.2056646347
-0.000508185068611,-0.995697617531,1.0,-0.203328877687,-0.790572702885,1.20380926132
0.0125402566046,-0.995366036892,1.0,-0.194510653615,-0.793852806091,1.20333242416
0.0389189310372,-0.993882358074,1.0,-0.16458363831,-0.804727435112,1.20120334625
0.052019495517,-0.992743730545,1.0,-0.155734121799,-0.807618737221,1.20041513443
0.0783870443702,-0.989646792412,1.0,-0.125584691763,-0.816923379898,1.19748306274
0.0914641842246,-0.987711250782,1.0,-0.116727888584,-0.81941652298,1.1968319416
0.117695741355,-0.983024775982,1.0,-0.0863118320704,-0.827061474323,1.19262862206
0.130650565028,-0.980310797691,1.0,-0.0773845165968,-0.828929126263,1.19193780422
0.15658454597,-0.974069714546,1.0,-0.0467591062188,-0.835028707981,1.18779349327
0.169335722923,-0.970598459244,1.0,-0.037736158818,-0.836199104786,1.18667435646
0.194795072079,-0.962849140167,1.0,-0.00708145555109,-0.840125381947,1.18263494968
0.2072686553,-0.958642423153,1.0,0.00188704719767,-0.840673625469,1.18123197556
0.232090786099,-0.949432730675,1.0,0.0324609689415,-0.841881930828,1.17688763142
0.244190916419,-0.944521486759,1.0,0.0413884073496,-0.841795802116,1.175786376
0.268189877272,-0.933912038803,1.0,0.0718788951635,-0.840584993362,1.17075526714
0.279838204384,-0.928322672844,1.0,0.0805961564183,-0.839700579643,1.16966164112
0.302835226059,-0.916375994682,1.0,0.110604442656,-0.835532426834,1.16509497166
0.313942372799,-0.910139977932,1.0,0.119271449745,-0.833745419979,1.16392350197
0.346232056618,-0.890068888664,1.0,0.157072082162,-0.823868215084,1.15813159943
0.366681575775,-0.875641047955,1.0,0.18542663753,-0.81399077177,1.15349555016
0.37643840909,-0.868209838867,1.0,0.193353131413,-0.81027930975,1.15226304531
0.395346730947,-0.852643311024,1.0,0.219413369894,-0.797306418419,1.14912378788
0.404297411442,-0.844665586948,1.0,0.227362006903,-0.792775630951,1.14756298065
0.421492964029,-0.828031122684,1.0,0.252539843321,-0.777041912079,1.14391994476
0.44488042593,-0.801906466484,1.0,0.283778786659,-0.753592014313,1.13882255554
0.451980113983,-0.79293692112,1.0,0.291049778461,-0.747051477432,1.13796520233
0.465278446674,-0.77438133955,1.0,0.313190817833,-0.726661860943,1.13454270363
0.471330106258,-0.764990091324,1.0,0.320045500994,-0.719322383404,1.13382935524
0.482454895973,-0.745617032051,1.0,0.34071958065,-0.696396291256,1.13134694099
0.48741927743,-0.735807657242,1.0,0.346984803677,-0.688646435738,1.1305539608
0.5000846982,-0.705497086048,1.0,0.371485888958,-0.655365884304,1.12799787521
0.506546258926,-0.68475908041,1.0,0.388425201178,-0.629312157631,1.12606346607
0.509176254272,-0.674226224422,1.0,0.393554031849,-0.620209336281,1.12577724457
0.513208270073,-0.652898311615,1.0,0.408550351858,-0.592868447304,1.12447047234
0.514605939388,-0.642122149467,1.0,0.412793546915,-0.583550274372,1.12419998646
0.516166508198,-0.620279192924,1.0,0.425082892179,-0.555070400238,1.12274956703
0.51632386446,-0.60928195715,1.0,0.428730368614,-0.545594155788,1.1226401329
0.515396535397,-0.587061226368,1.0,0.438599556684,-0.517027497292,1.12149322033
0.514314949512,-0.575882971287,1.0,0.441643863916,-0.507464170456,1.12125980854
0.510919034481,-0.553358197212,1.0,0.44871366024,-0.479290813208,1.12101006508
0.50861787796,-0.542066514492,1.0,0.451127201319,-0.468744039536,1.1205085516
0.502807021141,-0.519349098206,1.0,0.456016331911,-0.44037720561,1.11951971054
0.499317735434,-0.507978916168,1.0,0.456956028938,-0.431177735329,1.11943423748
0.491182118654,-0.485184252262,1.0,0.459193944931,-0.403853654861,1.11840212345
0.486551374197,-0.473780810833,1.0,0.459523737431,-0.393496364355,1.11819887161
0.476214021444,-0.451019108295,1.0,0.459294199944,-0.366933763027,1.11707794666
0.470521390438,-0.439664721489,1.0,0.458751231432,-0.357051432133,1.11659085751
0.458136111498,-0.417040884495,1.0,0.455832630396,-0.331454843283,1.11513650417
0.451459228992,-0.405775725842,1.0,0.454199105501,-0.322020083666,1.11440384388
0.437208235264,-0.383397310972,1.0,0.448451429605,-0.297915279865,1.11265897751
0.429659754038,-0.372298121452,1.0,0.44583272934,-0.289109736681,1.11200916767
0.413769870996,-0.350295692682,1.0,0.437512040138,-0.266356170177,1.11030435562
0.40546220541,-0.339414536953,1.0,0.43406945467,-0.258960515261,1.10965692997
0.388187974691,-0.317917823792,1.0,0.423144489527,-0.23708628118,1.1069675684
0.379244685173,-0.307307779789,1.0,0.418865680695,-0.230292201042,1.10633635521
0.360837340355,-0.286415040493,1.0,0.405460089445,-0.210262164474,1.10313236713
0.351412951946,-0.276153713465,1.0,0.400744706392,-0.204591035843,1.10238790512
0.332183986902,-0.256010264158,1.0,0.384519547224,-0.18683168292,1.09909296036
0.322420537472,-0.246148899198,1.0,0.379063248634,-0.181775689125,1.09815013409
0.302696436644,-0.226892784238,1.0,0.360605537891,-0.16631989181,1.09435105324
0.292739480734,-0.217480704188,1.0,0.354311257601,-0.161928400397,1.09336853027
0.272774964571,-0.199169889092,1.0,0.333584398031,-0.148790806532,1.08911800385
0.26279386878,-0.19027505815,1.0,0.326753109694,-0.145100176334,1.08816838264
0.233057036996,-0.16469630599,1.0,0.296933859587,-0.130688816309,1.08318448067
0.213560849428,-0.148607313633,1.0,0.27280831337,-0.12162822485,1.07894766331
0.185137808323,-0.126016452909,1.0,0.239291504025,-0.1126184389,1.07357871532
0.175928756595,-0.118901915848,1.0,0.231087297201,-0.110812552273,1.0725466013
0.158043980598,-0.10535441339,1.0,0.204026937485,-0.106125466526,1.06901192665
0.132631242275,-0.0866879597306,1.0,0.167887791991,-0.101821780205,1.06462311745
0.124583244324,-0.0809137001634,1.0,0.159181624651,-0.101256765425,1.06393945217
0.109204977751,-0.0700583830476,1.0,0.131206825376,-0.0993661209941,1.06045639515
0.101868264377,-0.0649609342217,1.0,0.122468054295,-0.0991011708975,1.05993938446
0.0879926085472,-0.055462770164,1.0,0.094677567482,-0.0978299826384,1.05750477314
0.0691730380058,-0.0428783036768,1.0,0.0586263537407,-0.0962650254369,1.05494499207
0.0634439587593,-0.0391161255538,1.0,0.0501516908407,-0.0963603407145,1.05464088917
0.0528510175645,-0.0322465226054,1.0,0.0234130565077,-0.0958381146193,1.05329811573
0.0479599609971,-0.0291134472936,1.0,0.0154626220465,-0.0957081988454,1.05324006081
0.0390444435179,-0.0234678965062,1.0,-0.00951255857944,-0.0948129892349,1.05290341377
0.0349879488349,-0.0209282562137,1.0,-0.017057955265,-0.0943882465363,1.05293834209
0.0277065318078,-0.0164178293198,1.0,-0.0398022457957,-0.0927801802754,1.05250048637
0.0244544409215,-0.0144244553521,1.0,-0.0470323599875,-0.0922107100487,1.05277657509
0.0187233593315,-0.0109459506348,1.0,-0.0673540532589,-0.0895267948508,1.05249583721
0.0118975415826,-0.00686686160043,1.0,-0.0920983478427,-0.0850201100111,1.05400574207
0.0100451558828,-0.0057735950686,1.0,-0.0979172587395,-0.0833975896239,1.05441212654
0.00570915779099,-0.00324233085848,1.0,-0.118200540543,-0.0764861181378,1.05668389797
0.00287766219117,-0.00161575351376,1.0,-0.134574279189,-0.0672199949622,1.05906450748
0.00166637159418,-0.000928865745664,1.0,-0.143950939178,-0.0594818741083,1.06128394604
0.00121802010108,-0.000676508410834,1.0,-0.146419420838,-0.0564233660698,1.06239116192
0.000140596457641,-7.68683530623e-05,1.0,-0.155494898558,-0.0331492312253,1.07002818584
7.37110312912e-05,-4.01769393648e-05,1.0,-0.155447080731,-0.0292610879987,1.07141876221
1.3090376342e-05,-7.16718477634e-06,1.0,-0.15359133482,-0.0180899091065,1.07586014271
3.70535803995e-06,-2.07867537938e-06,1.0,-0.152306601405,-0.0135145513341,1.07743859291
4.22576732717e-07,-3.53164182343e-07,1.0,-0.147192388773,-0.00123313779477,1.08274352551
4.77904166019e-07,-3.55224102577e-07,1.0,-0.144617512822,0.00404150644317,1.08472418785
4.77904166019e-07,-3.55224102577e-07,1.0,-0.132988587022,0.0224983356893,1.09225666523
4.77904166019e-07,-3.55224102577e-07,1.0,-0.122358061373,0.036324582994,1.09788060188
4.77904166019e-07,-3.55224102577e-07,1.0,-0.11777086556,0.0417404845357,1.10027897358
4.77904166019e-07,-3.55224102577e-07,1.0,-0.105105750263,0.0553187616169,1.10672843456
4.77904166019e-07,-3.55224102577e-07,1.0,-0.0998619869351,0.0604864470661,1.10933506489
4.77904166019e-07,-3.55224102577e-07,1.0,-0.0857282951474,0.0738906562328,1.1162955761
4.77904166019e-07,-3.55224102577e-07,1.0,-0.0799363702536,0.0789414048195,1.11939895153
4.77904166019e-07,-3.55224102577e-07,1.0,-0.0651861354709,0.0912419110537,1.12730669975
4.77904166019e-07,-3.55224102577e-07,1.0,-0.0592715963721,0.0959581881762,1.13032698631
4.77904166019e-07,-3.55224102577e-07,1.0,-0.0445144735277,0.106884784997,1.13844311237
4.77904166019e-07,-3.55224102577e-07,1.0,-0.0391052886844,0.110691711307,1.14151358604
4.77904166019e-07,-3.55224102577e-07,1.0,-0.0238966830075,0.121259786189,1.14937448502
4.77904166019e-07,-3.55224102577e-07,1.0,-0.0185956656933,0.124683432281,1.15235424042
4.77904166019e-07,-3.55224102577e-07,1.0,-0.00381467165425,0.134385108948,1.15918648243
4.77904166019e-07,-3.55224102577e-07,1.0,0.000803309259936,0.137316182256,1.16145265102
4.77904166019e-07,-3.55224102577e-07,1.0,0.0144944740459,0.146009325981,1.16743385792
4.77904166019e-07,-3.55224102577e-07,1.0,0.0188171695918,0.148653894663,1.16926646233
4.77904166019e-07,-3.55224102577e-07,1.0,0.0313232988119,0.156260296702,1.17420852184
4.77904166019e-07,-3.55224102577e-07,1.0,0.0351839698851,0.158548533916,1.1756541729
4.77904166019e-07,-3.55224102577e-07,1.0,0.0459050796926,0.165019467473,1.17895174026
4.77904166019e-07,-3.55224102577e-07,1.0,0.0491705015302,0.166940465569,1.17988860607
4.77904166019e-07,-3.55224102577e-07,1.0,0.0582971721888,0.172481611371,1.18122076988
4.77904166019e-07,-3.55224102577e-07,1.0,0.0634011998773,0.175630107522,1.18212044239
4.77904166019e-07,-3.55224102577e-07,1.0,0.0683147832751,0.178854525089,1.1811286211
4.77904166019e-07,-3.55224102577e-07,1.0,0.0720302984118,0.181349173188,1.18093156815
4.77904166019e-07,-3.55224102577e-07,1.0,0.0752543434501,0.183765932918,1.17945253849
4.77904166019e-07,-3.55224102577e-07,1.0,0.0777065679431,0.185868024826,1.17758452892
4.77904166019e-07,-3.55224102577e-07,1.0,0.0796136111021,0.187673673034,1.17535889149
4.77904166019e-07,-3.55224102577e-07,1.0,0.0804316550493,0.189173489809,1.17291486263
4.77904166019e-07,-3.55224102577e-07,1.0,0.081172272563,0.190672874451,1.16926765442
4.77904166019e-07,-3.55224102577e-07,1.0,0.0803410187364,0.191445529461,1.16655337811
4.77904166019e-07,-3.55224102577e-07,1.0,0.0796868279576,0.192256808281,1.16239500046
4.77904166019e-07,-3.55224102577e-07,1.0,0.0774540007114,0.192536830902,1.15901827812
4.77904166019e-07,-3.55224102577e-07,1.0,0.0713290050626,0.19228605926,1.15084218979
4.77904166019e-07,-3.55224102577e-07,1.0,0.0673566609621,0.191700905561,1.14610493183
4.77904166019e-07,-3.55224102577e-07,1.0,0.0623905993998,0.190675869584,1.14226555824
4.77904166019e-07,-3.55224102577e-07,1.0,0.0573277957737,0.189543992281,1.13760757446
4.77904166019e-07,-3.55224102577e-07,1.0,0.0514092482626,0.187778741121,1.13392841816
4.77904166019e-07,-3.55224102577e-07,1.0,0.0453856065869,0.18595354259,1.12946224213
4.77904166019e-07,-3.55224102577e-07,1.0,0.0388188287616,0.183662742376,1.12640023232
4.77904166019e-07,-3.55224102577e-07,1.0,0.032009691,0.181169614196,1.12204062939
4.77904166019e-07,-3.55224102577e-07,1.0,0.024835113436,0.178382962942,1.11920082569
4.77904166019e-07,-3.55224102577e-07,1.0,0.0175370853394,0.175330191851,1.115275383
4.77904166019e-07,-3.55224102577e-07,1.0,0.0100165102631,0.172170072794,1.11258506775
4.77904166019e-07,-3.55224102577e-07,1.0,-0.00534272193909,0.1650647223,1.10672843456
4.77904166019e-07,-3.55224102577e-07,1.0,-0.0129750836641,0.161469951272,1.10342538357
4.77904166019e-07,-3.55224102577e-07,1.0,-0.0204339101911,0.157554268837,1.10159242153
4.77904166019e-07,-3.55224102577e-07,1.0,-0.0249128919095,0.155367746949,1.09731864929
4.77904166019e-07,-3.55224102577e-07,1.0,-0.0338853262365,0.150235459208,1.09704422951
4.77904166019e-07,-3.55224102577e-07,1.0,-0.0410807058215,0.146183907986,1.09431278706
4.77904166019e-07,-3.55224102577e-07,1.0,-0.0494228601456,0.141365170479,1.08869743347
4.77904166019e-07,-3.55224102577e-07,1.0,-0.054458130151,0.138078957796,1.08846199512
4.77904166019e-07,-3.55224102577e-07,1.0,-0.0596504062414,0.134672760963,1.08928394318
4.77904166019e-07,-3.55224102577e-07,1.0,-0.0651162937284,0.131031453609,1.08719027042
4.77904166019e-07,-3.55224102577e-07,1.0,-0.0701392516494,0.127463847399,1.08655846119
4.77904166019e-07,-3.55224102577e-07,1.0,-0.0747054591775,0.124023467302,1.08463144302
4.77904166019e-07,-3.55224102577e-07,1.0,-0.0788867622614,0.120764039457,1.08418226242
4.77904166019e-07,-3.55224102577e-07,1.0,-0.0824854522943,0.117815881968,1.08290815353
4.77904166019e-07,-3.55224102577e-07,1.0,-0.0859385877848,0.114735290408,1.08283948898
4.77904166019e-07,-3.55224102577e-07,1.0,-0.0888819471002,0.112076804042,1.08177530766
4.77904166019e-07,-3.55224102577e-07,1.0,-0.0913034603,0.109436266124,1.08204114437
4.77904166019e-07,-3.55224102577e-07,1.0,-0.0933326259255,0.107130937278,1.08184373379
4.77904166019e-07,-3.55224102577e-07,1.0,-0.0947737544775,0.104901172221,1.08234024048
4.77904166019e-07,-3.55224102577e-07,1.0,-0.0959488153458,0.102900288999,1.08250260353
4.77904166019e-07,-3.55224102577e-07,1.0,-0.0965117663145,0.101112425327,1.08340585232
4.77904166019e-07,-3.55224102577e-07,1.0,-0.0965117663145,0.101112425327,1.08340585232
4.77904166019e-07,-3.55224102577e-07,1.0,-0.0967896729708,0.0995601117611,1.08347284794
4.77904166019e-07,-3.55224102577e-07,1.0,-0.0967896729708,0.0995601117611,1.08347284794
4.77904166019e-07,-3.55224102577e-07,1.0,-0.0964836999774,0.0981780439615,1.08484172821
4.77904166019e-07,-3.55224102577e-07,1.0,-0.0964836999774,0.0981780439615,1.08484172821
4.77904166019e-07,-3.55224102577e-07,1.0,-0.0960066094995,0.0970474407077,1.08502089977
4.77904166019e-07,-3.55224102577e-07,1.0,-0.0960066094995,0.0970474407077,1.08502089977
4.77904166019e-07,-3.55224102577e-07,1.0,-0.0950577482581,0.0960400104523,1.08647167683
4.77904166019e-07,-3.55224102577e-07,1.0,-0.0922926217318,0.0946641787887,1.08865761757
4.77904166019e-07,-3.55224102577e-07,1.0,-0.0908847823739,0.0940871760249,1.08939373493
4.77904166019e-07,-3.55224102577e-07,1.0,-0.0887887999415,0.0939475223422,1.09118020535
4.77904166019e-07,-3.55224102577e-07,1.0,-0.086810298264,0.0936381146312,1.09210026264
4.77904166019e-07,-3.55224102577e-07,1.0,-0.084406979382,0.0934942215681,1.09374582767
4.77904166019e-07,-3.55224102577e-07,1.0,-0.0820031687617,0.0935091003776,1.09446644783
4.77904166019e-07,-3.55224102577e-07,1.0,-0.0765307322145,0.0936595126987,1.09667944908
4.77904166019e-07,-3.55224102577e-07,1.0,-0.073394022882,0.0939847826958,1.09837269783
4.77904166019e-07,-3.55224102577e-07,1.0,-0.0705153420568,0.0942800864577,1.0988919735
4.77904166019e-07,-3.55224102577e-07,1.0,-0.0671725794673,0.0948495492339,1.10026276112
4.77904166019e-07,-3.55224102577e-07,1.0,-0.0641305372119,0.0952126309276,1.10097980499
4.77904166019e-07,-3.55224102577e-07,1.0,-0.0575462728739,0.0963778942823,1.10245573521
4.77904166019e-07,-3.55224102577e-07,1.0,-0.0541428104043,0.0969998911023,1.10357904434
4.77904166019e-07,-3.55224102577e-07,1.0,-0.0509580485523,0.0975576341152,1.1034579277
4.77904166019e-07,-3.55224102577e-07,1.0,-0.0476709678769,0.098190061748,1.1044639349
4.77904166019e-07,-3.55224102577e-07,1.0,-0.0447170957923,0.0986015349627,1.10410523415
4.77904166019e-07,-3.55224102577e-07,1.0,-0.0417310073972,0.0992430970073,1.10470449924
4.77904166019e-07,-3.55224102577e-07,1.0,-0.0390426330268,0.0997506901622,1.1044344902
4.77904166019e-07,-3.55224102577e-07,1.0,-0.0362657532096,0.10040089488,1.10469841957
4.77904166019e-07,-3.55224102577e-07,1.0,-0.0337909497321,0.100807718933,1.10434091091
4.77904166019e-07,-3.55224102577e-07,1.0,-0.0313303358853,0.101321645081,1.10431826115
4.77904166019e-07,-3.55224102577e-07,1.0,-0.0291213691235,0.101776123047,1.10363948345
4.77904166019e-07,-3.55224102577e-07,1.0,-0.0271391998976,0.102178126574,1.10377848148
4.77904166019e-07,-3.55224102577e-07,1.0,-0.0253190994263,0.102735720575,1.10274755955
4.77904166019e-07,-3.55224102577e-07,1.0,-0.023781625554,0.103104755282,1.10294508934
4.77904166019e-07,-3.55224102577e-07,1.0,-0.0223992541432,0.103466957808,1.10210621357
4.77904166019e-07,-3.55224102577e-07,1.0,-0.021244565025,0.103946469724,1.10197877884
4.77904166019e-07,-3.55224102577e-07,1.0,-0.0203372053802,0.104187369347,1.10146260262
4.77904166019e-07,-3.55224102577e-07,1.0,-0.0195841006935,0.104720756412,1.10118818283
4.77904166019e-07,-3.55224102577e-07,1.0,-0.0190913341939,0.10511251539,1.10025119781
4.77904166019e-07,-3.55224102577e-07,1.0,-0.0185566581786,0.105584964156,1.09711992741
4.77904166019e-07,-3.55224102577e-07,1.0,-0.0187342856079,0.106510967016,1.09569823742
4.77904166019e-07,-3.55224102577e-07,1.0,-0.019348949194,0.10666397959,1.09796214104
4.77904166019e-07,-3.55224102577e-07,1.0,-0.019348949194,0.10666397959,1.09796214104
4.77904166019e-07,-3.55224102577e-07,1.0,-0.0197593551129,0.107031598687,1.09450125694
4.77904166019e-07,-3.55224102577e-07,1.0,-0.0216747317463,0.107016474009,1.09353852272
4.77904166019e-07,-3.55224102577e-07,1.0,-0.0228543635458,0.106845885515,1.0960675478
4.77904166019e-07,-3.55224102577e-07,1.0,-0.0241817571223,0.106797225773,1.09284579754
4.77904166019e-07,-3.55224102577e-07,1.0,-0.0254129059613,0.106691621244,1.09501004219
4.77904166019e-07,-3.55224102577e-07,1.0,-0.0270344801247,0.106536544859,1.09187042713
4.77904166019e-07,-3.55224102577e-07,1.0,-0.0284705832601,0.106414683163,1.09398710728
4.77904166019e-07,-3.55224102577e-07,1.0,-0.0319702103734,0.105963654816,1.09307003021
4.77904166019e-07,-3.55224102577e-07,1.0,-0.0342139974236,0.105741836131,1.08943486214
4.77904166019e-07,-3.55224102577e-07,1.0,-0.0356894470751,0.105397492647,1.09185504913
4.77904166019e-07,-3.55224102577e-07,1.0,-0.0379942283034,0.105125039816,1.08816468716
4.77904166019e-07,-3.55224102577e-07,1.0,-0.0393605642021,0.104963004589,1.09046518803
4.77904166019e-07,-3.55224102577e-07,1.0,-0.0428691394627,0.104381434619,1.08893167973
4.77904166019e-07,-3.55224102577e-07,1.0,-0.0450913496315,0.103946007788,1.08535122871
4.77904166019e-07,-3.55224102577e-07,1.0,-0.0460355132818,0.103745877743,1.08724784851
4.77904166019e-07,-3.55224102577e-07,1.0,-0.0479405336082,0.10330337286,1.08351385593
4.77904166019e-07,-3.55224102577e-07,1.0,-0.0487811714411,0.102962985635,1.08563065529
4.77904166019e-07,-3.55224102577e-07,1.0,-0.0510712899268,0.102284364402,1.08409237862
4.77904166019e-07,-3.55224102577e-07,0.999995350838,-0.0527428910136,0.101716727018,1.08238518238
4.77904166019e-07,-3.55224102577e-07,0.999957323074,-0.05371555686,0.101325929165,1.08035194874
4.77904166019e-07,-3.55224102577e-07,0.999827921391,-0.0541203282773,0.100977361202,1.0785061121
4.77904166019e-07,-3.55224102577e-07,0.999525129795,-0.0539632774889,0.100707441568,1.07707667351
4.77904166019e-07,-3.55224102577e-07,0.999177396297,-0.0537482053041,0.100624077022,1.07369077206
4.77904166019e-07,-3.55224102577e-07,0.998948097229,-0.0532417558134,0.100574560463,1.07595181465
4.77904166019e-07,-3.55224102577e-07,0.998355984688,-0.0527486205101,0.100487098098,1.07277703285
4.77904166019e-07,-3.55224102577e-07,0.997983813286,-0.0519603006542,0.100686952472,1.07467567921
4.77904166019e-07,-3.55224102577e-07,0.997069060802,-0.0511727891862,0.100731395185,1.07158982754
4.77904166019e-07,-3.55224102577e-07,0.996510446072,-0.0502544753253,0.101067468524,1.07340443134
4.77904166019e-07,-3.55224102577e-07,0.995186805725,-0.0491816401482,0.10130161792,1.0703407526
4.77904166019e-07,-3.55224102577e-07,0.994400382042,-0.0482824146748,0.101441502571,1.07258689404
4.77904166019e-07,-3.55224102577e-07,0.992583394051,-0.0469773449004,0.101626425982,1.06944811344
4.77904166019e-07,-3.55224102577e-07,0.989130735397,-0.0446412228048,0.101801238954,1.06936120987
4.77904166019e-07,-3.55224102577e-07,0.987760305405,-0.0434929430485,0.101827047765,1.07174777985
4.77904166019e-07,-3.55224102577e-07,0.984707832336,-0.0419498346746,0.101927012205,1.06905794144
4.77904166019e-07,-3.55224102577e-07,0.982983887196,-0.0407313592732,0.102245479822,1.0708823204
4.77904166019e-07,-3.55224102577e-07,0.979198396206,-0.0391143038869,0.102406539023,1.06803488731
4.77904166019e-07,-3.55224102577e-07,0.977083444595,-0.0379923768342,0.102573528886,1.0697760582
4.77904166019e-07,-3.55224102577e-07,0.969956219196,-0.0353031158447,0.102725468576,1.06827092171
4.77904166019e-07,-3.55224102577e-07,0.964506030083,-0.033640820533,0.10288067162,1.06456243992
4.77904166019e-07,-3.55224102577e-07,0.961513698101,-0.0326632633805,0.102831415832,1.06609582901
4.77904166019e-07,-3.55224102577e-07,0.955140709877,-0.0310829151422,0.102855987847,1.06202244759
4.77904166019e-07,-3.55224102577e-07,0.951673984528,-0.0301655624062,0.102915376425,1.06306433678
4.77904166019e-07,-3.55224102577e-07,0.944339096546,-0.0287337079644,0.102957807481,1.05880320072
4.77904166019e-07,-3.55224102577e-07,0.940376281738,-0.0279697477818,0.103077061474,1.05893719196
4.77904166019e-07,-3.55224102577e-07,0.932046473026,-0.0267308112234,0.103135272861,1.05394923687
4.77904166019e-07,-3.55224102577e-07,0.927573621273,-0.0261451080441,0.103021338582,1.05406951904
4.77904166019e-07,-3.55224102577e-07,0.918222844601,-0.0250007193536,0.102940484881,1.04826331139
4.77904166019e-07,-3.55224102577e-07,0.913242995739,-0.0246638897806,0.102790363133,1.04821741581
4.77904166019e-07,-3.55224102577e-07,0.902863919735,-0.0237255673856,0.102674596012,1.04149854183
4.77904166019e-07,-3.55224102577e-07,0.897355675697,-0.0233830437064,0.102829627693,1.04057180882
4.77904166019e-07,-3.55224102577e-07,0.885943472385,-0.0226853005588,0.102835901082,1.03310954571
4.77904166019e-07,-3.55224102577e-07,0.879921793938,-0.022530997172,0.102702043951,1.03126633167
4.77904166019e-07,-3.55224102577e-07,0.86749202013,-0.0221297517419,0.102499142289,1.02264404297
4.77904166019e-07,-3.55224102577e-07,0.860956251621,-0.0221322048455,0.102470614016,1.0200574398
4.77904166019e-07,-3.55224102577e-07,0.847536623478,-0.0218169726431,0.102302730083,1.01010870934
4.77904166019e-07,-3.55224102577e-07,0.840511143208,-0.0219685379416,0.102117687464,1.00669789314
4.77904166019e-07,-3.55224102577e-07,0.82612490654,-0.0219721123576,0.101950995624,0.995498776436
4.77904166019e-07,-3.55224102577e-07,0.779201507568,-0.0233825519681,0.10124257952,0.960930168629
4.77904166019e-07,-3.55224102577e-07,0.762060463428,-0.0246012117714,0.100917093456,0.949819087982
4.77904166019e-07,-3.55224102577e-07,0.753867805004,-0.0249960552901,0.10078112036,0.940798103809
4.77904166019e-07,-3.55224102577e-07,0.735961437225,-0.0262256078422,0.100388780236,0.928988993168
4.77904166019e-07,-3.55224102577e-07,0.727433025837,-0.0267529506236,0.100221477449,0.919283866882
4.77904166019e-07,-3.55224102577e-07,0.708798527718,-0.0282694417983,0.0998629033566,0.906237185001
4.77904166019e-07,-3.55224102577e-07,0.699966073036,-0.0289110112935,0.0997210815549,0.895966291428
4.77904166019e-07,-3.55224102577e-07,0.680738210678,-0.0301821306348,0.0998110920191,0.882018744946
4.77904166019e-07,-3.55224102577e-07,0.671643793583,-0.030863346532,0.0997360274196,0.871130764484
4.77904166019e-07,-3.55224102577e-07,0.65190166235,-0.0324387811124,0.0994266420603,0.855764865875
4.77904166019e-07,-3.55224130999e-07,0.642590045929,-0.033197902143,0.0993054956198,0.844162940979
4.77904166019e-07,-3.55224130999e-07,0.622432112694,-0.0346287488937,0.0991542860866,0.828070163727
4.77904166019e-07,-3.55224130999e-07,0.612950444221,-0.0354006662965,0.0990674123168,0.815903127193
4.77904166019e-07,-3.55224130999e-07,0.592479586601,-0.0369954705238,0.0990222394466,0.798821091652
4.77904166019e-07,-3.55224130999e-07,0.582876503468,-0.0378207154572,0.0989708676934,0.786149024963
4.77904166019e-07,-3.55224130999e-07,0.56219124794,-0.0391907170415,0.098671913147,0.767744660378
4.77904166019e-07,-3.55224130999e-07,0.552524805069,-0.039979249239,0.0985367968678,0.754444003105
4.77904166019e-07,-3.55224130999e-07,0.532196164131,-0.0416575707495,0.0983880460262,0.730629205704
4.77904166019e-07,-3.55224130999e-07,0.522054255009,-0.0421130880713,0.0984538197517,0.722657561302
4.77904166019e-07,-3.55224130999e-07,0.501735806465,-0.0437366515398,0.0984046235681,0.69685703516
4.77904166019e-07,-3.55224130999e-07,0.471393167973,-0.0456039682031,0.0983800068498,0.662247538567
4.77904166019e-07,-3.55224130999e-07,0.461406886578,-0.0458732880652,0.0985150784254,0.654730558395
4.77904166019e-07,-3.55224130999e-07,0.441382139921,-0.0469984635711,0.0986551046371,0.627707064152
4.77904166019e-07,-3.55224130999e-07,0.43154001236,-0.0473122149706,0.0986450761557,0.619911909103
4.77904166019e-07,-3.55224130999e-07,0.411842316389,-0.0482612550259,0.098360478878,0.592085540295
4.77904166019e-07,-3.55224159421e-07,0.402157068253,-0.0484113432467,0.0983557775617,0.584308207035
4.77904166019e-07,-3.55224159421e-07,0.382909059525,-0.0490040741861,0.098409473896,0.556152522564
4.77904166019e-07,-3.55224159421e-07,0.373467713594,-0.0490131936967,0.0984588265419,0.548344016075
4.77904166019e-07,-3.55224159421e-07,0.354734688997,-0.0493271835148,0.0982474759221,0.5207939744
