0.0,0.0,0.0,0.0315161421895,-0.0961785539985,0.0712411478162
0.0,0.0,0.0,0.0315171778202,-0.0961787998676,0.0708297789097
0.0,0.0,0.0,0.0315198041499,-0.0961774289608,0.0708419233561
0.0,0.0,0.0,0.0315196737647,-0.0961785688996,0.0712775662541
0.0,0.0,0.0,0.0315204784274,-0.0961786210537,0.0708391368389
0.0,0.0,0.0,0.0315201096237,-0.09617934376,0.0712774321437
0.0,0.0,0.0,0.0315175801516,-0.0961785838008,0.0708459839225
0.0,0.0,0.0,0.0315180420876,-0.0961781144142,0.0712781026959
0.0,0.0,0.0,0.0315181910992,-0.0961800515652,0.0708403736353
0.0,0.0,0.0,0.0315194129944,-0.0961797684431,0.071276716888
0.0,0.0,0.0,0.0315204747021,-0.0961768999696,0.0710409730673
0.0,0.0,0.0,0.0315216816962,-0.0961764752865,0.071324326098
0.0,0.0,0.0,0.0315208844841,-0.0961754247546,0.0708670169115
0.0,0.0,0.0,0.0315178781748,-0.0961755886674,0.0712767466903
0.0,0.0,0.0,0.0315191224217,-0.0961755663157,0.0710377246141
0.0,0.0,0.0,0.0315176136792,-0.0961755365133,0.0713167488575
0.0,0.0,0.0,0.0315146706998,-0.0961756929755,0.0710572749376
0.0,0.0,0.0,0.0315145850182,-0.0961751416326,0.0713108032942
0.0,0.0,0.0,0.0315140150487,-0.0961733087897,0.0710520967841
0.0,0.0,0.0,0.03151217103,-0.0961744859815,0.0713174939156
0.0,0.0,0.0,0.0315151065588,-0.0961746424437,0.0713135749102
0.0,0.0,0.0,0.0315125770867,-0.0961769595742,0.071056842804
0.0,0.0,0.0,0.0315113402903,-0.0961752161384,0.0713220834732
0.0,0.0,0.0,0.0315136685967,-0.0961775481701,0.0710610076785
0.0,0.0,0.0,0.0315159969032,-0.0961770862341,0.0713205039501
0.0,0.0,0.0,0.0315163098276,-0.0961778461933,0.0710575059056
0.0,0.0,0.0,0.0315180458128,-0.0961793139577,0.0713175833225
0.0,0.0,0.0,0.0315178520977,-0.0961795076728,0.0710568875074
0.0,0.0,0.0,0.0315167307854,-0.0961816236377,0.0714422985911
0.0,0.0,0.0,0.0315182097256,-0.096182949841,0.0711339339614
0.0,0.0,0.0,0.0315192490816,-0.0961827114224,0.0714535191655
0.0,0.0,0.0,0.0315166115761,-0.0961824730039,0.0711368173361
0.0,0.0,0.0,0.0315150469542,-0.0961823016405,0.0714535713196
0.0,0.0,0.0,0.0315147303045,-0.0961839258671,0.0711400285363
0.0,0.0,0.0,0.0315153487027,-0.0961831733584,0.0714605227113
0.0,0.0,0.0,0.0315155051649,-0.0961835682392,0.0711408481002
0.0,0.0,0.0,0.0315137393773,-0.0961831584573,0.0714509859681
0.0,0.0,0.0,0.0315116010606,-0.0961839929223,0.0711326003075
0.0,0.0,0.0,0.0315129607916,-0.0961825698614,0.0714441165328
0.0,0.0,0.0,0.0315149649978,-0.0961832478642,0.0711266845465
0.0,0.0,0.0,0.0315154157579,-0.096184656024,0.0714523643255
0.0,0.0,0.0,0.0315152965486,-0.0961829945445,0.0714477077127
0.0,0.0,0.0,0.0315181240439,-0.0961859747767,0.0711385086179
0.0,0.0,0.0,0.0315196551383,-0.0961864590645,0.0714548379183
0.0,0.0,0.0,0.0315210595727,-0.0961813032627,0.0711401700974
0.0,0.0,0.0,0.0315215736628,-0.0961816757917,0.071456104517
0.0,0.0,0.0,0.0315225087106,-0.0961800515652,0.0711341947317
0.0,0.0,0.0,0.0315223075449,-0.0961786359549,0.0714510977268
0.0,0.0,0.0,0.0315209366381,-0.0961800739169,0.0711367502809
0.0,0.0,0.0,0.0315179415047,-0.0961806848645,0.0714570730925
0.0,0.0,0.0,0.0315181575716,-0.096179895103,0.0711415186524
0.0,0.0,0.0,0.0315205305815,-0.0961791425943,0.0714529752731
0.0,0.0,0.0,0.031522937119,-0.0961806476116,0.0711305588484
0.0,0.0,0.0,0.0315228365362,-0.0961817353964,0.0714537724853
0.0,0.0,0.0,0.031521204859,-0.0961804986,0.0703550204635
0.0,0.0,0.0,0.0315175168216,-0.0961821228266,0.0706453993917
0.0,0.0,0.0,0.0315175391734,-0.0961831361055,0.0709454864264
0.0,0.0,0.0,0.0315184928477,-0.0961843207479,0.0706146284938
0.0,0.0,0.0,0.0315201915801,-0.0961841195822,0.0706073343754
0.0,0.0,0.0,0.0315142944455,-0.0961764082313,0.070094011724
0.0,0.0,0.0,0.0315172746778,-0.0961808115244,0.0706223398447
0.0,0.0,0.0,0.0315084196627,-0.0961860492826,0.0696386098862
0.0,0.0,0.0,0.0315111540258,-0.0961853712797,0.0696658343077
0.0,0.0,0.0,0.031507525593,-0.0961844474077,0.0696683973074
0.0,0.0,0.0,0.0315115824342,-0.0961822792888,0.0699456185102
0.0,0.0,0.0,0.0315119363368,-0.0961845889688,0.0700962692499
0.0,0.0,0.0,0.0315156690776,-0.09618396312,0.0701692923903
0.0,0.0,0.0,0.0315149128437,-0.0961824432015,0.0701972767711
0.0,0.0,0.0,0.0315172970295,-0.0961822345853,0.070957288146
0.0,0.0,0.0,0.0315179117024,-0.0961819365621,0.0682641267776
0.0,0.0,0.0,0.0315189212561,-0.0961816385388,0.0689814984798
0.0,0.0,0.0,0.0315112248063,-0.096179574728,0.0686761364341
0.0,0.0,0.0,0.0315072908998,-0.0961804017425,0.0692672654986
0.0,0.0,0.0,0.0315057076514,-0.0961804017425,0.0659863352776
0.0,0.0,0.0,0.0315067581832,-0.0961789414287,0.0667515173554
0.0,0.0,0.0,0.0315066836774,-0.0961811169982,0.0696556344628
0.0,0.0,0.0,0.0315035842359,-0.0961801558733,0.0710797905922
0.0,0.0,0.0,0.0315046049654,-0.0961797982454,0.0711882784963
0.0,0.0,0.0,0.0315046049654,-0.0961797982454,0.0711882784963
0.0,0.0,0.0,0.0315067954361,-0.0961823835969,0.0712151899934
0.0,0.0,0.0,0.0315067954361,-0.0961823835969,0.0712151899934
0.0,0.0,0.0,0.0315069369972,-0.0961825326085,0.0712045133114
0.0,0.0,0.0,0.0315069369972,-0.0961825326085,0.0712045133114
0.0,0.0,0.0,0.0315073467791,-0.0961830541492,0.0684800520539
0.0,0.0,0.0,0.0315023772418,-0.0961817800999,0.0678185969591
0.0,0.0,0.0,0.0315014310181,-0.0961826518178,0.070329092443
0.0,0.0,0.0,0.0315005928278,-0.0961828753352,0.0674958452582
0.0,0.0,0.0,0.0314997546375,-0.0961830988526,0.0636815950274
0.0,0.0,0.0,0.0315002910793,-0.0961802452803,0.0693323463202
0.0,0.0,0.0,0.0314998440444,-0.0961796864867,0.0661845952272
0.0,0.0,0.0,0.0314987301826,-0.0961815714836,0.069528773427
0.0,0.0,0.0,0.0314980596304,-0.096181795001,0.0663093402982
0.0,0.0,0.0,0.0315019860864,-0.0961787626147,0.0704369395971
0.0,0.0,0.0,0.0315101891756,-0.096177957952,0.071436047554
0.0315101891756,-0.096177957952,0.071436047554,0.0315126106143,-0.0961773619056,0.0688124746084
0.0315101891756,-0.096177957952,0.0714360997081,0.0315177626908,-0.0961767584085,0.0718612745404
0.0315101891756,-0.096177957952,0.0714363381267,0.0315219908953,-0.0961763486266,0.0694016367197
0.0315101891756,-0.096177957952,0.0714369490743,0.0315216518939,-0.0961774811149,0.069558031857
0.0315101891756,-0.096177957952,0.0714382603765,0.0315173007548,-0.0961762666702,0.0719104483724
0.0315101891756,-0.096177957952,0.0714406594634,0.031518176198,-0.0961757451296,0.0694918632507
0.0315101891756,-0.096177957952,0.0714444965124,0.031517021358,-0.0961796715856,0.0695757120848
0.0315101891756,-0.096177957952,0.071533061564,0.0313440039754,-0.0961644425988,0.0700358822942
0.0315101891756,-0.096177957952,0.0716058462858,0.0313101634383,-0.0960433259606,0.0705206096172
0.0315101891756,-0.096177957952,0.0716538354754,0.0313238427043,-0.0959880277514,0.0708416923881
0.0315101891756,-0.096177957952,0.0717799812555,0.0316426455975,-0.0957163125277,0.0717538222671
0.0315101891756,-0.096177957952,0.0720584020019,0.0326246134937,-0.0949961915612,0.0741878598928
0.0315101891756,-0.096177957952,0.0721793323755,0.0329900383949,-0.0947302803397,0.0751268416643
0.0315101891756,-0.096177957952,0.072472512722,0.0340873710811,-0.0937253311276,0.0782000795007
0.0315101891756,-0.096177957952,0.0726462081075,0.0345475114882,-0.0932930484414,0.0796278119087
0.0315101891756,-0.096177957952,0.0730562880635,0.0358524546027,-0.0919669345021,0.0837636142969
0.0315101891756,-0.096177957952,0.0732940286398,0.0363208800554,-0.0915183797479,0.0854752287269
0.0315101891756,-0.096177957952,0.0738447383046,0.037695672363,-0.0902795940638,0.0910251364112
0.0315101891756,-0.096177957952,0.0741589814425,0.0381236486137,-0.0899004563689,0.0931561365724
0.0315101891756,-0.096177957952,0.0752796530724,0.0396226979792,-0.0885636582971,0.103064209223
0.0315101891756,-0.096177957952,0.0761863738298,0.0403935052454,-0.0879375487566,0.11048181355
0.0315101891756,-0.096177957952,0.0766935124993,0.0407085679471,-0.0877507030964,0.113363884389
0.0315101891756,-0.096177957952,0.0797944515944,0.0421349219978,-0.0876601189375,0.130516588688
0.0315101891756,-0.096177957952,0.0805426687002,0.0422378182411,-0.0878275185823,0.133054450154
0.0315101891756,-0.096177957952,0.0821651369333,0.0425170399249,-0.0883701443672,0.140022411942
0.0315101891756,-0.096177957952,0.0830520689487,0.0426042452455,-0.0886629521847,0.142401203513
0.0315101891756,-0.096177957952,0.0860016420484,0.0427367314696,-0.0902281701565,0.150408327579
0.0315101891756,-0.096177957952,0.0882271379232,0.042774092406,-0.0917890891433,0.155567154288
0.0315101891756,-0.096177957952,0.0894177481532,0.042859070003,-0.0924148783088,0.157291382551
0.0315101891756,-0.096177957952,0.0919752642512,0.0428429059684,-0.0943435505033,0.161690205336
0.0315101891756,-0.096177957952,0.0933397188783,0.042759090662,-0.0951827615499,0.163208261132
0.0315101891756,-0.096177957952,0.0962520241737,0.0425717495382,-0.0977723151445,0.16682420671
0.0315101891756,-0.096177957952,0.0977998897433,0.0425105467439,-0.098683103919,0.168091624975
0.0315101891756,-0.096177957952,0.101082704961,0.0423144474626,-0.101508669555,0.170781940222
0.0315101891756,-0.096177957952,0.102818086743,0.0422543510795,-0.10246617347,0.171787366271
0.0315101891756,-0.096177957952,0.106489382684,0.041971065104,-0.105687700212,0.174351811409
0.0315101891756,-0.096177957952,0.108424253762,0.0418732501566,-0.10680025816,0.175370812416
0.0315101891756,-0.096177957952,0.112499423325,0.04153893888,-0.110454365611,0.17758873105
0.0315101891756,-0.096177957952,0.114639639854,0.0414364375174,-0.111706025898,0.17869861424
0.0315101891756,-0.096177957952,0.119132101536,0.0410651639104,-0.115687668324,0.181076347828
0.0315101891756,-0.096177957952,0.126403138041,0.0404404215515,-0.121283955872,0.184879824519
0.0315101891756,-0.096177957952,0.128973662853,0.0402754098177,-0.122629061341,0.186021313071
0.0315101891756,-0.096177957952,0.134330883622,0.0399128459394,-0.127071678638,0.189016953111
0.0315101891756,-0.096177957952,0.137122511864,0.0397433899343,-0.128442138433,0.190283611417
0.0315101891756,-0.096177957952,0.142924949527,0.0391936264932,-0.132932379842,0.193343430758
0.0315101891756,-0.096177957952,0.145943164825,0.0390214547515,-0.134303465486,0.194793149829
0.0315101891756,-0.096177957952,0.155435666442,0.0382465198636,-0.14003148675,0.20003208518
0.0315101891756,-0.096177957952,0.162141680717,0.0375791192055,-0.14419721067,0.204353317618
0.0315101891756,-0.096177957952,0.165610894561,0.0373500809073,-0.145428597927,0.206199854612
0.0315101891756,-0.096177957952,0.169183507562,0.037105627358,-0.146941363811,0.208240807056
0.0315101891756,-0.096177957952,0.180265054107,0.0359978787601,-0.151745542884,0.215273067355
0.0315101891756,-0.096177957952,0.187992051244,0.0352000705898,-0.154939189553,0.220751538873
0.0315101891756,-0.096177957952,0.191982164979,0.0349179692566,-0.155925258994,0.222952321172
0.0315101891756,-0.096177957952,0.20019441843,0.0341113843024,-0.158831194043,0.229241415858
0.0315101891756,-0.096177957952,0.204409569502,0.0338205955923,-0.159640297294,0.231563091278
0.0315101891756,-0.096177957952,0.213062375784,0.0330214984715,-0.161945149302,0.238683775067
0.0315101891756,-0.096177957952,0.217495679855,0.0327421203256,-0.162549376488,0.24114793539
0.0315101891756,-0.096177957952,0.226580291986,0.0319363810122,-0.16428938508,0.248698204756
0.0315101891756,-0.096177957952,0.231230437756,0.0316890366375,-0.164716243744,0.251471191645
0.0315101891756,-0.096177957952,0.240732297301,0.0307443607599,-0.165996193886,0.259420096874
0.0315101891756,-0.0961779654026,0.245586156845,0.0302925668657,-0.16680778563,0.260120838881
0.0315101891756,-0.0961779654026,0.260553866625,0.0292405635118,-0.167321115732,0.274271935225
0.0315101891756,-0.0961779654026,0.270856499672,0.0283962767571,-0.16777549684,0.283686637878
0.0315101891756,-0.0961779654026,0.276107192039,0.0280802343041,-0.167893305421,0.286916524172
0.0315101891756,-0.0961779654026,0.286786109209,0.0272412821651,-0.168081745505,0.29675462842
0.0315101891756,-0.0961779654026,0.292224735022,0.0269836336374,-0.168055132031,0.300122469664
0.0315101891756,-0.0961779654026,0.303261369467,0.0261282902211,-0.167983993888,0.310578525066
0.0315101891756,-0.0961779654026,0.308865606785,0.0258399732411,-0.167889803648,0.314213782549
0.0315101891756,-0.0961779654026,0.320252865553,0.0249840524048,-0.167595997453,0.325434237719
0.0315101891756,-0.0961779654026,0.326016008854,0.0247362032533,-0.167432889342,0.329219698906
0.0315101891756,-0.0961779654026,0.337719351053,0.0239170771092,-0.166899740696,0.340887755156
0.0315101891756,-0.0961779654026,0.343638986349,0.0236228890717,-0.166775777936,0.344770103693
0.0315101891756,-0.0961779654026,0.355625718832,0.0228003636003,-0.166161701083,0.356782585382
0.0315101891756,-0.0961779654026,0.361685305834,0.0226218029857,-0.166039720178,0.360894918442
0.0315101891756,-0.0961779654026,0.37393951416,0.0220379997045,-0.165596842766,0.372409462929
0.0315101891756,-0.0961779654026,0.380126416683,0.0218613259494,-0.165445417166,0.377345353365
0.0315101891756,-0.0961779654026,0.392626971006,0.0214018113911,-0.165123999119,0.389601379633
0.0315101891756,-0.0961779654026,0.398927867413,0.0212523639202,-0.164972811937,0.39454844594
0.0315101891756,-0.0961779728532,0.411637783051,0.0209994912148,-0.164647087455,0.407654196024
0.0315101891756,-0.0961779728532,0.418058782816,0.0208116583526,-0.164495691657,0.412948429585
0.0315101891756,-0.0961779728532,0.430924981833,0.0204955879599,-0.164332598448,0.42634883523
0.0315101891756,-0.0961779728532,0.437431842089,0.0203611254692,-0.164195582271,0.431853711605
0.0315101891756,-0.0961779728532,0.450459778309,0.0199666116387,-0.164050415158,0.44565731287
0.0315101891756,-0.0961779728532,0.457027763128,0.0198257584125,-0.164032444358,0.451423794031
0.0315101891756,-0.0961779728532,0.470202982426,0.0193834658712,-0.164152488112,0.466092437506
0.0315101891756,-0.0961779728532,0.476811766624,0.0193030964583,-0.164170965552,0.471967697144
0.0315101891756,-0.0961779728532,0.490099012852,0.0189798176289,-0.16437497735,0.486830115318
0.0315101929009,-0.0961779728532,0.496738344431,0.0188312400132,-0.164513289928,0.492803066969
0.0315101929009,-0.0961779803038,0.510096848011,0.0186091922224,-0.164758890867,0.505812048912
0.0315101929009,-0.0961779803038,0.530149281025,0.018586916849,-0.165546000004,0.529226660728
0.0315101929009,-0.0961779803038,0.536833524704,0.0186061058193,-0.165811121464,0.535398006439
0.0315101929009,-0.0961779803038,0.55021494627,0.0189358573407,-0.166576236486,0.552037715912
0.0315101929009,-0.0961779803038,0.556893050671,0.0191176924855,-0.166862770915,0.557766020298
0.0315101929009,-0.0961779877543,0.570246577263,0.0198402050883,-0.167681366205,0.574571788311
0.0315101929009,-0.0961779877543,0.576913297176,0.0201060213149,-0.168015018106,0.58044230938
0.0315101929009,-0.0961779877543,0.590202629566,0.0208419058472,-0.169033318758,0.597087800503
0.0315101929009,-0.0961779877543,0.596831917763,0.0212199874222,-0.169392496347,0.603020846844
0.0315101929009,-0.0961779877543,0.610026299953,0.0222676414996,-0.170509129763,0.619957089424
0.0315101929009,-0.0961779877543,0.616602897644,0.0226056855172,-0.170842707157,0.625872015953
0.0315101929009,-0.0961779952049,0.629686713219,0.0234288629144,-0.171746611595,0.634067773819
0.0315101929009,-0.0961779952049,0.636195719242,0.0240705627948,-0.172156706452,0.645876646042
0.0315101929009,-0.0961779952049,0.649123966694,0.0255909021944,-0.17327581346,0.665341615677
0.0315101929009,-0.0961779952049,0.655550062656,0.0259740445763,-0.173454090953,0.671509861946
0.0315101929009,-0.0961779952049,0.668304026127,0.02727063559,-0.174350097775,0.689148366451
0.0315101929009,-0.0961780026555,0.674623310566,0.0279262978584,-0.174576193094,0.695259213448
0.0315101929009,-0.0961780026555,0.687159240246,0.0295434854925,-0.175189867616,0.712527155876
0.0315101929009,-0.0961780026555,0.693382203579,0.0300793778151,-0.175385475159,0.718512177467
0.0315101929009,-0.0961780026555,0.705677866936,0.0315776355565,-0.176018446684,0.735361874104
0.0315101929009,-0.0961780101061,0.711776435375,0.0321352034807,-0.176132336259,0.741272807121
0.0315101966262,-0.0961780101061,0.723810851574,0.033873565495,-0.176563829184,0.758290886879
0.0315101966262,-0.0961780101061,0.729776382446,0.0343505851924,-0.176636785269,0.764015614986
0.0315101966262,-0.0961780101061,0.74152892828,0.0359801016748,-0.17686894536,0.78061068058
0.0315101966262,-0.0961780175567,0.747336030006,0.0364889092743,-0.176877886057,0.786145210266
0.0315101966262,-0.0961780175567,0.758782207966,0.0379711762071,-0.176788553596,0.802225708961
0.0315101966262,-0.0961780175567,0.764432251453,0.0383936204016,-0.176801472902,0.807741761208
0.0315101966262,-0.0961780250072,0.775537371635,0.0396988987923,-0.176289126277,0.822755277157
0.0315101966262,-0.0961780250072,0.781015992165,0.0401634201407,-0.176105648279,0.828016936779
0.0315101966262,-0.0961780250072,0.791776299477,0.0413960441947,-0.175527781248,0.842793643475
0.0315101966262,-0.0961780324578,0.797069251537,0.0418296307325,-0.175237044692,0.847908079624
0.0315101966262,-0.0961780324578,0.807457506657,0.0430965647101,-0.174250245094,0.863249957561
0.0315101966262,-0.0961780324578,0.812559008598,0.0434947386384,-0.173886448145,0.86810529232
0.0315102003515,-0.0961780399084,0.822554111481,0.0446235910058,-0.172730654478,0.881919085979
0.0315102003515,-0.0961780399084,0.827464461327,0.0449423417449,-0.172266468406,0.886663615704
0.0315102003515,-0.096178047359,0.841751456261,0.0462863706052,-0.170292153955,0.904319882393
0.0315102003515,-0.0961780548096,0.850923717022,0.0472854673862,-0.168474003673,0.917691648006
0.0315102003515,-0.0961780548096,0.855433106422,0.0475755035877,-0.167865663767,0.922000527382
0.0315102003515,-0.0961780622602,0.864152610302,0.0484860129654,-0.165913626552,0.934758245945
0.0315102003515,-0.0961780622602,0.86845266819,0.0487994737923,-0.165220916271,0.93904966116
0.0315102003515,-0.0961780622602,0.876728475094,0.0494364462793,-0.163094028831,0.950824856758
0.0315102040768,-0.0961780697107,0.88080573082,0.049606025219,-0.162325531244,0.954847693443
0.0315102040768,-0.0961780771613,0.888636469841,0.0500302910805,-0.160116672516,0.966023385525
0.0315102040768,-0.0961780771613,0.892490327358,0.0500593855977,-0.159310013056,0.969756960869
0.0315102040768,-0.0961780846119,0.899870634079,0.0501759946346,-0.156965449452,0.980375111103
0.0315102040768,-0.0961780846119,0.903496026993,0.0501192361116,-0.155962407589,0.984062552452
0.0315102040768,-0.0961780920625,0.910424172878,0.0501465909183,-0.153779029846,0.993242800236
0.0315102040768,-0.0961780920625,0.913821220398,0.0500930249691,-0.152847141027,0.996953547001
0.0315102078021,-0.0961780995131,0.920294284821,0.0499848872423,-0.15068757534,1.00567436218
0.0315102078021,-0.0961780995131,0.923462569714,0.0499713458121,-0.149882137775,1.00920832157
0.0315102078021,-0.0961781069636,0.929488837719,0.0496621131897,-0.147908106446,1.01736199856
0.0315102078021,-0.0961781144142,0.932429850101,0.0495084896684,-0.147169619799,1.02063417435
0.0315102078021,-0.0961781218648,0.93801087141,0.0490334033966,-0.145371392369,1.02835321426
0.0315102115273,-0.0961781218648,0.940726041794,0.0488418824971,-0.144707292318,1.03143489361
0.0315102115273,-0.0961781293154,0.945864021778,0.0482614599168,-0.143176943064,1.03866839409
0.0315102115273,-0.0961781293154,0.948358774185,0.0480073057115,-0.142580002546,1.04155898094
0.0315102115273,-0.096178136766,0.953064739704,0.0473180003464,-0.14121901989,1.04844772816
0.0315102115273,-0.0961781442165,0.955341517925,0.0469729676843,-0.140719771385,1.051181674
0.0315102152526,-0.0961781516671,0.959630131721,0.0460849292576,-0.139668360353,1.05738306046
0.0315102152526,-0.0961781516671,0.961693525314,0.0457589440048,-0.139274567366,1.05986189842
0.0315102152526,-0.0961781665683,0.965571463108,0.0448203347623,-0.138517677784,1.0656324625
0.0315102152526,-0.0961781665683,0.967433035374,0.0443946011364,-0.138298153877,1.06788480282
0.0315102189779,-0.0961781740189,0.970912396908,0.0434139333665,-0.137894809246,1.07323241234
0.0315102189779,-0.0961781814694,0.972578942776,0.0430394671857,-0.137795582414,1.07534098625
0.0315102189779,-0.09617818892,0.975680053234,0.0421575494111,-0.137906894088,1.0803565979
0.0315102189779,-0.0961781963706,0.977153301239,0.0418028756976,-0.138028889894,1.0824739933
0.0315102227032,-0.0961782038212,0.979897856712,0.040993142873,-0.138413354754,1.08715474606
0.0315102227032,-0.0961782112718,0.981194734573,0.0407588928938,-0.138642325997,1.08896458149
0.0315102227032,-0.0961782187223,0.98359555006,0.0401395298541,-0.139380723238,1.09322452545
0.0315102227032,-0.0961782261729,0.984723925591,0.0400286801159,-0.139733701944,1.09488153458
0.0315102264285,-0.0961782336235,0.986801087856,0.0397917702794,-0.140775769949,1.09850585461
0.0315102264285,-0.0961782410741,0.987772643566,0.0397757180035,-0.141154959798,1.09988176823
0.0315102264285,-0.0961782485247,0.989548623562,0.0398562774062,-0.142740264535,1.10326766968
0.0315102301538,-0.0961782559752,0.990370392799,0.0398880578578,-0.14335128665,1.10456049442
0.0315102301538,-0.0961782634258,0.99187630415,0.0400400497019,-0.145109117031,1.10727727413
0.0315102301538,-0.0961782708764,0.992563605309,0.0401129499078,-0.145754724741,1.10838806629
0.0,0.0,1.0,0.0404550433159,-0.147658735514,1.11037516594
0.0,0.0,1.0,0.0408011898398,-0.149072781205,1.11219370365
0.0,0.0,1.0,0.0412477329373,-0.150398716331,1.11290788651
0.0,0.0,1.0,0.0417789965868,-0.151904582977,1.11427199841
0.0,0.0,1.0,0.0421931929886,-0.153193324804,1.1144734621
0.0,0.0,1.0,0.0428825765848,-0.154660254717,1.11531877518
0.0,0.0,1.0,0.0435786247253,-0.155950695276,1.11522388458
0.0,0.0,1.0,0.0444006845355,-0.157352149487,1.11563777924
0.0,0.0,1.0,0.0451575927436,-0.158648386598,1.11504983902
0.0,0.0,1.0,0.0460836701095,-0.159853801131,1.1150970459
0.0,0.0,1.0,0.0469911955297,-0.160819515586,1.11424636841
0.0,0.0,1.0,0.0479558110237,-0.161715134978,1.11398553848
0.0,0.0,1.0,0.0487977713346,-0.162467449903,1.11285030842
0.0,0.0,1.0,0.0497349835932,-0.16291102767,1.11238908768
0.0,0.0,1.0,0.0506722740829,-0.163353577256,1.1111767292
0.0,0.0,1.0,0.051538720727,-0.163343891501,1.1105786562
0.0,0.0,1.0,0.0524137616158,-0.163232877851,1.10924291611
0.0,0.0,1.0,0.0532496273518,-0.162727758288,1.10841870308
0.0,0.0,1.0,0.0540326051414,-0.162129342556,1.10697388649
0.0,0.0,1.0,0.054836653173,-0.161128401756,1.10620903969
0.0,0.0,1.0,0.055525418371,-0.160128816962,1.10451185703
0.0,0.0,1.0,0.0564423128963,-0.158792629838,1.10048508644
0.0,0.0,1.0,0.0567745566368,-0.157180517912,1.10223090649
0.0,0.0,1.0,0.0574825443327,-0.155214428902,1.09794449806
0.0,0.0,1.0,0.0578414425254,-0.153283238411,1.09985566139
0.0,0.0,1.0,0.0583922117949,-0.150810554624,1.09561824799
0.0,0.0,1.0,0.0584780089557,-0.148682132363,1.0976048708
0.0,0.0,1.0,0.0586226023734,-0.143216893077,1.09550273418
0.0,0.0,1.0,0.0587270110846,-0.13973043859,1.09157407284
0.0,0.0,1.0,0.0582008473575,-0.136948511004,1.09354043007
0.0,0.0,1.0,0.05788917467,-0.133074209094,1.0897526741
0.0,0.0,1.0,0.056355856359,-0.125813096762,1.08813631535
0.0,0.0,1.0,0.0555348582566,-0.122943080962,1.09031939507
0.0,0.0,1.0,0.0544433556497,-0.118572689593,1.08666062355
0.0,0.0,1.0,0.0534385703504,-0.115882225335,1.08957135677
0.0,0.0,1.0,0.0519711337984,-0.111250370741,1.08618330956
0.0,0.0,1.0,0.0505582429469,-0.108532086015,1.08867537975
0.0,0.0,1.0,0.0473621450365,-0.102031707764,1.08815836906
0.0,0.0,1.0,0.0452454723418,-0.0977718234062,1.08517420292
0.0,0.0,1.0,0.0437451563776,-0.0956876054406,1.08772420883
0.0,0.0,1.0,0.0372002311051,-0.0862163454294,1.08430194855
0.0,0.0,1.0,0.0358450748026,-0.0847900733352,1.08742785454
0.0,0.0,1.0,0.0332696735859,-0.0816326513886,1.08475661278
0.0,0.0,1.0,0.0317389443517,-0.0805022716522,1.08752095699
0.0,0.0,1.0,0.0291273389012,-0.0778595283628,1.08495485783
0.0,0.0,1.0,0.0276263598353,-0.0769590362906,1.08761262894
0.0,0.0,1.0,0.0251981988549,-0.074960552156,1.08536458015
0.0,0.0,1.0,0.0237247906625,-0.0743484720588,1.08801579475
0.0,0.0,1.0,0.0212940685451,-0.0728781372309,1.08569169044
0.0,0.0,1.0,0.0200461298227,-0.0727098584175,1.08821582794
0.0,0.0,1.0,0.0178752075881,-0.0718505457044,1.08587086201
0.0,0.0,1.0,0.0168196894228,-0.0720755830407,1.08846783638
0.0,0.0,1.0,0.014843378216,-0.071836464107,1.0860530138
0.0,0.0,1.0,0.0139446314424,-0.0723013132811,1.08866369724
0.0,0.0,1.0,0.0123151671141,-0.0725718736649,1.08626437187
0.0,0.0,1.0,0.0114545468241,-0.0735330432653,1.08882212639
0.0,0.0,1.0,0.0101053472608,-0.0743825808167,1.08650779724
0.0,0.0,1.0,0.00944880396128,-0.0754942670465,1.08856856823
0.0,0.0,1.0,0.00838599447161,-0.0767792165279,1.08607792854
0.0,0.0,1.0,0.00818245206028,-0.0781569629908,1.08837246895
0.0,0.0,1.0,0.00743695255369,-0.0798472911119,1.08564138412
0.0,0.0,1.0,0.00753107992932,-0.0814562737942,1.08827531338
0.0,0.0,1.0,0.00713331671432,-0.0834796130657,1.08557569981
0.0,0.0,1.0,0.00715079903603,-0.0873575210571,1.08490586281
0.0,0.0,1.0,0.00733592035249,-0.0890298187733,1.08679103851
0.0,0.0,1.0,0.00752046657726,-0.091396227479,1.0839509964
0.0,0.0,1.0,0.00789376348257,-0.0930394381285,1.08598935604
0.0,0.0,1.0,0.00884012132883,-0.0969981402159,1.08517026901
0.0,0.0,1.0,0.0094433715567,-0.0993366986513,1.08215904236
0.0,0.0,1.0,0.0102017754689,-0.100729994476,1.08412635326
0.0,0.0,1.0,0.0110358996317,-0.102967567742,1.08094787598
0.0,0.0,1.0,0.0119568137452,-0.104089796543,1.08300805092
0.0,0.0,1.0,0.013019412756,-0.106051176786,1.07977998257
0.0,0.0,1.0,0.0151096126065,-0.108556389809,1.07862961292
0.0,0.0,1.0,0.0159014146775,-0.109134361148,1.08056211472
0.0,0.0,1.0,0.0172522384673,-0.110375098884,1.07735729218
0.0,0.0,1.0,0.0180565211922,-0.110605448484,1.07910656929
0.0,0.0,1.0,0.0203360915184,-0.11140832305,1.07785999775
0.0,0.0,1.0,0.0226638242602,-0.111474663019,1.07674300671
0.0,0.0,1.0,0.02406203188,-0.111407853663,1.07367086411
0.0,0.0,1.0,0.0248818267137,-0.11089964956,1.07608890533
0.0,0.0,1.0,0.0262699928135,-0.110379002988,1.07323050499
0.0,0.0,1.0,0.0268504302949,-0.109562493861,1.07581865788
0.0,0.0,1.0,0.0280507355928,-0.108695313334,1.07318687439
0.0,0.0,1.0,0.0284738391638,-0.107708379626,1.07571947575
0.0,0.0,1.0,0.0294357892126,-0.106484405696,1.07324540615
0.0,0.0,1.0,0.0302018653601,-0.104595690966,1.07599627972
0.0,0.0,1.0,0.0306591913104,-0.103810921311,1.07348716259
0.0,0.0,1.0,0.0311550348997,-0.101681791246,1.07646667957
0.0,0.0,1.0,0.0315186195076,-0.100717201829,1.07404851913
0.0,0.0,1.0,0.0318793840706,-0.0984432473779,1.07687044144
0.0,0.0,1.0,0.0321644246578,-0.0973562449217,1.07448649406
0.0,0.0,1.0,0.032246440649,-0.0947733074427,1.07498574257
0.0,0.0,1.0,0.0322627015412,-0.0940278246999,1.07533490658
0.0,0.0,1.0,0.0322627015412,-0.0940278246999,1.07533490658
0.0,0.0,1.0,0.0319375880063,-0.0916458815336,1.07789349556
0.0,0.0,1.0,0.0319245867431,-0.0904527455568,1.07559132576
0.0,0.0,1.0,0.0313409641385,-0.0883283019066,1.07811188698
0.0,0.0,1.0,0.0311782304198,-0.0871602743864,1.07570636272
0.0,0.0,1.0,0.030176917091,-0.0841864496469,1.07627177238
0.0,0.0,1.0,0.0294105280191,-0.0822227150202,1.07681667805
0.0,0.0,1.0,0.029049821198,-0.0816742032766,1.07715165615
0.0,0.0,1.0,0.0280168987811,-0.0801828801632,1.07955980301
0.0,0.0,1.0,0.0275745764375,-0.0793088153005,1.07719147205
0.0,0.0,1.0,0.0264374874532,-0.0779391825199,1.0772562027
0.0,0.0,1.0,0.0260544940829,-0.077522687614,1.07743668556
0.0,0.0,1.0,0.0248072650284,-0.0764036476612,1.07711958885
0.0,0.0,1.0,0.0244429372251,-0.0761375948787,1.07735788822
0.0,0.0,1.0,0.0233599692583,-0.0753601118922,1.07686948776
0.0,0.0,1.0,0.0219153929502,-0.0748824030161,1.07662093639
0.0,0.0,1.0,0.021572900936,-0.0748755261302,1.07661354542
0.0,0.0,1.0,0.021572900936,-0.0748755261302,1.07661354542
0.0,0.0,1.0,0.0204101279378,-0.074915856123,1.07616817951
0.0,0.0,1.0,0.018954584375,-0.0754160284996,1.07512795925
0.0,0.0,1.0,0.0176416058093,-0.0761928036809,1.07421636581
0.0,0.0,1.0,0.0174058862031,-0.0764957144856,1.07424581051
0.0,0.0,1.0,0.0164569672197,-0.077500782907,1.07334697247
0.0,0.0,1.0,0.0161929950118,-0.0778422355652,1.07330107689
0.0,0.0,1.0,0.0152609925717,-0.0792277008295,1.07225072384
0.0,0.0,1.0,0.0150289107114,-0.0796779543161,1.07225489616
0.0,0.0,1.0,0.014333313331,-0.081185862422,1.0713108778
0.0,0.0,1.0,0.0141367493197,-0.0816836580634,1.07129812241
0.0,0.0,1.0,0.0136779230088,-0.0832694619894,1.07058727741
0.0,0.0,1.0,0.0135652739555,-0.0837548002601,1.07056820393
0.0,0.0,1.0,0.0130451247096,-0.0855149552226,1.06992423534
0.0,0.0,1.0,0.0129708833992,-0.0860669836402,1.06993913651
0.0,0.0,1.0,0.0126381283626,-0.0876996219158,1.06890511513
0.0,0.0,1.0,0.0126416003332,-0.0881895124912,1.06893849373
0.0,0.0,1.0,0.0126285916194,-0.0898140594363,1.06769263744
0.0,0.0,1.0,0.012680019252,-0.0902508795261,1.06768739223
0.0,0.0,1.0,0.0131210004911,-0.0917637273669,1.06687569618
0.0,0.0,1.0,0.0132490862161,-0.092150233686,1.06679856777
0.0,0.0,1.0,0.013919359073,-0.0935264453292,1.06623566151
0.0,0.0,1.0,0.0141119053587,-0.0938868969679,1.06620466709
0.0,0.0,1.0,0.0149529185146,-0.0950752720237,1.06546115875
0.0,0.0,1.0,0.0152290957049,-0.0953711494803,1.0655772686
0.0,0.0,1.0,0.0160085726529,-0.0962910801172,1.06515228748
0.0,0.0,1.0,0.0163274146616,-0.0965160578489,1.06521296501
0.0,0.0,1.0,0.0172034744173,-0.0971863493323,1.06499433517
0.0,0.0,1.0,0.0175115205348,-0.0974084809422,1.06506347656
0.0,0.0,1.0,0.0182720329612,-0.09802749753,1.06506240368
0.0,0.0,1.0,0.0185524579138,-0.0981700569391,1.06524205208
0.0,0.0,1.0,0.0193863175809,-0.0985283628106,1.06537818909
0.0,0.0,1.0,0.019661443308,-0.098620466888,1.06543183327
0.0,0.0,1.0,0.0205733012408,-0.0987264066935,1.06542527676
0.0,0.0,1.0,0.0207949597389,-0.0987313911319,1.06547021866
0.0,0.0,1.0,0.0214955899864,-0.0986737161875,1.06626212597
0.0,0.0,1.0,0.0222286526114,-0.0984453558922,1.06678891182
0.0,0.0,1.0,0.0224410463125,-0.0983506664634,1.06699514389
0.0,0.0,1.0,0.0228661429137,-0.0980674102902,1.06708276272
0.0,0.0,1.0,0.0230351760983,-0.0979302376509,1.06734597683
0.0,0.0,1.0,0.0233697276562,-0.0974966064095,1.0680860281
0.0,0.0,1.0,0.0234580487013,-0.0973610430956,1.06846272945
0.0,0.0,1.0,0.0238043405116,-0.0968661233783,1.06880235672
0.0,0.0,1.0,0.0238586869091,-0.0966898202896,1.06908810139
-4.41595631173e-08,2.70997873031e-08,1.0,0.0241702981293,-0.0959546267986,1.0693321228
-1.5676903331e-07,9.62325046316e-08,1.0,0.0243375804275,-0.0951998829842,1.06979501247
-2.68493494104e-07,1.64821940984e-07,1.0,0.0243268273771,-0.0944821983576,1.06988549232
-3.78553806968e-07,2.3238864344e-07,1.0,0.0243462529033,-0.0937165692449,1.06975257397
-4.89383921831e-07,3.00428666833e-07,1.0,0.0241519119591,-0.0930887460709,1.06966888905
-6.82920074269e-07,4.19240393512e-07,1.0,0.0236601270735,-0.0922318920493,1.06865537167
-7.86849057022e-07,4.83041048938e-07,1.0,0.0232790168375,-0.0920367315412,1.06800889969
-9.8935402093e-07,6.07355275406e-07,1.0,0.0222290623933,-0.0923053622246,1.0664306879
-2.72627448794e-06,1.67727716871e-06,1.0,0.0218036957085,-0.0927413627505,1.0656170845
-0.00012682385568,7.90595440776e-05,1.0,0.0212859716266,-0.093816652894,1.06381595135
-0.000206227734452,0.000128880245029,1.0,0.0212153755128,-0.0939860567451,1.06379890442
-0.000468525919132,0.00029428084963,1.0,0.0210761670023,-0.0944984480739,1.063174963
-0.000666875566822,0.000419935240643,1.0,0.0210310891271,-0.0946640372276,1.0631633997
-0.00123827066272,0.000783788738772,1.0,0.0207716841251,-0.0952105373144,1.06284534931
-0.00162987504154,0.0010343772592,1.0,0.0206579063088,-0.095409065485,1.06303179264
-0.00267416937277,0.00170622928999,1.0,0.0201187841594,-0.0960957556963,1.06260693073
-0.00334803154692,0.0021420174744,1.0,0.0198575183749,-0.0963044762611,1.0628964901
-0.00504610175267,0.00324638164602,1.0,0.0188130363822,-0.0971235781908,1.06265592575
-0.00609577307478,0.00393282156438,1.0,0.0183192901313,-0.0973993763328,1.06280326843
-0.00864195823669,0.00560786947608,1.0,0.0163546334952,-0.0982671231031,1.06295919418
-0.0101663572714,0.00661662872881,1.0,0.0155919371173,-0.0985671877861,1.0630440712
-0.0137533098459,0.00900531653315,1.0,0.0126164639369,-0.099597632885,1.06281638145
-0.0158462263644,0.0104078445584,1.0,0.0114583438262,-0.0998988673091,1.06304991245
-0.0206639077514,0.0136581622064,1.0,0.00740702543408,-0.101179391146,1.06281602383
-0.0331336259842,0.0221932623535,1.0,-0.00131406344008,-0.102459035814,1.06269288063
-0.0408998578787,0.0275871418417,1.0,-0.00819139648229,-0.102889448404,1.06206023693
-0.045205950737,0.0306014940143,1.0,-0.0105193527415,-0.102937325835,1.062048316
-0.0546386167407,0.0372604094446,1.0,-0.0182453226298,-0.103106841445,1.06079435349
-0.0598072893918,0.0409405976534,1.0,-0.0211520567536,-0.103069506586,1.06062424183
-0.0709813460708,0.0489699989557,1.0,-0.0299544781446,-0.102610200644,1.05938887596
-0.0770716443658,0.0533875897527,1.0,-0.0332160443068,-0.102405585349,1.05885624886
-0.0899920612574,0.062853872776,1.0,-0.0433906316757,-0.101260736585,1.05819189548
-0.0969863533974,0.0680313706398,1.0,-0.0471383370459,-0.10073684901,1.05796289444
-0.111668169498,0.0790200904012,1.0,-0.0583394244313,-0.0989232808352,1.05648589134
-0.119529396296,0.0849711671472,1.0,-0.0625804141164,-0.098043307662,1.0563325882
-0.135931253433,0.0975402221084,1.0,-0.0747363269329,-0.0953780263662,1.05504310131
-0.144629955292,0.104291051626,1.0,-0.0796841531992,-0.0941002592444,1.05448126793
-0.162572517991,0.118406146765,1.0,-0.0927765294909,-0.0901010259986,1.05397450924
-0.172033250332,0.125954627991,1.0,-0.097973279655,-0.0884097740054,1.05342590809
-0.191370010376,0.141619339585,1.0,-0.111660473049,-0.0830875858665,1.05287230015
-0.201482146978,0.149942412972,1.0,-0.117144621909,-0.0807176157832,1.05273973942
-0.221980541945,0.167105898261,1.0,-0.131162181497,-0.0740812942386,1.05162644386
-0.232612729073,0.176170036197,1.0,-0.13597728312,-0.071442104876,1.0515999794
-0.253987818956,0.194750934839,1.0,-0.15093767643,-0.0625246018171,1.05095434189
-0.264983266592,0.204507350922,1.0,-0.155851021409,-0.0593287087977,1.05084943771
-0.286911219358,0.224402859807,1.0,-0.170942097902,-0.0484157279134,1.05061209202
-0.298090547323,0.23478859663,1.0,-0.175734743476,-0.0443793870509,1.05085504055
-0.331372410059,0.266809850931,1.0,-0.195694223046,-0.0260587502271,1.05039215088
-0.353187710047,0.288832247257,1.0,-0.208925113082,-0.0109608862549,1.05081105232
-0.364137083292,0.300246030092,1.0,-0.213935211301,-0.00484070926905,1.05076634884
-0.385330200195,0.323130041361,1.0,-0.226240590215,0.0123972985893,1.05166554451
-0.395829737186,0.334906667471,1.0,-0.230787754059,0.0195284988731,1.05181455612
-0.41594594717,0.358435183764,1.0,-0.242011204362,0.0388054028153,1.05223584175
-0.42579600215,0.370493233204,1.0,-0.245431140065,0.0458112508059,1.05270242691
-0.444403588772,0.394450724125,1.0,-0.255634367466,0.0681841596961,1.05265367031
-0.453310728073,0.406569212675,1.0,-0.259287059307,0.0772102549672,1.05262994766
-0.470115154982,0.430883824825,1.0,-0.267521560192,0.101057425141,1.0531463623
-0.477993875742,0.443088024855,1.0,-0.270283102989,0.110085137188,1.05341029167
-0.492564618587,0.467456609011,1.0,-0.277398705482,0.137256667018,1.05389344692
-0.499253451824,0.479649245739,1.0,-0.279694974422,0.147379428148,1.05433285236
-0.511315941811,0.503911972046,1.0,-0.285449981689,0.17636474967,1.0544989109
-0.516687631607,0.516011655331,1.0,-0.287110984325,0.186470210552,1.05475902557
-0.526015222073,0.54001313448,1.0,-0.291849553585,0.217832282186,1.05516934395
-0.536390841007,0.575543880463,1.0,-0.297242641449,0.261486440897,1.05576741695
-0.538868129253,0.5873041749,1.0,-0.299682855606,0.278296589851,1.05299782753
-0.542253851891,0.610317528248,1.0,-0.30151206255,0.309606075287,1.05687308311
-0.543187320232,0.621771752834,1.0,-0.302150547504,0.319858342409,1.05785226822
-0.543493151665,0.644115447998,1.0,-0.304427325726,0.354181438684,1.05931472778
-0.542865276337,0.655244231224,1.0,-0.305121243,0.365696966648,1.05999648571
-0.540082812309,0.676844120026,1.0,-0.307192504406,0.401308596134,1.06172609329
-0.537898004055,0.687573373318,1.0,-0.307743042707,0.41297608614,1.06265795231
-0.532068789005,0.708333849907,1.0,-0.309854745865,0.448616683483,1.06494951248
-0.528359532356,0.718622386456,1.0,-0.310467004776,0.460270315409,1.06599605083
-0.519569575787,0.73847681284,1.0,-0.312456458807,0.49524435401,1.06857430935
-0.514382898808,0.748304545879,1.0,-0.313004374504,0.506659328938,1.06975150108
-0.502766609192,0.767181575298,1.0,-0.314624190331,0.540557682514,1.07266438007
-0.496195703745,0.776489078999,1.0,-0.315107285976,0.551340937614,1.07388865948
-0.481905400753,0.794364750385,1.0,-0.3166911304,0.58353549242,1.07685029507
-0.474037885666,0.803142607212,1.0,-0.31731981039,0.593644082546,1.07791888714
-0.457300424576,0.819944918156,1.0,-0.318597257137,0.623480021954,1.08101952076
-0.44824975729,0.828173696995,1.0,-0.318932205439,0.632771968842,1.08221304417
-0.419190436602,0.851538658142,1.0,-0.320043087006,0.668318986893,1.08625161648
-0.387249827385,0.87320202589,1.0,-0.320447981358,0.699580073357,1.08949553967
-0.364686071873,0.886611223221,1.0,-0.320041537285,0.720243215561,1.09175431728
-0.352892756462,0.893104076385,1.0,-0.319684177637,0.725647628307,1.09269583225
-0.328903317451,0.905361056328,1.0,-0.318296998739,0.743935346603,1.09392952919
-0.316488802433,0.911251425743,1.0,-0.317603200674,0.748382210732,1.09459245205
-0.29140278697,0.922311306,1.0,-0.314713597298,0.762861967087,1.09536349773
-0.252570390701,0.93744289875,1.0,-0.309370219707,0.776382982731,1.09604811668
-0.239311829209,0.942106187344,1.0,-0.307914286852,0.778843164444,1.0961316824
-0.21280272305,0.950715959072,1.0,-0.302077710629,0.78577464819,1.095505476
-0.199311316013,0.95474588871,1.0,-0.29992339015,0.787214279175,1.09551942348
-0.158841609955,0.965468287468,1.0,-0.289309829473,0.791497707367,1.09340012074
-0.131846934557,0.971509158611,1.0,-0.281066596508,0.791867136955,1.09143877029
-0.0912713557482,0.978933691978,1.0,-0.266771376133,0.789100587368,1.08821749687
-0.0643744245172,0.98274821043,1.0,-0.257273733616,0.785698771477,1.08660256863
-0.0509860031307,0.984310925007,1.0,-0.249544799328,0.782769262791,1.08455693722
-0.0244210399687,0.986733019352,1.0,-0.2387881428,0.777893424034,1.08255064487
-0.0112388916314,0.987591147423,1.0,-0.229708269238,0.773737132549,1.08015370369
0.0148895578459,0.988592505455,1.0,-0.217238292098,0.767567873001,1.07747662067
0.0278128553182,0.988732278347,1.0,-0.20691460371,0.762374460697,1.0753108263
0.0533677302301,0.98828291893,1.0,-0.19290933013,0.75512111187,1.07285892963
0.065988175571,0.987690806389,1.0,-0.181360706687,0.749230325222,1.07034182549
0.0908608809114,0.985767960548,1.0,-0.165409758687,0.740949571133,1.06784915924
0.103123113513,0.98443365097,1.0,-0.152749538422,0.734517097473,1.0654746294
0.127249628305,0.981017947197,1.0,-0.135277628899,0.725870728493,1.06314408779
0.139097347856,0.978937387466,1.0,-0.121301397681,0.719274044037,1.06083881855
0.162398919463,0.974019289017,1.0,-0.102406740189,0.710689067841,1.05877828598
0.173836916685,0.971182525158,1.0,-0.0872547626495,0.704053103924,1.05656647682
0.207220643759,0.961174786091,1.0,-0.0502801537514,0.68916863203,1.05329668522
0.228704601526,0.953251481056,1.0,-0.0287136379629,0.681094527245,1.05198800564
0.239208698273,0.948915839195,1.0,-0.0112692452967,0.67486166954,1.0505951643
0.259704738855,0.939512968063,1.0,0.011156165041,0.66757774353,1.04970288277
0.289613813162,0.923325300217,1.0,0.0517943277955,0.655628085136,1.04838895798
0.298648864031,0.917798638344,1.0,0.072290353477,0.650119125843,1.04739761353
0.317463129759,0.905230402946,1.0,0.0945000052452,0.644767701626,1.04744935036
0.325972378254,0.899039208889,1.0,0.115074038506,0.639934003353,1.0469660759
0.351582616568,0.87824857235,1.0,0.158260688186,0.631210505962,1.0476552248
0.367652148008,0.863311469555,1.0,0.183870688081,0.626130759716,1.04554796219
0.390511363745,0.838985145092,1.0,0.220175474882,0.620947778225,1.0506478548
0.397255837917,0.830989956856,1.0,0.240364179015,0.618101239204,1.05164432526
0.411018103361,0.813278257847,1.0,0.261651873589,0.615297198296,1.05373203754
0.429411172867,0.78598088026,1.0,0.300726801157,0.610280692577,1.05721545219
0.434798806906,0.776989579201,1.0,0.318827033043,0.608112454414,1.05840706825
0.445569992065,0.757245719433,1.0,0.337007641792,0.605844378471,1.06133508682
0.450221568346,0.747830986977,1.0,0.353549301624,0.603638708591,1.06329405308
0.463250935078,0.717452287674,1.0,0.385014951229,0.598768651485,1.06782579422
0.470697909594,0.696141719818,1.0,0.399672061205,0.59605294466,1.07042360306
0.473767012358,0.686036169529,1.0,0.412876576185,0.593306422234,1.07215571404
0.479444772005,0.664091169834,1.0,0.425684779882,0.590150713921,1.07490694523
0.481665313244,0.653738200665,1.0,0.437147647142,0.586897671223,1.07632827759
0.486834675074,0.620774805546,1.0,0.457718670368,0.578999757767,1.08054447174
0.48875027895,0.597993195057,1.0,0.466657221317,0.574370205402,1.08280909061
0.489188313484,0.587304472923,1.0,0.474551349878,0.569711387157,1.08421003819
0.489153206348,0.564809560776,1.0,0.484249353409,0.56371819973,1.08379733562
0.486584424973,0.530384778976,1.0,0.492266207933,0.551916718483,1.08976256847
0.485147953033,0.519588410854,1.0,0.496804535389,0.544921040535,1.09151494503
0.481045275927,0.496465653181,1.0,0.5002348423,0.536638319492,1.09356224537
0.478649407625,0.485686689615,1.0,0.503007233143,0.528571426868,1.09481322765
0.472482651472,0.462655514479,1.0,0.504760086536,0.519135713577,1.09669697285
0.469128936529,0.451968461275,1.0,0.506037592888,0.510286688805,1.09737122059
0.460906177759,0.429162293673,1.0,0.506130337715,0.499766439199,1.09912407398
0.456587016582,0.418576061726,1.0,0.505770146847,0.489536702633,1.09988999367
0.446321308613,0.396072506905,1.0,0.504360556602,0.477909803391,1.10125541687
0.441048383713,0.385633796453,1.0,0.502887547016,0.4682495296,1.10207080841
0.42875829339,0.363482534885,1.0,0.499894469976,0.454642087221,1.10326457024
0.422563493252,0.353247135878,1.0,0.497045189142,0.442822098732,1.10375475883
0.401208728552,0.321497827768,1.0,0.489166229963,0.416936516762,1.10519301891
0.385058492422,0.300251811743,1.0,0.483589023352,0.401512056589,1.10592842102
0.377087295055,0.290445446968,1.0,0.479083776474,0.389253497124,1.10615646839
0.35911694169,0.269689053297,1.0,0.472165703773,0.372471272945,1.10645151138
0.350329190493,0.260126471519,1.0,0.466629415751,0.359682649374,1.10629844666
0.330649077892,0.239879399538,1.0,0.458453118801,0.342025130987,1.1065557003
0.321098953485,0.230561986566,1.0,0.452066034079,0.328647702932,1.10608458519
0.299831360579,0.210820227861,1.0,0.442885905504,0.310578107834,1.10614871979
0.289564341307,0.201727539301,1.0,0.435522466898,0.296715557575,1.10544967651
0.266839265823,0.182464957237,1.0,0.425151109695,0.278021752834,1.10522294044
0.255940556526,0.17359945178,1.0,0.417153090239,0.263635635376,1.10462963581
0.231931105256,0.154797002673,1.0,0.40567690134,0.244616612792,1.1043792963
0.220459342003,0.146125420928,1.0,0.396934241056,0.230096951127,1.103723526
0.195327371359,0.12772898376,1.0,0.384417414665,0.210606276989,1.10324215889
0.18337418139,0.119233712554,1.0,0.374894946814,0.196028038859,1.1027919054
0.144957646728,0.092835329473,1.0,0.351499140263,0.162432596087,1.10180711746
0.118154063821,0.0750702992082,1.0,0.337574183941,0.143266767263,1.10181462765
0.10550840199,0.0668333172798,1.0,0.326834619045,0.129204392433,1.10127604008
0.0781552195549,0.0492621436715,1.0,0.312191456556,0.11040841043,1.10126137733
0.0653064474463,0.0410997346044,1.0,0.300963789225,0.096402078867,1.10068356991
0.0376124121249,0.0236401222646,1.0,0.285564988852,0.0781078636646,1.10071527958
0.024669168517,0.015519708395,1.0,0.273847013712,0.0645349696279,1.10050237179
-0.0025569384452,-0.00153733522166,1.0,0.257621526718,0.045963127166,1.09796726704
-0.0160944908857,-0.0100297229365,1.0,0.245717853308,0.0340074785054,1.10061645508
-0.0432351827621,-0.0271345730871,1.0,0.228402733803,0.015601743944,1.09810972214
-0.0566804632545,-0.0356697589159,1.0,0.216089755297,0.00445302017033,1.10082530975
-0.0835375413299,-0.0528978817165,1.0,0.198056712747,-0.0133273722604,1.09882056713
-0.0967936962843,-0.0615122467279,1.0,0.185962036252,-0.0235132649541,1.10149466991
-0.123176321387,-0.0789335891604,1.0,0.16751421988,-0.0403056070209,1.09951913357
-0.136150449514,-0.0876602381468,1.0,0.155200839043,-0.0499110259116,1.10252964497
-0.161885991693,-0.105344481766,1.0,0.136352747679,-0.0658672526479,1.1009118557
-0.199385136366,-0.132201060653,1.0,0.104747608304,-0.089568965137,1.10208261013
-0.211515918374,-0.14122197032,1.0,0.0922523215413,-0.0977832973003,1.10564756393
-0.235446989536,-0.159588009119,1.0,0.0728183165193,-0.111558377743,1.10424494743
-0.247046396136,-0.168795704842,1.0,0.0599941536784,-0.119059883058,1.10742533207
-0.269823908806,-0.187547490001,1.0,0.0402800925076,-0.131819263101,1.10619461536
-0.280828535557,-0.196964487433,1.0,0.02744987607,-0.138925507665,1.10949623585
-0.302314579487,-0.216126978397,1.0,0.0076537784189,-0.150751829147,1.10839879513
-0.312657594681,-0.225763395429,1.0,-0.00540144555271,-0.157374978065,1.11173403263
-0.332727253437,-0.245350286365,1.0,-0.0256281662732,-0.168645679951,1.1104850769
-0.342333585024,-0.255195260048,1.0,-0.0384140536189,-0.174874767661,1.11417841911
-0.369715094566,-0.285283058882,1.0,-0.07128790766,-0.19154727459,1.1164264679
-0.38666421175,-0.30575221777,1.0,-0.0914007276297,-0.201621636748,1.11541962624
-0.394655376673,-0.316010028124,1.0,-0.0991291329265,-0.205274820328,1.11665391922
-0.40988561511,-0.336866527796,1.0,-0.120688714087,-0.215734601021,1.11714971066
-0.417016506195,-0.347325116396,1.0,-0.135030224919,-0.222520276904,1.12196016312
-0.430468142033,-0.368551522493,1.0,-0.155249476433,-0.232477143407,1.12156236172
-0.436694562435,-0.379175394773,1.0,-0.168222546577,-0.238942474127,1.12495172024
-0.448315769434,-0.400743931532,1.0,-0.188066795468,-0.24888022244,1.12449371815
-0.453616023064,-0.411516904831,1.0,-0.200156077743,-0.255498290062,1.12845122814
-0.463339030743,-0.433339774609,1.0,-0.219431445003,-0.265755653381,1.12787544727
-0.475484460592,-0.466261476278,1.0,-0.249620512128,-0.283455967903,1.1318154335
-0.484704464674,-0.499402970076,1.0,-0.278880923986,-0.302617043257,1.13623774052
-0.48712849617,-0.510513007641,1.0,-0.289475739002,-0.310767889023,1.13986325264
-0.490964651108,-0.532637178898,1.0,-0.306657224894,-0.322995990515,1.13977169991
-0.492397814989,-0.54377835989,1.0,-0.316353470087,-0.33210593462,1.1438254118
-0.494252502918,-0.565894424915,1.0,-0.332607239485,-0.345350652933,1.14364945889
-0.494684427977,-0.576952815056,1.0,-0.339881390333,-0.353741794825,1.14783883095
-0.493993788958,-0.609919846058,1.0,-0.362341493368,-0.377912551165,1.15148246288
-0.491895258427,-0.631639957428,1.0,-0.375808000565,-0.393270105124,1.15159857273
-0.490343034267,-0.64252102375,1.0,-0.382931828499,-0.404586434364,1.15543174744
-0.486298292875,-0.66389554739,1.0,-0.395058393478,-0.42121976614,1.15544164181
-0.48376595974,-0.674600481987,1.0,-0.401146829128,-0.43354600668,1.15959119797
-0.477803856134,-0.695540070534,1.0,-0.411832541227,-0.451376467943,1.15973269939
-0.474311709404,-0.705997884274,1.0,-0.416862249374,-0.464271724224,1.16351258755
-0.466473311186,-0.726394593716,1.0,-0.425814300776,-0.483350664377,1.1639739275
-0.462041199207,-0.736558198929,1.0,-0.429733604193,-0.496892899275,1.16737031937
-0.452381014824,-0.75629556179,1.0,-0.436987549067,-0.517039954662,1.16732561588
-0.447044104338,-0.766094565392,1.0,-0.439796924591,-0.531057953835,1.17147493362
-0.429403334856,-0.79446798563,1.0,-0.446872532368,-0.567099034786,1.17535054684
-0.416284799576,-0.812580704689,1.0,-0.450276494026,-0.588885843754,1.17555582523
-0.409240245819,-0.821497738361,1.0,-0.450586885214,-0.604076147079,1.17889857292
-0.394493937492,-0.838655114174,1.0,-0.452274471521,-0.626994431019,1.17884898186
-0.386647224426,-0.847063481808,1.0,-0.451048135757,-0.642546594143,1.1828558445
-0.370368212461,-0.863151967525,1.0,-0.450715154409,-0.66780936718,1.1826249361
-0.361776441336,-0.870989978313,1.0,-0.448116511106,-0.682098865509,1.18661665916
-0.344071656466,-0.885904729366,1.0,-0.445624411106,-0.706722021103,1.18690633774
-0.334755837917,-0.893149912357,1.0,-0.441949993372,-0.722982287407,1.1902050972
-0.315717667341,-0.906810462475,1.0,-0.43769004941,-0.747894585133,1.1900960207
-0.305771619081,-0.913387417793,1.0,-0.432825088501,-0.763589501381,1.19334793091
-0.285474121571,-0.925734162331,1.0,-0.426718533039,-0.788665354252,1.19269418716
-0.27493724227,-0.931616544724,1.0,-0.420881748199,-0.803380429745,1.1958553791
-0.253497868776,-0.942567408085,1.0,-0.413070499897,-0.828078746796,1.194840312
-0.242399543524,-0.947734117508,1.0,-0.406436979771,-0.842615425587,1.19709610939
-0.219953268766,-0.957213282585,1.0,-0.396899998188,-0.866957008839,1.19562578201
-0.208383530378,-0.961619734764,1.0,-0.389304727316,-0.88132828474,1.1973708868
-0.185008138418,-0.969589710236,1.0,-0.378040701151,-0.905290961266,1.1951738596
-0.148835852742,-0.979629337788,1.0,-0.356670558453,-0.942334473133,1.19412732124
-0.136530473828,-0.982448399067,1.0,-0.347013831139,-0.955463409424,1.19559752941
-0.111617207527,-0.987279593945,1.0,-0.332838892937,-0.977596342564,1.19229614735
-0.0862533226609,-0.991041362286,1.0,-0.313158363104,-1.00352299213,1.18993461132
-0.073539480567,-0.992503702641,1.0,-0.306935280561,-1.01082360744,1.18930625916
-0.0477599874139,-0.994628250599,1.0,-0.28580313921,-1.03507971764,1.18609011173
-0.0347983166575,-0.995280385017,1.0,-0.27929469943,-1.04162216187,1.1853260994
-0.00863889511675,-0.99576830864,1.0,-0.256871849298,-1.06380045414,1.18131351471
0.00439173029736,-0.995604395866,1.0,-0.25003734231,-1.06968641281,1.18038785458
0.0306887086481,-0.994461357594,1.0,-0.226389333606,-1.08934676647,1.17609488964
0.0438375137746,-0.993485867977,1.0,-0.219119131565,-1.09454917908,1.17489933968
0.0701648965478,-0.990727841854,1.0,-0.193893328309,-1.11181306839,1.17051208019
0.0833061635494,-0.988949716091,1.0,-0.186233729124,-1.1164098978,1.1693123579
0.122555620968,-0.98203766346,1.0,-0.152169838548,-1.13504970074,1.16313540936
0.148576915264,-0.976112782955,1.0,-0.125256061554,-1.14762032032,1.15751850605
0.18694666028,-0.965356051922,1.0,-0.0893592834473,-1.16069495678,1.15063500404
0.199475109577,-0.961302816868,1.0,-0.0812861919403,-1.16312682629,1.14914548397
0.22444576025,-0.95239084959,1.0,-0.0528634339571,-1.1708278656,1.14342141151
0.236637935042,-0.947620213032,1.0,-0.0445801392198,-1.17258584499,1.14192581177
0.272562175989,-0.93184864521,1.0,-0.00704969512299,-1.17883265018,1.13505899906
0.295782059431,-0.920174181461,1.0,0.0222462471575,-1.18192696571,1.12978684902
0.307000130415,-0.914074540138,1.0,0.0308869089931,-1.1822630167,1.12851846218
0.329074025154,-0.901112794876,1.0,0.0602250508964,-1.18299198151,1.12336039543
0.33969694376,-0.894382059574,1.0,0.0688232555985,-1.18280148506,1.12209820747
0.360451817513,-0.880193412304,1.0,0.0979756042361,-1.18145024776,1.11725211143
0.370364934206,-0.872879743576,1.0,0.106528192759,-1.18054842949,1.11623930931
0.389599651098,-0.85754942894,1.0,0.135871231556,-1.17718434334,1.11202418804
0.39873149991,-0.849675953388,1.0,0.144201681018,-1.17580759525,1.11107993126
0.416262894869,-0.833289086819,1.0,0.170072123408,-1.17092049122,1.10819065571
0.424541562796,-0.824877619743,1.0,0.179871082306,-1.16866075993,1.10725176334
0.447581589222,-0.798560380936,1.0,0.215407848358,-1.15918827057,1.10350692272
0.461276084185,-0.780239284039,1.0,0.240714222193,-1.15080654621,1.10106408596
0.467583060265,-0.770884752274,1.0,0.250174075365,-1.14732313156,1.1001791954
0.479148596525,-0.751708865166,1.0,0.274651795626,-1.13757050037,1.09798491001
0.493675619364,-0.722006797791,1.0,0.307120591402,-1.12233102322,1.09528172016
0.497763037682,-0.711826384068,1.0,0.315759152174,-1.11775529385,1.09457361698
0.504713237286,-0.691235423088,1.0,0.338131606579,-1.10502564907,1.09281003475
0.507596373558,-0.68075555563,1.0,0.346151471138,-1.09997594357,1.09227514267
0.512131869793,-0.659556925297,1.0,0.367114007473,-1.08584046364,1.09059476852
0.513790547848,-0.648790717125,1.0,0.374925941229,-1.08020234108,1.09010279179
0.515861451626,-0.627057850361,1.0,0.394479125738,-1.06483829021,1.08831429482
0.516274392605,-0.616127729416,1.0,0.4018638134,-1.05879211426,1.08779788017
0.51586163044,-0.593989253044,1.0,0.419816941023,-1.04236614704,1.08582878113
0.512146651745,-0.560362040997,1.0,0.443147718906,-1.01783776283,1.08378505707
0.510093927383,-0.549082756042,1.0,0.449343651533,-1.01071274281,1.08337199688
0.504778623581,-0.526405274868,1.0,0.463983625174,-0.991616368294,1.08168518543
0.501525759697,-0.515027582645,1.0,0.46849167347,-0.985201001167,1.08164846897
0.493864893913,-0.492250591516,1.0,0.483308792114,-0.962929368019,1.08020627499
0.479570299387,-0.45806992054,1.0,0.499778866768,-0.932764232159,1.07772493362
0.474091291428,-0.446702539921,1.0,0.50284153223,-0.925977706909,1.07750451565
0.462114870548,-0.424040734768,1.0,0.512672662735,-0.902707874775,1.07572710514
0.455632597208,-0.412750512362,1.0,0.515392839909,-0.89536434412,1.07532763481
0.441748857498,-0.39030957222,1.0,0.523329377174,-0.871085047722,1.07320928574
0.434372395277,-0.379172980785,1.0,0.525279939175,-0.863252520561,1.07291138172
0.418808013201,-0.357091516256,1.0,0.531030416489,-0.838093101978,1.07056283951
0.393625557423,-0.324533998966,1.0,0.536251664162,-0.803588747978,1.06841349602
0.384807765484,-0.313869416714,1.0,0.536879777908,-0.795249283314,1.06801044941
0.366622745991,-0.292854517698,1.0,0.538851559162,-0.767945885658,1.06634128094
0.357272863388,-0.282501846552,1.0,0.538992464542,-0.759384036064,1.06582570076
0.328492313623,-0.252254337072,1.0,0.538179278374,-0.722898066044,1.06372129917
0.308844029903,-0.2328042835,1.0,0.535939633846,-0.694470405579,1.06138074398
0.298920571804,-0.223300501704,1.0,0.534944593906,-0.685523152351,1.06105899811
0.278968065977,-0.204773709178,1.0,0.530974626541,-0.656749844551,1.05867123604
0.268973261118,-0.195762500167,1.0,0.529558956623,-0.647392749786,1.05852270126
0.249054580927,-0.178292244673,1.0,0.524838149548,-0.619411826134,1.05489456654
0.239156380296,-0.169836491346,1.0,0.522670567036,-0.610882103443,1.05586731434
0.219556570053,-0.153501480818,1.0,0.515550851822,-0.580361902714,1.05450820923
0.209886908531,-0.145631298423,1.0,0.512820720673,-0.570719599724,1.05428993702
0.190907120705,-0.130523383617,1.0,0.504524350166,-0.539768815041,1.05305671692
0.181618869305,-0.123286485672,1.0,0.501435160637,-0.530064105988,1.05281603336
0.163508594036,-0.109456859529,1.0,0.491375803947,-0.499416291714,1.05211782455
0.154719829559,-0.10287450254,1.0,0.487907230854,-0.489901661873,1.05214416981
0.137722492218,-0.0903744772077,1.0,0.477356076241,-0.460680425167,1.04943537712
0.129549175501,-0.0844689980149,1.0,0.473658621311,-0.452255666256,1.05073201656
0.113865867257,-0.0733239576221,1.0,0.460334867239,-0.421676188707,1.05067884922
0.106380686164,-0.0680899173021,1.0,0.456082046032,-0.412195593119,1.05120289326
0.0921736061573,-0.05830514431,1.0,0.442063391209,-0.381859540939,1.05116820335
0.085449129343,-0.0537418872118,1.0,0.437851905823,-0.373572468758,1.05179131031
0.0728501453996,-0.0453100278974,1.0,0.422353118658,-0.343471974134,1.05238473415
0.0669444128871,-0.0414109379053,1.0,0.417476534843,-0.33464640379,1.05291807652
0.0560056194663,-0.0342803932726,1.0,0.401987880468,-0.307094156742,1.05419647694
0.0509409271181,-0.0310199968517,1.0,0.396825939417,-0.299092531204,1.0550712347
0.0416750907898,-0.0251246839762,1.0,0.381813436747,-0.275750637054,1.05638933182
0.0374553613365,-0.0224707759917,1.0,0.376620531082,-0.268222421408,1.05734360218
0.0264319498092,-0.0156349651515,1.0,0.353728622198,-0.237445056438,1.05970823765
0.0203870870173,-0.011951059103,1.0,0.3358476758,-0.215891331434,1.06152546406
0.0177323687822,-0.0103491684422,1.0,0.329907417297,-0.209384813905,1.06254708767
0.0131357386708,-0.00760104041547,1.0,0.311420977116,-0.190795779228,1.06482899189
0.0111665017903,-0.00643461290747,1.0,0.305362343788,-0.185116365552,1.06563031673
0.00784859061241,-0.0044860066846,1.0,0.286687284708,-0.169323027134,1.06811702251
0.00647594034672,-0.00368676008657,1.0,0.280557215214,-0.164823576808,1.06917750835
0.00424358341843,-0.00239723618142,1.0,0.261803865433,-0.152078345418,1.07111430168
0.00335939135402,-0.0018906223122,1.0,0.255600810051,-0.148693352938,1.07206881046
0.00199203612283,-0.0011128304759,1.0,0.236809164286,-0.139356389642,1.07384312153
0.00148354598787,-0.000825847906526,1.0,0.230767190456,-0.136978849769,1.07474315166
0.000754919892643,-0.00041725099436,1.0,0.211821213365,-0.130824610591,1.07621109486
0.000509546254762,-0.000280645443127,1.0,0.205811068416,-0.129506438971,1.07684445381
0.000198661131435,-0.000108719410491,1.0,0.187335178256,-0.126194685698,1.07771801949
2.41855086642e-05,-1.31197020892e-05,1.0,0.163404926658,-0.125648200512,1.07843315601
8.2115720943e-06,-4.49142089565e-06,1.0,0.156745135784,-0.12614788115,1.07860386372
2.35375665625e-07,-1.79925493171e-07,1.0,0.140336915851,-0.128687158227,1.07845509052
1.62447221896e-07,-1.74091212557e-07,1.0,0.133869960904,-0.13013343513,1.07827055454
2.09855784306e-07,-1.90673233647e-07,1.0,0.118247523904,-0.134669795632,1.0776103735
2.09855784306e-07,-1.90673233647e-07,1.0,0.113057874143,-0.136739447713,1.07760298252
2.09855784306e-07,-1.90673233647e-07,1.0,0.0977830439806,-0.143545329571,1.07621717453
2.09855784306e-07,-1.90673233647e-07,1.0,0.0920658484101,-0.146415621042,1.07571315765
2.09855784306e-07,-1.90673233647e-07,1.0,0.0778136402369,-0.154671788216,1.07374644279
2.09855784306e-07,-1.90673233647e-07,1.0,0.0732328742743,-0.157770231366,1.07329404354
2.09855784306e-07,-1.90673233647e-07,1.0,0.0601975247264,-0.167317122221,1.0708937645
2.09855784306e-07,-1.90673233647e-07,1.0,0.0455211848021,-0.180812641978,1.06787908077
2.09855784306e-07,-1.90673233647e-07,1.0,0.0421880781651,-0.18426720798,1.06712377071
2.09855784306e-07,-1.90673233647e-07,1.0,0.0330863669515,-0.194709077477,1.06411659718
2.09855784306e-07,-1.90673233647e-07,1.0,0.0305456779897,-0.198112294078,1.06333112717
2.09855784306e-07,-1.90673233647e-07,1.0,0.0233224965632,-0.208830103278,1.06049358845
2.09855784306e-07,-1.90673233647e-07,1.0,0.0213402360678,-0.212339282036,1.05983352661
2.09855784306e-07,-1.90673233647e-07,1.0,0.0154905878007,-0.222735136747,1.05658185482
2.09855784306e-07,-1.90673233647e-07,1.0,0.0140769509599,-0.226016581059,1.05582845211
2.09855784306e-07,-1.90673233647e-07,1.0,0.0103212194517,-0.235616162419,1.0528241396
2.09855784306e-07,-1.90673233647e-07,1.0,0.00951368827373,-0.238631129265,1.05213356018
2.09855784306e-07,-1.90673233647e-07,1.0,0.00753038050607,-0.24712498486,1.04956102371
2.09855784306e-07,-1.90673233647e-07,1.0,0.00723684113473,-0.249738097191,1.04898416996
2.09855784306e-07,-1.90673233647e-07,1.0,0.00711646536365,-0.257159143686,1.04712104797
2.09855784306e-07,-1.90673233647e-07,1.0,0.00738246878609,-0.259326577187,1.04668164253
2.09855784306e-07,-1.90673233647e-07,1.0,0.00876524206251,-0.265466868877,1.04505062103
2.09855784306e-07,-1.90673233647e-07,1.0,0.00948157906532,-0.267192035913,1.0447987318
2.09855784306e-07,-1.90673233647e-07,1.0,0.0121128093451,-0.271747559309,1.04367673397
2.09855784306e-07,-1.90673233647e-07,1.0,0.0170695167035,-0.276017218828,1.04312980175
2.09855784306e-07,-1.90673233647e-07,1.0,0.0186122301966,-0.276680290699,1.04333472252
2.09855784306e-07,-1.90673233647e-07,1.0,0.0233408156782,-0.278211951256,1.04310357571
2.09855784306e-07,-1.90673233647e-07,1.0,0.0251409336925,-0.278340399265,1.04347717762
2.09855784306e-07,-1.90673233647e-07,1.0,0.0306856296957,-0.278168916702,1.04388070107
2.09855784306e-07,-1.90673233647e-07,1.0,0.0387017317116,-0.276137173176,1.04537558556
2.09855784306e-07,-1.90673233647e-07,1.0,0.0407159104943,-0.27531850338,1.04598605633
2.09855784306e-07,-1.90673233647e-07,1.0,0.0464451722801,-0.272704780102,1.04753482342
2.09855784306e-07,-1.90673233647e-07,1.0,0.0486537963152,-0.271418631077,1.04845118523
2.09855784306e-07,-1.90673233647e-07,1.0,0.0549013540149,-0.267412185669,1.05019164085
2.09855784306e-07,-1.90673233647e-07,1.0,0.0573998950422,-0.265592575073,1.0510931015
2.09855784306e-07,-1.90673233647e-07,1.0,0.0631789341569,-0.260715872049,1.0530731678
2.09855784306e-07,-1.90673233647e-07,1.0,0.0651996284723,-0.258769512177,1.05428028107
2.09855784306e-07,-1.90673233647e-07,1.0,0.071215197444,-0.252683609724,1.05681884289
2.09855784306e-07,-1.90673233647e-07,1.0,0.0734344422817,-0.250093787909,1.05790483952
2.09855784306e-07,-1.90673233647e-07,1.0,0.0786560103297,-0.243555441499,1.06066131592
2.09855784306e-07,-1.90673233647e-07,1.0,0.0848842486739,-0.233826875687,1.06411242485
2.09855784306e-07,-1.90673233647e-07,1.0,0.090718537569,-0.223211184144,1.06721544266
2.09855784306e-07,-1.90673233647e-07,1.0,0.0929860770702,-0.217673435807,1.07001590729
2.09855784306e-07,-1.90673233647e-07,1.0,0.0947880148888,-0.213090106845,1.07108485699
2.09855784306e-07,-1.90673233647e-07,1.0,0.0967001542449,-0.207216456532,1.07296383381
2.09855784306e-07,-1.90673233647e-07,1.0,0.097938157618,-0.202624082565,1.07396447659
2.09855784306e-07,-1.90673233647e-07,1.0,0.0990960821509,-0.196990728378,1.07612776756
2.09855784306e-07,-1.90673233647e-07,1.0,0.100225314498,-0.187016427517,1.07852423191
2.09855784306e-07,-1.90673233647e-07,1.0,0.100480422378,-0.182852953672,1.07920134068
2.09855784306e-07,-1.90673233647e-07,1.0,0.100016079843,-0.17354889214,1.08104801178
2.09855784306e-07,-1.90673233647e-07,1.0,0.0992132797837,-0.168796777725,1.08215343952
2.09855784306e-07,-1.90673233647e-07,1.0,0.0969139114022,-0.160743802786,1.08328151703
2.09855784306e-07,-1.90673233647e-07,1.0,0.0956356525421,-0.157403945923,1.08310067654
2.09855784306e-07,-1.90673233647e-07,1.0,0.0936906337738,-0.153614759445,1.0837521553
2.09855784306e-07,-1.90673233647e-07,1.0,0.0920981243253,-0.150797337294,1.08375501633
2.09855784306e-07,-1.90673233647e-07,1.0,0.0896839722991,-0.147661820054,1.08405947685
2.09855784306e-07,-1.90673233647e-07,1.0,0.0878175124526,-0.14524705708,1.08377957344
2.09855784306e-07,-1.90673233647e-07,1.0,0.0849738568068,-0.142681747675,1.08385550976
2.09855784306e-07,-1.90673233647e-07,1.0,0.0827286988497,-0.140937149525,1.08336150646
2.09855784306e-07,-1.90673233647e-07,1.0,0.0796941965818,-0.139222159982,1.08378064632
2.09855784306e-07,-1.90673233647e-07,1.0,0.0796941965818,-0.139222159982,1.08378064632
2.09855784306e-07,-1.90673233647e-07,1.0,0.0768682435155,-0.137880206108,1.08305466175
2.09855784306e-07,-1.90673233647e-07,1.0,0.0737361907959,-0.136861234903,1.0831335783
2.09855784306e-07,-1.90673233647e-07,1.0,0.0708483979106,-0.136023581028,1.08232402802
2.09855784306e-07,-1.90673233647e-07,1.0,0.0708483979106,-0.136023581028,1.08232402802
2.09855784306e-07,-1.90673233647e-07,1.0,0.0675814077258,-0.135665953159,1.08242917061
2.09855784306e-07,-1.90673233647e-07,1.0,0.0646086260676,-0.135483771563,1.08156955242
2.09855784306e-07,-1.90673233647e-07,1.0,0.0613381117582,-0.135718792677,1.08158266544
2.09855784306e-07,-1.90673233647e-07,1.0,0.0584673918784,-0.13609418273,1.08080923557
2.09855784306e-07,-1.90673233647e-07,1.0,0.0553044863045,-0.136872962117,1.08071947098
2.09855784306e-07,-1.90673233647e-07,1.0,0.0525009296834,-0.137759968638,1.0800369978
2.09855784306e-07,-1.90673233647e-07,1.0,0.046909045428,-0.140420675278,1.07909405231
2.09855784306e-07,-1.90673233647e-07,1.0,0.0443222224712,-0.142189562321,1.07905864716
2.09855784306e-07,-1.90673233647e-07,1.0,0.0418705828488,-0.143847122788,1.0779299736
2.09855784306e-07,-1.90673233647e-07,1.0,0.0396370068192,-0.145880103111,1.07779538631
2.09855784306e-07,-1.90673233647e-07,1.0,0.0376345254481,-0.147740364075,1.0767441988
2.09855784306e-07,-1.90673233647e-07,1.0,0.0357750654221,-0.150004595518,1.07653188705
2.09855784306e-07,-1.90673233647e-07,1.0,0.034167855978,-0.151980921626,1.0755405426
2.09855784306e-07,-1.90673233647e-07,1.0,0.0327632986009,-0.154235810041,1.07528746128
2.09855784306e-07,-1.90673233647e-07,1.0,0.0315688215196,-0.156367063522,1.07438659668
2.09855784306e-07,-1.90673233647e-07,1.0,0.0304641611874,-0.158559262753,1.07427942753
2.09855784306e-07,-1.90673233647e-07,1.0,0.0295864492655,-0.160627350211,1.07326030731
2.09855784306e-07,-1.90673233647e-07,1.0,0.0289574470371,-0.162799552083,1.07324159145
2.09855784306e-07,-1.90673233647e-07,1.0,0.0283947307616,-0.164759337902,1.07254779339
2.09855784306e-07,-1.90673233647e-07,1.0,0.0281587485224,-0.166768476367,1.0725723505
2.09855784306e-07,-1.90673233647e-07,1.0,0.0278995148838,-0.168522462249,1.07182204723
2.09855784306e-07,-1.90673233647e-07,1.0,0.0279767550528,-0.170218169689,1.07208418846
2.09855784306e-07,-1.90673233647e-07,1.0,0.0280629564077,-0.171773254871,1.07122242451
2.09855784306e-07,-1.90673233647e-07,1.0,0.0288003142923,-0.174289822578,1.07081711292
2.09855784306e-07,-1.90673233647e-07,1.0,0.0295319892466,-0.175277397037,1.07100260258
2.09855784306e-07,-1.90673233647e-07,1.0,0.03014687635,-0.175946772099,1.07054293156
2.09855784306e-07,-1.90673233647e-07,1.0,0.0311568304896,-0.176623508334,1.07044303417
2.09855784306e-07,-1.90673233647e-07,1.0,0.0321817472577,-0.177042275667,1.06961858273
2.09855784306e-07,-1.90673233647e-07,1.0,0.0344932936132,-0.17721529305,1.06940531731
2.09855784306e-07,-1.90673233647e-07,1.0,0.0373392291367,-0.176628857851,1.06886315346
2.09855784306e-07,-1.90673233647e-07,1.0,0.0391677618027,-0.175961524248,1.06865847111
2.09855784306e-07,-1.90673233647e-07,1.0,0.0408250205219,-0.175303384662,1.06778264046
2.09855784306e-07,-1.90673233647e-07,1.0,0.0427117943764,-0.174206331372,1.06791090965
2.09855784306e-07,-1.90673233647e-07,1.0,0.0442876778543,-0.173317074776,1.06732845306
2.09855784306e-07,-1.90673233647e-07,1.0,0.0463557802141,-0.171829104424,1.06732559204
2.09855784306e-07,-1.90673233647e-07,1.0,0.0481689497828,-0.170542299747,1.06700706482
2.09855784306e-07,-1.90673233647e-07,1.0,0.0502524487674,-0.168762534857,1.06695616245
2.09855784306e-07,-1.90673233647e-07,1.0,0.0517867840827,-0.167295575142,1.06644463539
2.09855784306e-07,-1.90673233647e-07,1.0,0.0537355132401,-0.165179863572,1.06653773785
2.09855784306e-07,-1.90673233647e-07,1.0,0.0551647730172,-0.163526967168,1.06589007378
2.09855784306e-07,-1.90673233647e-07,1.0,0.0570297166705,-0.161143139005,1.06597995758
2.09855784306e-07,-1.90673233647e-07,1.0,0.0599197670817,-0.156923040748,1.06593871117
2.09855784306e-07,-1.90673233647e-07,1.0,0.0611039623618,-0.154977738857,1.06564998627
2.09855784306e-07,-1.90673233647e-07,1.0,0.0624976493418,-0.152299255133,1.06587016582
2.09855784306e-07,-1.90673233647e-07,1.0,0.0634759664536,-0.150215864182,1.06551718712
2.09855784306e-07,-1.90673233647e-07,1.0,0.0645505934954,-0.147349476814,1.0656837225
2.09855784306e-07,-1.90673233647e-07,1.0,0.0652444288135,-0.145199224353,1.06529462337
2.09855784306e-07,-1.90673233647e-07,1.0,0.066099844873,-0.142300143838,1.06543028355
2.09855784306e-07,-1.90673233647e-07,1.0,0.0665346831083,-0.140022873878,1.06499898434
2.09855784306e-07,-1.90673233647e-07,1.0,0.0670158416033,-0.137072011828,1.06534183025
2.09855784306e-07,-1.90673233647e-07,1.0,0.0673419684172,-0.134838357568,1.06487894058
2.09855784306e-07,-1.90673233647e-07,1.0,0.0675014480948,-0.131856620312,1.06514978409
2.09855784306e-07,-1.90673233647e-07,1.0,0.0676309615374,-0.126535788178,1.06250548363
2.09855784306e-07,-1.90673233647e-07,1.0,0.0671699941158,-0.124492362142,1.06532740593
2.09855784306e-07,-1.90673233647e-07,0.999999582767,0.0659794285893,-0.11983063072,1.06548464298
2.09855784306e-07,-1.90673233647e-07,0.999986827374,0.0642010942101,-0.115530587733,1.06567764282
2.09855784306e-07,-1.90673233647e-07,0.999920725822,0.0618829205632,-0.111998826265,1.0659828186
2.09855784306e-07,-1.90673233647e-07,0.999733150005,0.0591722726822,-0.109201997519,1.06643009186
2.09855784306e-07,-1.90673233647e-07,0.999334216118,0.0561362989247,-0.107025250793,1.06670677662
2.09855784306e-07,-1.90673233647e-07,0.998897790909,0.0542935468256,-0.105823777616,1.06444787979
2.09855784306e-07,-1.90673233647e-07,0.998617768288,0.0530280470848,-0.10557603091,1.06713688374
2.09855784306e-07,-1.90673233647e-07,0.997904419899,0.0511246062815,-0.104771204293,1.06479203701
2.09855784306e-07,-1.90673233647e-07,0.997466802597,0.049717310816,-0.104844272137,1.06723713875
2.09855784306e-07,-1.90673233647e-07,0.996392905712,0.0477270781994,-0.104504026473,1.06496834755
2.09855784306e-07,-1.90673233647e-07,0.995755434036,0.0463054962456,-0.104806259274,1.06714630127
2.09855784306e-07,-1.90673233647e-07,0.994236588478,0.0442170351744,-0.104862965643,1.06462788582
2.09855784306e-07,-1.90673233647e-07,0.993356823921,0.0427957996726,-0.105318427086,1.0668759346
2.09855784306e-07,-1.90673233647e-07,0.991307199001,0.0406706854701,-0.105697877705,1.06401240826
2.09855784306e-07,-1.90673233647e-07,0.990143120289,0.0395280197263,-0.106466941535,1.06626915932
2.09855784306e-07,-1.90673233647e-07,0.987479150295,0.0375321954489,-0.107274487615,1.06335151196
2.09855784306e-07,-1.90673233647e-07,0.985990107059,0.0364774093032,-0.108320049942,1.06505346298
2.09855784306e-07,-1.90673233647e-07,0.982632339001,0.0346435755491,-0.109539426863,1.06174659729
2.09855784306e-07,-1.90673233647e-07,0.980778574944,0.0335975661874,-0.11067263782,1.06331562996
2.09855784306e-07,-1.90673233647e-07,0.976654410362,0.0320143178105,-0.112179800868,1.05966746807
2.09855784306e-07,-1.90673233647e-07,0.969445407391,0.0297551006079,-0.115160264075,1.05677974224
2.09855784306e-07,-1.90673233647e-07,0.966765403748,0.0290580820292,-0.116498611867,1.0573900938
2.09855784306e-07,-1.90673233647e-07,0.960911512375,0.0278278887272,-0.118357159197,1.05274808407
2.09855784306e-07,-1.90673233647e-07,0.957774996758,0.0275598056614,-0.119626611471,1.05356657505
2.09855784306e-07,-1.90673233647e-07,0.950977921486,0.0266027189791,-0.121633648872,1.0485445261
2.09855784306e-07,-1.90673233647e-07,0.947359800339,0.0264250710607,-0.122892588377,1.04901957512
2.09855784306e-07,-1.90673233647e-07,0.939582765102,0.0258396696299,-0.124665305018,1.04401528835
2.09855784306e-07,-1.90673233647e-07,0.926680028439,0.0253226812929,-0.127713143826,1.03663170338
2.09855784306e-07,-1.90673233647e-07,0.922028839588,0.025320071727,-0.128543198109,1.0361802578
2.09855784306e-07,-1.90673233647e-07,0.912259757519,0.0251839868724,-0.130119875073,1.0292994976
2.09855784306e-07,-1.90673233647e-07,0.907067716122,0.0254261437804,-0.130866959691,1.02778255939
2.09855784306e-07,-1.90673233647e-07,0.896271884441,0.0255760867149,-0.132126748562,1.02024745941
2.09855784306e-07,-1.90673233647e-07,0.878742933273,0.0264896042645,-0.133841663599,1.00913321972
2.09855784306e-07,-1.90673233647e-07,0.872516214848,0.0270606577396,-0.134309262037,1.00635659695
2.09855784306e-07,-1.90673233647e-07,0.859685003757,0.027778249234,-0.135224044323,0.996726691723
2.09855784306e-07,-1.90673233647e-07,0.852954268456,0.0284285731614,-0.135503798723,0.992933988571
2.09855784306e-07,-1.90673233647e-07,0.8391456604,0.0293454322964,-0.136278808117,0.981303274632
2.09855784306e-07,-1.90673233647e-07,0.831916332245,0.0300286598504,-0.136451855302,0.977344214916
2.09855784306e-07,-1.90673233647e-07,0.817168474197,0.0310112088919,-0.136848077178,0.965594351292
2.09855784306e-07,-1.90673233647e-07,0.809472441673,0.0319240279496,-0.136860951781,0.960704147816
2.09855784306e-07,-1.90673233647e-07,0.793834209442,0.0330323688686,-0.137040734291,0.947784245014
2.09855784306e-07,-1.90673233647e-07,0.785698413849,0.033940769732,-0.136738881469,0.942107498646
2.09855784306e-07,-1.90673233647e-07,0.769208848476,0.035304710269,-0.136582270265,0.928249001503
2.09855784306e-07,-1.90673233647e-07,0.760671198368,0.0360701419413,-0.136299997568,0.921469092369
2.09855784306e-07,-1.90673233647e-07,0.743402242661,0.0373641513288,-0.135916873813,0.906445324421
2.09855784306e-07,-1.90673233647e-07,0.73449909687,0.0383677892387,-0.135445490479,0.899093091488
2.09855784306e-07,-1.90673233647e-07,0.716539382935,0.0398765951395,-0.134854272008,0.881464898586
2.09855784306e-07,-1.90673233647e-07,0.70729714632,0.0408664681017,-0.134235486388,0.874814689159
2.09855770095e-07,-1.90673233647e-07,0.68874412775,0.0422995500267,-0.133466258645,0.857743382454
2.09855770095e-07,-1.90673233647e-07,0.679191112518,0.0433419048786,-0.132656753063,0.849052548409
2.09855770095e-07,-1.90673233647e-07,0.66010504961,0.0449648313224,-0.131579533219,0.829322934151
2.09855770095e-07,-1.90673233647e-07,0.650316536427,0.0456613488495,-0.130833253264,0.82141917944
2.09855770095e-07,-1.90673233647e-07,0.630799174309,0.0470808856189,-0.129652231932,0.802543878555
2.09855770095e-07,-1.90673233647e-07,0.620839834213,0.0479753315449,-0.128710910678,0.792932331562
2.09855770095e-07,-1.90673233647e-07,0.570763468742,0.0515958629549,-0.124867208302,0.742328584194
2.09855770095e-07,-1.90673233647e-07,0.560587704182,0.0524377301335,-0.123801007867,0.732570767403
2.09855770095e-07,-1.90673247857e-07,0.540344953537,0.0537696890533,-0.122182287276,0.711117565632
2.09855770095e-07,-1.90673247857e-07,0.530125319958,0.0544298812747,-0.12117203325,0.700799107552
2.09855770095e-07,-1.90673247857e-07,0.509879887104,0.0556380860507,-0.119456291199,0.678738236427
2.09855755884e-07,-1.90673247857e-07,0.47950515151,0.0573959201574,-0.116525433958,0.645790338516
2.09855755884e-07,-1.90673247857e-07,0.469428837299,0.0580626092851,-0.115388460457,0.635320425034
2.09855755884e-07,-1.90673247857e-07,0.44940367341,0.0591524504125,-0.113547809422,0.612428069115
2.09855755884e-07,-1.90673247857e-07,0.42954313755,0.0605764240026,-0.111160881817,0.586009442806
2.09855755884e-07,-1.90673247857e-07,0.419739454985,0.0608459748328,-0.110507257283,0.578667938709
2.09855755884e-07,-1.90673247857e-07,0.400237828493,0.0621423460543,-0.108176328242,0.552229642868
2.09855755884e-07,-1.90673262068e-07,0.390626132488,0.0623748227954,-0.107463300228,0.544691979885
2.09855741673e-07,-1.90673262068e-07,0.37159705162,0.0633207336068,-0.105302356184,0.518471896648
