0.0,0.0,0.0,-0.0331541262567,-0.00353781017475,0.128685548902
0.0,0.0,0.0,-0.0331839844584,-0.00362321152352,0.126085221767
0.0,0.0,0.0,-0.0331857912242,-0.00362316984683,0.128652483225
0.0,0.0,0.0,-0.0331598706543,-0.00352537119761,0.126240625978
0.0,0.0,0.0,-0.0332016907632,-0.00359507533722,0.12873634696
0.0,0.0,0.0,-0.033411744982,-0.00360265350901,0.126389577985
0.0,0.0,0.0,-0.0332245901227,-0.00360240763985,0.128795996308
0.0,0.0,0.0,-0.0331390984356,-0.0035643952433,0.126690581441
0.0,0.0,0.0,-0.0332021154463,-0.00346618704498,0.128931537271
0.0,0.0,0.0,-0.0332217514515,-0.00337483710609,0.126716867089
0.0,0.0,0.0,-0.033424668014,-0.00356759643182,0.128657162189
0.0,0.0,0.0,-0.0334007441998,-0.00365861924365,0.126340836287
0.0,0.0,0.0,-0.0332710817456,-0.00361456861719,0.128738448024
0.0,0.0,0.0,-0.0331852585077,-0.00361938797869,0.126625835896
0.0,0.0,0.0,-0.0331608466804,-0.00360874226317,0.128784999251
0.0,0.0,0.0,-0.033132173121,-0.00360963237472,0.126524493098
0.0,0.0,0.0,-0.0331722199917,-0.00354730011895,0.128824621439
0.0,0.0,0.0,-0.0331520214677,-0.0034518383909,0.126678749919
0.0,0.0,0.0,-0.0331521965563,-0.0034979688935,0.12888969481
0.0,0.0,0.0,-0.0331786759198,-0.00351444585249,0.126650795341
0.0,0.0,0.0,-0.0331603847444,-0.00348683074117,0.128922566772
0.0,0.0,0.0,-0.0331405997276,-0.00344356219284,0.126722127199
0.0,0.0,0.0,-0.0331645980477,-0.00336171896197,0.128988474607
0.0,0.0,0.0,-0.0331447161734,-0.00330450455658,0.126775562763
0.0,0.0,0.0,-0.0331616401672,-0.00338980951346,0.128979176283
0.0,0.0,0.0,-0.0331809073687,-0.00345428660512,0.126702085137
0.0,0.0,0.0,-0.0332078039646,-0.00350602320395,0.128899142146
0.0,0.0,0.0,-0.0331815518439,-0.0034858295694,0.126672938466
0.0,0.0,0.0,-0.0331608057022,-0.00357535784133,0.128891065717
0.0,0.0,0.0,-0.0330724753439,-0.00353284063749,0.126755192876
0.0,0.0,0.0,-0.0331357754767,-0.00354934646748,0.128901928663
0.0,0.0,0.0,-0.0331312455237,-0.00347794638947,0.126704990864
0.0,0.0,0.0,-0.0331228114665,-0.00343777961098,0.128968283534
0.0,0.0,0.0,-0.0331437848508,-0.00350957154296,0.126665562391
0.0,0.0,0.0,-0.0331125259399,-0.00338869914412,0.128998935223
0.0,0.0,0.0,-0.0330997258425,-0.00332721695304,0.126803010702
0.0,0.0,0.0,-0.0331728756428,-0.0035575220827,0.128838434815
0.0,0.0,0.0,-0.0331628844142,-0.00368700479157,0.126494884491
0.0,0.0,0.0,-0.0332149602473,-0.00362113118172,0.128789827228
0.0,0.0,0.0,-0.0332218818367,-0.0036470007617,0.126561209559
0.0,0.0,0.0,-0.0332083813846,-0.00341501855291,0.126684680581
0.0,0.0,0.0,-0.0334168300033,-0.00342276389711,0.128834187984
0.0,0.0,0.0,-0.0336256958544,-0.00339046260342,0.126361325383
0.0,0.0,0.0,-0.0336522720754,-0.00359486835077,0.128541052341
0.0,0.0,0.0,-0.0337300859392,-0.00369429890998,0.126105040312
0.0,0.0,0.0,-0.0336548984051,-0.00369711266831,0.128525182605
0.0,0.0,0.0,-0.0334918834269,-0.00364164193161,0.126415193081
0.0,0.0,0.0,-0.0336536690593,-0.00361099722795,0.128599509597
0.0,0.0,0.0,-0.0336294807494,-0.00356074655429,0.126400843263
0.0,0.0,0.0,-0.0330311730504,-0.00357614015229,0.126595407724
0.0,0.0,0.0,-0.0330279059708,-0.00359873101115,0.126805260777
0.0,0.0,0.0,-0.0330724455416,-0.00357370707206,0.126483634114
0.0,0.0,0.0,-0.0330156236887,-0.00351251568645,0.126789361238
0.0,0.0,0.0,-0.032985124737,-0.00334776076488,0.126780241728
0.0,0.0,0.0,-0.03296674788,-0.00332883931696,0.1270288378
0.0,0.0,0.0,-0.0329259671271,-0.00354449218139,0.126696363091
0.0,0.0,0.0,-0.0329365506768,-0.00365632004105,0.12774567306
0.0,0.0,0.0,-0.0331801809371,-0.00353643344715,0.127886280417
0.0,0.0,0.0,-0.0332122221589,-0.00372121133842,0.12737813592
0.0,0.0,0.0,-0.0332159101963,-0.00367890275083,0.127975285053
0.0,0.0,0.0,-0.0335479900241,-0.0034744264558,0.12765750289
0.0,0.0,0.0,-0.0333114489913,-0.00356253166683,0.127835005522
0.0,0.0,0.0,-0.0331611894071,-0.00364875374362,0.128579497337
0.0,0.0,0.0,-0.0333289727569,-0.00368176819757,0.128615483642
0.0,0.0,0.0,-0.0334757938981,-0.00366509705782,0.128586754203
0.0,0.0,0.0,-0.0335714034736,-0.0036686337553,0.126010537148
0.0,0.0,0.0,-0.0335963815451,-0.00364180165343,0.126397684216
0.0,0.0,0.0,-0.0336749665439,-0.00361049338244,0.1264282763
0.0,0.0,0.0,-0.0336338467896,-0.00361829763278,0.126867368817
0.0,0.0,0.0,-0.0336997807026,-0.00359172164463,0.127798646688
0.0,0.0,0.0,-0.0337461791933,-0.00357955740765,0.125066623092
0.0,0.0,0.0,-0.0337925776839,-0.00356739317067,0.121353603899
0.0,0.0,0.0,-0.0337671451271,-0.00354329566471,0.124840691686
0.0,0.0,0.0,-0.0338229499757,-0.00351458298974,0.11650955677
0.0,0.0,0.0,-0.0337642729282,-0.003564046463,0.125347495079
0.0,0.0,0.0,-0.0336298346519,-0.0036693890579,0.127509430051
0.0,0.0,0.0,-0.0334702916443,-0.00344481668435,0.125901222229
0.0,0.0,0.0,-0.0334320999682,-0.00354747590609,0.125397488475
0.0,0.0,0.0,-0.0334820486605,-0.00348739535548,0.126717656851
0.0,0.0,0.0,-0.0334739014506,-0.0035292939283,0.127210944891
0.0,0.0,0.0,-0.0335628837347,-0.00355655536987,0.127262592316
0.0,0.0,0.0,-0.0335325673223,-0.00367352552712,0.127243980765
0.0,0.0,0.0,-0.0334808267653,-0.00371729792096,0.127223864198
0.0,0.0,0.0,-0.0333613157272,-0.00362153933384,0.127327397466
0.0,0.0,0.0,-0.0332967415452,-0.00366845889948,0.12732359767
0.0,0.0,0.0,-0.0332287251949,-0.00365311093628,0.127590313554
0.0,0.0,0.0,-0.0332150012255,-0.00361203821376,0.128029882908
0.0,0.0,0.0,-0.0331653431058,-0.00360410823487,0.127441972494
0.0,0.0,0.0,-0.0330878272653,-0.00354272476397,0.128408685327
0.0,0.0,0.0,-0.033044166863,-0.00351619836874,0.125802576542
0.0,0.0,0.0,-0.0329424887896,-0.00342609081417,0.12334895134
0.0,0.0,0.0,-0.0330336131155,-0.00353516102768,0.126176521182
0.0,0.0,0.0,-0.0330247841775,-0.00352207268588,0.127500861883
0.0,0.0,0.0,-0.0330467000604,-0.00345560023561,0.128277301788
0.0,0.0,0.0,-0.0330981835723,-0.00343828368932,0.128784790635
0.0,0.0,0.0,-0.0331161208451,-0.00341486209072,0.126180410385
0.0,0.0,0.0,-0.0331440977752,-0.00348675530404,0.127625867724
0.0,0.0,0.0,-0.0331623703241,-0.00349547946826,0.124626345932
0.0,0.0,0.0,-0.0331767350435,-0.00352741382085,0.126826792955
0.0,0.0,0.0,-0.033195823431,-0.00355141866021,0.128143131733
0.0,0.0,0.0,-0.0335225686431,-0.00353821692988,0.128448814154
0.0,0.0,0.0,-0.033657297492,-0.00361470412463,0.128470495343
0.0,0.0,0.0,-0.0337292999029,-0.00362378149293,0.128418475389
0.0,0.0,0.0,-0.0336852930486,-0.00365136191249,0.128421351314
0.0,0.0,0.0,-0.0337144620717,-0.00367394299246,0.125853687525
0.0,0.0,0.0,-0.0335249751806,-0.00367351528257,0.126249238849
0.0,0.0,0.0,-0.0334172025323,-0.00371307483874,0.126471683383
0.0,0.0,0.0,-0.0334446318448,-0.00378122460097,0.126534745097
0.0,0.0,0.0,-0.0334546118975,-0.00376589619555,0.127181693912
0.0,0.0,0.0,-0.0334493592381,-0.00378368678503,0.124171502888
0.0,0.0,0.0,-0.0331341288984,-0.00371371139772,0.125855654478
-0.0330872870982,-0.00370733835734,0.124599635601,-0.0331890620291,-0.00382044981234,0.127354264259
-0.0330872870982,-0.00370733835734,0.12459975481,-0.0333016254008,-0.00374257331714,0.127276599407
-0.0330872870982,-0.00370733835734,0.124603264034,-0.03332997486,-0.00365793076344,0.129226922989
-0.0330872870982,-0.00370733835734,0.124616414309,-0.0332881696522,-0.00344850216061,0.12772461772
-0.0330872870982,-0.00370733835734,0.125294223428,-0.0332448668778,-0.00286214076914,0.128465980291
-0.0330872870982,-0.00370733835734,0.125731304288,-0.0327829159796,-0.00220038834959,0.130981758237
-0.0330872870982,-0.00370733835734,0.126012340188,-0.0327331647277,-0.00188567698933,0.132377266884
-0.0330872870982,-0.00370733835734,0.126717105508,-0.0327016934752,-0.00109376083128,0.137928873301
-0.0330872870982,-0.00370733835734,0.127151817083,-0.0327001437545,-0.000660115212668,0.140790447593
-0.0330872870982,-0.00370733835734,0.128201767802,-0.0334787853062,0.000118344047223,0.148086518049
-0.0330872870982,-0.00370733835734,0.12883259356,-0.0338878035545,0.000509240489919,0.151168510318
-0.0330872870982,-0.00370733835734,0.130303442478,-0.0352187827229,0.00150818831753,0.160913288593
-0.0330872870982,-0.00370733835734,0.131169006228,-0.035319685936,0.00203260383569,0.165079906583
-0.0330872870982,-0.00370733835734,0.133141919971,-0.0361929684877,0.00345375714824,0.176366567612
-0.0330872870982,-0.00370733835734,0.134281724691,-0.0367274470627,0.00353210559115,0.18040920794
-0.0330872870982,-0.00370733835734,0.136833354831,-0.0370220318437,0.00491017894819,0.192447513342
-0.0330872870982,-0.00370733835734,0.138286799192,-0.0370548032224,0.00521668791771,0.196973353624
-0.0330872870982,-0.00370733835734,0.141488075256,-0.0378205254674,0.00614276062697,0.209149241447
-0.0330872870982,-0.00370733835734,0.143288061023,-0.0380930155516,0.00646178144962,0.213248223066
-0.0330872870982,-0.00370733835734,0.147215425968,-0.0383529029787,0.0077071650885,0.225011050701
-0.0330872870982,-0.00370733835734,0.14937889576,-0.0386033430696,0.00794428307563,0.228771299124
-0.0330872870982,-0.00370733835734,0.154100671411,-0.0391364730895,0.00910488143563,0.238918274641
-0.0330872870982,-0.00370733835734,0.156666323543,-0.0393367744982,0.00934196822345,0.2423312217
-0.0330872870982,-0.00370733835734,0.162225961685,-0.0398108772933,0.0103119993582,0.25091651082
-0.0330872870982,-0.00370733835734,0.165226429701,-0.0398559831083,0.0105449575931,0.253955304623
-0.0330872870982,-0.00370733835734,0.17166569829,-0.0404464788735,0.0113136414438,0.261629968882
-0.0330872870982,-0.00370733835734,0.175117135048,-0.0407508909702,0.0115454280749,0.264251202345
-0.0330872870982,-0.00370733835734,0.18638959527,-0.0413025505841,0.0127160390839,0.272637397051
-0.0330872870982,-0.00370733835734,0.194690003991,-0.0411726459861,0.0138750476763,0.279789328575
-0.0330872870982,-0.00370733835734,0.19908067584,-0.041517958045,0.0141485454515,0.281915158033
-0.0330872870982,-0.00370733835734,0.208340734243,-0.0412155240774,0.0154193602502,0.288662731647
-0.0330872870982,-0.00370733835734,0.213214367628,-0.0414484255016,0.0157064180821,0.290734052658
-0.0330872870982,-0.00370733835734,0.223433285952,-0.0416488423944,0.0163204558194,0.296956151724
-0.0330872870982,-0.00370733835734,0.228789895773,-0.041852530092,0.016279829666,0.299430936575
-0.0330872870982,-0.00370733835734,0.239960998297,-0.0424196533859,0.0166421048343,0.306332856417
-0.0330872870982,-0.00370733835734,0.245790779591,-0.0425888188183,0.0168370306492,0.309056341648
-0.0330872870982,-0.00370733835734,0.257910966873,-0.0427997969091,0.0173361990601,0.317005753517
-0.0330872870982,-0.00370733835734,0.264200538397,-0.0429366491735,0.0175368972123,0.32017570734
-0.0330872870982,-0.00370733835734,0.277234584093,-0.0432813763618,0.0182532388717,0.329300314188
-0.0330872870982,-0.00370733835734,0.28398039937,-0.0433301366866,0.0184551421553,0.33286100626
-0.0330872870982,-0.00370733835734,0.297883808613,-0.0435852408409,0.0191040709615,0.343334496021
-0.0330872870982,-0.00370733835734,0.305099666119,-0.0436413250864,0.0191814489663,0.347361892462
-0.0330872870982,-0.00370733835734,0.319797635078,-0.0436345636845,0.0190814938396,0.359824329615
-0.0330872870982,-0.00370733835734,0.342881321907,-0.044635400176,0.0181404836476,0.376108139753
-0.0330872870982,-0.00370733835734,0.350899159908,-0.0447915904224,0.0179114900529,0.380638569593
-0.0330872870982,-0.00370733835734,0.367059469223,-0.0451446138322,0.0173601582646,0.394714385271
-0.0330872870982,-0.00370733835734,0.375413089991,-0.0453701652586,0.0172043610364,0.399698138237
-0.0330872870982,-0.00370733835734,0.39221855998,-0.0458935052156,0.0165898483247,0.414410591125
-0.0330872870982,-0.00370733835734,0.400809913874,-0.0461304560304,0.016324641183,0.41960427165
-0.0330872870982,-0.00370733835734,0.418719112873,-0.0465799607337,0.015617609024,0.431472688913
-0.0330872870982,-0.00370733835734,0.427096009254,-0.0470379702747,0.0148693788797,0.441657006741
-0.0330872870982,-0.00370733835734,0.445493429899,-0.0472505316138,0.0136638442054,0.453646719456
-0.0330872870982,-0.00370733835734,0.454072713852,-0.0479607209563,0.0120309637859,0.464308708906
-0.0330872870982,-0.00370733835734,0.472877293825,-0.0485891513526,0.0103019922972,0.476593792439
-0.0330872870982,-0.00370733835734,0.481622755527,-0.0493043400347,0.0086313309148,0.487691879272
-0.0330872870982,-0.00370733835734,0.490909397602,-0.0493225976825,0.0076686181128,0.49441409111
-0.0330872870982,-0.00370733835734,0.509591400623,-0.0495541542768,0.00458267237991,0.514342367649
-0.0330872870982,-0.00370733835734,0.518979430199,-0.0494346171618,0.00372633407824,0.521533608437
-0.0330872870982,-0.00370733835734,0.537833452225,-0.0491809844971,0.00106699124444,0.542544364929
-0.0330872870982,-0.00370733835734,0.556726276875,-0.0489115901291,-0.000835406885017,0.55878674984
-0.0330872870982,-0.00370733835734,0.566182255745,-0.048959158361,-0.00269438955002,0.57298129797
-0.0330872870982,-0.00370733835734,0.585103690624,-0.048618786037,-0.00476207956672,0.589071512222
-0.0330872870982,-0.00370733835734,0.594532608986,-0.0475925579667,-0.00702253682539,0.604511380196
-0.0330872870982,-0.00370733835734,0.613342761993,-0.0473105870187,-0.00929041393101,0.62090742588
-0.0330872870982,-0.00370733835734,0.62270963192,-0.0470648556948,-0.0118907941505,0.636613786221
-0.0330872870982,-0.00370733835734,0.632044672966,-0.0466596484184,-0.0130188213661,0.644744336605
-0.0330872870982,-0.00370733835734,0.650633752346,-0.0457292310894,-0.0159799326211,0.66237860918
-0.0330872870982,-0.00370733835734,0.659770309925,-0.0449154265225,-0.0179248303175,0.677216529846
-0.0330872870982,-0.00370733835734,0.677968859673,-0.043384745717,-0.0219401791692,0.701572597027
-0.0330872870982,-0.00370733835734,0.68705368042,-0.0427760258317,-0.0235428865999,0.711246013641
-0.0330872870982,-0.00370733835734,0.704774796963,-0.0402040705085,-0.0278114210814,0.737115085125
-0.0330872870982,-0.00370733835734,0.713614106178,-0.0393202751875,-0.0295407455415,0.746657311916
-0.0330872870982,-0.00370733835734,0.73084384203,-0.036796823144,-0.0333192758262,0.770439684391
-0.0330872870982,-0.00370733835734,0.73940885067,-0.0350311324,-0.034901317209,0.7805595994
-0.0330872870982,-0.00370733835734,0.756042420864,-0.0328017808497,-0.038922585547,0.804030358791
-0.0330872870982,-0.00370733835734,0.764295935631,-0.0315710827708,-0.0405456572771,0.81398075819
-0.0330872870982,-0.00370733835734,0.788197398186,-0.0267536193132,-0.0458862520754,0.848023355007
-0.0330872870982,-0.00370733835734,0.803437769413,-0.0238641090691,-0.0499023869634,0.871812403202
-0.0330872870982,-0.00370733835734,0.810953557491,-0.022527333349,-0.0513365752995,0.880859315395
-0.0330872870982,-0.00370733835734,0.82542860508,-0.0185113996267,-0.0557402782142,0.905658483505
-0.0330872870982,-0.00370733835734,0.832525372505,-0.0172580722719,-0.0571074560285,0.914631843567
-0.0330872908235,-0.00370733835734,0.846153020859,-0.0138008389622,-0.0604496113956,0.937997400761
-0.0330872908235,-0.00370733812451,0.86556071043,-0.00912168622017,-0.0654570162296,0.968443930149
-0.0330872908235,-0.00370733812451,0.877739310265,-0.00667926063761,-0.0680007487535,0.984642326832
-0.0330872908235,-0.00370733812451,0.883592963219,-0.00430112797767,-0.0711068958044,0.997136354446
-0.0330872908235,-0.00370733812451,0.894830107689,-0.0012280845549,-0.073780991137,1.01278960705
-0.0330872908235,-0.00370733812451,0.900198459625,0.000957191048656,-0.0754440575838,1.0244563818
-0.0330872908235,-0.00370733812451,0.910483658314,0.00369866471738,-0.078408382833,1.0389111042
-0.0330872908235,-0.00370733812451,0.915383338928,0.00631499523297,-0.0797687843442,1.04968893528
-0.0330872908235,-0.00370733789168,0.924703717232,0.00898633152246,-0.082035638392,1.06274902821
-0.0330872908235,-0.00370733789168,0.929119765759,0.0109243327752,-0.0835216194391,1.07210290432
-0.0330872908235,-0.00370733789168,0.937478065491,0.013878413476,-0.0850094035268,1.08437001705
-0.0330872908235,-0.00370733789168,0.941419899464,0.0159203838557,-0.0865262597799,1.09290230274
-0.0330872908235,-0.00370733789168,0.948835670948,0.0193899422884,-0.088045977056,1.10446870327
-0.0330872908235,-0.00370733765885,0.952311217785,0.0221696086228,-0.0893232300878,1.1129335165
-0.0330872908235,-0.00370733765885,0.958808302879,0.0241865087301,-0.0910000577569,1.12228405476
-0.0330872908235,-0.00370733765885,0.961833775043,0.0271275788546,-0.0922828689218,1.13024628162
-0.0330872908235,-0.00370733742602,0.967447578907,0.0289685521275,-0.0934204086661,1.13846683502
-0.0330872945487,-0.00370733742602,0.970040500164,0.03073412925,-0.0946533158422,1.14437758923
-0.0330872945487,-0.00370733742602,0.974812030792,0.0324467979372,-0.0958281978965,1.15172219276
-0.0330872945487,-0.00370733719319,0.976998090744,0.0341560654342,-0.0967523679137,1.15691566467
-0.0330872945487,-0.00370733719319,0.980981886387,0.0364444069564,-0.0976543873549,1.16324520111
-0.0330872945487,-0.00370733696036,0.986047804356,0.0406811088324,-0.0993087142706,1.17272484303
-0.0330872945487,-0.00370733696036,0.987508773804,0.0424294807017,-0.0997348576784,1.17583882809
-0.0330872945487,-0.00370733672753,0.990106642246,0.0444591343403,-0.100150868297,1.17981517315
-0.0330872945487,-0.00370733672753,0.991255998611,0.0461446009576,-0.100207343698,1.18215823174
-0.033087298274,-0.0037073364947,0.993268549442,0.0475749149919,-0.100524283946,1.18486905098
-0.033087298274,-0.0037073364947,0.994142413139,0.0489965081215,-0.100758105516,1.18634223938
-0.033087298274,-0.00370733626187,0.995648622513,0.0503345280886,-0.101160176098,1.18806123734
-0.033087298274,-0.00370733602904,0.996286928654,0.0517376065254,-0.101469479501,1.18889081478
-0.033087298274,-0.00370733579621,0.997362434864,0.0534420609474,-0.101792305708,1.1900831461
-0.033087298274,-0.00370733579621,0.997806608677,0.0542608648539,-0.102397538722,1.18987500668
-0.0330873019993,-0.00370733556338,0.998546659946,0.055159393698,-0.102354168892,1.18988239765
-0.0330873019993,-0.00370733533055,0.998819589615,0.0556249208748,-0.102152645588,1.18848931789
-0.0330873019993,-0.00370733509772,0.999280333519,0.0558483563364,-0.101547986269,1.18742918968
-0.0330873019993,-0.00370733509772,0.999441683292,0.0559213906527,-0.100846171379,1.18501651287
-0.0330873057246,-0.00370733463205,0.999698698521,0.0560501180589,-0.0997923910618,1.18310129642
-0.0330873057246,-0.00370733463205,0.999784588814,0.0562315545976,-0.0988444015384,1.18014907837
-0.0330873057246,-0.00370733416639,0.999905049801,0.0564648918808,-0.0977445244789,1.17780387402
-0.0330873057246,-0.00370733416639,0.999938011169,0.0568207129836,-0.0968745872378,1.17488849163
-0.0330873094499,-0.00370733370073,0.999981701374,0.0568674467504,-0.0956981182098,1.17232143879
-0.0330873094499,-0.0037073334679,0.999989390373,0.0566961094737,-0.0945130288601,1.16900932789
-0.0330873094499,-0.00370733300224,0.999999523163,0.0558577999473,-0.0932158529758,1.16563344002
-0.0330873131752,-0.00370733300224,0.999999701977,0.0546210482717,-0.0920432880521,1.16116631031
-0.0330873131752,-0.00370733253658,1.00000023842,0.0530000180006,-0.0903838574886,1.15692329407
-0.0330873131752,-0.00370733253658,1.00000023842,0.0515343733132,-0.0889226049185,1.15229654312
-0.0330873131752,-0.00370733253658,1.00000023842,0.0494246482849,-0.0873594731092,1.14806139469
-0.0330873131752,-0.00370733253658,1.00000023842,0.0478766039014,-0.0858930423856,1.14367246628
-0.0330873131752,-0.00370733253658,1.00000023842,0.0457787923515,-0.0838860273361,1.14012491703
-0.0330873131752,-0.00370733253658,1.00000023842,0.0437308624387,-0.082074098289,1.13620769978
-0.0330873131752,-0.00370733253658,1.00000023842,0.0410405695438,-0.0797341763973,1.13323915005
-0.0330873131752,-0.00370733253658,1.00000023842,0.0383643805981,-0.0778660550714,1.13009572029
-0.0330873131752,-0.00370733253658,1.00000023842,0.0346583351493,-0.0751111805439,1.12697768211
-0.0330873131752,-0.00370733253658,1.00000023842,0.0317969024181,-0.0728952810168,1.12444806099
-0.0330873131752,-0.00370733253658,1.00000023842,0.0284932628274,-0.0701062083244,1.12261414528
-0.0330873131752,-0.00370733253658,1.00000023842,0.0254859179258,-0.0678561478853,1.12079870701
-0.0330873131752,-0.00370733253658,1.00000023842,0.022124638781,-0.0648696124554,1.11978447437
-0.0330873131752,-0.00370733253658,1.00000023842,0.0192229691893,-0.0628242194653,1.11837697029
-0.0330873131752,-0.00370733253658,1.00000023842,0.0151298362762,-0.060118239373,1.11780536175
-0.0330873131752,-0.00370733253658,1.00000023842,0.0119555899873,-0.0576634816825,1.11662471294
-0.0330873131752,-0.00370733253658,1.00000023842,0.00790847279131,-0.054889973253,1.11639153957
-0.0330873131752,-0.00370733253658,1.00000023842,0.00490512372926,-0.0529069006443,1.11580812931
-0.0330873131752,-0.00370733253658,1.00000023842,-0.0015468908241,-0.0483899153769,1.11584401131
-0.0330873131752,-0.00370733253658,1.00000023842,-0.00483781844378,-0.045924898237,1.11671733856
-0.0330873131752,-0.00370733253658,1.00000023842,-0.00721174711362,-0.0439411513507,1.11689651012
-0.0330873131752,-0.00370733253658,1.00000023842,-0.0108425077051,-0.0412867516279,1.11766541004
-0.0330873131752,-0.00370733253658,1.00000023842,-0.0134256193414,-0.0393160954118,1.11776065826
-0.0330873131752,-0.00370733253658,1.00000023842,-0.0167389009148,-0.0366383194923,1.11882770061
-0.0330873131752,-0.00370733253658,1.00000023842,-0.0193116273731,-0.0345500223339,1.11902868748
-0.0330873131752,-0.00370733253658,1.00000023842,-0.0223343372345,-0.0321684032679,1.12021458149
-0.0330873131752,-0.00370733253658,1.00000023842,-0.0247827321291,-0.0302922595292,1.12023305893
-0.0330873131752,-0.00370733253658,1.00000023842,-0.0273572523147,-0.0279268156737,1.12129259109
-0.0330873131752,-0.00370733253658,1.00000023842,-0.0288564637303,-0.0262639261782,1.12171888351
-0.0330873131752,-0.00370733253658,1.00000023842,-0.0309685636312,-0.0242303218693,1.12272822857
-0.0330873131752,-0.00370733253658,1.00000023842,-0.0328279659152,-0.0226206704974,1.12273895741
-0.0330873131752,-0.00370733253658,1.00000023842,-0.0348567664623,-0.0205109324306,1.1234215498
-0.0330873131752,-0.00370733253658,1.00000023842,-0.036509655416,-0.0192057993263,1.12315964699
-0.0330873131752,-0.00370733253658,1.00000023842,-0.0383779294789,-0.0171174127609,1.12345480919
-0.0330873131752,-0.00370733253658,1.00000023842,-0.0400341376662,-0.0155660538003,1.12278366089
-0.0330873131752,-0.00370733253658,1.00000023842,-0.0416057109833,-0.0137435737997,1.12269949913
-0.0330873131752,-0.00370733253658,1.00000023842,-0.0430340059102,-0.0124393012375,1.12177431583
-0.0330873131752,-0.00370733253658,1.00000023842,-0.0445851497352,-0.0109322331846,1.1213029623
-0.0330873131752,-0.00370733253658,1.00000023842,-0.0453701280057,-0.00965516455472,1.12042021751
-0.0330873131752,-0.00370733253658,1.00000023842,-0.0463751927018,-0.00818203855306,1.11967122555
-0.0330873131752,-0.00370733253658,1.00000023842,-0.0470971018076,-0.00707000307739,1.11840772629
0.0,0.0,1.0,-0.0479318164289,-0.00542475981638,1.11486947536
0.0,0.0,1.0,-0.0480313561857,-0.00448415987194,1.11643207073
0.0,0.0,1.0,-0.0486125871539,-0.00292901624925,1.11274826527
0.0,0.0,1.0,-0.0487035475671,-0.0023314319551,1.11430382729
0.0,0.0,1.0,-0.0490196421742,-0.00118045881391,1.11066401005
0.0,0.0,1.0,-0.0490884259343,-0.000541539629921,1.11221265793
0.0,0.0,1.0,-0.0492385998368,0.000562477333006,1.10844707489
0.0,0.0,1.0,-0.0484783425927,0.000616275065113,1.11053371429
0.0,0.0,1.0,-0.0479857809842,0.00109042366967,1.10719585419
0.0,0.0,1.0,-0.0472113378346,0.00133206928149,1.10926032066
0.0,0.0,1.0,-0.0463730469346,0.00162749306764,1.10619461536
0.0,0.0,1.0,-0.0453275293112,0.00200722180307,1.10855412483
0.0,0.0,1.0,-0.0441335551441,0.00249304505996,1.10569906235
0.0,0.0,1.0,-0.0432409867644,0.00251827738248,1.10825896263
0.0,0.0,1.0,-0.0421826131642,0.00285980966873,1.10555756092
0.0,0.0,1.0,-0.0414634272456,0.00262164603919,1.10796332359
0.0,0.0,1.0,-0.0403897799551,0.00263791787438,1.1053289175
0.0,0.0,1.0,-0.0395454578102,0.00225840741768,1.1078979969
0.0,0.0,1.0,-0.0381968058646,0.00207896111533,1.10553896427
0.0,0.0,1.0,-0.0367625840008,0.0017299419269,1.10865437984
0.0,0.0,1.0,-0.0348692834377,0.00140462582931,1.10656177998
0.0,0.0,1.0,-0.0334360711277,0.00118240714073,1.10952138901
0.0,0.0,1.0,-0.0313478149474,0.00074235961074,1.10764014721
0.0,0.0,1.0,-0.0278046969324,-0.000145233701915,1.10912632942
0.0,0.0,1.0,-0.0267797764391,-0.000654262374155,1.11211204529
0.0,0.0,1.0,-0.0250059850514,-0.00135846587364,1.11022973061
0.0,0.0,1.0,-0.0239468794316,-0.00176779169124,1.11296844482
0.0,0.0,1.0,-0.0220764651895,-0.00234837178141,1.1109982729
0.0,0.0,1.0,-0.0206843074411,-0.00244953972287,1.11381697655
0.0,0.0,1.0,-0.0186719950289,-0.00279775005765,1.11178934574
0.0,0.0,1.0,-0.0169801935554,-0.00296954996884,1.11518955231
0.0,0.0,1.0,-0.0160759910941,-0.00312645570375,1.11298513412
0.0,0.0,1.0,-0.0143423145637,-0.00353730004281,1.11604356766
0.0,0.0,1.0,-0.0134133482352,-0.00373064843006,1.11381590366
0.0,0.0,1.0,-0.0122879762203,-0.00438220240176,1.11633503437
0.0,0.0,1.0,-0.0114698698744,-0.00462398538366,1.11396801472
0.0,0.0,1.0,-0.00958045944571,-0.00456877890974,1.11690473557
0.0,0.0,1.0,-0.00866290181875,-0.00466150837019,1.11455690861
0.0,0.0,1.0,-0.00800258573145,-0.00429727463052,1.11666512489
0.0,0.0,1.0,-0.00741525180638,-0.00424143951386,1.11410570145
0.0,0.0,1.0,-0.00745718041435,-0.0040024863556,1.11603748798
0.0,0.0,1.0,-0.00719922734424,-0.00392959872261,1.1133197546
0.0,0.0,1.0,-0.00769005343318,-0.0036647527013,1.11484730244
0.0,0.0,1.0,-0.00764334527776,-0.00353975757025,1.11197507381
0.0,0.0,1.0,-0.00746674416587,-0.00277876202017,1.11386501789
0.0,0.0,1.0,-0.00736129749566,-0.0025014129933,1.11100280285
0.0,0.0,1.0,-0.00716938311234,-0.00172099191695,1.11302471161
0.0,0.0,1.0,-0.00706759653986,-0.0013899859041,1.11022019386
0.0,0.0,1.0,-0.00717317312956,-0.000241770379944,1.11240530014
0.0,0.0,1.0,-0.00715767825022,0.000229026074521,1.10967922211
0.0,0.0,1.0,-0.00769802974537,0.00133282481693,1.11178469658
0.0,0.0,1.0,-0.00785742234439,0.00183916161768,1.10905635357
0.0,0.0,1.0,-0.00808916799724,0.00289501692168,1.10912036896
0.0,0.0,1.0,-0.00825535133481,0.00318363611586,1.10936963558
0.0,0.0,1.0,-0.00884570833296,0.00457743322477,1.10904967785
0.0,0.0,1.0,-0.00896326918155,0.00509968167171,1.10931050777
0.0,0.0,1.0,-0.00976489763707,0.00702078687027,1.10973250866
0.0,0.0,1.0,-0.0104543417692,0.0085835615173,1.11008381844
0.0,0.0,1.0,-0.0107271028683,0.00896568223834,1.11053836346
0.0,0.0,1.0,-0.0125271985307,0.0107428813353,1.11099982262
0.0,0.0,1.0,-0.0134047027677,0.0118697723374,1.11159646511
0.0,0.0,1.0,-0.0144078526646,0.0134045127779,1.11236214638
0.0,0.0,1.0,-0.0147779602557,0.0138513948768,1.11262357235
0.0,0.0,1.0,-0.0155507875606,0.0149605646729,1.11284291744
0.0,0.0,1.0,-0.0158047415316,0.0152151342481,1.11312162876
0.0,0.0,1.0,-0.0175145193934,0.0157118234783,1.11257708073
0.0,0.0,1.0,-0.0179773066193,0.0157779753208,1.11264145374
0.0,0.0,1.0,-0.0189125407487,0.0162286832929,1.11219751835
0.0,0.0,1.0,-0.0192589871585,0.016250403598,1.11228501797
0.0,0.0,1.0,-0.0199455264956,0.0164247471839,1.11200582981
0.0,0.0,1.0,-0.0200393199921,0.0164725538343,1.11225759983
0.0,0.0,1.0,-0.0203718077391,0.0166832096875,1.11235642433
0.0,0.0,1.0,-0.020381718874,0.0167836584151,1.11261940002
0.0,0.0,1.0,-0.0202429480851,0.0171386543661,1.11292111874
0.0,0.0,1.0,-0.0201972313225,0.0172177106142,1.11319959164
0.0,0.0,1.0,-0.0200655832887,0.0174024738371,1.11322641373
0.0,0.0,1.0,-0.0200926829129,0.0173697713763,1.11345255375
0.0,0.0,1.0,-0.0203482564539,0.0172346681356,1.11341929436
0.0,0.0,1.0,-0.0204263813794,0.0171974431723,1.11365699768
0.0,0.0,1.0,-0.0207635723054,0.0172434803098,1.11351573467
0.0,0.0,1.0,-0.0208957567811,0.0173015426844,1.11375761032
0.0,0.0,1.0,-0.021159151569,0.0174856428057,1.11369001865
0.0,0.0,1.0,-0.0212538409978,0.0175453536212,1.11392939091
0.0,0.0,1.0,-0.0215494632721,0.0177021063864,1.11388778687
0.0,0.0,1.0,-0.0217123609036,0.017718013376,1.11412155628
0.0,0.0,1.0,-0.0225875545293,0.0178108438849,1.11394548416
0.0,0.0,1.0,-0.0229787044227,0.0178123936057,1.1140474081
0.0,0.0,1.0,-0.0249776467681,0.0180276464671,1.11360216141
0.0,0.0,1.0,-0.0267728641629,0.0180363152176,1.11308133602
0.0,0.0,1.0,-0.0275300145149,0.0179289095104,1.11303961277
0.0,0.0,1.0,-0.0291352998465,0.0179643929005,1.11263358593
0.0,0.0,1.0,-0.0297787282616,0.0180417858064,1.1123906374
0.0,0.0,1.0,-0.0313796401024,0.0181759484112,1.11192429066
0.0,0.0,1.0,-0.0342815592885,0.0185348205268,1.11102735996
0.0,0.0,1.0,-0.0351111851633,0.0186610128731,1.11077332497
0.0,0.0,1.0,-0.0377372950315,0.018667537719,1.11022210121
0.0,0.0,1.0,-0.0387200526893,0.0187015663832,1.11013579369
0.0,0.0,1.0,-0.0417892113328,0.0190879926085,1.10964858532
0.0,0.0,1.0,-0.0448686406016,0.0194028988481,1.10931682587
0.0,0.0,1.0,-0.0470258891582,0.019749391824,1.10904145241
0.0,0.0,1.0,-0.047773450613,0.0199484396726,1.1088963747
0.0,0.0,1.0,-0.0491437241435,0.0205312501639,1.10917687416
0.0,0.0,1.0,-0.0496830418706,0.0206673685461,1.1091530323
0.0,0.0,1.0,-0.0515431426466,0.0211213696748,1.10916674137
0.0,0.0,1.0,-0.0522296242416,0.0212042927742,1.10917949677
0.0,0.0,1.0,-0.05387442559,0.0211595334113,1.1093378067
0.0,0.0,1.0,-0.0545145981014,0.0211651772261,1.10930836201
0.0,0.0,1.0,-0.0561040639877,0.0213572345674,1.10964274406
0.0,0.0,1.0,-0.0567927509546,0.0214375071228,1.10949170589
0.0,0.0,1.0,-0.0583241507411,0.0215833745897,1.10953903198
0.0,0.0,1.0,-0.0587619319558,0.02165819332,1.10962247849
0.0,0.0,1.0,-0.0592947825789,0.0217841546983,1.1104118824
0.0,0.0,1.0,-0.0595008917153,0.0218822192401,1.11064851284
0.0,0.0,1.0,-0.0598950460553,0.0220078974962,1.11152160168
0.0,0.0,1.0,-0.0600037910044,0.0221244636923,1.11189389229
0.0,0.0,1.0,-0.0602287277579,0.0220505129546,1.11297953129
0.0,0.0,1.0,-0.0603461712599,0.0221244227141,1.11326146126
0.0,0.0,1.0,-0.0605781190097,0.0223680157214,1.1141910553
0.0,0.0,1.0,-0.0605748854578,0.0224257595837,1.11471223831
0.0,0.0,1.0,-0.0606112703681,0.0225313771516,1.11510002613
0.0,0.0,1.0,-0.0603810735047,0.0225583035499,1.11551320553
0.0,0.0,1.0,-0.059970214963,0.0221831798553,1.11596620083
0.0,0.0,1.0,-0.0597039945424,0.0220812316984,1.11632978916
0.0,0.0,1.0,-0.0586390756071,0.0219255741686,1.11673009396
0.0,0.0,1.0,-0.0584581531584,0.021934658289,1.11691296101
0.0,0.0,1.0,-0.0578866153955,0.0218462813646,1.11689996719
0.0,0.0,1.0,-0.0575459934771,0.0218580178916,1.11720371246
0.0,0.0,1.0,-0.0563958995044,0.0218654982746,1.11743545532
0.0,0.0,1.0,-0.0558892376721,0.0219543334097,1.11777067184
0.0,0.0,1.0,-0.0541574582458,0.0218994803727,1.11814069748
0.0,0.0,1.0,-0.053569894284,0.0218897797167,1.11845672131
0.0,0.0,1.0,-0.0516443997622,0.0222630817443,1.11863517761
0.0,0.0,1.0,-0.0510789044201,0.0223130714148,1.11891531944
0.0,0.0,1.0,-0.0493584126234,0.0224192738533,1.11923670769
0.0,0.0,1.0,-0.0489624813199,0.0224385466427,1.11951172352
0.0,0.0,1.0,-0.0474453866482,0.0220004301518,1.11979663372
0.0,0.0,1.0,-0.046898137778,0.0220361407846,1.12008547783
0.0,0.0,1.0,-0.0453121289611,0.022422356531,1.12033462524
0.0,0.0,1.0,-0.0449257567525,0.0224721096456,1.12054359913
0.0,0.0,1.0,-0.0438080579042,0.0225184820592,1.12048327923
0.0,0.0,1.0,-0.0433548428118,0.0226006321609,1.12077391148
0.0,0.0,1.0,-0.0422117002308,0.0224676206708,1.12083923817
0.0,0.0,1.0,-0.0419766120613,0.0223768949509,1.12100231647
0.0,0.0,1.0,-0.0413260906935,0.0221513882279,1.12067365646
0.0,0.0,1.0,-0.0412996709347,0.0221190825105,1.12067973614
0.0,0.0,1.0,-0.0408894382417,0.0219212509692,1.12026679516
0.0,0.0,1.0,-0.0407686829567,0.0218885168433,1.12036907673
0.0,0.0,1.0,-0.0403361879289,0.0221603792161,1.11997294426
0.0,0.0,1.0,-0.0402083098888,0.0222080498934,1.12008619308
0.0,0.0,1.0,-0.0399411469698,0.0223193876445,1.11983025074
0.0,0.0,1.0,-0.0398620292544,0.0223173983395,1.12002789974
0.0,0.0,1.0,-0.040753915906,0.0221733283252,1.11932909489
0.0,0.0,1.0,-0.0409494750202,0.0222401041538,1.11944580078
0.0,0.0,1.0,-0.0416610501707,0.0222753342241,1.11896800995
0.0,0.0,1.0,-0.041994035244,0.0222971979529,1.11906814575
0.0,0.0,1.0,-0.0428503975272,0.0223184451461,1.11892974377
0.0,0.0,1.0,-0.0431084483862,0.0223102904856,1.11897623539
0.0,0.0,1.0,-0.0437485054135,0.0224090572447,1.11883449554
0.0,0.0,1.0,-0.0440173372626,0.0225066486746,1.11886239052
-6.94558224268e-08,4.26429664913e-08,1.0,-0.0455201156437,0.0230006817728,1.11858844757
-1.77410527158e-07,1.08916594854e-07,1.0,-0.0477506890893,0.0233493335545,1.11822628975
-3.83252256597e-07,2.35280225525e-07,1.0,-0.0514483898878,0.0240089651197,1.11818063259
-4.91292496463e-07,3.01606405628e-07,1.0,-0.0533199831843,0.0246063172817,1.11858403683
-5.99572331339e-07,3.68079895452e-07,1.0,-0.0556524544954,0.0252361837775,1.11862564087
-8.17525005914e-07,5.01881572745e-07,1.0,-0.0595185682178,0.025675483048,1.11957466602
-9.25775225369e-07,5.68337156892e-07,1.0,-0.0614867284894,0.0260108374059,1.11999082565
-1.0349870081e-06,6.35382150449e-07,1.0,-0.06345423311,0.0265522729605,1.12057316303
-2.33786067838e-06,1.43767169902e-06,1.0,-0.0648177117109,0.0265294443816,1.12080943584
-6.33410490991e-06,3.90625109503e-06,1.0,-0.0654587671161,0.0264443922788,1.12089109421
-3.41320737789e-05,2.11617280002e-05,1.0,-0.0664229616523,0.026249917224,1.12154281139
-6.62944221403e-05,4.12071130995e-05,1.0,-0.0667993873358,0.0261600408703,1.12156796455
-0.000190830964129,0.000119207790704,1.0,-0.0681908577681,0.0261309128255,1.12136995792
-0.000297496299027,0.000186310251593,1.0,-0.068835273385,0.0261289272457,1.12113857269
-0.000629555375781,0.000396261952119,1.0,-0.0701587423682,0.0260672029108,1.12053477764
-0.000875318539329,0.000552381912712,1.0,-0.0706758499146,0.0259104501456,1.12017428875
-0.00155931466725,0.000989162828773,1.0,-0.071858137846,0.0253336969763,1.11942124367
-0.002023660345,0.00128715997562,1.0,-0.0722450390458,0.0250566713512,1.11907124519
-0.00322760245763,0.00206402130425,1.0,-0.0731300115585,0.0240472722799,1.11835885048
-0.00400135619566,0.00256593874656,1.0,-0.0732105597854,0.0236197970808,1.11833167076
-0.00591106060892,0.00381183833815,1.0,-0.0728486850858,0.0225513838232,1.117836833
-0.00709032267332,0.00458552222699,1.0,-0.0727056562901,0.0220835916698,1.11791372299
-0.00989928841591,0.00643960293382,1.0,-0.0724263563752,0.020151546225,1.11735093594
-0.011582326144,0.00755717093125,1.0,-0.072067245841,0.0194983445108,1.1175262928
-0.015486670658,0.0101664634421,1.0,-0.0709631070495,0.0168475620449,1.11719238758
-0.0177676901221,0.0117006748915,1.0,-0.0704609528184,0.0157438721508,1.11737704277
-0.0229488890618,0.0152095723897,1.0,-0.0688981339335,0.0124038392678,1.11743652821
-0.0259179193527,0.0172342006117,1.0,-0.0682052224874,0.0112314363942,1.1176623106
-0.0325391031802,0.0217826962471,1.0,-0.0660987347364,0.00730733014643,1.11811470985
-0.0362737290561,0.024367371574,1.0,-0.0653866603971,0.00584384379908,1.11852824688
-0.0444767400622,0.0300898775458,1.0,-0.064133323729,0.000889911665581,1.11881685257
-0.0490073263645,0.0332759693265,1.0,-0.0635821893811,-0.000770300161093,1.11923742294
-0.0589274950325,0.0403126254678,1.0,-0.0622872337699,-0.0057435487397,1.11997640133
-0.0700618550181,0.0483055487275,1.0,-0.0616193413734,-0.00889145582914,1.12112128735
-0.0760150551796,0.0526191405952,1.0,-0.0612949319184,-0.0119897630066,1.12118494511
-0.0957717597485,0.0671295970678,1.0,-0.060921870172,-0.0172531455755,1.12253808975
-0.110436074436,0.0780916363001,1.0,-0.0612753964961,-0.0193377230316,1.12365972996
-0.118171788752,0.0839400812984,1.0,-0.0617805458605,-0.021136790514,1.12368416786
-0.134570807219,0.0964897498488,1.0,-0.0627271905541,-0.0222407709807,1.12474274635
-0.143098860979,0.103098481894,1.0,-0.0641320794821,-0.0233034491539,1.12455809116
-0.161096259952,0.117234945297,1.0,-0.0665597319603,-0.0236915498972,1.12525379658
-0.170365840197,0.124618805945,1.0,-0.0692138373852,-0.0239191949368,1.12486422062
-0.189748838544,0.140293493867,1.0,-0.0731517001987,-0.023385733366,1.12521386147
-0.199703976512,0.148472115397,1.0,-0.077629879117,-0.0226013325155,1.12420535088
-0.220270484686,0.165658593178,1.0,-0.0830437317491,-0.020747166127,1.12450659275
-0.23074734211,0.174571484327,1.0,-0.088606454432,-0.0185201317072,1.12365758419
-0.252196848392,0.193174883723,1.0,-0.0957369059324,-0.0149343758821,1.12365210056
-0.263058632612,0.202789410949,1.0,-0.103309564292,-0.0109754251316,1.12238132954
-0.285092622042,0.222729429603,1.0,-0.11255518347,-0.00576374586672,1.1218162775
-0.296147018671,0.232970550656,1.0,-0.122680567205,-0.000766868412029,1.11947226524
-0.318349897861,0.254071235657,1.0,-0.133980616927,0.00604881253093,1.11795771122
-0.329410612583,0.264872461557,1.0,-0.145125642419,0.0136042227969,1.11544275284
-0.352009475231,0.287619143724,1.0,-0.158008933067,0.0218802597374,1.11364758015
-0.36226183176,0.298272699118,1.0,-0.171244710684,0.0306069888175,1.11015498638
-0.384170532227,0.321848273277,1.0,-0.185725584626,0.0406640768051,1.10767936707
-0.394051551819,0.332889765501,1.0,-0.200965642929,0.0515771619976,1.10355567932
-0.41490739584,0.357185870409,1.0,-0.21851977706,0.0642831623554,1.0997364521
-0.424142569304,0.368441492319,1.0,-0.236266374588,0.0773924961686,1.0943813324
-0.443373531103,0.393078923225,1.0,-0.255604594946,0.0917054638267,1.08945512772
-0.451889097691,0.404602915049,1.0,-0.275561481714,0.10675124079,1.0833003521
-0.469192683697,0.429491996765,1.0,-0.296876013279,0.123278558254,1.0777990818
-0.47672572732,0.441083163023,1.0,-0.31873139739,0.140389353037,1.07092666626
-0.484315305948,0.453339755535,1.0,-0.330862432718,0.150138676167,1.06758606434
-0.498173832893,0.477629393339,1.0,-0.367135673761,0.1799184829,1.05779373646
-0.50454056263,0.489869654179,1.0,-0.37964490056,0.190248951316,1.05475223064
-0.515828967094,0.514009058475,1.0,-0.416726082563,0.221517235041,1.04595625401
-0.520840644836,0.526134252548,1.0,-0.430802315474,0.233711063862,1.0429623127
-0.529348134995,0.549972176552,1.0,-0.468682229519,0.267567396164,1.03538501263
-0.532912135124,0.561909496784,1.0,-0.483010143042,0.280853390694,1.03296673298
-0.538480818272,0.585299432278,1.0,-0.518526077271,0.314761519432,1.0275053978
-0.540535151958,0.597000718117,1.0,-0.533282995224,0.329088151455,1.02547478676
-0.543064594269,0.619819223881,1.0,-0.57288724184,0.369258910418,1.02081215382
-0.543565690517,0.631207048893,1.0,-0.585478961468,0.382940471172,1.01997590065
-0.543009161949,0.65336149931,1.0,-0.619208991528,0.420630484819,1.01766681671
-0.541941106319,0.664416849613,1.0,-0.632391273975,0.436073958874,1.01705896854
-0.529025614262,0.716884434223,1.0,-0.70413595438,0.528157830238,1.01521992683
-0.524906635284,0.72702807188,1.0,-0.71508872509,0.543614804745,1.01512360573
-0.515297234058,0.746648192406,1.0,-0.739412784576,0.580620706081,1.01521933079
-0.509721040726,0.75632250309,1.0,-0.748545229435,0.595507979393,1.01525068283
-0.497334241867,0.774933457375,1.0,-0.76795899868,0.631580710411,1.01528823376
-0.475386232138,0.801683366299,1.0,-0.789485752583,0.681192517281,1.01493501663
-0.467188596725,0.810296416283,1.0,-0.795032024384,0.695374786854,1.01475393772
-0.449800670147,0.826800644398,1.0,-0.803439557552,0.728618085384,1.01406359673
-0.440448820591,0.834866881371,1.0,-0.806352734566,0.742069721222,1.01368248463
-0.420924037695,0.850255250931,1.0,-0.810140967369,0.773968696594,1.01248109341
-0.41057035327,0.857742011547,1.0,-0.810967624187,0.786512851715,1.0118843317
-0.377921372652,0.878913342953,1.0,-0.809275209904,0.826475262642,1.01003015041
-0.354888260365,0.892028391361,1.0,-0.802848160267,0.8551877141,1.00784540176
-0.342931956053,0.898340821266,1.0,-0.799504339695,0.864640235901,1.00721549988
-0.318577170372,0.910280704498,1.0,-0.78796929121,0.891202926636,1.005017519
-0.306041240692,0.915989458561,1.0,-0.782724380493,0.899748146534,1.00441241264
-0.280686110258,0.926716387272,1.0,-0.76515185833,0.923548877239,1.00198185444
-0.267670929432,0.931827664375,1.0,-0.757992625237,0.931250154972,1.00142478943
-0.24155549705,0.941334247589,1.0,-0.735504686832,0.952526509762,0.999096035957
-0.228230401874,0.945818901062,1.0,-0.726569533348,0.959073960781,0.998554885387
-0.174675241113,0.961513698101,1.0,-0.675998806953,0.989192306995,0.995781421661
-0.161150217056,0.964910805225,1.0,-0.656718552113,0.998070955276,0.99459451437
-0.147616475821,0.968087255955,1.0,-0.645347237587,1.00270950794,0.994505167007
-0.120555371046,0.973775207996,1.0,-0.61014777422,1.01502859592,0.994020700455
-0.0935109555721,0.97857606411,1.0,-0.581764698029,1.0226162672,0.994596242905
-0.0800358504057,0.980635762215,1.0,-0.559021115303,1.02823066711,0.994506835938
-0.0532033219934,0.984067857265,1.0,-0.528551340103,1.03432357311,0.996045410633
-0.0398728623986,0.985435307026,1.0,-0.503713726997,1.038610816,0.997204422951
-0.0134018165991,0.987466394901,1.0,-0.471898525953,1.04281842709,1.0000193119
-0.000285823829472,0.988125920296,1.0,-0.446180015802,1.04634797573,1.0018209219
0.0256938226521,0.988725960255,1.0,-0.413461953402,1.0491476059,1.0059350729
0.0385252460837,0.988663434982,1.0,-0.387216389179,1.05172598362,1.00877320766
0.0639120042324,0.987805604935,1.0,-0.353810220957,1.05286216736,1.01368546486
0.0764272809029,0.98700851202,1.0,-0.326606750488,1.05430150032,1.0172688961
0.101107016206,0.984671235085,1.0,-0.289379447699,1.05494201183,1.02236878872
0.113253124058,0.983130097389,1.0,-0.260731160641,1.05418252945,1.02816081047
0.137156590819,0.979297161102,1.0,-0.227891162038,1.05187833309,1.03537917137
0.148897349834,0.977005720139,1.0,-0.200527265668,1.05009567738,1.04039728642
0.183263555169,0.9686242342,1.0,-0.138428419828,1.04409921169,1.05396127701
0.205417826772,0.961784720421,1.0,-0.104304775596,1.03928160667,1.06211721897
0.216269865632,0.957987189293,1.0,-0.0768304765224,1.03558206558,1.0684813261
0.268067538738,0.935295760632,1.0,0.0164451245219,1.01969230175,1.09264135361
0.29752472043,0.918503582478,1.0,0.0743796005845,1.00851142406,1.10867702961
0.306423515081,0.912784397602,1.0,0.101205870509,1.00269556046,1.11447501183
0.324914693832,0.899827003479,1.0,0.129590302706,0.995205104351,1.12219977379
0.333272606134,0.893455803394,1.0,0.155236184597,0.988248229027,1.12749028206
0.350595086813,0.879115641117,1.0,0.182001948357,0.980461239815,1.13471460342
0.35838919878,0.872116863728,1.0,0.206973612309,0.973181605339,1.14030253887
0.381665229797,0.8488753438,1.0,0.256153076887,0.957286715508,1.15230059624
0.396426618099,0.831995606422,1.0,0.280207842588,0.948848843575,1.1580388546
0.402986049652,0.823857307434,1.0,0.302439033985,0.940609037876,1.16228723526
0.416356831789,0.805831193924,1.0,0.325126171112,0.93135792017,1.16713070869
0.422251611948,0.797177314758,1.0,0.345529466867,0.922465741634,1.17031013966
0.43413567543,0.778124988079,1.0,0.366296976805,0.912074446678,1.17387652397
0.439326554537,0.769003152847,1.0,0.379622638226,0.906157791615,1.17363941669
0.449655115604,0.749010920525,1.0,0.401700079441,0.892784297466,1.1781090498
0.454094916582,0.73948776722,1.0,0.420440405607,0.88186699152,1.17996478081
0.462778508663,0.718685209751,1.0,0.438705354929,0.869851231575,1.18144607544
0.466439604759,0.708792030811,1.0,0.452765077353,0.860216021538,1.18189918995
0.473396897316,0.687307417393,1.0,0.470584750175,0.847092330456,1.18269014359
0.481401860714,0.655040502548,1.0,0.498928517103,0.822535634041,1.18153810501
0.483384341002,0.644609928131,1.0,0.511997103691,0.809510231018,1.1799031496
0.48668473959,0.622075140476,1.0,0.52463555336,0.794843435287,1.17811536789
0.487777382135,0.611489236355,1.0,0.535367190838,0.781234920025,1.1751345396
0.489149898291,0.588629543781,1.0,0.545821607113,0.765922546387,1.17225623131
0.489331275225,0.577912449837,1.0,0.55376881361,0.753243267536,1.16915893555
0.48872345686,0.55485111475,1.0,0.562605857849,0.736117184162,1.16456282139
0.487971633673,0.544076919556,1.0,0.569817781448,0.721437096596,1.16002547741
0.485342174768,0.520924866199,1.0,0.577124536037,0.703709363937,1.15467131138
0.483639657497,0.510130643845,1.0,0.582210719585,0.68995141983,1.15014898777
0.478962302208,0.487019062042,1.0,0.587629616261,0.671507656574,1.14400553703
0.469560950994,0.453290790319,1.0,0.594699323177,0.63781440258,1.1319514513
0.465939700603,0.442632496357,1.0,0.596932947636,0.622938334942,1.12613523006
0.457144856453,0.419900178909,1.0,0.598128855228,0.602464318275,1.11857783794
0.452559858561,0.409353852272,1.0,0.597983956337,0.587176144123,1.11186432838
0.441720634699,0.386929303408,1.0,0.596948623657,0.566140592098,1.10401666164
0.436194688082,0.376556515694,1.0,0.595451593399,0.550455093384,1.09775686264
0.423356294632,0.354527205229,1.0,0.592017531395,0.529686629772,1.08997285366
0.416901916265,0.344340026379,1.0,0.588900268078,0.513896346092,1.08349621296
0.402120053768,0.322759270668,1.0,0.583182930946,0.492667794228,1.07583987713
0.394771337509,0.312787801027,1.0,0.57825922966,0.476557970047,1.0696054697
0.378094285727,0.291662245989,1.0,0.570084750652,0.455146729946,1.06223058701
0.369895488024,0.281928896904,1.0,0.563148617744,0.438857614994,1.0561696291
0.35144507885,0.261321514845,1.0,0.55262953043,0.417468070984,1.04942703247
0.342437416315,0.25182518363,1.0,0.543963968754,0.401255548,1.04376792908
0.322294801474,0.231712237,1.0,0.531261026859,0.380226492882,1.03753304482
0.312540888786,0.22246029973,1.0,0.521610558033,0.364558428526,1.03282892704
0.290855199099,0.202856510878,1.0,0.507264852524,0.344216257334,1.02785336971
0.280402630568,0.193826586008,1.0,0.495850026608,0.329325944185,1.02348530293
0.25730997324,0.174701288342,1.0,0.480162650347,0.310043036938,1.02036130428
0.246237412095,0.165886729956,1.0,0.467083334923,0.295726716518,1.01680469513
0.221897661686,0.14720261097,1.0,0.449551492929,0.277371615171,1.01457726955
0.210283264518,0.138582840562,1.0,0.435632020235,0.263593286276,1.012352705
0.184880703688,0.120296277106,1.0,0.415900290012,0.246281683445,1.01062953472
0.172799259424,0.111838124692,1.0,0.400622487068,0.233307480812,1.00916612148
0.146511822939,0.0938800722361,1.0,0.379511624575,0.217171311378,1.00861656666
0.134062767029,0.0855591669679,1.0,0.362989485264,0.204952180386,1.00780558586
0.107098534703,0.0678646713495,1.0,0.340243279934,0.189664691687,1.00812828541
0.0943762883544,0.0596456453204,1.0,0.32260876894,0.178250029683,1.00791966915
0.067534506321,0.0425117388368,1.0,0.298289477825,0.162777289748,1.00609338284
0.0540220849216,0.0339672230184,1.0,0.281421154737,0.154182061553,1.00850439072
0.0262840110809,0.0165320616215,1.0,0.256837517023,0.142841845751,1.01204490662
0.0133186774328,0.00840794108808,1.0,0.237457901239,0.133933186531,1.01353728771
-0.0144804669544,-0.00901623722166,1.0,0.210642382503,0.122766710818,1.01617884636
-0.0550791621208,-0.0346505083144,1.0,0.162398472428,0.104565493762,1.02064597607
-0.0679092779756,-0.0428402759135,1.0,0.141109019518,0.0971900522709,1.02253341675
-0.0952063724399,-0.060476269573,1.0,0.11241889745,0.0879827439785,1.02592527866
-0.134608581662,-0.086617000401,1.0,0.063200160861,0.0736006125808,1.03034496307
-0.146927237511,-0.0950010642409,1.0,0.039732709527,0.0673342198133,1.03278028965
-0.172400146723,-0.11273226887,1.0,0.00755749456584,0.0586150661111,1.03354537487
-0.184924528003,-0.121672078967,1.0,-0.0160101149231,0.0533195585012,1.0383156538
-0.209569573402,-0.139762297273,1.0,-0.0493777357042,0.0451822243631,1.03914439678
-0.221569374204,-0.148840397596,1.0,-0.0715048015118,0.0407303571701,1.04302942753
-0.245178535581,-0.167298346758,1.0,-0.105387255549,0.0329307503998,1.04324996471
-0.256634861231,-0.176575303078,1.0,-0.127672195435,0.0276659987867,1.04682517052
-0.289876461029,-0.204901918769,1.0,-0.183831349015,0.0143370740116,1.04944062233
-0.310991078615,-0.224191009998,1.0,-0.217979446054,0.0060444585979,1.04859960079
-0.32112133503,-0.233872339129,1.0,-0.239941373467,1.07223866053e-06,1.05091357231
-0.340794295073,-0.253595322371,1.0,-0.274136334658,-0.0089662624523,1.0491257906
-0.35018107295,-0.263492614031,1.0,-0.292645365,-0.0148043343797,1.05146086216
-0.368310302496,-0.283656388521,1.0,-0.327555865049,-0.0249987076968,1.04946398735
-0.376889556646,-0.293750464916,1.0,-0.346354603767,-0.0313725359738,1.05147218704
-0.393372684717,-0.314334332943,1.0,-0.381217926741,-0.042270142585,1.048589468
-0.401127099991,-0.324647247791,1.0,-0.399431616068,-0.0491669923067,1.05072236061
-0.415875703096,-0.345618396997,1.0,-0.433640152216,-0.0610953979194,1.04752957821
-0.422749131918,-0.35611101985,1.0,-0.451908528805,-0.0689502805471,1.04918003082
-0.435710400343,-0.377457439899,1.0,-0.485240787268,-0.0820728093386,1.04583418369
-0.441681623459,-0.388125360012,1.0,-0.50229036808,-0.091035887599,1.04752385616
-0.452777892351,-0.409767210484,1.0,-0.534384489059,-0.105879090726,1.04397034645
-0.457812309265,-0.420567750931,1.0,-0.550178229809,-0.115378089249,1.04566764832
-0.467009782791,-0.442471772432,1.0,-0.580249726772,-0.131399050355,1.04210686684
-0.471090853214,-0.453382492065,1.0,-0.594586491585,-0.142449006438,1.04431784153
-0.478347927332,-0.475474387407,1.0,-0.622381389141,-0.160402104259,1.0412106514
-0.481461763382,-0.486468762159,1.0,-0.6352237463,-0.171475604177,1.04347705841
-0.486748427153,-0.508665025234,1.0,-0.660357773304,-0.190660998225,1.04078793526
-0.48888066411,-0.519695460796,1.0,-0.670902729034,-0.202391311526,1.04386639595
-0.49218121171,-0.54191339016,1.0,-0.692767441273,-0.222602784634,1.04228651524
-0.493325829506,-0.552937030792,1.0,-0.701732516289,-0.235520839691,1.04576551914
-0.494635313749,-0.575104176998,1.0,-0.720791399479,-0.257177680731,1.04430782795
-0.494790911674,-0.586075007915,1.0,-0.727655172348,-0.270701617002,1.04853868484
-0.494110137224,-0.6080955863,1.0,-0.743474066257,-0.294321864843,1.04765594006
-0.490624457598,-0.640712857246,1.0,-0.760271072388,-0.332690417767,1.0519349575
-0.488817662001,-0.651437699795,1.0,-0.762978494167,-0.348489701748,1.05648732185
-0.484209626913,-0.672825574875,1.0,-0.771529197693,-0.3743288517,1.05693006516
-0.481440573931,-0.683344960213,1.0,-0.772202014923,-0.389049917459,1.06148004532
-0.474914491177,-0.704265356064,1.0,-0.776883006096,-0.413677453995,1.06233370304
-0.46280258894,-0.734869360924,1.0,-0.777829170227,-0.456601679325,1.06836128235
-0.45815372467,-0.744854211807,1.0,-0.775142729282,-0.474066138268,1.07305586338
-0.447948157787,-0.764481663704,1.0,-0.77322191,-0.500461995602,1.07459080219
-0.442393213511,-0.774119257927,1.0,-0.768777132034,-0.518075406551,1.07916033268
-0.430480450392,-0.792881369591,1.0,-0.764268815517,-0.544892251492,1.0804131031
-0.424040824175,-0.80213111639,1.0,-0.758807182312,-0.56314766407,1.08501791954
-0.403177022934,-0.828783273697,1.0,-0.74535048008,-0.607698321342,1.08998954296
-0.388000428677,-0.845645964146,1.0,-0.736672759056,-0.634660303593,1.09065520763
-0.379945874214,-0.85389560461,1.0,-0.728932976723,-0.652165293694,1.09434652328
-0.363256394863,-0.869669616222,1.0,-0.718082427979,-0.679298698902,1.09458208084
-0.354470819235,-0.87733656168,1.0,-0.708767473698,-0.696508407593,1.09770166874
-0.336368650198,-0.891923367977,1.0,-0.696021676064,-0.72303879261,1.09729576111
-0.326880246401,-0.898979842663,1.0,-0.685965538025,-0.740134716034,1.09977412224
-0.307472020388,-0.912288665771,1.0,-0.671626627445,-0.76656216383,1.09878742695
-0.297345846891,-0.918681740761,1.0,-0.66070497036,-0.782935738564,1.10084557533
-0.276737868786,-0.930635511875,1.0,-0.645002245903,-0.808532476425,1.09922742844
-0.266027361155,-0.936328232288,1.0,-0.633448898792,-0.824581921101,1.10113286972
-0.244325429201,-0.946860969067,1.0,-0.616145133972,-0.849679768085,1.09916067123
-0.210365623236,-0.960887074471,1.0,-0.588631927967,-0.891268312931,1.08658862114
-0.198643013835,-0.965089023113,1.0,-0.570535838604,-0.902075409889,1.10074055195
-0.175070747733,-0.97261685133,1.0,-0.550508320332,-0.923073589802,1.0991871357
-0.162923023105,-0.976037144661,1.0,-0.535624980927,-0.93511223793,1.10159909725
-0.138589203358,-0.981997072697,1.0,-0.513719797134,-0.955699265003,1.09973120689
-0.126086309552,-0.984614253044,1.0,-0.497701078653,-0.966460168362,1.10275924206
-0.101112641394,-0.988976061344,1.0,-0.474070191383,-0.984997808933,1.10129070282
-0.088317245245,-0.990777611732,1.0,-0.4563382864,-0.994556128979,1.10475969315
-0.0628305375576,-0.99352145195,1.0,-0.430730164051,-1.01069700718,1.10380148888
-0.0498182699084,-0.994499266148,1.0,-0.412224858999,-1.01841878891,1.10677576065
-0.0239409320056,-0.995616257191,1.0,-0.384880840778,-1.03192448616,1.10601139069
-0.0108007863164,-0.995769441128,1.0,-0.366287469864,-1.03785455227,1.10945832729
0.0153391966596,-0.99525988102,1.0,-0.338063329458,-1.0490270853,1.10900807381
0.028586095199,-0.994592368603,1.0,-0.317481189966,-1.05343294144,1.11285340786
0.0548242554069,-0.992465257645,1.0,-0.287712842226,-1.06278526783,1.11269056797
0.068072900176,-0.99098610878,1.0,-0.268649220467,-1.06586945057,1.11644899845
0.0942584127188,-0.987262964249,1.0,-0.237888306379,-1.07299697399,1.11659431458
0.107431210577,-0.984986782074,1.0,-0.218722894788,-1.07547330856,1.12042284012
0.133417308331,-0.979696333408,1.0,-0.187338903546,-1.0808699131,1.12063241005
0.146443709731,-0.976639449596,1.0,-0.167094171047,-1.08135569096,1.12445259094
0.172047585249,-0.969825088978,1.0,-0.135425984859,-1.08452796936,1.12474381924
0.1847756356,-0.966030776501,1.0,-0.114077307284,-1.08272862434,1.12970340252
0.209917515516,-0.957713186741,1.0,-0.0810834169388,-1.08286774158,1.13075065613
0.222331464291,-0.953189492226,1.0,-0.061235319823,-1.08099484444,1.13485848904
0.246767640114,-0.94343829155,1.0,-0.0281130503863,-1.07923054695,1.1357768774
0.258770376444,-0.938217639923,1.0,-0.00811302382499,-1.07654964924,1.14000272751
0.282314121723,-0.927095413208,1.0,0.0250649470836,-1.07352745533,1.14136552811
0.305181115866,-0.915084898472,1.0,0.0668931901455,-1.06662786007,1.1455899477
0.316289961338,-0.90878033638,1.0,0.0792698264122,-1.06409168243,1.14722573757
0.327789396048,-0.901904046535,1.0,0.0972956344485,-1.05899870396,1.15179848671
0.348441004753,-0.888579428196,1.0,0.132231920958,-1.05134689808,1.15347397327
0.368741393089,-0.87410312891,1.0,0.174362048507,-1.0400929451,1.15800392628
0.378489851952,-0.866597652435,1.0,0.186844065785,-1.03617656231,1.15956175327
0.397233366966,-0.850996375084,1.0,0.228268548846,-1.02291345596,1.1640765667
0.406166136265,-0.842944443226,1.0,0.24022372067,-1.01853561401,1.16565608978
0.415215790272,-0.834319829941,1.0,0.257075160742,-1.01174366474,1.1699461937
0.43123665452,-0.817707479,1.0,0.290742754936,-0.999661684036,1.17134678364
0.439356416464,-0.808512926102,1.0,0.307949930429,-0.991831600666,1.17550039291
0.466544508934,-0.772471785545,1.0,0.375498950481,-0.962618470192,1.17926454544
0.472568720579,-0.762978732586,1.0,0.38779103756,-0.956070721149,1.18122279644
0.483509719372,-0.74360281229,1.0,0.421963810921,-0.937667310238,1.18534171581
0.488422125578,-0.733714044094,1.0,0.435054332018,-0.930238544941,1.18663597107
0.500832796097,-0.703353941441,1.0,0.481181919575,-0.903781354427,1.1909044981
0.507131576538,-0.682556390762,1.0,0.513390243053,-0.883503198624,1.19356763363
0.509676277637,-0.672003269196,1.0,0.525335252285,-0.875730097294,1.19435608387
0.513536155224,-0.65063804388,1.0,0.555287361145,-0.853774726391,1.19625794888
0.51484900713,-0.639828085899,1.0,0.565373599529,-0.845609366894,1.19714844227
0.516233682632,-0.61797106266,1.0,0.594443976879,-0.821275830269,1.19805514812
0.516303837299,-0.606943130493,1.0,0.602898955345,-0.813349187374,1.19842123985
0.515201508999,-0.58469825983,1.0,0.629596531391,-0.787798821926,1.19845414162
0.514031887054,-0.573501050472,1.0,0.637353777885,-0.779978334904,1.19853758812
0.510464608669,-0.550967872143,1.0,0.662096440792,-0.754443883896,1.19763565063
0.508074522018,-0.539652109146,1.0,0.669105052948,-0.746229112148,1.19765770435
0.502097666264,-0.51693379879,1.0,0.691356658936,-0.720375537872,1.19583237171
0.498523235321,-0.505551934242,1.0,0.697559177876,-0.712200045586,1.19557893276
0.490219563246,-0.48273769021,1.0,0.716689348221,-0.68512070179,1.19279444218
0.485513806343,-0.471344023943,1.0,0.721616923809,-0.676430940628,1.19197392464
0.475024878979,-0.448588371277,1.0,0.736755907536,-0.647970736027,1.18808460236
0.469254791737,-0.43723025918,1.0,0.740595638752,-0.63934803009,1.18649446964
0.456729829311,-0.414620727301,1.0,0.751744329929,-0.610746383667,1.18041992188
0.449986606836,-0.40336483717,1.0,0.754226922989,-0.601785719395,1.1786775589
0.435616403818,-0.381017804146,1.0,0.761951565742,-0.573738515377,1.17137682438
0.428003787994,-0.369923621416,1.0,0.763626217842,-0.564994156361,1.16930449009
0.411999464035,-0.347944289446,1.0,0.767954230309,-0.536686420441,1.16196370125
0.40364870429,-0.33708947897,1.0,0.767972826958,-0.52804684639,1.15929925442
0.386278301477,-0.315624862909,1.0,0.768923103809,-0.500398218632,1.14930593967
0.377302139997,-0.305045366287,1.0,0.766949951649,-0.491835832596,1.14722049236
0.358847409487,-0.284225553274,1.0,0.76121789217,-0.461379379034,1.13605046272
0.349379360676,-0.273974865675,1.0,0.758372843266,-0.45143660903,1.13264358044
0.330102801323,-0.253888756037,1.0,0.748237133026,-0.42091152072,1.11965763569
0.32032096386,-0.244058132172,1.0,0.743771195412,-0.411610484123,1.11559689045
0.300548166037,-0.2248454988,1.0,0.728767216206,-0.381278693676,1.10230696201
0.290583729744,-0.215468481183,1.0,0.723052442074,-0.371805429459,1.09833228588
0.270607739687,-0.197224527597,1.0,0.702806711197,-0.341778159142,1.08444499969
0.260630279779,-0.18836851418,1.0,0.695314407349,-0.332313030958,1.08043766022
0.24076525867,-0.171201214194,1.0,0.669299006462,-0.301854074001,1.06598746777
0.230918422341,-0.162906438112,1.0,0.660104632378,-0.292291998863,1.06208014488
0.211461529136,-0.146904736757,1.0,0.628320336342,-0.261100023985,1.04794764519
0.201904907823,-0.139224022627,1.0,0.617350876331,-0.251320630312,1.04399454594
0.183143526316,-0.124467603862,1.0,0.578848600388,-0.218180015683,1.02994012833
0.173982232809,-0.117410428822,1.0,0.566419899464,-0.208465591073,1.02630269527
0.156159251928,-0.10394693166,1.0,0.52551484108,-0.17725533247,1.01429915428
0.147529676557,-0.0975502580404,1.0,0.511830806732,-0.167867779732,1.01128470898
0.130879387259,-0.0854255706072,1.0,0.464733719826,-0.135344430804,1.00127387047
0.122880257666,-0.0797001197934,1.0,0.450210779905,-0.126016065478,0.999016463757
0.107599571347,-0.068938523531,1.0,0.400677621365,-0.0948564112186,0.991339564323
0.100328408182,-0.0638976916671,1.0,0.385792702436,-0.085603043437,0.990046143532
0.0865546688437,-0.0544891357422,1.0,0.336516797543,-0.0565232411027,0.985812604427
0.0800690054893,-0.0501223839819,1.0,0.320978760719,-0.047853179276,0.985176920891
0.0679122805595,-0.0420476235449,1.0,0.27084082365,-0.0198821201921,0.983438372612
0.06225213781,-0.0383375883102,1.0,0.255387872458,-0.0115143563598,0.983825087547
0.0517679974437,-0.0315506383777,1.0,0.205388113856,0.0151320202276,0.984290540218
0.0469522960484,-0.0284710805863,1.0,0.190085977316,0.0230174362659,0.985225856304
0.0381458364427,-0.0229037012905,1.0,0.141903549433,0.0479769036174,0.988023161888
0.0341573990881,-0.0204105898738,1.0,0.12719848752,0.0550524555147,0.989633381367
0.0269821528345,-0.0159726645797,1.0,0.0857435464859,0.0757809653878,0.993148028851
0.0237929448485,-0.0140206906945,1.0,0.0696457177401,0.0834162905812,0.994797408581
0.0181656330824,-0.0106099378318,1.0,0.0248565077782,0.104288585484,0.999027848244
0.0157090462744,-0.00913541112095,1.0,0.0117542333901,0.110218115151,1.00069844723
0.0114796208218,-0.00661961501464,1.0,-0.0242689233273,0.126340016723,1.00520265102
0.00968816503882,-0.00556365353987,1.0,-0.0376713052392,0.132209196687,1.00699543953
0.00669235177338,-0.00381251145154,1.0,-0.0700637102127,0.146575286984,1.01106703281
0.00546461576596,-0.0031008857768,1.0,-0.0818692147732,0.151738405228,1.01287019253
0.00349630182609,-0.00196890649386,1.0,-0.109641201794,0.163442611694,1.01685762405
0.0027281132061,-0.00153058522847,1.0,-0.125666201115,0.170411586761,1.0158110857
0.00156100210734,-0.000869453826454,1.0,-0.144496589899,0.177650570869,1.0221259594
0.00113713904284,-0.000631147238892,1.0,-0.15111155808,0.180272877216,1.02392244339
0.000545820745174,-0.000300835788948,1.0,-0.168054908514,0.186590149999,1.02766954899
0.000354187999619,-0.000194601743715,1.0,-0.17353823781,0.188462153077,1.02919650078
0.000123265723232,-6.72980822856e-05,1.0,-0.185762763023,0.192198842764,1.0328836441
6.33199015283e-05,-3.44489963027e-05,1.0,-0.189405679703,0.192915380001,1.03449201584
9.99104850052e-06,-5.45443890587e-06,1.0,-0.196907639503,0.193567410111,1.0379576683
2.40302892962e-06,-1.40085489875e-06,1.0,-0.198584854603,0.193323656917,1.03957509995
7.62486180861e-08,-1.85857388146e-07,1.0,-0.200845360756,0.191281214356,1.04335045815
1.9378626348e-07,-1.80791005278e-07,1.0,-0.200785085559,0.189779579639,1.04482614994
1.9378626348e-07,-1.80791005278e-07,1.0,-0.198079198599,0.185368865728,1.0487139225
1.9378626348e-07,-1.80791005278e-07,1.0,-0.195951849222,0.183071047068,1.05037617683
1.9378626348e-07,-1.80791005278e-07,1.0,-0.18986068666,0.176382914186,1.05457258224
1.9378626348e-07,-1.80791005278e-07,1.0,-0.186965435743,0.173561230302,1.05665028095
1.9378626348e-07,-1.80791005278e-07,1.0,-0.178092047572,0.165118172765,1.06138777733
1.9378626348e-07,-1.80791005278e-07,1.0,-0.174724504352,0.16151407361,1.06348538399
1.9378626348e-07,-1.80791005278e-07,1.0,-0.163772493601,0.15192168951,1.06900203228
1.9378626348e-07,-1.80791005278e-07,1.0,-0.159878283739,0.148460641503,1.07124984264
1.9378626348e-07,-1.80791005278e-07,1.0,-0.14785926044,0.137771070004,1.0774307251
1.9378626348e-07,-1.80791005278e-07,1.0,-0.143404990435,0.133983492851,1.08001875877
1.9378626348e-07,-1.80791005278e-07,1.0,-0.130480319262,0.122032552958,1.08665311337
1.9378626348e-07,-1.80791005278e-07,1.0,-0.125933870673,0.117911405861,1.08943367004
1.9378626348e-07,-1.80791005278e-07,1.0,-0.112388037145,0.105492964387,1.0966553688
1.9378626348e-07,-1.80791005278e-07,1.0,-0.107545033097,0.101549580693,1.09957456589
1.9378626348e-07,-1.80791005278e-07,1.0,-0.0899810492992,0.0854396522045,1.10971212387
1.9378626348e-07,-1.80791005278e-07,1.0,-0.0732986554503,0.0700386762619,1.11868488789
1.9378626348e-07,-1.80791005278e-07,1.0,-0.0604133680463,0.0594408586621,1.12498962879
1.9378626348e-07,-1.80791005278e-07,1.0,-0.0565682090819,0.0561853945255,1.12690401077
1.9378626348e-07,-1.80791005278e-07,1.0,-0.0449191071093,0.0464413017035,1.13133466244
1.9378626348e-07,-1.80791005278e-07,1.0,-0.0413367822766,0.0434637442231,1.13281393051
1.9378626348e-07,-1.80791005278e-07,1.0,-0.0301080141217,0.0348218902946,1.13613402843
1.9378626348e-07,-1.80791005278e-07,1.0,-0.0269242450595,0.0322135202587,1.13692224026
1.9378626348e-07,-1.80791005278e-07,1.0,-0.0176365412772,0.0242500621825,1.13799190521
1.9378626348e-07,-1.80791005278e-07,1.0,-0.0145521368831,0.0219697710127,1.13851773739
1.9378626348e-07,-1.80791005278e-07,1.0,-0.00585467880592,0.0149885928258,1.13837361336
1.9378626348e-07,-1.80791005278e-07,1.0,-0.00328646646813,0.0129335280508,1.13830244541
1.9378626348e-07,-1.80791005278e-07,1.0,0.00463388906792,0.00721742771566,1.13734710217
1.9378626348e-07,-1.80791005278e-07,1.0,0.00691877631471,0.00552332308143,1.13686716557
1.9378626348e-07,-1.80791005278e-07,1.0,0.0136256953701,0.000824343587738,1.13457429409
1.9378626348e-07,-1.80791005278e-07,1.0,0.0153650594875,-0.000352783245035,1.13376057148
1.9378626348e-07,-1.80791005278e-07,1.0,0.0209930893034,-0.00329440762289,1.13085865974
1.9378626348e-07,-1.80791005278e-07,1.0,0.0224601961672,-0.00392673304304,1.12993884087
1.9378626348e-07,-1.80791005278e-07,1.0,0.0263822022825,-0.00579148018733,1.12604987621
1.9378626348e-07,-1.80791005278e-07,1.0,0.0273375641555,-0.00618398189545,1.1251090765
1.9378626348e-07,-1.80791005278e-07,1.0,0.0301363412291,-0.00714403763413,1.12090325356
1.9378626348e-07,-1.80791005278e-07,1.0,0.0307262148708,-0.00717053143308,1.11988008022
1.9378626348e-07,-1.80791005278e-07,1.0,0.0317170657218,-0.00750599149615,1.11542761326
1.9378626348e-07,-1.80791005278e-07,1.0,0.0319151245058,-0.00726246275008,1.11433935165
1.9378626348e-07,-1.80791005278e-07,1.0,0.0318677723408,-0.00628879899159,1.11022877693
1.9378626348e-07,-1.80791005278e-07,1.0,0.0316871665418,-0.00572940241545,1.10928010941
1.9378626348e-07,-1.80791005278e-07,1.0,0.0303538516164,-0.0039153737016,1.10589814186
1.9378626348e-07,-1.80791005278e-07,1.0,0.0295850113034,-0.00314510753378,1.10537004471
1.9378626348e-07,-1.80791005278e-07,1.0,0.0272704940289,-0.000172438274603,1.10297107697
1.9378626348e-07,-1.80791005278e-07,1.0,0.0227399282157,0.00452929595485,1.10045266151
1.9378626348e-07,-1.80791005278e-07,1.0,0.0214220546186,0.00576745858416,1.10030281544
1.9378626348e-07,-1.80791005278e-07,1.0,0.0175238288939,0.00922729726881,1.10007452965
1.9378626348e-07,-1.80791005278e-07,1.0,0.0156745817512,0.0108866263181,1.0999519825
1.9378626348e-07,-1.80791005278e-07,1.0,0.00997035112232,0.0151034267619,1.09942698479
1.9378626348e-07,-1.80791005278e-07,1.0,0.00779499532655,0.0168656278402,1.09946846962
1.9378626348e-07,-1.80791005278e-07,1.0,0.00211716722697,0.0215074270964,1.09985435009
1.9378626348e-07,-1.80791005278e-07,1.0,0.000130481348606,0.0230632945895,1.1002163887
1.9378626348e-07,-1.80791005278e-07,1.0,-0.00753869256005,0.0292789693922,1.10124492645
1.9378626348e-07,-1.80791005278e-07,1.0,-0.0130569161847,0.0335339084268,1.10189926624
1.9378626348e-07,-1.80791005278e-07,1.0,-0.0155646111816,0.0352245792747,1.10208833218
1.9378626348e-07,-1.80791005278e-07,1.0,-0.021484060213,0.0392313823104,1.10227096081
1.9378626348e-07,-1.80791005278e-07,1.0,-0.0237364377826,0.0408245958388,1.10241210461
1.9378626348e-07,-1.80791005278e-07,1.0,-0.0292299147695,0.0442666634917,1.10269117355
1.9378626348e-07,-1.80791005278e-07,1.0,-0.0370340943336,0.0486913025379,1.10250914097
1.9378626348e-07,-1.80791005278e-07,1.0,-0.0392240919173,0.0498323105276,1.10236573219
1.9378626348e-07,-1.80791005278e-07,1.0,-0.044074382633,0.0525414198637,1.10219943523
1.9378626348e-07,-1.80791005278e-07,1.0,-0.045978885144,0.053539711982,1.10213470459
1.9378626348e-07,-1.80791005278e-07,1.0,-0.0507020056248,0.0555234141648,1.10177659988
1.9378626348e-07,-1.80791005278e-07,1.0,-0.0507020056248,0.0555234141648,1.10177659988
1.9378626348e-07,-1.80791005278e-07,1.0,-0.0523200295866,0.0561919808388,1.10166704655
1.9378626348e-07,-1.80791005278e-07,1.0,-0.0523200295866,0.0561919808388,1.10166704655
1.9378626348e-07,-1.80791005278e-07,1.0,-0.0563173852861,0.0576267875731,1.10113930702
1.9378626348e-07,-1.80791005278e-07,1.0,-0.0563173852861,0.0576267875731,1.10113930702
1.9378626348e-07,-1.80791005278e-07,1.0,-0.0578421652317,0.0581609047949,1.1009747982
1.9378626348e-07,-1.80791005278e-07,1.0,-0.0578421652317,0.0581609047949,1.1009747982
1.9378626348e-07,-1.80791005278e-07,1.0,-0.0614828392863,0.0590011775494,1.1004499197
1.9378626348e-07,-1.80791005278e-07,1.0,-0.0614828392863,0.0590011775494,1.1004499197
1.9378626348e-07,-1.80791005278e-07,1.0,-0.06264462322,0.0593726560473,1.10057544708
1.9378626348e-07,-1.80791005278e-07,1.0,-0.0656889900565,0.0594380386174,1.10026669502
1.9378626348e-07,-1.80791005278e-07,1.0,-0.0664412155747,0.0593313425779,1.10069549084
1.9378626348e-07,-1.80791005278e-07,1.0,-0.0683740079403,0.0590590983629,1.10098934174
1.9378626348e-07,-1.80791005278e-07,1.0,-0.0690361261368,0.0587688870728,1.10145032406
1.9378626348e-07,-1.80791005278e-07,1.0,-0.0702747702599,0.0576796643436,1.10206913948
1.9378626348e-07,-1.80791005278e-07,1.0,-0.0705933347344,0.0571681559086,1.10262191296
1.9378626348e-07,-1.80791005278e-07,1.0,-0.0718115270138,0.0559266880155,1.10071361065
1.9378626348e-07,-1.80791005278e-07,1.0,-0.0728599652648,0.0532268211246,1.10183775425
1.9378626348e-07,-1.80791005278e-07,1.0,-0.0727939903736,0.0521247312427,1.10458171368
1.9378626348e-07,-1.80791005278e-07,1.0,-0.0727368593216,0.0497170984745,1.10679042339
1.9378626348e-07,-1.80791005278e-07,1.0,-0.0726528391242,0.0488430298865,1.10761511326
1.9378626348e-07,-1.80791005278e-07,1.0,-0.0725287571549,0.0462470985949,1.10878753662
1.9378626348e-07,-1.80791005278e-07,1.0,-0.0723721385002,0.045267097652,1.10951602459
1.9378626348e-07,-1.80791005278e-07,1.0,-0.0721871778369,0.0420213788748,1.11063206196
1.9378626348e-07,-1.80791005278e-07,1.0,-0.0720115453005,0.0408819317818,1.11129868031
1.9378626348e-07,-1.80791005278e-07,1.0,-0.0710361301899,0.0375980585814,1.11243569851
1.9378626348e-07,-1.80791005278e-07,1.0,-0.0701253861189,0.0350924879313,1.11381173134
1.9378626348e-07,-1.80791005278e-07,1.0,-0.0695703774691,0.0333328172565,1.11409533024
1.9378626348e-07,-1.80791005278e-07,1.0,-0.0688341110945,0.0309502072632,1.11498963833
1.9378626348e-07,-1.80791005278e-07,1.0,-0.0680550411344,0.0292858164757,1.11501979828
1.9378626348e-07,-1.80791005278e-07,1.0,-0.0673340260983,0.0271232314408,1.11574065685
1.9378626348e-07,-1.80791005278e-07,1.0,-0.0671239644289,0.0253823865205,1.1153768301
1.9378626348e-07,-1.80791005278e-07,1.0,-0.0657981783152,0.0236315242946,1.11590778828
1.9378626348e-07,-1.80791005278e-07,1.0,-0.065075494349,0.0221899021417,1.11547386646
1.9378626348e-07,-1.80791005278e-07,1.0,-0.0641504973173,0.0205085203052,1.11544907093
1.9378626348e-07,-1.80791005278e-07,1.0,-0.0633790344,0.0193064901978,1.11450219154
1.9378626348e-07,-1.80791005278e-07,1.0,-0.0622246786952,0.0177126061171,1.11417651176
1.9378626348e-07,-1.80791005278e-07,1.0,-0.0614196956158,0.0166139267385,1.11319160461
1.9378626348e-07,-1.80791005278e-07,1.0,-0.0606830753386,0.0155329639092,1.11235976219
1.9378626348e-07,-1.80791005278e-07,1.0,-0.0597976073623,0.0148440012708,1.11134600639
1.9378626348e-07,-1.80791005278e-07,1.0,-0.058995809406,0.0140900583938,1.11070752144
1.9378626348e-07,-1.80791005278e-07,1.0,-0.058665510267,0.0134815424681,1.1094212532
1.9378626348e-07,-1.80791005278e-07,1.0,-0.0576676726341,0.0128313135356,1.10886144638
1.9378626348e-07,-1.80791005278e-07,1.0,-0.0570607744157,0.0122014125809,1.10775864124
1.9378626348e-07,-1.80791005278e-07,1.0,-0.0556312203407,0.0119154825807,1.10750257969
1.9378626348e-07,-1.80791005278e-07,1.0,-0.0544930510223,0.0117451893166,1.10670614243
1.9378626348e-07,-1.80791005278e-07,1.0,-0.0533652901649,0.0118204625323,1.10696744919
1.9378626348e-07,-1.80791005278e-07,1.0,-0.052552305162,0.0118767386302,1.10623836517
1.9378626348e-07,-1.80791005278e-07,1.0,-0.0518456697464,0.0121946549043,1.10659480095
1.9378626348e-07,-1.80791005278e-07,1.0,-0.0514912009239,0.012510119006,1.10599756241
1.9378626348e-07,-1.80791005278e-07,1.0,-0.0513506196439,0.0129288444296,1.10653781891
1.9378626348e-07,-1.80791005278e-07,1.0,-0.0511919334531,0.0132925650105,1.10603880882
1.9378626348e-07,-1.80791005278e-07,1.0,-0.0510375499725,0.0137998377904,1.10661053658
1.9378626348e-07,-1.80791005278e-07,1.0,-0.0506157912314,0.0143898949027,1.10658204556
1.9378626348e-07,-1.80791005278e-07,1.0,-0.0503039881587,0.0150329042226,1.10758423805
1.9378626348e-07,-1.80791005278e-07,1.0,-0.0497919768095,0.0160018764436,1.10780620575
1.9378626348e-07,-1.80791005278e-07,1.0,-0.0494925267994,0.0170726049691,1.10889959335
1.9378626348e-07,-1.80791005278e-07,1.0,-0.04966750741,0.0178775917739,1.10917186737
1.9378626348e-07,-1.80791005278e-07,1.0,-0.049719132483,0.0191243197769,1.11021542549
1.9378626348e-07,-1.80791005278e-07,1.0,-0.0497694909573,0.0201293807477,1.11035203934
1.9378626348e-07,-1.80791005278e-07,1.0,-0.0496535897255,0.0215077940375,1.11166465282
1.9378626348e-07,-1.80791005278e-07,1.0,-0.0496142841876,0.0224777273834,1.11207938194
1.9378626348e-07,-1.80791005278e-07,1.0,-0.0496972613037,0.0235253684223,1.11303770542
1.9378626348e-07,-1.80791005278e-07,1.0,-0.0496574603021,0.0246892906725,1.11337351799
1.9378626348e-07,-1.80791005278e-07,1.0,-0.0497648157179,0.0260710325092,1.11421525478
1.9378626348e-07,-1.80791005278e-07,1.0,-0.0499931275845,0.027025077492,1.11425888538
1.9378626348e-07,-1.80791005278e-07,1.0,-0.0501717440784,0.0282673817128,1.11490440369
1.9378626348e-07,-1.80791005278e-07,1.0,-0.0503573380411,0.0291327796876,1.11480772495
1.9378626348e-07,-1.80791005278e-07,0.999998867512,-0.0509785786271,0.0307683385909,1.11453258991
1.9378626348e-07,-1.80791005278e-07,0.999979496002,-0.0514566376805,0.0318748764694,1.11410784721
1.9378626348e-07,-1.80791005278e-07,0.999894976616,-0.0518477447331,0.0330459252,1.11376965046
1.9378626348e-07,-1.80791005278e-07,0.999672114849,-0.052397493273,0.0341860502958,1.11327505112
1.9378626348e-07,-1.80791005278e-07,0.999217510223,-0.0533276461065,0.0347886830568,1.11227929592
1.9378626348e-07,-1.80791005278e-07,0.998719334602,-0.053807426244,0.0349268466234,1.11207103729
1.9378626348e-07,-1.80791005278e-07,0.998422384262,-0.0539779923856,0.0349611341953,1.11145377159
1.9378626348e-07,-1.80791005278e-07,0.997623920441,-0.054100047797,0.0349003970623,1.1112575531
1.9378626348e-07,-1.80791005278e-07,0.997167289257,-0.0541703738272,0.0348063483834,1.11068487167
1.9378626348e-07,-1.80791005278e-07,0.995983302593,-0.0542553290725,0.0345982499421,1.11052072048
1.9378626348e-07,-1.80791005278e-07,0.995326578617,-0.0542914569378,0.0344198532403,1.10997259617
1.9378626348e-07,-1.80791005278e-07,0.993709206581,-0.0543967708945,0.0341699719429,1.1071754694
1.9378626348e-07,-1.80791005278e-07,0.992772102356,-0.0545200072229,0.0337569192052,1.1093338728
1.9378626348e-07,-1.80791005278e-07,0.986580133438,-0.0542032085359,0.0322944931686,1.10533607006
1.9378626348e-07,-1.80791005278e-07,0.98501765728,-0.0538286007941,0.031852979213,1.10713613033
1.9378626348e-07,-1.80791005278e-07,0.981510639191,-0.0534174740314,0.0312215797603,1.10379183292
1.9378626348e-07,-1.80791005278e-07,0.979578495026,-0.0528412051499,0.0305490586907,1.10540962219
1.9378626348e-07,-1.80791005278e-07,0.975289642811,-0.0522080585361,0.029775377363,1.10174429417
1.9378626348e-07,-1.80791005278e-07,0.97295409441,-0.0519084855914,0.0290942303836,1.10255217552
1.9378626348e-07,-1.80791005278e-07,0.96781617403,-0.0513393506408,0.0282283499837,1.09806084633
1.9378626348e-07,-1.80791005278e-07,0.965045154095,-0.051205445081,0.0273944176733,1.09835612774
1.9378626348e-07,-1.80791005278e-07,0.959000349045,-0.0505269281566,0.0265414789319,1.09310102463
1.9378626348e-07,-1.80791005278e-07,0.95577031374,-0.0496306978166,0.0259988121688,1.0931596756
1.9378626348e-07,-1.80791005278e-07,0.948772966862,-0.0487836748362,0.0252364259213,1.08733284473
1.9378626348e-07,-1.80791005278e-07,0.945057809353,-0.047931175679,0.0249926876277,1.08645737171
1.9378626348e-07,-1.80791005278e-07,0.937073409557,-0.0468945465982,0.0242747720331,1.07963573933
1.9378626348e-07,-1.80791005278e-07,0.93286293745,-0.0466823093593,0.0240958966315,1.07773768902
1.9378626348e-07,-1.80791005278e-07,0.923858880997,-0.0457505732775,0.0234913844615,1.0698132515
1.9378626348e-07,-1.80791005278e-07,0.919135987759,-0.0452210977674,0.0230408273637,1.06713926792
1.9378626348e-07,-1.80791005278e-07,0.909103155136,-0.0444329716265,0.0224386062473,1.05781662464
1.9378626348e-07,-1.80791005278e-07,0.903866171837,-0.0441765226424,0.0223646517843,1.05405497551
1.9378626348e-07,-1.80791005278e-07,0.892796993256,-0.0437124371529,0.0218937322497,1.04323220253
1.9378626348e-07,-1.80791005278e-07,0.887046515942,-0.0431479290128,0.0218451749533,1.03911185265
1.9378626348e-07,-1.80791005278e-07,0.874943137169,-0.0425816699862,0.0213871113956,1.02734708786
1.9378626348e-07,-1.80791005278e-07,0.868690311909,-0.0420126393437,0.0215442832559,1.02271020412
1.9378626348e-07,-1.80791005278e-07,0.855580627918,-0.04119123891,0.021347720176,1.01003754139
1.9378626348e-07,-1.80791005278e-07,0.848827779293,-0.0407453887165,0.0213164333254,1.00483715534
1.9378626348e-07,-1.80791005278e-07,0.834736347198,-0.0397080443799,0.0213868413121,0.991410255432
1.9378626348e-07,-1.80791005278e-07,0.827505350113,-0.0391255095601,0.0212498251349,0.985648870468
1.9378626348e-07,-1.80791005278e-07,0.8124781847,-0.038260653615,0.0212806817144,0.971222341061
1.9378626348e-07,-1.80791005278e-07,0.804785728455,-0.0383009314537,0.0210243258625,0.964435040951
1.9378626348e-07,-1.80791005278e-07,0.788861274719,-0.0377964824438,0.0208663959056,0.949072182178
1.93786277691e-07,-1.80791019488e-07,0.780752837658,-0.037221249193,0.0211779233068,0.942896366119
1.93786277691e-07,-1.80791019488e-07,0.763997137547,-0.036826685071,0.0212216246873,0.926845252514
1.93786277691e-07,-1.80791019488e-07,0.755479633808,-0.0369552411139,0.0217546373606,0.919706285
1.93786277691e-07,-1.80791019488e-07,0.737960994244,-0.0368746332824,0.0221093334258,0.903601884842
1.93786277691e-07,-1.80791019488e-07,0.729090154171,-0.037090819329,0.022510971874,0.894827902317
1.93786277691e-07,-1.80791019488e-07,0.710886061192,-0.0369162969291,0.0231114458293,0.87831389904
1.93786277691e-07,-1.80791019488e-07,0.701673865318,-0.0363570004702,0.0235002283007,0.869184672832
1.93786277691e-07,-1.80791019488e-07,0.682890057564,-0.0360608398914,0.0240770876408,0.850433588028
1.93786277691e-07,-1.80791019488e-07,0.673386096954,-0.0355042554438,0.0246525052935,0.84188991785
1.93786277691e-07,-1.80791019488e-07,0.65410733223,-0.0353012420237,0.0252592880279,0.822393000126
1.93786277691e-07,-1.80791019488e-07,0.644350111485,-0.0352306738496,0.0257731731981,0.813982963562
1.93786291902e-07,-1.80791019488e-07,0.624680578709,-0.0351107791066,0.0266846623272,0.792720317841
1.93786291902e-07,-1.80791019488e-07,0.614741325378,-0.035955183208,0.0270742326975,0.783335506916
1.93786291902e-07,-1.80791019488e-07,0.594797849655,-0.0363975130022,0.0278982352465,0.760983407497
1.93786291902e-07,-1.80791019488e-07,0.584681332111,-0.0361211486161,0.0287636257708,0.753198742867
1.93786291902e-07,-1.80791033699e-07,0.564544856548,-0.0362399667501,0.0300268437713,0.7305970788
1.93786291902e-07,-1.80791033699e-07,0.554341673851,-0.0361478403211,0.0308555047959,0.72197842598
1.93786291902e-07,-1.80791033699e-07,0.534109950066,-0.035731587559,0.031952444464,0.700928926468
1.93786306113e-07,-1.80791033699e-07,0.523873865604,-0.0360570140183,0.0324666574597,0.689755022526
1.93786306113e-07,-1.80791033699e-07,0.503645718098,-0.0361358784139,0.0335172377527,0.665864408016
1.93786306113e-07,-1.80791033699e-07,0.493438392878,-0.0368658266962,0.0337043628097,0.653584241867
1.93786306113e-07,-1.80791033699e-07,0.473320186138,-0.0374810062349,0.0342135801911,0.629979193211
1.93786306113e-07,-1.80791033699e-07,0.463195234537,-0.0379856266081,0.0345837250352,0.62089163065
1.93786320324e-07,-1.8079104791e-07,0.44330021739,-0.038659978658,0.035374160856,0.596615076065
1.93786320324e-07,-1.8079104791e-07,0.433310389519,-0.0389385707676,0.0356546975672,0.587074637413
1.93786320324e-07,-1.8079104791e-07,0.413725823164,-0.0396714173257,0.0363035649061,0.562449276447
1.93786334535e-07,-1.8079104791e-07,0.403922349215,-0.0393475703895,0.036493267864,0.553240537643
1.93786334535e-07,-1.8079104791e-07,0.384763270617,-0.0395364873111,0.0368994250894,0.52893435955
1.93786334535e-07,-1.80791062121e-07,0.375195771456,-0.0395875871181,0.0372246988118,0.519780576229
1.93786348746e-07,-1.80791062121e-07,0.356549888849,-0.0399676039815,0.037643365562,0.495625525713
