0.0,0.0,0.0,-0.00129730429035,0.0198260787874,0.132047787309
0.0,0.0,0.0,-0.00129896204453,0.0198205187917,0.12887391448
0.0,0.0,0.0,-0.00130286056083,0.0198542624712,0.131705954671
0.0,0.0,0.0,-0.00131158041768,0.0198504067957,0.132343888283
0.0,0.0,0.0,-0.0013312184019,0.019838122651,0.132206588984
0.0,0.0,0.0,-0.00132091843989,0.0198374930769,0.130712911487
0.0,0.0,0.0,-0.00131906417664,0.0198354646564,0.131877720356
0.0,0.0,0.0,-0.00132482789923,0.0198360811919,0.132077097893
0.0,0.0,0.0,-0.00132916285656,0.0198325123638,0.132373377681
0.0,0.0,0.0,-0.00133679585997,0.0198366623372,0.132111534476
0.0,0.0,0.0,-0.00133552961051,0.0198384579271,0.132091164589
0.0,0.0,0.0,-0.00135714409407,0.0198458116502,0.131962284446
0.0,0.0,0.0,-0.00136500678491,0.0198482237756,0.128792211413
0.0,0.0,0.0,-0.00137776113115,0.0198286287487,0.131262883544
0.0,0.0,0.0,-0.00137026619632,0.0198241360486,0.130469143391
0.0,0.0,0.0,-0.00137196958531,0.0198271423578,0.131907746196
0.0,0.0,0.0,-0.00134878559038,0.0198261830956,0.132311731577
0.0,0.0,0.0,-0.00135095627047,0.0198275856674,0.132486611605
0.0,0.0,0.0,-0.00133720925078,0.0198391377926,0.130769059062
0.0,0.0,0.0,-0.00134533259552,0.0198419634253,0.131892964244
0.0,0.0,0.0,-0.00136279687285,0.0198437739164,0.132195442915
0.0,0.0,0.0,-0.0013674243819,0.0198442768306,0.129093423486
0.0,0.0,0.0,-0.00137751363218,0.01983567141,0.131734222174
0.0,0.0,0.0,-0.00138193683233,0.0198342092335,0.128550320864
0.0,0.0,0.0,-0.00137636135332,0.0198433119804,0.131744369864
0.0,0.0,0.0,-0.00137621059548,0.0198446530849,0.128560319543
0.0,0.0,0.0,-0.00137579278089,0.0198537707329,0.131789803505
0.0,0.0,0.0,-0.0013764341129,0.0198529157788,0.132313266397
0.0,0.0,0.0,-0.00135821290314,0.0198424030095,0.132544994354
0.0,0.0,0.0,-0.00134921108838,0.0198375508189,0.132596209645
0.0,0.0,0.0,-0.00133290293161,0.0198297221214,0.131131231785
0.0,0.0,0.0,-0.00132496922743,0.0198259595782,0.127788051963
0.0,0.0,0.0,-0.00132121937349,0.0198201220483,0.131796762347
0.0,0.0,0.0,-0.00132247409783,0.0198188833892,0.132384553552
0.0,0.0,0.0,-0.00132364279125,0.0198219865561,0.132378697395
0.0,0.0,0.0,-0.00132029457018,0.0198326352984,0.13279093802
0.0,0.0,0.0,-0.00130999484099,0.0198539439589,0.132695302367
0.0,0.0,0.0,-0.00131276308093,0.0198494810611,0.132906615734
0.0,0.0,0.0,-0.00132230739109,0.0198336374015,0.131977826357
0.0,0.0,0.0,-0.00135800347198,0.0198399610817,0.132476061583
0.0,0.0,0.0,-0.00137169996742,0.0198402199894,0.132549285889
0.0,0.0,0.0,-0.00138944387436,0.0198420081288,0.132502347231
0.0,0.0,0.0,-0.00139344355557,0.0198452845216,0.132514730096
0.0,0.0,0.0,-0.00139730249066,0.0198483467102,0.129959762096
0.0,0.0,0.0,-0.00138797692489,0.0198513995856,0.131494775414
0.0,0.0,0.0,-0.00138268200681,0.0198522694409,0.132333323359
0.0,0.0,0.0,-0.00138938729651,0.0198449008167,0.132056206465
0.0,0.0,0.0,-0.00139186356682,0.0198432430625,0.132417395711
0.0,0.0,0.0,-0.0013920244528,0.0198439788073,0.132540047169
0.0,0.0,0.0,-0.00139129697345,0.0198447741568,0.132572188973
0.0,0.0,0.0,-0.00134685682133,0.0198459774256,0.132047563791
0.0,0.0,0.0,-0.00132989266422,0.0198321938515,0.131019815803
0.0,0.0,0.0,-0.00132952362765,0.0198243074119,0.132369801402
0.0,0.0,0.0,-0.00132438924629,0.0198061484843,0.126397013664
0.0,0.0,0.0,-0.00131957361009,0.0198118276894,0.133274197578
0.0,0.0,0.0,-0.00130851916037,0.0198212750256,0.130174323916
0.0,0.0,0.0,-0.00131228531245,0.0198279507458,0.131293416023
0.0,0.0,0.0,-0.00131685927045,0.0198276862502,0.129466667771
0.0,0.0,0.0,-0.00132156047039,0.0198119785637,0.129413291812
0.0,0.0,0.0,-0.00131108285859,0.0198184214532,0.131993442774
0.0,0.0,0.0,-0.00131355319172,0.0198183935136,0.128931760788
0.0,0.0,0.0,-0.00136538164224,0.0198384243995,0.131236404181
0.0,0.0,0.0,-0.00131050753407,0.0198753103614,0.124985277653
0.0,0.0,0.0,-0.0013098489726,0.0198315288872,0.132736101747
0.0,0.0,0.0,-0.00128488591872,0.0198638234288,0.126705124974
0.0,0.0,0.0,-0.00128876720555,0.0198678020388,0.130039483309
0.0,0.0,0.0,-0.00130170094781,0.0198526848108,0.131127595901
0.0,0.0,0.0,-0.00130936875939,0.0198416672647,0.131516829133
0.0,0.0,0.0,-0.00131558650173,0.0198327451944,0.123865477741
0.0,0.0,0.0,-0.00132278725505,0.0198237933218,0.130945026875
0.0,0.0,0.0,-0.00133783218917,0.0198281500489,0.132560521364
0.0,0.0,0.0,-0.00137637753505,0.0198513790965,0.132053643465
0.0,0.0,0.0,-0.0013828164665,0.0198542103171,0.128903865814
0.0,0.0,0.0,-0.00140282965731,0.0198443625122,0.122703254223
0.0,0.0,0.0,-0.00139097205829,0.0198516659439,0.130334720016
0.0,0.0,0.0,-0.00139129464515,0.0198510698974,0.130181357265
0.0,0.0,0.0,-0.00139165611472,0.0198514889926,0.12652091682
0.0,0.0,0.0,-0.00138468644582,0.0198525320739,0.12824228406
0.0,0.0,0.0,-0.00138350308407,0.019853034988,0.124096877873
0.0,0.0,0.0,-0.00138231972232,0.0198535379022,0.11897046119
0.0,0.0,0.0,-0.00135384243913,0.0198382083327,0.130874708295
0.0,0.0,0.0,-0.00134718813933,0.0198354609311,0.127618923783
0.0,0.0,0.0,-0.00134718813933,0.0198354609311,0.127618923783
0.0,0.0,0.0,-0.00131180102471,0.019839098677,0.130576580763
0.0,0.0,0.0,-0.00133992941119,0.0198401641101,0.132228314877
0.0,0.0,0.0,-0.00134440034162,0.0198396984488,0.12912876904
0.0,0.0,0.0,-0.00134887127206,0.0198392327875,0.125048220158
0.0,0.0,0.0,-0.00134887127206,0.0198392327875,0.125048220158
0.0,0.0,0.0,-0.00135525246151,0.0198364648968,0.130791157484
0.0,0.0,0.0,-0.00135973154102,0.0198354870081,0.127394452691
0.0,0.0,0.0,-0.00136792717967,0.0198337361217,0.130883991718
0.0,0.0,0.0,-0.00135081983171,0.0198313482106,0.132506683469
0.0,0.0,0.0,-0.00133801531047,0.0198299475014,0.133050501347
0.0,0.0,0.0,-0.00133190234192,0.0198285877705,0.130262538791
0.0,0.0,0.0,-0.00132931501139,0.0198306720704,0.131824985147
0.0,0.0,0.0,-0.00132484640926,0.0198304206133,0.128644257784
0.0,0.0,0.0,-0.001315909205,0.0198299176991,0.119339823723
0.0,0.0,0.0,-0.00131144060288,0.019829666242,0.113216102123
0.0,0.0,0.0,-0.00132021994796,0.0198168102652,0.13113977015
0.0,0.0,0.0,-0.00132300832774,0.0198133382946,0.133214607835
0.0,0.0,0.0,-0.00132248154841,0.0198107492179,0.130539804697
0.0,0.0,0.0,-0.00132195476908,0.0198081601411,0.126883998513
0.0,0.0,0.0,-0.00132510077674,0.0198087468743,0.130797460675
0.0,0.0,0.0,-0.00132534408476,0.0198070518672,0.127265155315
0.0,0.0,0.0,-0.00132558739278,0.0198053568602,0.12275184691
0.0,0.0,0.0,-0.00136780482717,0.0198380760849,0.131505534053
0.0,0.0,0.0,-0.00144856818952,0.0198881886899,0.130754038692
0.0,0.0,0.0,-0.00143174652476,0.0198804382235,0.131442308426
-0.0014052647166,0.0198615007102,0.132698595524,-0.00139342027251,0.0198514647782,0.133654296398
-0.0014052647166,0.0198615007102,0.132698655128,-0.00138536375016,0.0198447871953,0.133366763592
-0.0014052647166,0.0198615007102,0.132699161768,-0.00138004007749,0.0198397766799,0.130686596036
-0.0014052647166,0.0198615007102,0.132700905204,-0.00137139961589,0.0198356285691,0.133471921086
-0.0014052647166,0.0198615007102,0.132704928517,-0.00136854406446,0.0198351964355,0.133261919022
-0.0014052647166,0.0198615007102,0.132712841034,-0.00136442412622,0.0198323000222,0.130623072386
-0.0014052647166,0.0198615007102,0.132726535201,-0.00136567931622,0.0198456961662,0.133470758796
-0.0014052647166,0.0198615007102,0.132823854685,-0.00134134036489,0.0198512319475,0.132089719176
-0.0014052647166,0.0198615007102,0.133348658681,-0.00129241973627,0.0198440495878,0.130410268903
-0.0014052647166,0.0198615007102,0.133765995502,-0.00129901990294,0.0198250263929,0.131133198738
-0.0014052647166,0.0198615007102,0.134034380317,-0.00129774806555,0.0198322106153,0.131440654397
-0.0014052647166,0.0198615007102,0.134711876512,-0.00129306816962,0.0198306087404,0.123709633946
-0.0014052647166,0.0198615007102,0.135129228234,-0.00129476026632,0.0198381002992,0.129473119974
-0.0014052647166,0.0198615007102,0.136143490672,-0.00130963511765,0.0198242645711,0.129087969661
-0.0014052647166,0.0198615007102,0.136747270823,-0.00130852567963,0.0198232363909,0.130875900388
-0.0014052647166,0.0198615007102,0.138176590204,-0.0013134208275,0.0198231395334,0.13141463697
-0.0014052647166,0.0198615007102,0.139009013772,-0.00130633893423,0.0198211781681,0.132080167532
-0.0014052647166,0.0198615007102,0.140932321548,-0.00125435646623,0.019789531827,0.129653692245
-0.0014052647166,0.0198615007102,0.142030119896,-0.00124062702525,0.0197798740119,0.125678688288
-0.0014052647166,0.0198615007102,0.14592513442,-0.000273289828328,0.0201899111271,0.140671461821
-0.0014052647166,0.0198615007102,0.149062335491,0.000557884806767,0.0207352750003,0.147406756878
-0.0014052647166,0.0198615007102,0.150804981589,0.00138537387829,0.0214303676039,0.15950512886
-0.0014052647166,0.0198615007102,0.154658392072,0.00330157019198,0.0229598823935,0.1845562011
-0.0014052647166,0.0198615007102,0.156766280532,0.00412680115551,0.0236196722835,0.194844871759
-0.0014052647166,0.0198615007102,0.159134238958,0.00548128690571,0.0247833952308,0.213580474257
-0.0014052647166,0.0198615007102,0.166577011347,0.00836851447821,0.0273464042693,0.247890934348
-0.0014052647166,0.0198615007102,0.175395190716,0.011931983754,0.0305411871523,0.291555792093
-0.0014052647166,0.0198615007102,0.181985348463,0.0148089444265,0.0331151671708,0.320749312639
-0.0014052647166,0.0198615007102,0.18555316329,0.0157325677574,0.0340110957623,0.331021457911
-0.0014052647166,0.0198615007102,0.19305332005,0.0186073482037,0.03656828776,0.358187139034
-0.0014052647166,0.0198615007102,0.197086811066,0.0195172317326,0.0374003462493,0.367632746696
-0.0014052647166,0.0198615007102,0.205525070429,0.0223586522043,0.0401347130537,0.393252521753
-0.0014052647166,0.0198615007102,0.21003587544,0.023325484246,0.0410467535257,0.401589214802
-0.0014052647166,0.0198615007102,0.224413469434,0.0275415908545,0.0453910417855,0.433049887419
-0.0014052647166,0.0198615007102,0.234744757414,0.0299698375165,0.0479360409081,0.450353205204
-0.0014052647166,0.0198615007102,0.240215569735,0.0312915593386,0.0492830500007,0.456943005323
-0.0014052647166,0.0198615007102,0.251491755247,0.0337457917631,0.051495756954,0.472375869751
-0.0014052647166,0.0198615007102,0.257425665855,0.0344817973673,0.0521581061184,0.477323442698
-0.0014052647166,0.0198615007102,0.269633322954,0.0369573235512,0.0547444932163,0.490896105766
-0.0014052647166,0.0198615007102,0.276031672955,0.0376771092415,0.0556059964001,0.496099054813
-0.0014052647166,0.0198615007102,0.289123207331,0.0401545576751,0.0582312680781,0.510966956615
-0.0014052647166,0.0198615007102,0.309915751219,0.042699854821,0.0608713030815,0.524500250816
-0.0014052647166,0.0198615007102,0.324803978205,0.0439466461539,0.0626807510853,0.547166287899
-0.0014052647166,0.0198615007102,0.331936329603,0.0447692833841,0.0637500956655,0.553320288658
-0.0014052647166,0.0198615007102,0.347609043121,0.0454969666898,0.0648559480906,0.571682274342
-0.0014052647166,0.0198615007102,0.355107873678,0.0460634157062,0.0656829997897,0.578785896301
-0.00140526460018,0.0198615007102,0.363127857447,0.0462460257113,0.0662136897445,0.586034059525
-0.00140526460018,0.0198615007102,0.379323065281,0.0462570078671,0.0670699030161,0.607897639275
-0.00140526460018,0.0198615007102,0.387614160776,0.0461274683475,0.0672592967749,0.61598533392
-0.00140526460018,0.0198615007102,0.404474437237,0.0463263615966,0.0681922584772,0.627878129482
-0.00140526460018,0.0198615007102,0.413054376841,0.0451790094376,0.0676696375012,0.644458055496
-0.00140526460018,0.0198615007102,0.430458188057,0.0431131236255,0.0672192722559,0.676377415657
-0.00140526460018,0.0198614988476,0.439279258251,0.042286593467,0.0669092983007,0.686092674732
-0.00140526460018,0.0198614988476,0.457142472267,0.0396580919623,0.0657482966781,0.716030538082
-0.00140526460018,0.0198614988476,0.484811723232,0.0355029441416,0.0640142634511,0.753600299358
-0.00140526460018,0.0198614988476,0.49357816577,0.0341092944145,0.0634974911809,0.764703631401
-0.00140526460018,0.0198614988476,0.521376907825,0.0291523318738,0.0609570257366,0.801959514618
-0.00140526460018,0.0198614988476,0.530777394772,0.0275432765484,0.0602377653122,0.81180113554
-0.00140526460018,0.0198614988476,0.549397647381,0.022142842412,0.0577321797609,0.846433401108
-0.00140526460018,0.0198614988476,0.558844685555,0.020679956302,0.0570372790098,0.855516910553
-0.00140526460018,0.0198614988476,0.577507674694,0.0153493257239,0.0548814497888,0.884959638119
-0.00140526460018,0.0198614988476,0.586951494217,0.0128485430032,0.0538278073072,0.896766245365
-0.00140526448376,0.0198614988476,0.605566203594,0.00783032923937,0.051401257515,0.924247324467
-0.00140526448376,0.0198614988476,0.61496424675,0.00505271553993,0.0501552596688,0.936191082001
-0.00140526448376,0.0198614988476,0.642629027367,-0.00204045930877,0.0475238114595,0.967229366302
-0.00140526448376,0.019861496985,0.660918951035,-0.00844679865986,0.0448987036943,0.992173671722
-0.00140526448376,0.019861496985,0.669987738132,-0.0105135599151,0.0440611578524,1.00047838688
-0.00140526448376,0.019861496985,0.687926292419,-0.017477914691,0.0412701778114,1.02654802799
-0.00140526448376,0.019861496985,0.696806669235,-0.0197420157492,0.0404557473958,1.03572201729
-0.00140526448376,0.019861496985,0.714304149151,-0.0273779574782,0.0379703752697,1.06258571148
-0.00140526436735,0.019861496985,0.739922463894,-0.0378159619868,0.0347654335201,1.09693741798
-0.00140526436735,0.019861496985,0.748282432556,-0.0414045155048,0.0336025282741,1.10612368584
-0.00140526436735,0.0198614951223,0.764647483826,-0.048581622541,0.031276717782,1.1215531826
-0.00140526436735,0.0198614951223,0.772694349289,-0.052170176059,0.030113812536,1.12779641151
-0.00140526436735,0.0198614951223,0.788392066956,-0.0612381882966,0.0273490175605,1.17482292652
-0.00140526436735,0.0198614951223,0.796101570129,-0.0640757903457,0.0265185795724,1.18445158005
-0.00140526436735,0.0198614951223,0.811041891575,-0.0732677951455,0.0241444986314,1.21423041821
-0.00140526425093,0.0198614951223,0.818397700787,-0.0764047205448,0.0233074203134,1.22442889214
-0.00140526425093,0.0198614932597,0.832512259483,-0.0857937335968,0.0207039359957,1.25436389446
-0.00140526425093,0.0198614932597,0.852715015411,-0.0987925082445,0.0169670805335,1.29337966442
-0.00140526425093,0.0198614932597,0.859214961529,-0.101460717618,0.0161828976125,1.3031680584
-0.00140526425093,0.0198614932597,0.871592700481,-0.111564606428,0.0135909523815,1.33439362049
-0.00140526425093,0.019861491397,0.877635300159,-0.114906929433,0.0128005212173,1.34475851059
-0.00140526413452,0.019861491397,0.889096498489,-0.124593175948,0.0102073708549,1.37261223793
-0.00140526413452,0.019861491397,0.89466792345,-0.127808958292,0.00929059833288,1.38317131996
-0.00140526413452,0.0198614895344,0.910246133804,-0.141613066196,0.00530525296926,1.42529034615
-0.00140526413452,0.0198614895344,0.924436986446,-0.154707446694,0.00154266157188,1.46229422092
-0.0014052640181,0.0198614876717,0.933094501495,-0.166621699929,-0.00140573969111,1.49521207809
-0.0014052640181,0.0198614876717,0.937199294567,-0.169758856297,-0.0023692373652,1.50436830521
-0.0014052640181,0.0198614876717,0.944916129112,-0.180896967649,-0.00599378580227,1.53530466557
-0.0014052640181,0.0198614876717,0.948551118374,-0.184004604816,-0.00704372860491,1.54416537285
-0.0014052640181,0.0198614858091,0.955349266529,-0.194216385484,-0.0100890770555,1.57117974758
-0.00140526390169,0.0198614858091,0.958547830582,-0.199579909444,-0.0116741461679,1.58275866508
-0.00140526390169,0.0198614839464,0.964433431625,-0.208078667521,-0.014717313461,1.60256397724
-0.00140526390169,0.0198614839464,0.967191815376,-0.212399721146,-0.0159417595714,1.6151137352
-0.00140526390169,0.0198614820838,0.972234904766,-0.221976995468,-0.018875984475,1.63215529919
-0.00140526390169,0.0198614820838,0.974576234818,-0.226762965322,-0.0206241402775,1.64836239815
-0.00140526378527,0.0198614802212,0.97881680727,-0.23855766654,-0.0247311517596,1.67428553104
-0.00140526378527,0.0198614802212,0.980755507946,-0.242294296622,-0.0260439626873,1.68387162685
-0.00140526378527,0.0198614783585,0.984274804592,-0.254577428102,-0.0301099307835,1.70957052708
-0.00140526378527,0.0198614783585,0.98731803894,-0.263763487339,-0.0329761691391,1.72812461853
-0.00140526378527,0.0198614764959,0.988682687283,-0.268959075212,-0.0346481725574,1.73610508442
-0.00140526366886,0.0198614746332,0.992161870003,-0.287653923035,-0.0408702082932,1.77077436447
-0.00140526366886,0.0198614727706,0.99401730299,-0.297612518072,-0.0441205278039,1.78712379932
-0.00140526366886,0.0198614727706,0.994817554951,-0.305213451385,-0.0463055819273,1.79925167561
-0.00140526366886,0.0198614709079,0.996191501617,-0.31494358182,-0.0492074787617,1.81203877926
-0.00140526355244,0.0198614709079,0.996769547462,-0.321653097868,-0.0510415956378,1.82209694386
-0.00140526355244,0.0198614690453,0.99773812294,-0.330874890089,-0.0534898675978,1.83487677574
-0.00140526355244,0.01986146532,0.998783588409,-0.347326904535,-0.0577080734074,1.85427987576
-0.00140526355244,0.01986146532,0.999024450779,-0.352544546127,-0.0590903796256,1.85804820061
-0.00140526343603,0.0198614615947,0.999414861202,-0.363989233971,-0.0617672875524,1.8680472374
-0.00140526343603,0.0198614615947,0.999559700489,-0.37125530839,-0.0631190240383,1.87514448166
-0.00140526343603,0.0198614597321,0.99977183342,-0.379984736443,-0.0646583810449,1.88239991665
-0.00140526343603,0.0198614578694,0.999838173389,-0.385055452585,-0.0657244101167,1.88392937183
-0.00140526343603,0.0198614560068,0.999933421612,-0.395125120878,-0.0673267319798,1.89068841934
-0.00140526343603,0.0198614541441,0.999961197376,-0.402968615294,-0.0687127187848,1.89326906204
-0.00140526331961,0.0198614522815,0.999988973141,-0.412492245436,-0.0702872574329,1.8943092823
-0.00140526331961,0.0198614504188,0.999997198582,-0.417328506708,-0.0710238069296,1.89532291889
-0.00140526331961,0.0198614485562,1.00000226498,-0.427857071161,-0.0728233456612,1.89119791985
-0.00140526331961,0.0198614466935,1.00000095367,-0.422974020243,-0.0719133540988,1.89207196236
-0.00140526331961,0.0198614448309,1.00000047684,-0.418122708797,-0.0712541937828,1.89024698734
-0.00140526331961,0.0198614448309,1.00000047684,-0.415445238352,-0.0713668987155,1.88664150238
-0.00140526331961,0.0198614448309,1.00000047684,-0.412514597178,-0.0714976266026,1.88012862206
-0.00140526331961,0.0198614448309,1.00000047684,-0.405125409365,-0.071239925921,1.87434899807
-0.00140526331961,0.0198614448309,1.00000047684,-0.402095228434,-0.071253105998,1.86857378483
-0.00140526331961,0.0198614448309,1.00000047684,-0.398428350687,-0.0710599273443,1.85942530632
-0.00140526331961,0.0198614448309,1.00000047684,-0.395872920752,-0.0706430524588,1.85501170158
-0.00140526331961,0.0198614448309,1.00000047684,-0.38975790143,-0.0690786391497,1.83917140961
-0.00140526331961,0.0198614448309,1.00000047684,-0.386718422174,-0.0680305287242,1.82872903347
-0.00140526331961,0.0198614448309,1.00000047684,-0.384058773518,-0.0667868405581,1.81841719151
-0.00140526331961,0.0198614448309,1.00000047684,-0.381452023983,-0.0654541105032,1.80666911602
-0.00140526331961,0.0198614448309,1.00000047684,-0.379336357117,-0.0640916377306,1.79587328434
-0.00140526331961,0.0198614448309,1.00000047684,-0.377621173859,-0.0625952482224,1.78562545776
-0.00140526331961,0.0198614448309,1.00000047684,-0.376228064299,-0.0617176257074,1.77598679066
-0.00140526331961,0.0198614448309,1.00000047684,-0.373825758696,-0.0588720142841,1.76123607159
-0.00140526331961,0.0198614448309,1.00000047684,-0.372489124537,-0.0576840378344,1.75067770481
-0.00140526331961,0.0198614448309,1.00000047684,-0.368673056364,-0.0522888563573,1.72206139565
-0.00140526331961,0.0198614448309,1.00000047684,-0.366433590651,-0.0488505773246,1.70413720608
-0.00140526331961,0.0198614448309,1.00000047684,-0.365210056305,-0.0472216941416,1.69196534157
-0.00140526331961,0.0198614448309,1.00000047684,-0.363325238228,-0.0430824272335,1.67541480064
-0.00140526331961,0.0198614448309,1.00000047684,-0.361840158701,-0.0400997661054,1.6611623764
-0.00140526331961,0.0198614448309,1.00000047684,-0.358520150185,-0.03178075701,1.62671244144
-0.00140526331961,0.0198614448309,1.00000047684,-0.356567233801,-0.0268792957067,1.60920667648
-0.00140526331961,0.0198614448309,1.00000047684,-0.355060428381,-0.0231278669089,1.59469497204
-0.00140526331961,0.0198614448309,1.00000047684,-0.353012084961,-0.018144832924,1.57658195496
-0.00140526331961,0.0198614448309,1.00000047684,-0.351345270872,-0.014570388943,1.56215369701
-0.00140526331961,0.0198614448309,1.00000047684,-0.348780870438,-0.00939415581524,1.54021704197
-0.00140526331961,0.0198614448309,1.00000047684,-0.347198396921,-0.00595252541825,1.52935612202
-0.00140526331961,0.0198614448309,1.00000047684,-0.339048415422,0.00988507736474,1.4786438942
-0.00140526331961,0.0198614448309,1.00000047684,-0.33633646369,0.0138974264264,1.46979284286
-0.00140526331961,0.0198614448309,1.00000047684,-0.332597702742,0.0197956189513,1.44937682152
-0.00140526331961,0.0198614448309,1.00000047684,-0.329960823059,0.0230717100203,1.44005584717
-0.00140526331961,0.0198614448309,1.00000047684,-0.326010555029,0.0280655249953,1.42266094685
-0.00140526331961,0.0198614448309,1.00000047684,-0.32261416316,0.0314243659377,1.41476917267
-0.00140526331961,0.0198614448309,1.00000047684,-0.317737698555,0.036619335413,1.39629423618
-0.00140526331961,0.0198614448309,1.00000047684,-0.315210312605,0.0395342260599,1.38360476494
0.0,0.0,1.0,-0.309472858906,0.0445534549654,1.37031257153
0.0,0.0,1.0,-0.301652699709,0.0500720590353,1.35471630096
0.0,0.0,1.0,-0.298216044903,0.0530260838568,1.34177815914
0.0,0.0,1.0,-0.292253643274,0.0550742521882,1.33860087395
0.0,0.0,1.0,-0.28877183795,0.0572800524533,1.32822060585
0.0,0.0,1.0,-0.280425310135,0.0598090365529,1.32119095325
0.0,0.0,1.0,-0.276619851589,0.0615615434945,1.31213998795
0.0,0.0,1.0,-0.265203475952,0.0668191090226,1.27910089493
0.0,0.0,1.0,-0.253399431705,0.0661933645606,1.28708124161
0.0,0.0,1.0,-0.242589786649,0.0661850944161,1.28113460541
0.0,0.0,1.0,-0.239321619272,0.0660048276186,1.27976071835
0.0,0.0,1.0,-0.22889405489,0.0651977807283,1.27471089363
0.0,0.0,1.0,-0.226223677397,0.0647552534938,1.27443706989
0.0,0.0,1.0,-0.204011797905,0.0608682483435,1.2667979002
0.0,0.0,1.0,-0.194834366441,0.0583336465061,1.26354670525
0.0,0.0,1.0,-0.19041569531,0.0569930821657,1.26422643661
0.0,0.0,1.0,-0.18109177053,0.0542526617646,1.25957226753
0.0,0.0,1.0,-0.178334534168,0.0533742271364,1.25973665714
0.0,0.0,1.0,-0.170703172684,0.0510098338127,1.25777637959
0.0,0.0,1.0,-0.158809542656,0.0469005294144,1.25147271156
0.0,0.0,1.0,-0.15479286015,0.045567266643,1.24668848515
0.0,0.0,1.0,-0.147084236145,0.0424525141716,1.24124848843
0.0,0.0,1.0,-0.144857525826,0.041540119797,1.23980009556
0.0,0.0,1.0,-0.137624040246,0.0387581437826,1.23265552521
0.0,0.0,1.0,-0.13394613564,0.0373778305948,1.22624778748
0.0,0.0,1.0,-0.12860687077,0.0354533568025,1.22695946693
0.0,0.0,1.0,-0.126760527492,0.0348233133554,1.22613894939
0.0,0.0,1.0,-0.119618296623,0.0320898331702,1.22062182426
0.0,0.0,1.0,-0.114084713161,0.0300575308502,1.21620202065
0.0,0.0,1.0,-0.108573205769,0.0280850343406,1.21658527851
0.0,0.0,1.0,-0.107232794166,0.0277176927775,1.21649837494
0.0,0.0,1.0,-0.103212460876,0.0270020831376,1.215919137
0.0,0.0,1.0,-0.102038115263,0.0268431976438,1.21607410908
0.0,0.0,1.0,-0.0990517362952,0.0263840537518,1.21650493145
0.0,0.0,1.0,-0.0952110886574,0.0259117949754,1.21612024307
0.0,0.0,1.0,-0.0945352911949,0.0260397326201,1.21662688255
0.0,0.0,1.0,-0.092317558825,0.026471696794,1.21664738655
0.0,0.0,1.0,-0.0917179137468,0.0266404934227,1.21662318707
0.0,0.0,1.0,-0.0898454934359,0.0273018106818,1.21582710743
0.0,0.0,1.0,-0.0887348353863,0.0275051835924,1.21217775345
0.0,0.0,1.0,-0.0873924642801,0.0283292718232,1.21308362484
0.0,0.0,1.0,-0.0849392935634,0.0296731367707,1.20900392532
0.0,0.0,1.0,-0.0835854932666,0.0308506004512,1.20689046383
0.0,0.0,1.0,-0.0832197666168,0.0312187913805,1.20626580715
0.0,0.0,1.0,-0.0821821466088,0.0321090444922,1.20177233219
0.0,0.0,1.0,-0.0814549475908,0.0328694991767,1.20182240009
0.0,0.0,1.0,-0.0800616964698,0.0342774316669,1.20022380352
0.0,0.0,1.0,-0.0783521607518,0.0358133688569,1.19026815891
0.0,0.0,1.0,-0.0778521150351,0.0362710542977,1.19526016712
0.0,0.0,1.0,-0.0761770904064,0.0374413095415,1.19525396824
0.0,0.0,1.0,-0.0741430521011,0.0389818884432,1.19259440899
0.0,0.0,1.0,-0.0716984495521,0.0401851385832,1.19455456734
0.0,0.0,1.0,-0.071084395051,0.0404181592166,1.19491636753
0.0,0.0,1.0,-0.0691996663809,0.0410965681076,1.19331943989
0.0,0.0,1.0,-0.068314537406,0.0414762496948,1.18963038921
0.0,0.0,1.0,-0.0663503408432,0.0417641028762,1.19262564182
0.0,0.0,1.0,-0.0656554996967,0.0417295619845,1.19561946392
0.0,0.0,1.0,-0.0629412531853,0.0418257750571,1.19730317593
0.0,0.0,1.0,-0.0620597973466,0.0418580658734,1.19806313515
0.0,0.0,1.0,-0.0598778948188,0.0420804284513,1.19153654575
0.0,0.0,1.0,-0.0586572960019,0.0418498106301,1.19811606407
0.0,0.0,1.0,-0.0556503348053,0.0416400544345,1.19961953163
0.0,0.0,1.0,-0.0515312701464,0.0409500487149,1.20466697216
0.0,0.0,1.0,-0.0503919459879,0.0407293699682,1.20543479919
0.0,0.0,1.0,-0.047236777842,0.0400972925127,1.20541810989
0.0,0.0,1.0,-0.0461492910981,0.0398319326341,1.2071056366
0.0,0.0,1.0,-0.0428034625947,0.0390692912042,1.20911169052
0.0,0.0,1.0,-0.0416038148105,0.038772072643,1.20969569683
0.0,0.0,1.0,-0.0381467044353,0.0378554947674,1.21056377888
0.0,0.0,1.0,-0.0364334620535,0.037441149354,1.20794725418
0.0,0.0,1.0,-0.032980017364,0.0364359654486,1.20431959629
0.0,0.0,1.0,-0.0295890774578,0.0351785235107,1.21050024033
0.0,0.0,1.0,-0.028502613306,0.0348175689578,1.21062862873
0.0,0.0,1.0,-0.0253643169999,0.0337558276951,1.20796144009
0.0,0.0,1.0,-0.0244797021151,0.0334829092026,1.20862388611
0.0,0.0,1.0,-0.0209606103599,0.0322081372142,1.20789659023
0.0,0.0,1.0,-0.0175868757069,0.0310419984162,1.20606827736
0.0,0.0,1.0,-0.0158054940403,0.0303793773055,1.20273411274
0.0,0.0,1.0,-0.0148755079135,0.030047621578,1.20389020443
0.0,0.0,1.0,-0.0129159353673,0.0293813962489,1.20342302322
0.0,0.0,1.0,-0.0122952535748,0.0291849449277,1.2032892704
0.0,0.0,1.0,-0.0104925874621,0.0286929924041,1.20203697681
0.0,0.0,1.0,-0.00950840301812,0.0283996164799,1.19839060307
0.0,0.0,1.0,-0.00850941613317,0.0280999168754,1.19814133644
0.0,0.0,1.0,-0.00738454749808,0.0279840882868,1.20130157471
0.0,0.0,1.0,-0.00708168605343,0.0279264952987,1.19841647148
0.0,0.0,1.0,-0.0071163829416,0.0280644800514,1.20105779171
0.0,0.0,1.0,-0.00734278280288,0.0282137542963,1.20307719707
0.0,0.0,1.0,-0.00723653286695,0.0282949842513,1.19701302052
0.0,0.0,1.0,-0.00718340789899,0.0283355992287,1.19250941277
0.0,0.0,1.0,-0.00823961570859,0.0288063250482,1.20272314548
0.0,0.0,1.0,-0.00837263185531,0.0289087332785,1.19916927814
0.0,0.0,1.0,-0.00979852862656,0.0295390561223,1.2110285759
0.0,0.0,1.0,-0.0101359002292,0.0297168921679,1.2088791132
0.0,0.0,1.0,-0.0117403184995,0.0303049460053,1.2162694931
0.0,0.0,1.0,-0.012265603058,0.0305270198733,1.21442353725
0.0,0.0,1.0,-0.0137768974528,0.031274754554,1.22314739227
0.0,0.0,1.0,-0.0149696292356,0.0317619144917,1.22541165352
0.0,0.0,1.0,-0.0186913199723,0.0330869667232,1.23216664791
0.0,0.0,1.0,-0.0213477574289,0.0340942405164,1.23339664936
0.0,0.0,1.0,-0.022636083886,0.0345935598016,1.23215794563
0.0,0.0,1.0,-0.0237392615527,0.0350326374173,1.23125243187
0.0,0.0,1.0,-0.0249373205006,0.0354380831122,1.22881782055
0.0,0.0,1.0,-0.0259485580027,0.0358728431165,1.22643566132
0.0,0.0,1.0,-0.0270399451256,0.0362257249653,1.22251534462
0.0,0.0,1.0,-0.0291272830218,0.0369842909276,1.21342253685
0.0,0.0,1.0,-0.0298255607486,0.0372440889478,1.20975828171
0.0,0.0,1.0,-0.0306271854788,0.0375070609152,1.2047855854
0.0,0.0,1.0,-0.0312337521464,0.0376990176737,1.2010781765
0.0,0.0,1.0,-0.0316864475608,0.0378464460373,1.1959502697
0.0,0.0,1.0,-0.0320436879992,0.0379178486764,1.19233930111
0.0,0.0,1.0,-0.0321247428656,0.0378983058035,1.18971705437
0.0,0.0,1.0,-0.0316125899553,0.0371596030891,1.1876001358
0.0,0.0,1.0,-0.0312880538404,0.0367584787309,1.18791687489
0.0,0.0,1.0,-0.0306323524565,0.0362115800381,1.19011175632
0.0,0.0,1.0,-0.0300358440727,0.03562560305,1.19127392769
0.0,0.0,1.0,-0.0292609203607,0.0349184051156,1.19446349144
0.0,0.0,1.0,-0.0284651182592,0.0342441312969,1.19643974304
0.0,0.0,1.0,-0.0275323390961,0.0334223210812,1.19674801826
0.0,0.0,1.0,-0.0266746226698,0.0326735004783,1.20046114922
0.0,0.0,1.0,-0.0254619847983,0.0315958857536,1.19646036625
0.0,0.0,1.0,-0.0248556658626,0.031057074666,1.19298839569
0.0,0.0,1.0,-0.0225208178163,0.0297146774828,1.21042668819
0.0,0.0,1.0,-0.0211935564876,0.0285839047283,1.21278882027
0.0,0.0,1.0,-0.0195004194975,0.0273627135903,1.21484696865
0.0,0.0,1.0,-0.0180952716619,0.026277648285,1.21684610844
0.0,0.0,1.0,-0.016704685986,0.0252741891891,1.2193492651
0.0,0.0,1.0,-0.0158276408911,0.024618184194,1.21792864799
0.0,0.0,1.0,-0.0125149991363,0.022593870759,1.22140944004
0.0,0.0,1.0,-0.0109537113458,0.0215999316424,1.22169971466
0.0,0.0,1.0,-0.00956038758159,0.0207954328507,1.22084200382
0.0,0.0,1.0,-0.0080590127036,0.0199221745133,1.2198369503
0.0,0.0,1.0,-0.00715616066009,0.0193808805197,1.21684002876
0.0,0.0,1.0,-0.00567167904228,0.0186079349369,1.21667122841
0.0,0.0,1.0,-0.00486242026091,0.0181447602808,1.21322774887
0.0,0.0,1.0,-0.00332786887884,0.0173761229962,1.21202123165
0.0,0.0,1.0,-0.00255077681504,0.0169567577541,1.20804214478
0.0,0.0,1.0,-0.000952799688093,0.0162833537906,1.20296442509
0.0,0.0,1.0,-0.000159354691277,0.0158998724073,1.19741666317
-8.21365819803e-09,5.0363997417e-09,1.0,0.00159272947349,0.0154618471861,1.19812238216
-2.74848019899e-07,1.68876411522e-07,1.0,0.00260878517292,0.0151890069246,1.19261848927
-3.42973578427e-07,2.10719520055e-07,1.0,0.00272342422977,0.0152566647157,1.19354629517
-7.10718893515e-07,4.36615778199e-07,1.0,0.00317105441354,0.0162410829216,1.19773316383
-7.93191816229e-07,4.87234672164e-07,1.0,0.00286667607725,0.0170554853976,1.1988928318
-8.90904686912e-07,5.47223862668e-07,1.0,0.00147087953519,0.0184614229947,1.20771813393
-1.00638783351e-06,6.18124886387e-07,1.0,-0.000287827075226,0.0198959950358,1.2133859396
-1.96108658201e-06,1.20557706396e-06,1.0,-0.00200151093304,0.0215042438358,1.21701598167
-2.3736993171e-06,1.4597860627e-06,1.0,-0.00389976310544,0.0231400132179,1.22008693218
-2.52754148278e-06,1.55425823323e-06,1.0,-0.00519567169249,0.024221483618,1.21782720089
-2.53313851317e-06,1.5576900978e-06,1.0,-0.00584634486586,0.0247762538493,1.21458888054
-4.47194133812e-06,2.75229149338e-06,1.0,-0.00683588767424,0.0256466902792,1.21831119061
-4.21819277108e-05,2.61622408289e-05,1.0,-0.0086795669049,0.0273009128869,1.21546792984
-0.000215782507439,0.000134865564178,1.0,-0.0102171348408,0.0289363861084,1.21064865589
-0.00032378511969,0.000202857001568,1.0,-0.0107452087104,0.0294821597636,1.2066744566
-0.000676044321153,0.000425724545494,1.0,-0.0114354500547,0.0305154472589,1.20194196701
-0.000931800808758,0.000588300637901,1.0,-0.0119288945571,0.0309986248612,1.20082974434
-0.00164745468646,0.00104560761247,1.0,-0.0124901151285,0.0316906385124,1.19576120377
-0.00340897124261,0.00218145456165,1.0,-0.0122619261965,0.0324148014188,1.19360339642
-0.00619030045345,0.00399470515549,1.0,-0.0110920313746,0.0327797606587,1.19084024429
-0.00734038278461,0.00474989740178,1.0,-0.0101316049695,0.0328055657446,1.19010007381
-0.0102238841355,0.00665470212698,1.0,-0.00879019405693,0.0328024588525,1.18709242344
-0.0119304796681,0.00778884626925,1.0,-0.00719606410712,0.0325722321868,1.18896830082
-0.0159274730831,0.010462326929,1.0,-0.00506715523079,0.0322215408087,1.18824267387
-0.0182352159172,0.0120158763602,1.0,-0.00229069846682,0.0315192453563,1.19394493103
-0.023536240682,0.0156092280522,1.0,0.000888505834155,0.0309238322079,1.19381165504
-0.0265192128718,0.0176452919841,1.0,0.00422811647877,0.0301008187234,1.19988977909
-0.0453926846385,0.0307324528694,1.0,0.0170384682715,0.026990333572,1.21164619923
-0.0499526374042,0.0339428335428,1.0,0.0190335791558,0.0265298821032,1.21498668194
-0.0600300244987,0.0410995259881,1.0,0.0238684471697,0.0253847278655,1.21287989616
-0.0654451921582,0.0449793189764,1.0,0.0281773731112,0.0243956837803,1.2302532196
-0.0772453099489,0.0535138212144,1.0,0.0329444780946,0.0233214683831,1.2355452776
-0.0835913568735,0.0581482127309,1.0,0.035545822233,0.0227085631341,1.24158513546
-0.0971738174558,0.0681704506278,1.0,0.03936830163,0.0219432581216,1.2467918396
-0.104418084025,0.0735730901361,1.0,0.0416552014649,0.0214454010129,1.24690294266
-0.119794845581,0.0851727053523,1.0,0.0462290011346,0.0204496867955,1.24418199062
-0.127849116921,0.0913205742836,1.0,0.0452993288636,0.0212681666017,1.25927078724
-0.144841179252,0.104455478489,1.0,0.048727042973,0.0207486003637,1.25775980949
-0.153746932745,0.111430548131,1.0,0.0472022555768,0.0222923308611,1.27137804031
-0.172262012959,0.126137807965,1.0,0.0471562258899,0.0231299698353,1.27542638779
-0.181885153055,0.133894994855,1.0,0.0458218343556,0.0244668256491,1.27973628044
-0.201788425446,0.150195628405,1.0,0.0445586591959,0.0260907113552,1.28171992302
-0.232941940427,0.176452159882,1.0,0.0386235155165,0.0306159593165,1.28526926041
-0.243578061461,0.185639962554,1.0,0.0344769135118,0.033102568239,1.28669178486
-0.265322715044,0.204810366035,1.0,0.0296248272061,0.0365803875029,1.28206682205
-0.27635216713,0.214746370912,1.0,0.0239462740719,0.039436545223,1.28377854824
-0.298400402069,0.235078394413,1.0,0.0170879662037,0.0433732904494,1.27942347527
-0.309572339058,0.245639964938,1.0,0.00958978850394,0.0469784811139,1.27746987343
-0.331646680832,0.267080783844,1.0,6.69300134177e-05,0.0520056411624,1.27060556412
-0.34274199605,0.278173863888,1.0,-0.00613570772111,0.0552188158035,1.26765978336
-0.375243157148,0.312098801136,1.0,-0.0317819304764,0.0679791271687,1.25669765472
-0.406468808651,0.347179412842,1.0,-0.0653851777315,0.0838876068592,1.24673891068
-0.426079839468,0.370845556259,1.0,-0.0870024040341,0.0940927192569,1.23837721348
-0.435639172792,0.382956027985,1.0,-0.100557088852,0.100157782435,1.23562049866
-0.453649491072,0.407038450241,1.0,-0.129416689277,0.113501697779,1.22928643227
-0.462282419205,0.419287532568,1.0,-0.155237704515,0.125373199582,1.23022413254
-0.478273838758,0.443531364202,1.0,-0.187412127852,0.140259563923,1.22431874275
-0.499484419823,0.480082243681,1.0,-0.250086069107,0.170169264078,1.22172605991
-0.505768239498,0.492326527834,1.0,-0.277931630611,0.183946311474,1.22448003292
-0.516871213913,0.516440927982,1.0,-0.325152814388,0.206713497639,1.2167737484
-0.521809756756,0.528611302376,1.0,-0.347326159477,0.218193992972,1.22247719765
-0.530102789402,0.552368283272,1.0,-0.3935957551,0.240915134549,1.2149771452
-0.533564448357,0.564281404018,1.0,-0.416395872831,0.254303306341,1.22671806812
-0.5389341712,0.58764642477,1.0,-0.453826934099,0.274781107903,1.23010110855
-0.540882468224,0.59931063652,1.0,-0.471853375435,0.285672932863,1.23476088047
-0.543603181839,0.633374631405,1.0,-0.537484943867,0.323716968298,1.24196255207
-0.542840659618,0.65556704998,1.0,-0.586374163628,0.354066759348,1.25059819221
-0.54160374403,0.667081356049,1.0,-0.614386498928,0.373572975397,1.25975108147
-0.537828207016,0.68788433075,1.0,-0.668033063412,0.407541364431,1.26256048679
-0.531937599182,0.708731532097,1.0,-0.710648298264,0.437591195107,1.27032482624
-0.519374132156,0.738871634007,1.0,-0.763742387295,0.478280127048,1.28082430363
-0.514239013195,0.748566150665,1.0,-0.776203453541,0.487834692001,1.28234517574
-0.502529859543,0.767534852028,1.0,-0.815863192081,0.516284704208,1.28016161919
-0.495994061232,0.776765286922,1.0,-0.823034703732,0.525240540504,1.28693318367
-0.48868471384,0.786237955093,1.0,-0.839347183704,0.540867507458,1.2929854393
-0.473810464144,0.80338960886,1.0,-0.867349505424,0.564942598343,1.29504358768
-0.456976026297,0.820251524448,1.0,-0.894091963768,0.591880679131,1.29964983463
-0.447996467352,0.828398764133,1.0,-0.900765299797,0.599663257599,1.30129003525
-0.418908685446,0.851748108864,1.0,-0.92542052269,0.631673395634,1.30638444424
-0.386943429708,0.873395502567,1.0,-0.941363632679,0.66098767519,1.30938982964
-0.364249050617,0.886859476566,1.0,-0.947811603546,0.681918680668,1.31042540073
-0.352529108524,0.893300890923,1.0,-0.94812142849,0.687972187996,1.3108394146
-0.328441798687,0.905586957932,1.0,-0.946851432323,0.707160949707,1.31088030338
-0.316106647253,0.911429822445,1.0,-0.94436186552,0.712822496891,1.31106543541
-0.290911912918,0.92251765728,1.0,-0.934677541256,0.730290591717,1.31073737144
-0.278092980385,0.927756905556,1.0,-0.929591119289,0.73527765274,1.31094670296
-0.252065360546,0.937626540661,1.0,-0.910099565983,0.751283347607,1.31125879288
-0.212298378348,0.950872242451,1.0,-0.87929558754,0.771648347378,1.31053376198
-0.198898091912,0.954867064953,1.0,-0.867174506187,0.774041652679,1.31390404701
-0.171944603324,0.962218880653,1.0,-0.828894078732,0.78655809164,1.31877303123
-0.158425226808,0.965569496155,1.0,-0.815129578114,0.790151417255,1.32067382336
-0.131336063147,0.971616268158,1.0,-0.781631469727,0.800386607647,1.32202064991
-0.117797762156,0.974306464195,1.0,-0.759182035923,0.804435193539,1.32773017883
-0.0907730162144,0.979013681412,1.0,-0.702658593655,0.81498581171,1.33879423141
-0.0773156508803,0.981025576591,1.0,-0.683392345905,0.818172693253,1.34289705753
-0.0107634412125,0.987618803978,1.0,-0.536690831184,0.839257717133,1.38089549541
0.00233591394499,0.988230407238,1.0,-0.504161894321,0.844149172306,1.3862336874
0.0282785352319,0.988733708858,1.0,-0.460907608271,0.848838567734,1.40006434917
0.0410995185375,0.988622307777,1.0,-0.431023925543,0.851616084576,1.4152919054
0.0664325207472,0.987666249275,1.0,-0.359848767519,0.858751893044,1.44418871403
0.0789243876934,0.986819624901,1.0,-0.337478071451,0.860974252224,1.45415210724
0.103545062244,0.984383821487,1.0,-0.269031375647,0.868048727512,1.48546934128
0.115674547851,0.982791543007,1.0,-0.234075829387,0.871840178967,1.49697208405
0.139514476061,0.978859782219,1.0,-0.192174389958,0.875890851021,1.5177283287
0.174229875207,0.971080482006,1.0,-0.121091656387,0.882045209408,1.55910897255
0.185505032539,0.967986226082,1.0,-0.0927714630961,0.885061621666,1.57791149616
0.207606106997,0.961043775082,1.0,-0.0303289089352,0.890904903412,1.61452805996
0.218418091536,0.957199215889,1.0,-0.0114197786897,0.89256966114,1.62527000904
0.239568963647,0.948761761189,1.0,0.0476852692664,0.898485064507,1.65459442139
0.249894678593,0.944174349308,1.0,0.0782279968262,0.901519238949,1.66712844372
0.270050138235,0.934262096882,1.0,0.123217605054,0.904760241508,1.68588912487
0.279866963625,0.928944587708,1.0,0.134129405022,0.90543538332,1.69108808041
0.29898044467,0.917589724064,1.0,0.188413262367,0.909986555576,1.71230947971
0.308264195919,0.911560893059,1.0,0.204119041562,0.91106659174,1.71814370155
0.326297849417,0.898795545101,1.0,0.251986414194,0.914557814598,1.73320960999
0.335020273924,0.892080008984,1.0,0.267244070768,0.915569484234,1.73814249039
0.351886332035,0.877980411053,1.0,0.317203760147,0.919015824795,1.7526153326
0.360016047955,0.870609343052,1.0,0.34319883585,0.920880556107,1.75778162479
0.383164137602,0.847243666649,1.0,0.388249099255,0.923296570778,1.76693558693
0.397517472506,0.830670416355,1.0,0.423565417528,0.924898386002,1.77004957199
0.404354602098,0.822103440762,1.0,0.442793875933,0.925954282284,1.76996088028
0.417338490486,0.804421424866,1.0,0.48217061162,0.927307188511,1.77101802826
0.423471391201,0.795324087143,1.0,0.501831948757,0.928238809109,1.76909697056
0.435006171465,0.776631116867,1.0,0.535592734814,0.928517878056,1.76728403568
0.440402746201,0.76703953743,1.0,0.545570075512,0.928281724453,1.76571655273
0.455010026693,0.737439036369,1.0,0.593086063862,0.928150594234,1.7542527914
0.463397890329,0.717063128948,1.0,0.630296051502,0.927285075188,1.74098587036
0.46717992425,0.706686079502,1.0,0.648478448391,0.927160203457,1.73270559311
0.473881602287,0.685634970665,1.0,0.67828220129,0.924720168114,1.71773421764
0.476805120707,0.674933373928,1.0,0.695997297764,0.923981368542,1.70716309547
0.481744468212,0.653335690498,1.0,0.712616086006,0.931828677654,1.6924725771
0.483766674995,0.642394959927,1.0,0.727692484856,0.932559132576,1.68029034138
0.486880540848,0.620356440544,1.0,0.760118484497,0.917236506939,1.65626895428
0.489198118448,0.586881041527,1.0,0.805528879166,0.900627970695,1.61680674553
0.488619476557,0.553090631962,1.0,0.823180496693,0.904347002506,1.58508980274
0.487765073776,0.541712164879,1.0,0.827701747417,0.903817236423,1.57666742802
0.485084503889,0.519170105457,1.0,0.844189345837,0.896257340908,1.54832088947
0.47854873538,0.485269725323,1.0,0.863123178482,0.880404353142,1.51153075695
0.475671827793,0.473902076483,1.0,0.866905391216,0.875444531441,1.50241887569
0.468990892172,0.451554715633,1.0,0.878258228302,0.860311925411,1.47405397892
0.465093433857,0.440273523331,1.0,0.879788815975,0.854118108749,1.46728825569
0.451501786709,0.407025188208,1.0,0.887602567673,0.829098820686,1.43521618843
0.440836399794,0.385231107473,1.0,0.891440153122,0.801682591438,1.41000258923
0.434932649136,0.374274194241,1.0,0.89448684454,0.789814710617,1.39395225048
0.42233094573,0.352876633406,1.0,0.905334472656,0.751873254776,1.36811447144
0.415447771549,0.342117965221,1.0,0.898425757885,0.746367812157,1.36815750599
0.393116652966,0.310605734587,1.0,0.89803057909,0.709963977337,1.32811045647
0.368081450462,0.279829233885,1.0,0.898870766163,0.633626282215,1.31116938591
0.340435266495,0.249761745334,1.0,0.903206944466,0.577871620655,1.29908430576
0.310376554728,0.220448419452,1.0,0.910397410393,0.502251803875,1.278875947
0.28915977478,0.201376780868,1.0,0.916016638279,0.44356200099,1.26211285591
0.278073072433,0.191849842668,1.0,0.917837738991,0.423883169889,1.25969898701
0.255502700806,0.173250004649,1.0,0.923273682594,0.362061500549,1.24672031403
0.243856221437,0.164020463824,1.0,0.925827145576,0.333226114511,1.23712527752
0.21999964118,0.145783811808,1.0,0.929459214211,0.263241678476,1.23646450043
0.195421993732,0.127798840404,1.0,0.940431714058,0.199203267694,1.2270809412
0.182895943522,0.118898920715,1.0,0.944735169411,0.151026368141,1.22400295734
0.157411560416,0.101259693503,1.0,0.947297632694,0.0924709811807,1.22289907932
0.144464418292,0.092506095767,1.0,0.949419260025,0.0583167374134,1.21777355671
0.118254512548,0.0751379877329,1.0,0.939462900162,-0.00486723985523,1.22432112694
0.104983434081,0.0664949938655,1.0,0.950289428234,-0.0707255378366,1.22188019753
0.0782574564219,0.0493291914463,1.0,0.947882175446,-0.140370279551,1.22495603561
0.0647841617465,0.040770817548,1.0,0.943126440048,-0.192796587944,1.22991645336
0.0377156212926,0.0237068124115,1.0,0.936281919479,-0.25634047389,1.23742079735
0.024143313989,0.0151919657364,1.0,0.919245958328,-0.296937435865,1.24712693691
-0.0030410233885,-0.0018388768658,1.0,0.919416904449,-0.369208931923,1.25153052807
-0.0166095029563,-0.0103512918577,1.0,0.915343105793,-0.423490047455,1.25604224205
-0.0572017207742,-0.0359998196363,1.0,0.904921174049,-0.545030832291,1.26637792587
-0.0840024128556,-0.0531966909766,1.0,0.89802390337,-0.61375272274,1.2712533474
-0.0972967743874,-0.0618389248848,1.0,0.894357025623,-0.652395904064,1.27106964588
-0.124226972461,-0.0796341076493,1.0,0.884006738663,-0.726361572742,1.28527534008
-0.136642217636,-0.0879913792014,1.0,0.879660665989,-0.763793289661,1.28609836102
-0.162878423929,-0.106035515666,1.0,0.868368148804,-0.847148120403,1.29561293125
-0.174937516451,-0.114528790116,1.0,0.859694957733,-0.911744534969,1.30086350441
-0.211965948343,-0.141558125615,1.0,0.841915309429,-1.03348350525,1.30494737625
-0.236364126205,-0.160306230187,1.0,0.830003261566,-1.10174524784,1.31523859501
-0.247467249632,-0.169131755829,1.0,0.820708870888,-1.16399347782,1.31707954407
-0.270686030388,-0.188274100423,1.0,0.809967517853,-1.22914719582,1.32057774067
-0.281218528748,-0.197300642729,1.0,0.799769997597,-1.2887904644,1.32270646095
-0.303125530481,-0.216869920492,1.0,0.787595808506,-1.35287046432,1.32585024834
-0.313015401363,-0.226099655032,1.0,0.780838131905,-1.39165222645,1.32496035099
-0.333497434855,-0.24612519145,1.0,0.765846312046,-1.4653917551,1.3292093277
-0.342687666416,-0.255562007427,1.0,0.753394067287,-1.53033971786,1.33418130875
-0.361190110445,-0.275557130575,1.0,0.735040605068,-1.62834048271,1.33279812336
-0.370046555996,-0.285665601492,1.0,0.726947307587,-1.65630960464,1.33958256245
-0.387301981449,-0.306552648544,1.0,0.715129733086,-1.70631480217,1.34616708755
-0.394949048758,-0.316392332315,1.0,0.701544463634,-1.76395869255,1.34887075424
-0.4104616642,-0.337690323591,1.0,0.686551272869,-1.82499074936,1.35329627991
-0.417277693748,-0.34771451354,1.0,0.6729991436,-1.87891507149,1.35604465008
-0.430682241917,-0.368904143572,1.0,0.654022037983,-1.95401310921,1.35746502876
-0.436926752329,-0.379579335451,1.0,0.643763303757,-1.99095654488,1.36221206188
-0.453804910183,-0.411909610033,1.0,0.609560012817,-2.10988402367,1.37323749065
-0.463706880808,-0.434224784374,1.0,0.59306037426,-2.1626958847,1.3801561594
-0.467847794294,-0.444636940956,1.0,0.579273343086,-2.20709466934,1.38535928726
-0.475779265165,-0.467170894146,1.0,0.560692131519,-2.26434731483,1.39072585106
-0.478996098042,-0.477663993835,1.0,0.546069502831,-2.30743169785,1.39575695992
-0.478996098042,-0.477663993835,1.0,0.546069502831,-2.30743169785,1.39575695992
-0.484922111034,-0.50033390522,1.0,0.526436507702,-2.35505127907,1.39864325523
-0.484922111034,-0.50033390522,1.0,0.526436507702,-2.35505127907,1.39864325523
-0.487208038568,-0.510897159576,1.0,0.504974126816,-2.36196398735,1.39114809036
-0.491103798151,-0.53360337019,1.0,0.443435192108,-2.32817792892,1.40514540672
-0.494274556637,-0.566277503967,1.0,0.428886204958,-2.33309602737,1.36151897907
-0.494694381952,-0.577309608459,1.0,0.420622617006,-2.31908416748,1.34708809853
-0.494523346424,-0.599829912186,1.0,0.401475816965,-2.30400085449,1.32624781132
-0.493971049786,-0.610281944275,1.0,0.391157060862,-2.29971528053,1.31342160702
-0.491844385862,-0.632049202919,1.0,0.363686054945,-2.27782917023,1.29736125469
-0.49029302597,-0.64284491539,1.0,0.35156083107,-2.27098178864,1.28459608555
-0.486212462187,-0.664289653301,1.0,0.32177940011,-2.25002551079,1.2743396759
-0.483688861132,-0.674910128117,1.0,0.295894563198,-2.23428153992,1.26706457138
-0.477659493685,-0.695997834206,1.0,0.259015381336,-2.21291923523,1.24025833607
-0.474212378263,-0.706284105778,1.0,0.251422643661,-2.20724725723,1.23981666565
-0.46628460288,-0.726847350597,1.0,0.22012886405,-2.18861246109,1.21432852745
-0.461912631989,-0.736843585968,1.0,0.196412548423,-2.16639232635,1.2096889019
-0.446894168854,-0.766362130642,1.0,0.143511682749,-2.12227082253,1.17593550682
-0.43512326479,-0.785847187042,1.0,0.115010797977,-2.09815073013,1.15537917614
-0.429224550724,-0.794731080532,1.0,0.0923712253571,-2.07727789879,1.1394251585
-0.416042506695,-0.812897086143,1.0,0.0610350184143,-2.04878807068,1.11427950859
-0.409015834332,-0.821774482727,1.0,0.0434764027596,-2.03322529793,1.09839046001
-0.394164085388,-0.839018762112,1.0,0.00983175076544,-1.99785494804,1.07356369495
-0.370012283325,-0.863485574722,1.0,-0.0516709722579,-1.93152236938,1.02805924416
-0.361510574818,-0.871226370335,1.0,-0.0770032405853,-1.90213763714,1.01124405861
-0.343671679497,-0.886224269867,1.0,-0.123979151249,-1.85154640675,0.969619631767
-0.334468692541,-0.893367350101,1.0,-0.133423298597,-1.83844268322,0.96569532156
-0.315281301737,-0.907106816769,1.0,-0.173287883401,-1.79138362408,0.935480237007
-0.285002678633,-0.926004707813,1.0,-0.24216607213,-1.70986974239,0.881652355194
-0.274571448565,-0.931814491749,1.0,-0.260946989059,-1.68792080879,0.865673542023
-0.253001391888,-0.942805409431,1.0,-0.30263915658,-1.63972306252,0.830559849739
-0.242023870349,-0.947903037071,1.0,-0.331663399935,-1.6062079668,0.807879507542
-0.219451919198,-0.95741045475,1.0,-0.382429867983,-1.54751646519,0.75882101059
-0.208018511534,-0.961753249168,1.0,-0.398882627487,-1.52961778641,0.746582746506
-0.196274980903,-0.965899705887,1.0,-0.416421949863,-1.5103366375,0.731752097607
-0.172638371587,-0.973325669765,1.0,-0.459572732449,-1.46140956879,0.686691462994
-0.160548910499,-0.976669847965,1.0,-0.481148123741,-1.43694603443,0.662689685822
-0.148383662105,-0.979737520218,1.0,-0.502723515034,-1.41248250008,0.637706875801
-0.136083632708,-0.982544660568,1.0,-0.524298906326,-1.38801896572,0.611743092537
-0.123674407601,-0.98508477211,1.0,-0.545874297619,-1.36355543137,0.584798336029
-0.0985367149115,-0.989361286163,1.0,-0.611142396927,-1.31764698029,0.55631262064
-0.0857237949967,-0.991107106209,1.0,-0.646256148815,-1.29380893707,0.525538802147
-0.060206964612,-0.993740558624,1.0,-0.635006546974,-1.26350975037,0.523978173733
-0.0471717528999,-0.994662940502,1.0,-0.650856912136,-1.2437787056,0.497077673674
-0.0212532542646,-0.99566924572,1.0,-0.673495411873,-1.21546697617,0.456999033689
-0.00808465015143,-0.995765864849,1.0,-0.69379234314,-1.20214378834,0.416738301516
0.0180465653539,-0.995144784451,1.0,-0.726061105728,-1.16870439053,0.353737682104
0.0313170328736,-0.994419813156,1.0,-0.734933376312,-1.16521131992,0.322939455509
0.0575259625912,-0.992184638977,1.0,-0.756002783775,-1.14701271057,0.26717504859
0.07080309093,-0.990646481514,1.0,-0.800935983658,-1.1319899559,0.185377672315
0.0969589799643,-0.986817240715,1.0,-0.836741924286,-1.1114885807,0.0967606976628
0.110134452581,-0.984484910965,1.0,-0.837002038956,-1.10660874844,0.0700277984142
0.136080116034,-0.979092359543,1.0,-0.85003310442,-1.08971965313,0.0267011281103
0.149113386869,-0.975977838039,1.0,-0.869797766209,-1.0553612709,0.111988440156
0.187453299761,-0.965196073055,1.0,-0.885108590126,-1.04920601845,0.107115201652
0.212473630905,-0.956803321838,1.0,-0.892878830433,-1.0500421524,0.116669990122
0.224938973784,-0.952201783657,1.0,-0.894830346107,-1.05842041969,0.136846914887
0.24922503531,-0.942391633987,1.0,-0.905005216599,-1.05916547775,0.15363484621
0.261279940605,-0.93708717823,1.0,-0.912512660027,-1.06044757366,0.172751769423
0.284700721502,-0.92589789629,1.0,-0.92831325531,-1.05870473385,0.192727819085
0.296176254749,-0.919963359833,1.0,-0.950075447559,-1.02968358994,0.238769352436
0.0,0.0,0.0,-0.968259572983,-1.00916337967,0.272069841623
0.0,0.0,0.0,-0.995838463306,-0.977577328682,0.316997289658
0.0,0.0,0.0,-1.00724995136,-1.00182831287,0.340613186359
0.0,0.0,0.0,-1.0574119091,-0.922820270061,0.379868328571
